INFO - 2025-01-02 03:03:18 --> Session: Class initialized using 'CodeIgniter\Session\Handlers\FileHandler' driver.
INFO - 2025-01-02 03:03:25 --> Session: Class initialized using 'CodeIgniter\Session\Handlers\FileHandler' driver.
INFO - 2025-01-02 08:51:13 --> Session: Class initialized using 'CodeIgniter\Session\Handlers\FileHandler' driver.
INFO - 2025-01-02 08:51:15 --> Session: Class initialized using 'CodeIgniter\Session\Handlers\FileHandler' driver.
INFO - 2025-01-02 08:51:15 --> Session: Class initialized using 'CodeIgniter\Session\Handlers\FileHandler' driver.
INFO - 2025-01-02 08:51:18 --> Session: Class initialized using 'CodeIgniter\Session\Handlers\FileHandler' driver.
INFO - 2025-01-02 08:51:24 --> Session: Class initialized using 'CodeIgniter\Session\Handlers\FileHandler' driver.
INFO - 2025-01-02 08:51:31 --> Session: Class initialized using 'CodeIgniter\Session\Handlers\FileHandler' driver.
INFO - 2025-01-02 08:51:31 --> Session: Class initialized using 'CodeIgniter\Session\Handlers\FileHandler' driver.
INFO - 2025-01-02 08:51:32 --> Session: Class initialized using 'CodeIgniter\Session\Handlers\FileHandler' driver.
INFO - 2025-01-02 08:53:02 --> Session: Class initialized using 'CodeIgniter\Session\Handlers\FileHandler' driver.
INFO - 2025-01-02 08:53:02 --> Session: Class initialized using 'CodeIgniter\Session\Handlers\FileHandler' driver.
INFO - 2025-01-02 08:53:16 --> Session: Class initialized using 'CodeIgniter\Session\Handlers\FileHandler' driver.
INFO - 2025-01-02 08:53:17 --> Session: Class initialized using 'CodeIgniter\Session\Handlers\FileHandler' driver.
INFO - 2025-01-02 08:53:32 --> Session: Class initialized using 'CodeIgniter\Session\Handlers\FileHandler' driver.
INFO - 2025-01-02 08:53:32 --> Session: Class initialized using 'CodeIgniter\Session\Handlers\FileHandler' driver.
INFO - 2025-01-02 08:53:49 --> Session: Class initialized using 'CodeIgniter\Session\Handlers\FileHandler' driver.
INFO - 2025-01-02 08:53:49 --> Session: Class initialized using 'CodeIgniter\Session\Handlers\FileHandler' driver.
INFO - 2025-01-02 08:54:01 --> Session: Class initialized using 'CodeIgniter\Session\Handlers\FileHandler' driver.
INFO - 2025-01-02 08:54:02 --> Session: Class initialized using 'CodeIgniter\Session\Handlers\FileHandler' driver.
INFO - 2025-01-02 08:54:20 --> Session: Class initialized using 'CodeIgniter\Session\Handlers\FileHandler' driver.
INFO - 2025-01-02 08:54:20 --> Session: Class initialized using 'CodeIgniter\Session\Handlers\FileHandler' driver.
INFO - 2025-01-02 08:54:32 --> Session: Class initialized using 'CodeIgniter\Session\Handlers\FileHandler' driver.
INFO - 2025-01-02 08:54:33 --> Session: Class initialized using 'CodeIgniter\Session\Handlers\FileHandler' driver.
INFO - 2025-01-02 08:54:34 --> Session: Class initialized using 'CodeIgniter\Session\Handlers\FileHandler' driver.
INFO - 2025-01-02 08:54:52 --> Session: Class initialized using 'CodeIgniter\Session\Handlers\FileHandler' driver.
INFO - 2025-01-02 08:54:53 --> Session: Class initialized using 'CodeIgniter\Session\Handlers\FileHandler' driver.
INFO - 2025-01-02 08:54:58 --> Session: Class initialized using 'CodeIgniter\Session\Handlers\FileHandler' driver.
INFO - 2025-01-02 08:54:58 --> Session: Class initialized using 'CodeIgniter\Session\Handlers\FileHandler' driver.
INFO - 2025-01-02 08:55:21 --> Session: Class initialized using 'CodeIgniter\Session\Handlers\FileHandler' driver.
INFO - 2025-01-02 08:55:22 --> Session: Class initialized using 'CodeIgniter\Session\Handlers\FileHandler' driver.
INFO - 2025-01-02 08:55:23 --> Session: Class initialized using 'CodeIgniter\Session\Handlers\FileHandler' driver.
INFO - 2025-01-02 08:55:24 --> Session: Class initialized using 'CodeIgniter\Session\Handlers\FileHandler' driver.
INFO - 2025-01-02 08:56:19 --> Session: Class initialized using 'CodeIgniter\Session\Handlers\FileHandler' driver.
INFO - 2025-01-02 08:56:28 --> Session: Class initialized using 'CodeIgniter\Session\Handlers\FileHandler' driver.
INFO - 2025-01-02 08:56:28 --> Session: Class initialized using 'CodeIgniter\Session\Handlers\FileHandler' driver.
WARNING - 2025-01-02 08:56:28 --> [DEPRECATED] strtotime(): Passing null to parameter #1 ($datetime) of type string is deprecated in APPPATH\Views\PoinMarket_Admin\Tabel\tabel_user.php on line 92.
 1 APPPATH\Views\PoinMarket_Admin\Tabel\tabel_user.php(92): strtotime(null)
 2 SYSTEMPATH\View\View.php(224): include('C:\\xampp\\htdocs\\PoinMarket\\app\\Views\\PoinMarket_Admin\\Tabel\\tabel_user.php')
 3 SYSTEMPATH\View\View.php(227): CodeIgniter\View\View->CodeIgniter\View\{closure}()
 4 SYSTEMPATH\View\View.php(452): CodeIgniter\View\View->render('PoinMarket_Admin/Tabel/tabel_user', null, true)
 5 APPPATH\Views\PoinMarket_Admin\Page\user.php(66): CodeIgniter\View\View->include('PoinMarket_Admin/Tabel/tabel_user')
 6 SYSTEMPATH\View\View.php(224): include('C:\\xampp\\htdocs\\PoinMarket\\app\\Views\\PoinMarket_Admin\\Page\\user.php')
 7 SYSTEMPATH\View\View.php(227): CodeIgniter\View\View->CodeIgniter\View\{closure}()
 8 SYSTEMPATH\Common.php(1180): CodeIgniter\View\View->render('PoinMarket_Admin/Page/user', [], true)
 9 APPPATH\Controllers\PoinMarket_Admin\User.php(64): view('PoinMarket_Admin/Page/user', [...])
10 SYSTEMPATH\CodeIgniter.php(932): App\Controllers\PoinMarket_Admin\User->index()
11 SYSTEMPATH\CodeIgniter.php(497): CodeIgniter\CodeIgniter->runController(Object(App\Controllers\PoinMarket_Admin\User))
12 SYSTEMPATH\CodeIgniter.php(366): CodeIgniter\CodeIgniter->handleRequest(null, Object(Config\Cache), false)
13 FCPATH\index.php(67): CodeIgniter\CodeIgniter->run()
14 SYSTEMPATH\Commands\Server\rewrite.php(47): require_once('C:\\xampp\\htdocs\\PoinMarket\\public\\index.php')
INFO - 2025-01-02 08:56:36 --> Session: Class initialized using 'CodeIgniter\Session\Handlers\FileHandler' driver.
WARNING - 2025-01-02 08:56:36 --> [DEPRECATED] strtotime(): Passing null to parameter #1 ($datetime) of type string is deprecated in APPPATH\Views\PoinMarket_Admin\Tabel\tabel_user.php on line 92.
 1 APPPATH\Views\PoinMarket_Admin\Tabel\tabel_user.php(92): strtotime(null)
 2 SYSTEMPATH\View\View.php(224): include('C:\\xampp\\htdocs\\PoinMarket\\app\\Views\\PoinMarket_Admin\\Tabel\\tabel_user.php')
 3 SYSTEMPATH\View\View.php(227): CodeIgniter\View\View->CodeIgniter\View\{closure}()
 4 SYSTEMPATH\View\View.php(452): CodeIgniter\View\View->render('PoinMarket_Admin/Tabel/tabel_user', null, true)
 5 APPPATH\Views\PoinMarket_Admin\Page\user.php(66): CodeIgniter\View\View->include('PoinMarket_Admin/Tabel/tabel_user')
 6 SYSTEMPATH\View\View.php(224): include('C:\\xampp\\htdocs\\PoinMarket\\app\\Views\\PoinMarket_Admin\\Page\\user.php')
 7 SYSTEMPATH\View\View.php(227): CodeIgniter\View\View->CodeIgniter\View\{closure}()
 8 SYSTEMPATH\Common.php(1180): CodeIgniter\View\View->render('PoinMarket_Admin/Page/user', [], true)
 9 APPPATH\Controllers\PoinMarket_Admin\User.php(64): view('PoinMarket_Admin/Page/user', [...])
10 SYSTEMPATH\CodeIgniter.php(932): App\Controllers\PoinMarket_Admin\User->index()
11 SYSTEMPATH\CodeIgniter.php(497): CodeIgniter\CodeIgniter->runController(Object(App\Controllers\PoinMarket_Admin\User))
12 SYSTEMPATH\CodeIgniter.php(366): CodeIgniter\CodeIgniter->handleRequest(null, Object(Config\Cache), false)
13 FCPATH\index.php(67): CodeIgniter\CodeIgniter->run()
14 SYSTEMPATH\Commands\Server\rewrite.php(47): require_once('C:\\xampp\\htdocs\\PoinMarket\\public\\index.php')
INFO - 2025-01-02 08:58:58 --> Session: Class initialized using 'CodeIgniter\Session\Handlers\FileHandler' driver.
WARNING - 2025-01-02 08:58:58 --> [DEPRECATED] strtotime(): Passing null to parameter #1 ($datetime) of type string is deprecated in APPPATH\Views\PoinMarket_Admin\Tabel\tabel_user.php on line 92.
 1 APPPATH\Views\PoinMarket_Admin\Tabel\tabel_user.php(92): strtotime(null)
 2 SYSTEMPATH\View\View.php(224): include('C:\\xampp\\htdocs\\PoinMarket\\app\\Views\\PoinMarket_Admin\\Tabel\\tabel_user.php')
 3 SYSTEMPATH\View\View.php(227): CodeIgniter\View\View->CodeIgniter\View\{closure}()
 4 SYSTEMPATH\View\View.php(452): CodeIgniter\View\View->render('PoinMarket_Admin/Tabel/tabel_user', null, true)
 5 APPPATH\Views\PoinMarket_Admin\Page\user.php(66): CodeIgniter\View\View->include('PoinMarket_Admin/Tabel/tabel_user')
 6 SYSTEMPATH\View\View.php(224): include('C:\\xampp\\htdocs\\PoinMarket\\app\\Views\\PoinMarket_Admin\\Page\\user.php')
 7 SYSTEMPATH\View\View.php(227): CodeIgniter\View\View->CodeIgniter\View\{closure}()
 8 SYSTEMPATH\Common.php(1180): CodeIgniter\View\View->render('PoinMarket_Admin/Page/user', [], true)
 9 APPPATH\Controllers\PoinMarket_Admin\User.php(64): view('PoinMarket_Admin/Page/user', [...])
10 SYSTEMPATH\CodeIgniter.php(932): App\Controllers\PoinMarket_Admin\User->index()
11 SYSTEMPATH\CodeIgniter.php(497): CodeIgniter\CodeIgniter->runController(Object(App\Controllers\PoinMarket_Admin\User))
12 SYSTEMPATH\CodeIgniter.php(366): CodeIgniter\CodeIgniter->handleRequest(null, Object(Config\Cache), false)
13 FCPATH\index.php(67): CodeIgniter\CodeIgniter->run()
14 SYSTEMPATH\Commands\Server\rewrite.php(47): require_once('C:\\xampp\\htdocs\\PoinMarket\\public\\index.php')
INFO - 2025-01-02 08:58:58 --> Session: Class initialized using 'CodeIgniter\Session\Handlers\FileHandler' driver.
WARNING - 2025-01-02 08:58:58 --> [DEPRECATED] strtotime(): Passing null to parameter #1 ($datetime) of type string is deprecated in APPPATH\Views\PoinMarket_Admin\Tabel\tabel_user.php on line 92.
 1 APPPATH\Views\PoinMarket_Admin\Tabel\tabel_user.php(92): strtotime(null)
 2 SYSTEMPATH\View\View.php(224): include('C:\\xampp\\htdocs\\PoinMarket\\app\\Views\\PoinMarket_Admin\\Tabel\\tabel_user.php')
 3 SYSTEMPATH\View\View.php(227): CodeIgniter\View\View->CodeIgniter\View\{closure}()
 4 SYSTEMPATH\View\View.php(452): CodeIgniter\View\View->render('PoinMarket_Admin/Tabel/tabel_user', null, true)
 5 APPPATH\Views\PoinMarket_Admin\Page\user.php(66): CodeIgniter\View\View->include('PoinMarket_Admin/Tabel/tabel_user')
 6 SYSTEMPATH\View\View.php(224): include('C:\\xampp\\htdocs\\PoinMarket\\app\\Views\\PoinMarket_Admin\\Page\\user.php')
 7 SYSTEMPATH\View\View.php(227): CodeIgniter\View\View->CodeIgniter\View\{closure}()
 8 SYSTEMPATH\Common.php(1180): CodeIgniter\View\View->render('PoinMarket_Admin/Page/user', [], true)
 9 APPPATH\Controllers\PoinMarket_Admin\User.php(64): view('PoinMarket_Admin/Page/user', [...])
10 SYSTEMPATH\CodeIgniter.php(932): App\Controllers\PoinMarket_Admin\User->index()
11 SYSTEMPATH\CodeIgniter.php(497): CodeIgniter\CodeIgniter->runController(Object(App\Controllers\PoinMarket_Admin\User))
12 SYSTEMPATH\CodeIgniter.php(366): CodeIgniter\CodeIgniter->handleRequest(null, Object(Config\Cache), false)
13 FCPATH\index.php(67): CodeIgniter\CodeIgniter->run()
14 SYSTEMPATH\Commands\Server\rewrite.php(47): require_once('C:\\xampp\\htdocs\\PoinMarket\\public\\index.php')
INFO - 2025-01-02 08:59:12 --> Session: Class initialized using 'CodeIgniter\Session\Handlers\FileHandler' driver.
WARNING - 2025-01-02 08:59:12 --> [DEPRECATED] strtotime(): Passing null to parameter #1 ($datetime) of type string is deprecated in APPPATH\Views\PoinMarket_Admin\Tabel\tabel_user.php on line 92.
 1 APPPATH\Views\PoinMarket_Admin\Tabel\tabel_user.php(92): strtotime(null)
 2 SYSTEMPATH\View\View.php(224): include('C:\\xampp\\htdocs\\PoinMarket\\app\\Views\\PoinMarket_Admin\\Tabel\\tabel_user.php')
 3 SYSTEMPATH\View\View.php(227): CodeIgniter\View\View->CodeIgniter\View\{closure}()
 4 SYSTEMPATH\View\View.php(452): CodeIgniter\View\View->render('PoinMarket_Admin/Tabel/tabel_user', null, true)
 5 APPPATH\Views\PoinMarket_Admin\Page\user.php(66): CodeIgniter\View\View->include('PoinMarket_Admin/Tabel/tabel_user')
 6 SYSTEMPATH\View\View.php(224): include('C:\\xampp\\htdocs\\PoinMarket\\app\\Views\\PoinMarket_Admin\\Page\\user.php')
 7 SYSTEMPATH\View\View.php(227): CodeIgniter\View\View->CodeIgniter\View\{closure}()
 8 SYSTEMPATH\Common.php(1180): CodeIgniter\View\View->render('PoinMarket_Admin/Page/user', [], true)
 9 APPPATH\Controllers\PoinMarket_Admin\User.php(64): view('PoinMarket_Admin/Page/user', [...])
10 SYSTEMPATH\CodeIgniter.php(932): App\Controllers\PoinMarket_Admin\User->index()
11 SYSTEMPATH\CodeIgniter.php(497): CodeIgniter\CodeIgniter->runController(Object(App\Controllers\PoinMarket_Admin\User))
12 SYSTEMPATH\CodeIgniter.php(366): CodeIgniter\CodeIgniter->handleRequest(null, Object(Config\Cache), false)
13 FCPATH\index.php(67): CodeIgniter\CodeIgniter->run()
14 SYSTEMPATH\Commands\Server\rewrite.php(47): require_once('C:\\xampp\\htdocs\\PoinMarket\\public\\index.php')
INFO - 2025-01-02 08:59:12 --> Session: Class initialized using 'CodeIgniter\Session\Handlers\FileHandler' driver.
WARNING - 2025-01-02 08:59:12 --> [DEPRECATED] strtotime(): Passing null to parameter #1 ($datetime) of type string is deprecated in APPPATH\Views\PoinMarket_Admin\Tabel\tabel_user.php on line 92.
 1 APPPATH\Views\PoinMarket_Admin\Tabel\tabel_user.php(92): strtotime(null)
 2 SYSTEMPATH\View\View.php(224): include('C:\\xampp\\htdocs\\PoinMarket\\app\\Views\\PoinMarket_Admin\\Tabel\\tabel_user.php')
 3 SYSTEMPATH\View\View.php(227): CodeIgniter\View\View->CodeIgniter\View\{closure}()
 4 SYSTEMPATH\View\View.php(452): CodeIgniter\View\View->render('PoinMarket_Admin/Tabel/tabel_user', null, true)
 5 APPPATH\Views\PoinMarket_Admin\Page\user.php(66): CodeIgniter\View\View->include('PoinMarket_Admin/Tabel/tabel_user')
 6 SYSTEMPATH\View\View.php(224): include('C:\\xampp\\htdocs\\PoinMarket\\app\\Views\\PoinMarket_Admin\\Page\\user.php')
 7 SYSTEMPATH\View\View.php(227): CodeIgniter\View\View->CodeIgniter\View\{closure}()
 8 SYSTEMPATH\Common.php(1180): CodeIgniter\View\View->render('PoinMarket_Admin/Page/user', [], true)
 9 APPPATH\Controllers\PoinMarket_Admin\User.php(64): view('PoinMarket_Admin/Page/user', [...])
10 SYSTEMPATH\CodeIgniter.php(932): App\Controllers\PoinMarket_Admin\User->index()
11 SYSTEMPATH\CodeIgniter.php(497): CodeIgniter\CodeIgniter->runController(Object(App\Controllers\PoinMarket_Admin\User))
12 SYSTEMPATH\CodeIgniter.php(366): CodeIgniter\CodeIgniter->handleRequest(null, Object(Config\Cache), false)
13 FCPATH\index.php(67): CodeIgniter\CodeIgniter->run()
14 SYSTEMPATH\Commands\Server\rewrite.php(47): require_once('C:\\xampp\\htdocs\\PoinMarket\\public\\index.php')
INFO - 2025-01-02 09:01:24 --> Session: Class initialized using 'CodeIgniter\Session\Handlers\FileHandler' driver.
WARNING - 2025-01-02 09:01:24 --> [DEPRECATED] strtotime(): Passing null to parameter #1 ($datetime) of type string is deprecated in APPPATH\Views\PoinMarket_Admin\Tabel\tabel_user.php on line 92.
 1 APPPATH\Views\PoinMarket_Admin\Tabel\tabel_user.php(92): strtotime(null)
 2 SYSTEMPATH\View\View.php(224): include('C:\\xampp\\htdocs\\PoinMarket\\app\\Views\\PoinMarket_Admin\\Tabel\\tabel_user.php')
 3 SYSTEMPATH\View\View.php(227): CodeIgniter\View\View->CodeIgniter\View\{closure}()
 4 SYSTEMPATH\View\View.php(452): CodeIgniter\View\View->render('PoinMarket_Admin/Tabel/tabel_user', null, true)
 5 APPPATH\Views\PoinMarket_Admin\Page\user.php(63): CodeIgniter\View\View->include('PoinMarket_Admin/Tabel/tabel_user')
 6 SYSTEMPATH\View\View.php(224): include('C:\\xampp\\htdocs\\PoinMarket\\app\\Views\\PoinMarket_Admin\\Page\\user.php')
 7 SYSTEMPATH\View\View.php(227): CodeIgniter\View\View->CodeIgniter\View\{closure}()
 8 SYSTEMPATH\Common.php(1180): CodeIgniter\View\View->render('PoinMarket_Admin/Page/user', [], true)
 9 APPPATH\Controllers\PoinMarket_Admin\User.php(64): view('PoinMarket_Admin/Page/user', [...])
10 SYSTEMPATH\CodeIgniter.php(932): App\Controllers\PoinMarket_Admin\User->index()
11 SYSTEMPATH\CodeIgniter.php(497): CodeIgniter\CodeIgniter->runController(Object(App\Controllers\PoinMarket_Admin\User))
12 SYSTEMPATH\CodeIgniter.php(366): CodeIgniter\CodeIgniter->handleRequest(null, Object(Config\Cache), false)
13 FCPATH\index.php(67): CodeIgniter\CodeIgniter->run()
14 SYSTEMPATH\Commands\Server\rewrite.php(47): require_once('C:\\xampp\\htdocs\\PoinMarket\\public\\index.php')
INFO - 2025-01-02 09:01:24 --> Session: Class initialized using 'CodeIgniter\Session\Handlers\FileHandler' driver.
WARNING - 2025-01-02 09:01:24 --> [DEPRECATED] strtotime(): Passing null to parameter #1 ($datetime) of type string is deprecated in APPPATH\Views\PoinMarket_Admin\Tabel\tabel_user.php on line 92.
 1 APPPATH\Views\PoinMarket_Admin\Tabel\tabel_user.php(92): strtotime(null)
 2 SYSTEMPATH\View\View.php(224): include('C:\\xampp\\htdocs\\PoinMarket\\app\\Views\\PoinMarket_Admin\\Tabel\\tabel_user.php')
 3 SYSTEMPATH\View\View.php(227): CodeIgniter\View\View->CodeIgniter\View\{closure}()
 4 SYSTEMPATH\View\View.php(452): CodeIgniter\View\View->render('PoinMarket_Admin/Tabel/tabel_user', null, true)
 5 APPPATH\Views\PoinMarket_Admin\Page\user.php(63): CodeIgniter\View\View->include('PoinMarket_Admin/Tabel/tabel_user')
 6 SYSTEMPATH\View\View.php(224): include('C:\\xampp\\htdocs\\PoinMarket\\app\\Views\\PoinMarket_Admin\\Page\\user.php')
 7 SYSTEMPATH\View\View.php(227): CodeIgniter\View\View->CodeIgniter\View\{closure}()
 8 SYSTEMPATH\Common.php(1180): CodeIgniter\View\View->render('PoinMarket_Admin/Page/user', [], true)
 9 APPPATH\Controllers\PoinMarket_Admin\User.php(64): view('PoinMarket_Admin/Page/user', [...])
10 SYSTEMPATH\CodeIgniter.php(932): App\Controllers\PoinMarket_Admin\User->index()
11 SYSTEMPATH\CodeIgniter.php(497): CodeIgniter\CodeIgniter->runController(Object(App\Controllers\PoinMarket_Admin\User))
12 SYSTEMPATH\CodeIgniter.php(366): CodeIgniter\CodeIgniter->handleRequest(null, Object(Config\Cache), false)
13 FCPATH\index.php(67): CodeIgniter\CodeIgniter->run()
14 SYSTEMPATH\Commands\Server\rewrite.php(47): require_once('C:\\xampp\\htdocs\\PoinMarket\\public\\index.php')
INFO - 2025-01-02 09:01:48 --> Session: Class initialized using 'CodeIgniter\Session\Handlers\FileHandler' driver.
WARNING - 2025-01-02 09:01:48 --> [DEPRECATED] strtotime(): Passing null to parameter #1 ($datetime) of type string is deprecated in APPPATH\Views\PoinMarket_Admin\Tabel\tabel_user.php on line 92.
 1 APPPATH\Views\PoinMarket_Admin\Tabel\tabel_user.php(92): strtotime(null)
 2 SYSTEMPATH\View\View.php(224): include('C:\\xampp\\htdocs\\PoinMarket\\app\\Views\\PoinMarket_Admin\\Tabel\\tabel_user.php')
 3 SYSTEMPATH\View\View.php(227): CodeIgniter\View\View->CodeIgniter\View\{closure}()
 4 SYSTEMPATH\View\View.php(452): CodeIgniter\View\View->render('PoinMarket_Admin/Tabel/tabel_user', null, true)
 5 APPPATH\Views\PoinMarket_Admin\Page\user.php(63): CodeIgniter\View\View->include('PoinMarket_Admin/Tabel/tabel_user')
 6 SYSTEMPATH\View\View.php(224): include('C:\\xampp\\htdocs\\PoinMarket\\app\\Views\\PoinMarket_Admin\\Page\\user.php')
 7 SYSTEMPATH\View\View.php(227): CodeIgniter\View\View->CodeIgniter\View\{closure}()
 8 SYSTEMPATH\Common.php(1180): CodeIgniter\View\View->render('PoinMarket_Admin/Page/user', [], true)
 9 APPPATH\Controllers\PoinMarket_Admin\User.php(64): view('PoinMarket_Admin/Page/user', [...])
10 SYSTEMPATH\CodeIgniter.php(932): App\Controllers\PoinMarket_Admin\User->index()
11 SYSTEMPATH\CodeIgniter.php(497): CodeIgniter\CodeIgniter->runController(Object(App\Controllers\PoinMarket_Admin\User))
12 SYSTEMPATH\CodeIgniter.php(366): CodeIgniter\CodeIgniter->handleRequest(null, Object(Config\Cache), false)
13 FCPATH\index.php(67): CodeIgniter\CodeIgniter->run()
14 SYSTEMPATH\Commands\Server\rewrite.php(47): require_once('C:\\xampp\\htdocs\\PoinMarket\\public\\index.php')
INFO - 2025-01-02 09:01:49 --> Session: Class initialized using 'CodeIgniter\Session\Handlers\FileHandler' driver.
WARNING - 2025-01-02 09:01:49 --> [DEPRECATED] strtotime(): Passing null to parameter #1 ($datetime) of type string is deprecated in APPPATH\Views\PoinMarket_Admin\Tabel\tabel_user.php on line 92.
 1 APPPATH\Views\PoinMarket_Admin\Tabel\tabel_user.php(92): strtotime(null)
 2 SYSTEMPATH\View\View.php(224): include('C:\\xampp\\htdocs\\PoinMarket\\app\\Views\\PoinMarket_Admin\\Tabel\\tabel_user.php')
 3 SYSTEMPATH\View\View.php(227): CodeIgniter\View\View->CodeIgniter\View\{closure}()
 4 SYSTEMPATH\View\View.php(452): CodeIgniter\View\View->render('PoinMarket_Admin/Tabel/tabel_user', null, true)
 5 APPPATH\Views\PoinMarket_Admin\Page\user.php(63): CodeIgniter\View\View->include('PoinMarket_Admin/Tabel/tabel_user')
 6 SYSTEMPATH\View\View.php(224): include('C:\\xampp\\htdocs\\PoinMarket\\app\\Views\\PoinMarket_Admin\\Page\\user.php')
 7 SYSTEMPATH\View\View.php(227): CodeIgniter\View\View->CodeIgniter\View\{closure}()
 8 SYSTEMPATH\Common.php(1180): CodeIgniter\View\View->render('PoinMarket_Admin/Page/user', [], true)
 9 APPPATH\Controllers\PoinMarket_Admin\User.php(64): view('PoinMarket_Admin/Page/user', [...])
10 SYSTEMPATH\CodeIgniter.php(932): App\Controllers\PoinMarket_Admin\User->index()
11 SYSTEMPATH\CodeIgniter.php(497): CodeIgniter\CodeIgniter->runController(Object(App\Controllers\PoinMarket_Admin\User))
12 SYSTEMPATH\CodeIgniter.php(366): CodeIgniter\CodeIgniter->handleRequest(null, Object(Config\Cache), false)
13 FCPATH\index.php(67): CodeIgniter\CodeIgniter->run()
14 SYSTEMPATH\Commands\Server\rewrite.php(47): require_once('C:\\xampp\\htdocs\\PoinMarket\\public\\index.php')
INFO - 2025-01-02 09:02:04 --> Session: Class initialized using 'CodeIgniter\Session\Handlers\FileHandler' driver.
WARNING - 2025-01-02 09:02:04 --> [DEPRECATED] strtotime(): Passing null to parameter #1 ($datetime) of type string is deprecated in APPPATH\Views\PoinMarket_Admin\Tabel\tabel_user.php on line 92.
 1 APPPATH\Views\PoinMarket_Admin\Tabel\tabel_user.php(92): strtotime(null)
 2 SYSTEMPATH\View\View.php(224): include('C:\\xampp\\htdocs\\PoinMarket\\app\\Views\\PoinMarket_Admin\\Tabel\\tabel_user.php')
 3 SYSTEMPATH\View\View.php(227): CodeIgniter\View\View->CodeIgniter\View\{closure}()
 4 SYSTEMPATH\View\View.php(452): CodeIgniter\View\View->render('PoinMarket_Admin/Tabel/tabel_user', null, true)
 5 APPPATH\Views\PoinMarket_Admin\Page\user.php(63): CodeIgniter\View\View->include('PoinMarket_Admin/Tabel/tabel_user')
 6 SYSTEMPATH\View\View.php(224): include('C:\\xampp\\htdocs\\PoinMarket\\app\\Views\\PoinMarket_Admin\\Page\\user.php')
 7 SYSTEMPATH\View\View.php(227): CodeIgniter\View\View->CodeIgniter\View\{closure}()
 8 SYSTEMPATH\Common.php(1180): CodeIgniter\View\View->render('PoinMarket_Admin/Page/user', [], true)
 9 APPPATH\Controllers\PoinMarket_Admin\User.php(64): view('PoinMarket_Admin/Page/user', [...])
10 SYSTEMPATH\CodeIgniter.php(932): App\Controllers\PoinMarket_Admin\User->index()
11 SYSTEMPATH\CodeIgniter.php(497): CodeIgniter\CodeIgniter->runController(Object(App\Controllers\PoinMarket_Admin\User))
12 SYSTEMPATH\CodeIgniter.php(366): CodeIgniter\CodeIgniter->handleRequest(null, Object(Config\Cache), false)
13 FCPATH\index.php(67): CodeIgniter\CodeIgniter->run()
14 SYSTEMPATH\Commands\Server\rewrite.php(47): require_once('C:\\xampp\\htdocs\\PoinMarket\\public\\index.php')
INFO - 2025-01-02 09:02:04 --> Session: Class initialized using 'CodeIgniter\Session\Handlers\FileHandler' driver.
WARNING - 2025-01-02 09:02:04 --> [DEPRECATED] strtotime(): Passing null to parameter #1 ($datetime) of type string is deprecated in APPPATH\Views\PoinMarket_Admin\Tabel\tabel_user.php on line 92.
 1 APPPATH\Views\PoinMarket_Admin\Tabel\tabel_user.php(92): strtotime(null)
 2 SYSTEMPATH\View\View.php(224): include('C:\\xampp\\htdocs\\PoinMarket\\app\\Views\\PoinMarket_Admin\\Tabel\\tabel_user.php')
 3 SYSTEMPATH\View\View.php(227): CodeIgniter\View\View->CodeIgniter\View\{closure}()
 4 SYSTEMPATH\View\View.php(452): CodeIgniter\View\View->render('PoinMarket_Admin/Tabel/tabel_user', null, true)
 5 APPPATH\Views\PoinMarket_Admin\Page\user.php(63): CodeIgniter\View\View->include('PoinMarket_Admin/Tabel/tabel_user')
 6 SYSTEMPATH\View\View.php(224): include('C:\\xampp\\htdocs\\PoinMarket\\app\\Views\\PoinMarket_Admin\\Page\\user.php')
 7 SYSTEMPATH\View\View.php(227): CodeIgniter\View\View->CodeIgniter\View\{closure}()
 8 SYSTEMPATH\Common.php(1180): CodeIgniter\View\View->render('PoinMarket_Admin/Page/user', [], true)
 9 APPPATH\Controllers\PoinMarket_Admin\User.php(64): view('PoinMarket_Admin/Page/user', [...])
10 SYSTEMPATH\CodeIgniter.php(932): App\Controllers\PoinMarket_Admin\User->index()
11 SYSTEMPATH\CodeIgniter.php(497): CodeIgniter\CodeIgniter->runController(Object(App\Controllers\PoinMarket_Admin\User))
12 SYSTEMPATH\CodeIgniter.php(366): CodeIgniter\CodeIgniter->handleRequest(null, Object(Config\Cache), false)
13 FCPATH\index.php(67): CodeIgniter\CodeIgniter->run()
14 SYSTEMPATH\Commands\Server\rewrite.php(47): require_once('C:\\xampp\\htdocs\\PoinMarket\\public\\index.php')
INFO - 2025-01-02 09:03:01 --> Session: Class initialized using 'CodeIgniter\Session\Handlers\FileHandler' driver.
WARNING - 2025-01-02 09:03:01 --> [DEPRECATED] strtotime(): Passing null to parameter #1 ($datetime) of type string is deprecated in APPPATH\Views\PoinMarket_Admin\Tabel\tabel_user.php on line 92.
 1 APPPATH\Views\PoinMarket_Admin\Tabel\tabel_user.php(92): strtotime(null)
 2 SYSTEMPATH\View\View.php(224): include('C:\\xampp\\htdocs\\PoinMarket\\app\\Views\\PoinMarket_Admin\\Tabel\\tabel_user.php')
 3 SYSTEMPATH\View\View.php(227): CodeIgniter\View\View->CodeIgniter\View\{closure}()
 4 SYSTEMPATH\View\View.php(452): CodeIgniter\View\View->render('PoinMarket_Admin/Tabel/tabel_user', null, true)
 5 APPPATH\Views\PoinMarket_Admin\Page\user.php(63): CodeIgniter\View\View->include('PoinMarket_Admin/Tabel/tabel_user')
 6 SYSTEMPATH\View\View.php(224): include('C:\\xampp\\htdocs\\PoinMarket\\app\\Views\\PoinMarket_Admin\\Page\\user.php')
 7 SYSTEMPATH\View\View.php(227): CodeIgniter\View\View->CodeIgniter\View\{closure}()
 8 SYSTEMPATH\Common.php(1180): CodeIgniter\View\View->render('PoinMarket_Admin/Page/user', [], true)
 9 APPPATH\Controllers\PoinMarket_Admin\User.php(64): view('PoinMarket_Admin/Page/user', [...])
10 SYSTEMPATH\CodeIgniter.php(932): App\Controllers\PoinMarket_Admin\User->index()
11 SYSTEMPATH\CodeIgniter.php(497): CodeIgniter\CodeIgniter->runController(Object(App\Controllers\PoinMarket_Admin\User))
12 SYSTEMPATH\CodeIgniter.php(366): CodeIgniter\CodeIgniter->handleRequest(null, Object(Config\Cache), false)
13 FCPATH\index.php(67): CodeIgniter\CodeIgniter->run()
14 SYSTEMPATH\Commands\Server\rewrite.php(47): require_once('C:\\xampp\\htdocs\\PoinMarket\\public\\index.php')
INFO - 2025-01-02 09:03:01 --> Session: Class initialized using 'CodeIgniter\Session\Handlers\FileHandler' driver.
WARNING - 2025-01-02 09:03:01 --> [DEPRECATED] strtotime(): Passing null to parameter #1 ($datetime) of type string is deprecated in APPPATH\Views\PoinMarket_Admin\Tabel\tabel_user.php on line 92.
 1 APPPATH\Views\PoinMarket_Admin\Tabel\tabel_user.php(92): strtotime(null)
 2 SYSTEMPATH\View\View.php(224): include('C:\\xampp\\htdocs\\PoinMarket\\app\\Views\\PoinMarket_Admin\\Tabel\\tabel_user.php')
 3 SYSTEMPATH\View\View.php(227): CodeIgniter\View\View->CodeIgniter\View\{closure}()
 4 SYSTEMPATH\View\View.php(452): CodeIgniter\View\View->render('PoinMarket_Admin/Tabel/tabel_user', null, true)
 5 APPPATH\Views\PoinMarket_Admin\Page\user.php(63): CodeIgniter\View\View->include('PoinMarket_Admin/Tabel/tabel_user')
 6 SYSTEMPATH\View\View.php(224): include('C:\\xampp\\htdocs\\PoinMarket\\app\\Views\\PoinMarket_Admin\\Page\\user.php')
 7 SYSTEMPATH\View\View.php(227): CodeIgniter\View\View->CodeIgniter\View\{closure}()
 8 SYSTEMPATH\Common.php(1180): CodeIgniter\View\View->render('PoinMarket_Admin/Page/user', [], true)
 9 APPPATH\Controllers\PoinMarket_Admin\User.php(64): view('PoinMarket_Admin/Page/user', [...])
10 SYSTEMPATH\CodeIgniter.php(932): App\Controllers\PoinMarket_Admin\User->index()
11 SYSTEMPATH\CodeIgniter.php(497): CodeIgniter\CodeIgniter->runController(Object(App\Controllers\PoinMarket_Admin\User))
12 SYSTEMPATH\CodeIgniter.php(366): CodeIgniter\CodeIgniter->handleRequest(null, Object(Config\Cache), false)
13 FCPATH\index.php(67): CodeIgniter\CodeIgniter->run()
14 SYSTEMPATH\Commands\Server\rewrite.php(47): require_once('C:\\xampp\\htdocs\\PoinMarket\\public\\index.php')
INFO - 2025-01-02 09:03:13 --> Session: Class initialized using 'CodeIgniter\Session\Handlers\FileHandler' driver.
INFO - 2025-01-02 09:03:14 --> Session: Class initialized using 'CodeIgniter\Session\Handlers\FileHandler' driver.
INFO - 2025-01-02 09:03:22 --> Session: Class initialized using 'CodeIgniter\Session\Handlers\FileHandler' driver.
WARNING - 2025-01-02 09:03:22 --> [DEPRECATED] strtotime(): Passing null to parameter #1 ($datetime) of type string is deprecated in APPPATH\Views\PoinMarket_Admin\Tabel\tabel_user.php on line 92.
 1 APPPATH\Views\PoinMarket_Admin\Tabel\tabel_user.php(92): strtotime(null)
 2 SYSTEMPATH\View\View.php(224): include('C:\\xampp\\htdocs\\PoinMarket\\app\\Views\\PoinMarket_Admin\\Tabel\\tabel_user.php')
 3 SYSTEMPATH\View\View.php(227): CodeIgniter\View\View->CodeIgniter\View\{closure}()
 4 SYSTEMPATH\View\View.php(452): CodeIgniter\View\View->render('PoinMarket_Admin/Tabel/tabel_user', null, true)
 5 APPPATH\Views\PoinMarket_Admin\Page\user.php(63): CodeIgniter\View\View->include('PoinMarket_Admin/Tabel/tabel_user')
 6 SYSTEMPATH\View\View.php(224): include('C:\\xampp\\htdocs\\PoinMarket\\app\\Views\\PoinMarket_Admin\\Page\\user.php')
 7 SYSTEMPATH\View\View.php(227): CodeIgniter\View\View->CodeIgniter\View\{closure}()
 8 SYSTEMPATH\Common.php(1180): CodeIgniter\View\View->render('PoinMarket_Admin/Page/user', [], true)
 9 APPPATH\Controllers\PoinMarket_Admin\User.php(64): view('PoinMarket_Admin/Page/user', [...])
10 SYSTEMPATH\CodeIgniter.php(932): App\Controllers\PoinMarket_Admin\User->index()
11 SYSTEMPATH\CodeIgniter.php(497): CodeIgniter\CodeIgniter->runController(Object(App\Controllers\PoinMarket_Admin\User))
12 SYSTEMPATH\CodeIgniter.php(366): CodeIgniter\CodeIgniter->handleRequest(null, Object(Config\Cache), false)
13 FCPATH\index.php(67): CodeIgniter\CodeIgniter->run()
14 SYSTEMPATH\Commands\Server\rewrite.php(47): require_once('C:\\xampp\\htdocs\\PoinMarket\\public\\index.php')
INFO - 2025-01-02 09:03:22 --> Session: Class initialized using 'CodeIgniter\Session\Handlers\FileHandler' driver.
WARNING - 2025-01-02 09:03:22 --> [DEPRECATED] strtotime(): Passing null to parameter #1 ($datetime) of type string is deprecated in APPPATH\Views\PoinMarket_Admin\Tabel\tabel_user.php on line 92.
 1 APPPATH\Views\PoinMarket_Admin\Tabel\tabel_user.php(92): strtotime(null)
 2 SYSTEMPATH\View\View.php(224): include('C:\\xampp\\htdocs\\PoinMarket\\app\\Views\\PoinMarket_Admin\\Tabel\\tabel_user.php')
 3 SYSTEMPATH\View\View.php(227): CodeIgniter\View\View->CodeIgniter\View\{closure}()
 4 SYSTEMPATH\View\View.php(452): CodeIgniter\View\View->render('PoinMarket_Admin/Tabel/tabel_user', null, true)
 5 APPPATH\Views\PoinMarket_Admin\Page\user.php(63): CodeIgniter\View\View->include('PoinMarket_Admin/Tabel/tabel_user')
 6 SYSTEMPATH\View\View.php(224): include('C:\\xampp\\htdocs\\PoinMarket\\app\\Views\\PoinMarket_Admin\\Page\\user.php')
 7 SYSTEMPATH\View\View.php(227): CodeIgniter\View\View->CodeIgniter\View\{closure}()
 8 SYSTEMPATH\Common.php(1180): CodeIgniter\View\View->render('PoinMarket_Admin/Page/user', [], true)
 9 APPPATH\Controllers\PoinMarket_Admin\User.php(64): view('PoinMarket_Admin/Page/user', [...])
10 SYSTEMPATH\CodeIgniter.php(932): App\Controllers\PoinMarket_Admin\User->index()
11 SYSTEMPATH\CodeIgniter.php(497): CodeIgniter\CodeIgniter->runController(Object(App\Controllers\PoinMarket_Admin\User))
12 SYSTEMPATH\CodeIgniter.php(366): CodeIgniter\CodeIgniter->handleRequest(null, Object(Config\Cache), false)
13 FCPATH\index.php(67): CodeIgniter\CodeIgniter->run()
14 SYSTEMPATH\Commands\Server\rewrite.php(47): require_once('C:\\xampp\\htdocs\\PoinMarket\\public\\index.php')
INFO - 2025-01-02 09:05:16 --> Session: Class initialized using 'CodeIgniter\Session\Handlers\FileHandler' driver.
WARNING - 2025-01-02 09:05:16 --> [DEPRECATED] strtotime(): Passing null to parameter #1 ($datetime) of type string is deprecated in APPPATH\Views\PoinMarket_Admin\Tabel\tabel_user.php on line 92.
 1 APPPATH\Views\PoinMarket_Admin\Tabel\tabel_user.php(92): strtotime(null)
 2 SYSTEMPATH\View\View.php(224): include('C:\\xampp\\htdocs\\PoinMarket\\app\\Views\\PoinMarket_Admin\\Tabel\\tabel_user.php')
 3 SYSTEMPATH\View\View.php(227): CodeIgniter\View\View->CodeIgniter\View\{closure}()
 4 SYSTEMPATH\View\View.php(452): CodeIgniter\View\View->render('PoinMarket_Admin/Tabel/tabel_user', null, true)
 5 APPPATH\Views\PoinMarket_Admin\Page\user.php(64): CodeIgniter\View\View->include('PoinMarket_Admin/Tabel/tabel_user')
 6 SYSTEMPATH\View\View.php(224): include('C:\\xampp\\htdocs\\PoinMarket\\app\\Views\\PoinMarket_Admin\\Page\\user.php')
 7 SYSTEMPATH\View\View.php(227): CodeIgniter\View\View->CodeIgniter\View\{closure}()
 8 SYSTEMPATH\Common.php(1180): CodeIgniter\View\View->render('PoinMarket_Admin/Page/user', [], true)
 9 APPPATH\Controllers\PoinMarket_Admin\User.php(64): view('PoinMarket_Admin/Page/user', [...])
10 SYSTEMPATH\CodeIgniter.php(932): App\Controllers\PoinMarket_Admin\User->index()
11 SYSTEMPATH\CodeIgniter.php(497): CodeIgniter\CodeIgniter->runController(Object(App\Controllers\PoinMarket_Admin\User))
12 SYSTEMPATH\CodeIgniter.php(366): CodeIgniter\CodeIgniter->handleRequest(null, Object(Config\Cache), false)
13 FCPATH\index.php(67): CodeIgniter\CodeIgniter->run()
14 SYSTEMPATH\Commands\Server\rewrite.php(47): require_once('C:\\xampp\\htdocs\\PoinMarket\\public\\index.php')
INFO - 2025-01-02 09:05:16 --> Session: Class initialized using 'CodeIgniter\Session\Handlers\FileHandler' driver.
WARNING - 2025-01-02 09:05:16 --> [DEPRECATED] strtotime(): Passing null to parameter #1 ($datetime) of type string is deprecated in APPPATH\Views\PoinMarket_Admin\Tabel\tabel_user.php on line 92.
 1 APPPATH\Views\PoinMarket_Admin\Tabel\tabel_user.php(92): strtotime(null)
 2 SYSTEMPATH\View\View.php(224): include('C:\\xampp\\htdocs\\PoinMarket\\app\\Views\\PoinMarket_Admin\\Tabel\\tabel_user.php')
 3 SYSTEMPATH\View\View.php(227): CodeIgniter\View\View->CodeIgniter\View\{closure}()
 4 SYSTEMPATH\View\View.php(452): CodeIgniter\View\View->render('PoinMarket_Admin/Tabel/tabel_user', null, true)
 5 APPPATH\Views\PoinMarket_Admin\Page\user.php(64): CodeIgniter\View\View->include('PoinMarket_Admin/Tabel/tabel_user')
 6 SYSTEMPATH\View\View.php(224): include('C:\\xampp\\htdocs\\PoinMarket\\app\\Views\\PoinMarket_Admin\\Page\\user.php')
 7 SYSTEMPATH\View\View.php(227): CodeIgniter\View\View->CodeIgniter\View\{closure}()
 8 SYSTEMPATH\Common.php(1180): CodeIgniter\View\View->render('PoinMarket_Admin/Page/user', [], true)
 9 APPPATH\Controllers\PoinMarket_Admin\User.php(64): view('PoinMarket_Admin/Page/user', [...])
10 SYSTEMPATH\CodeIgniter.php(932): App\Controllers\PoinMarket_Admin\User->index()
11 SYSTEMPATH\CodeIgniter.php(497): CodeIgniter\CodeIgniter->runController(Object(App\Controllers\PoinMarket_Admin\User))
12 SYSTEMPATH\CodeIgniter.php(366): CodeIgniter\CodeIgniter->handleRequest(null, Object(Config\Cache), false)
13 FCPATH\index.php(67): CodeIgniter\CodeIgniter->run()
14 SYSTEMPATH\Commands\Server\rewrite.php(47): require_once('C:\\xampp\\htdocs\\PoinMarket\\public\\index.php')
INFO - 2025-01-02 09:06:40 --> Session: Class initialized using 'CodeIgniter\Session\Handlers\FileHandler' driver.
INFO - 2025-01-02 09:06:41 --> Session: Class initialized using 'CodeIgniter\Session\Handlers\FileHandler' driver.
INFO - 2025-01-02 09:08:11 --> Session: Class initialized using 'CodeIgniter\Session\Handlers\FileHandler' driver.
INFO - 2025-01-02 09:08:12 --> Session: Class initialized using 'CodeIgniter\Session\Handlers\FileHandler' driver.
INFO - 2025-01-02 09:08:33 --> Session: Class initialized using 'CodeIgniter\Session\Handlers\FileHandler' driver.
INFO - 2025-01-02 09:08:34 --> Session: Class initialized using 'CodeIgniter\Session\Handlers\FileHandler' driver.
INFO - 2025-01-02 09:09:25 --> Session: Class initialized using 'CodeIgniter\Session\Handlers\FileHandler' driver.
INFO - 2025-01-02 09:09:25 --> Session: Class initialized using 'CodeIgniter\Session\Handlers\FileHandler' driver.
INFO - 2025-01-02 09:09:36 --> Session: Class initialized using 'CodeIgniter\Session\Handlers\FileHandler' driver.
WARNING - 2025-01-02 09:09:36 --> [DEPRECATED] strtotime(): Passing null to parameter #1 ($datetime) of type string is deprecated in APPPATH\Views\PoinMarket_Admin\Tabel\tabel_user.php on line 92.
 1 APPPATH\Views\PoinMarket_Admin\Tabel\tabel_user.php(92): strtotime(null)
 2 SYSTEMPATH\View\View.php(224): include('C:\\xampp\\htdocs\\PoinMarket\\app\\Views\\PoinMarket_Admin\\Tabel\\tabel_user.php')
 3 SYSTEMPATH\View\View.php(227): CodeIgniter\View\View->CodeIgniter\View\{closure}()
 4 SYSTEMPATH\View\View.php(452): CodeIgniter\View\View->render('PoinMarket_Admin/Tabel/tabel_user', null, true)
 5 APPPATH\Views\PoinMarket_Admin\Page\user.php(64): CodeIgniter\View\View->include('PoinMarket_Admin/Tabel/tabel_user')
 6 SYSTEMPATH\View\View.php(224): include('C:\\xampp\\htdocs\\PoinMarket\\app\\Views\\PoinMarket_Admin\\Page\\user.php')
 7 SYSTEMPATH\View\View.php(227): CodeIgniter\View\View->CodeIgniter\View\{closure}()
 8 SYSTEMPATH\Common.php(1180): CodeIgniter\View\View->render('PoinMarket_Admin/Page/user', [], true)
 9 APPPATH\Controllers\PoinMarket_Admin\User.php(64): view('PoinMarket_Admin/Page/user', [...])
10 SYSTEMPATH\CodeIgniter.php(932): App\Controllers\PoinMarket_Admin\User->index()
11 SYSTEMPATH\CodeIgniter.php(497): CodeIgniter\CodeIgniter->runController(Object(App\Controllers\PoinMarket_Admin\User))
12 SYSTEMPATH\CodeIgniter.php(366): CodeIgniter\CodeIgniter->handleRequest(null, Object(Config\Cache), false)
13 FCPATH\index.php(67): CodeIgniter\CodeIgniter->run()
14 SYSTEMPATH\Commands\Server\rewrite.php(47): require_once('C:\\xampp\\htdocs\\PoinMarket\\public\\index.php')
INFO - 2025-01-02 09:09:37 --> Session: Class initialized using 'CodeIgniter\Session\Handlers\FileHandler' driver.
WARNING - 2025-01-02 09:09:37 --> [DEPRECATED] strtotime(): Passing null to parameter #1 ($datetime) of type string is deprecated in APPPATH\Views\PoinMarket_Admin\Tabel\tabel_user.php on line 92.
 1 APPPATH\Views\PoinMarket_Admin\Tabel\tabel_user.php(92): strtotime(null)
 2 SYSTEMPATH\View\View.php(224): include('C:\\xampp\\htdocs\\PoinMarket\\app\\Views\\PoinMarket_Admin\\Tabel\\tabel_user.php')
 3 SYSTEMPATH\View\View.php(227): CodeIgniter\View\View->CodeIgniter\View\{closure}()
 4 SYSTEMPATH\View\View.php(452): CodeIgniter\View\View->render('PoinMarket_Admin/Tabel/tabel_user', null, true)
 5 APPPATH\Views\PoinMarket_Admin\Page\user.php(64): CodeIgniter\View\View->include('PoinMarket_Admin/Tabel/tabel_user')
 6 SYSTEMPATH\View\View.php(224): include('C:\\xampp\\htdocs\\PoinMarket\\app\\Views\\PoinMarket_Admin\\Page\\user.php')
 7 SYSTEMPATH\View\View.php(227): CodeIgniter\View\View->CodeIgniter\View\{closure}()
 8 SYSTEMPATH\Common.php(1180): CodeIgniter\View\View->render('PoinMarket_Admin/Page/user', [], true)
 9 APPPATH\Controllers\PoinMarket_Admin\User.php(64): view('PoinMarket_Admin/Page/user', [...])
10 SYSTEMPATH\CodeIgniter.php(932): App\Controllers\PoinMarket_Admin\User->index()
11 SYSTEMPATH\CodeIgniter.php(497): CodeIgniter\CodeIgniter->runController(Object(App\Controllers\PoinMarket_Admin\User))
12 SYSTEMPATH\CodeIgniter.php(366): CodeIgniter\CodeIgniter->handleRequest(null, Object(Config\Cache), false)
13 FCPATH\index.php(67): CodeIgniter\CodeIgniter->run()
14 SYSTEMPATH\Commands\Server\rewrite.php(47): require_once('C:\\xampp\\htdocs\\PoinMarket\\public\\index.php')
INFO - 2025-01-02 09:10:37 --> Session: Class initialized using 'CodeIgniter\Session\Handlers\FileHandler' driver.
WARNING - 2025-01-02 09:10:37 --> [DEPRECATED] strtotime(): Passing null to parameter #1 ($datetime) of type string is deprecated in APPPATH\Views\PoinMarket_Admin\Tabel\tabel_user.php on line 92.
 1 APPPATH\Views\PoinMarket_Admin\Tabel\tabel_user.php(92): strtotime(null)
 2 SYSTEMPATH\View\View.php(224): include('C:\\xampp\\htdocs\\PoinMarket\\app\\Views\\PoinMarket_Admin\\Tabel\\tabel_user.php')
 3 SYSTEMPATH\View\View.php(227): CodeIgniter\View\View->CodeIgniter\View\{closure}()
 4 SYSTEMPATH\View\View.php(452): CodeIgniter\View\View->render('PoinMarket_Admin/Tabel/tabel_user', null, true)
 5 APPPATH\Views\PoinMarket_Admin\Page\user.php(64): CodeIgniter\View\View->include('PoinMarket_Admin/Tabel/tabel_user')
 6 SYSTEMPATH\View\View.php(224): include('C:\\xampp\\htdocs\\PoinMarket\\app\\Views\\PoinMarket_Admin\\Page\\user.php')
 7 SYSTEMPATH\View\View.php(227): CodeIgniter\View\View->CodeIgniter\View\{closure}()
 8 SYSTEMPATH\Common.php(1180): CodeIgniter\View\View->render('PoinMarket_Admin/Page/user', [], true)
 9 APPPATH\Controllers\PoinMarket_Admin\User.php(64): view('PoinMarket_Admin/Page/user', [...])
10 SYSTEMPATH\CodeIgniter.php(932): App\Controllers\PoinMarket_Admin\User->index()
11 SYSTEMPATH\CodeIgniter.php(497): CodeIgniter\CodeIgniter->runController(Object(App\Controllers\PoinMarket_Admin\User))
12 SYSTEMPATH\CodeIgniter.php(366): CodeIgniter\CodeIgniter->handleRequest(null, Object(Config\Cache), false)
13 FCPATH\index.php(67): CodeIgniter\CodeIgniter->run()
14 SYSTEMPATH\Commands\Server\rewrite.php(47): require_once('C:\\xampp\\htdocs\\PoinMarket\\public\\index.php')
INFO - 2025-01-02 09:10:38 --> Session: Class initialized using 'CodeIgniter\Session\Handlers\FileHandler' driver.
WARNING - 2025-01-02 09:10:38 --> [DEPRECATED] strtotime(): Passing null to parameter #1 ($datetime) of type string is deprecated in APPPATH\Views\PoinMarket_Admin\Tabel\tabel_user.php on line 92.
 1 APPPATH\Views\PoinMarket_Admin\Tabel\tabel_user.php(92): strtotime(null)
 2 SYSTEMPATH\View\View.php(224): include('C:\\xampp\\htdocs\\PoinMarket\\app\\Views\\PoinMarket_Admin\\Tabel\\tabel_user.php')
 3 SYSTEMPATH\View\View.php(227): CodeIgniter\View\View->CodeIgniter\View\{closure}()
 4 SYSTEMPATH\View\View.php(452): CodeIgniter\View\View->render('PoinMarket_Admin/Tabel/tabel_user', null, true)
 5 APPPATH\Views\PoinMarket_Admin\Page\user.php(64): CodeIgniter\View\View->include('PoinMarket_Admin/Tabel/tabel_user')
 6 SYSTEMPATH\View\View.php(224): include('C:\\xampp\\htdocs\\PoinMarket\\app\\Views\\PoinMarket_Admin\\Page\\user.php')
 7 SYSTEMPATH\View\View.php(227): CodeIgniter\View\View->CodeIgniter\View\{closure}()
 8 SYSTEMPATH\Common.php(1180): CodeIgniter\View\View->render('PoinMarket_Admin/Page/user', [], true)
 9 APPPATH\Controllers\PoinMarket_Admin\User.php(64): view('PoinMarket_Admin/Page/user', [...])
10 SYSTEMPATH\CodeIgniter.php(932): App\Controllers\PoinMarket_Admin\User->index()
11 SYSTEMPATH\CodeIgniter.php(497): CodeIgniter\CodeIgniter->runController(Object(App\Controllers\PoinMarket_Admin\User))
12 SYSTEMPATH\CodeIgniter.php(366): CodeIgniter\CodeIgniter->handleRequest(null, Object(Config\Cache), false)
13 FCPATH\index.php(67): CodeIgniter\CodeIgniter->run()
14 SYSTEMPATH\Commands\Server\rewrite.php(47): require_once('C:\\xampp\\htdocs\\PoinMarket\\public\\index.php')
INFO - 2025-01-02 09:12:10 --> Session: Class initialized using 'CodeIgniter\Session\Handlers\FileHandler' driver.
WARNING - 2025-01-02 09:12:10 --> [DEPRECATED] strtotime(): Passing null to parameter #1 ($datetime) of type string is deprecated in APPPATH\Views\PoinMarket_Admin\Tabel\tabel_user.php on line 92.
 1 APPPATH\Views\PoinMarket_Admin\Tabel\tabel_user.php(92): strtotime(null)
 2 SYSTEMPATH\View\View.php(224): include('C:\\xampp\\htdocs\\PoinMarket\\app\\Views\\PoinMarket_Admin\\Tabel\\tabel_user.php')
 3 SYSTEMPATH\View\View.php(227): CodeIgniter\View\View->CodeIgniter\View\{closure}()
 4 SYSTEMPATH\View\View.php(452): CodeIgniter\View\View->render('PoinMarket_Admin/Tabel/tabel_user', null, true)
 5 APPPATH\Views\PoinMarket_Admin\Page\user.php(64): CodeIgniter\View\View->include('PoinMarket_Admin/Tabel/tabel_user')
 6 SYSTEMPATH\View\View.php(224): include('C:\\xampp\\htdocs\\PoinMarket\\app\\Views\\PoinMarket_Admin\\Page\\user.php')
 7 SYSTEMPATH\View\View.php(227): CodeIgniter\View\View->CodeIgniter\View\{closure}()
 8 SYSTEMPATH\Common.php(1180): CodeIgniter\View\View->render('PoinMarket_Admin/Page/user', [], true)
 9 APPPATH\Controllers\PoinMarket_Admin\User.php(64): view('PoinMarket_Admin/Page/user', [...])
10 SYSTEMPATH\CodeIgniter.php(932): App\Controllers\PoinMarket_Admin\User->index()
11 SYSTEMPATH\CodeIgniter.php(497): CodeIgniter\CodeIgniter->runController(Object(App\Controllers\PoinMarket_Admin\User))
12 SYSTEMPATH\CodeIgniter.php(366): CodeIgniter\CodeIgniter->handleRequest(null, Object(Config\Cache), false)
13 FCPATH\index.php(67): CodeIgniter\CodeIgniter->run()
14 SYSTEMPATH\Commands\Server\rewrite.php(47): require_once('C:\\xampp\\htdocs\\PoinMarket\\public\\index.php')
INFO - 2025-01-02 09:12:10 --> Session: Class initialized using 'CodeIgniter\Session\Handlers\FileHandler' driver.
WARNING - 2025-01-02 09:12:10 --> [DEPRECATED] strtotime(): Passing null to parameter #1 ($datetime) of type string is deprecated in APPPATH\Views\PoinMarket_Admin\Tabel\tabel_user.php on line 92.
 1 APPPATH\Views\PoinMarket_Admin\Tabel\tabel_user.php(92): strtotime(null)
 2 SYSTEMPATH\View\View.php(224): include('C:\\xampp\\htdocs\\PoinMarket\\app\\Views\\PoinMarket_Admin\\Tabel\\tabel_user.php')
 3 SYSTEMPATH\View\View.php(227): CodeIgniter\View\View->CodeIgniter\View\{closure}()
 4 SYSTEMPATH\View\View.php(452): CodeIgniter\View\View->render('PoinMarket_Admin/Tabel/tabel_user', null, true)
 5 APPPATH\Views\PoinMarket_Admin\Page\user.php(64): CodeIgniter\View\View->include('PoinMarket_Admin/Tabel/tabel_user')
 6 SYSTEMPATH\View\View.php(224): include('C:\\xampp\\htdocs\\PoinMarket\\app\\Views\\PoinMarket_Admin\\Page\\user.php')
 7 SYSTEMPATH\View\View.php(227): CodeIgniter\View\View->CodeIgniter\View\{closure}()
 8 SYSTEMPATH\Common.php(1180): CodeIgniter\View\View->render('PoinMarket_Admin/Page/user', [], true)
 9 APPPATH\Controllers\PoinMarket_Admin\User.php(64): view('PoinMarket_Admin/Page/user', [...])
10 SYSTEMPATH\CodeIgniter.php(932): App\Controllers\PoinMarket_Admin\User->index()
11 SYSTEMPATH\CodeIgniter.php(497): CodeIgniter\CodeIgniter->runController(Object(App\Controllers\PoinMarket_Admin\User))
12 SYSTEMPATH\CodeIgniter.php(366): CodeIgniter\CodeIgniter->handleRequest(null, Object(Config\Cache), false)
13 FCPATH\index.php(67): CodeIgniter\CodeIgniter->run()
14 SYSTEMPATH\Commands\Server\rewrite.php(47): require_once('C:\\xampp\\htdocs\\PoinMarket\\public\\index.php')
INFO - 2025-01-02 09:12:21 --> Session: Class initialized using 'CodeIgniter\Session\Handlers\FileHandler' driver.
WARNING - 2025-01-02 09:12:21 --> [DEPRECATED] strtotime(): Passing null to parameter #1 ($datetime) of type string is deprecated in APPPATH\Views\PoinMarket_Admin\Tabel\tabel_user.php on line 92.
 1 APPPATH\Views\PoinMarket_Admin\Tabel\tabel_user.php(92): strtotime(null)
 2 SYSTEMPATH\View\View.php(224): include('C:\\xampp\\htdocs\\PoinMarket\\app\\Views\\PoinMarket_Admin\\Tabel\\tabel_user.php')
 3 SYSTEMPATH\View\View.php(227): CodeIgniter\View\View->CodeIgniter\View\{closure}()
 4 SYSTEMPATH\View\View.php(452): CodeIgniter\View\View->render('PoinMarket_Admin/Tabel/tabel_user', null, true)
 5 APPPATH\Views\PoinMarket_Admin\Page\user.php(64): CodeIgniter\View\View->include('PoinMarket_Admin/Tabel/tabel_user')
 6 SYSTEMPATH\View\View.php(224): include('C:\\xampp\\htdocs\\PoinMarket\\app\\Views\\PoinMarket_Admin\\Page\\user.php')
 7 SYSTEMPATH\View\View.php(227): CodeIgniter\View\View->CodeIgniter\View\{closure}()
 8 SYSTEMPATH\Common.php(1180): CodeIgniter\View\View->render('PoinMarket_Admin/Page/user', [], true)
 9 APPPATH\Controllers\PoinMarket_Admin\User.php(64): view('PoinMarket_Admin/Page/user', [...])
10 SYSTEMPATH\CodeIgniter.php(932): App\Controllers\PoinMarket_Admin\User->index()
11 SYSTEMPATH\CodeIgniter.php(497): CodeIgniter\CodeIgniter->runController(Object(App\Controllers\PoinMarket_Admin\User))
12 SYSTEMPATH\CodeIgniter.php(366): CodeIgniter\CodeIgniter->handleRequest(null, Object(Config\Cache), false)
13 FCPATH\index.php(67): CodeIgniter\CodeIgniter->run()
14 SYSTEMPATH\Commands\Server\rewrite.php(47): require_once('C:\\xampp\\htdocs\\PoinMarket\\public\\index.php')
INFO - 2025-01-02 09:12:21 --> Session: Class initialized using 'CodeIgniter\Session\Handlers\FileHandler' driver.
WARNING - 2025-01-02 09:12:21 --> [DEPRECATED] strtotime(): Passing null to parameter #1 ($datetime) of type string is deprecated in APPPATH\Views\PoinMarket_Admin\Tabel\tabel_user.php on line 92.
 1 APPPATH\Views\PoinMarket_Admin\Tabel\tabel_user.php(92): strtotime(null)
 2 SYSTEMPATH\View\View.php(224): include('C:\\xampp\\htdocs\\PoinMarket\\app\\Views\\PoinMarket_Admin\\Tabel\\tabel_user.php')
 3 SYSTEMPATH\View\View.php(227): CodeIgniter\View\View->CodeIgniter\View\{closure}()
 4 SYSTEMPATH\View\View.php(452): CodeIgniter\View\View->render('PoinMarket_Admin/Tabel/tabel_user', null, true)
 5 APPPATH\Views\PoinMarket_Admin\Page\user.php(64): CodeIgniter\View\View->include('PoinMarket_Admin/Tabel/tabel_user')
 6 SYSTEMPATH\View\View.php(224): include('C:\\xampp\\htdocs\\PoinMarket\\app\\Views\\PoinMarket_Admin\\Page\\user.php')
 7 SYSTEMPATH\View\View.php(227): CodeIgniter\View\View->CodeIgniter\View\{closure}()
 8 SYSTEMPATH\Common.php(1180): CodeIgniter\View\View->render('PoinMarket_Admin/Page/user', [], true)
 9 APPPATH\Controllers\PoinMarket_Admin\User.php(64): view('PoinMarket_Admin/Page/user', [...])
10 SYSTEMPATH\CodeIgniter.php(932): App\Controllers\PoinMarket_Admin\User->index()
11 SYSTEMPATH\CodeIgniter.php(497): CodeIgniter\CodeIgniter->runController(Object(App\Controllers\PoinMarket_Admin\User))
12 SYSTEMPATH\CodeIgniter.php(366): CodeIgniter\CodeIgniter->handleRequest(null, Object(Config\Cache), false)
13 FCPATH\index.php(67): CodeIgniter\CodeIgniter->run()
14 SYSTEMPATH\Commands\Server\rewrite.php(47): require_once('C:\\xampp\\htdocs\\PoinMarket\\public\\index.php')
INFO - 2025-01-02 09:12:35 --> Session: Class initialized using 'CodeIgniter\Session\Handlers\FileHandler' driver.
WARNING - 2025-01-02 09:12:35 --> [DEPRECATED] strtotime(): Passing null to parameter #1 ($datetime) of type string is deprecated in APPPATH\Views\PoinMarket_Admin\Tabel\tabel_user.php on line 92.
 1 APPPATH\Views\PoinMarket_Admin\Tabel\tabel_user.php(92): strtotime(null)
 2 SYSTEMPATH\View\View.php(224): include('C:\\xampp\\htdocs\\PoinMarket\\app\\Views\\PoinMarket_Admin\\Tabel\\tabel_user.php')
 3 SYSTEMPATH\View\View.php(227): CodeIgniter\View\View->CodeIgniter\View\{closure}()
 4 SYSTEMPATH\View\View.php(452): CodeIgniter\View\View->render('PoinMarket_Admin/Tabel/tabel_user', null, true)
 5 APPPATH\Views\PoinMarket_Admin\Page\user.php(64): CodeIgniter\View\View->include('PoinMarket_Admin/Tabel/tabel_user')
 6 SYSTEMPATH\View\View.php(224): include('C:\\xampp\\htdocs\\PoinMarket\\app\\Views\\PoinMarket_Admin\\Page\\user.php')
 7 SYSTEMPATH\View\View.php(227): CodeIgniter\View\View->CodeIgniter\View\{closure}()
 8 SYSTEMPATH\Common.php(1180): CodeIgniter\View\View->render('PoinMarket_Admin/Page/user', [], true)
 9 APPPATH\Controllers\PoinMarket_Admin\User.php(64): view('PoinMarket_Admin/Page/user', [...])
10 SYSTEMPATH\CodeIgniter.php(932): App\Controllers\PoinMarket_Admin\User->index()
11 SYSTEMPATH\CodeIgniter.php(497): CodeIgniter\CodeIgniter->runController(Object(App\Controllers\PoinMarket_Admin\User))
12 SYSTEMPATH\CodeIgniter.php(366): CodeIgniter\CodeIgniter->handleRequest(null, Object(Config\Cache), false)
13 FCPATH\index.php(67): CodeIgniter\CodeIgniter->run()
14 SYSTEMPATH\Commands\Server\rewrite.php(47): require_once('C:\\xampp\\htdocs\\PoinMarket\\public\\index.php')
INFO - 2025-01-02 09:12:35 --> Session: Class initialized using 'CodeIgniter\Session\Handlers\FileHandler' driver.
WARNING - 2025-01-02 09:12:35 --> [DEPRECATED] strtotime(): Passing null to parameter #1 ($datetime) of type string is deprecated in APPPATH\Views\PoinMarket_Admin\Tabel\tabel_user.php on line 92.
 1 APPPATH\Views\PoinMarket_Admin\Tabel\tabel_user.php(92): strtotime(null)
 2 SYSTEMPATH\View\View.php(224): include('C:\\xampp\\htdocs\\PoinMarket\\app\\Views\\PoinMarket_Admin\\Tabel\\tabel_user.php')
 3 SYSTEMPATH\View\View.php(227): CodeIgniter\View\View->CodeIgniter\View\{closure}()
 4 SYSTEMPATH\View\View.php(452): CodeIgniter\View\View->render('PoinMarket_Admin/Tabel/tabel_user', null, true)
 5 APPPATH\Views\PoinMarket_Admin\Page\user.php(64): CodeIgniter\View\View->include('PoinMarket_Admin/Tabel/tabel_user')
 6 SYSTEMPATH\View\View.php(224): include('C:\\xampp\\htdocs\\PoinMarket\\app\\Views\\PoinMarket_Admin\\Page\\user.php')
 7 SYSTEMPATH\View\View.php(227): CodeIgniter\View\View->CodeIgniter\View\{closure}()
 8 SYSTEMPATH\Common.php(1180): CodeIgniter\View\View->render('PoinMarket_Admin/Page/user', [], true)
 9 APPPATH\Controllers\PoinMarket_Admin\User.php(64): view('PoinMarket_Admin/Page/user', [...])
10 SYSTEMPATH\CodeIgniter.php(932): App\Controllers\PoinMarket_Admin\User->index()
11 SYSTEMPATH\CodeIgniter.php(497): CodeIgniter\CodeIgniter->runController(Object(App\Controllers\PoinMarket_Admin\User))
12 SYSTEMPATH\CodeIgniter.php(366): CodeIgniter\CodeIgniter->handleRequest(null, Object(Config\Cache), false)
13 FCPATH\index.php(67): CodeIgniter\CodeIgniter->run()
14 SYSTEMPATH\Commands\Server\rewrite.php(47): require_once('C:\\xampp\\htdocs\\PoinMarket\\public\\index.php')
INFO - 2025-01-02 09:13:04 --> Session: Class initialized using 'CodeIgniter\Session\Handlers\FileHandler' driver.
WARNING - 2025-01-02 09:13:04 --> [DEPRECATED] strtotime(): Passing null to parameter #1 ($datetime) of type string is deprecated in APPPATH\Views\PoinMarket_Admin\Tabel\tabel_user.php on line 92.
 1 APPPATH\Views\PoinMarket_Admin\Tabel\tabel_user.php(92): strtotime(null)
 2 SYSTEMPATH\View\View.php(224): include('C:\\xampp\\htdocs\\PoinMarket\\app\\Views\\PoinMarket_Admin\\Tabel\\tabel_user.php')
 3 SYSTEMPATH\View\View.php(227): CodeIgniter\View\View->CodeIgniter\View\{closure}()
 4 SYSTEMPATH\View\View.php(452): CodeIgniter\View\View->render('PoinMarket_Admin/Tabel/tabel_user', null, true)
 5 APPPATH\Views\PoinMarket_Admin\Page\user.php(64): CodeIgniter\View\View->include('PoinMarket_Admin/Tabel/tabel_user')
 6 SYSTEMPATH\View\View.php(224): include('C:\\xampp\\htdocs\\PoinMarket\\app\\Views\\PoinMarket_Admin\\Page\\user.php')
 7 SYSTEMPATH\View\View.php(227): CodeIgniter\View\View->CodeIgniter\View\{closure}()
 8 SYSTEMPATH\Common.php(1180): CodeIgniter\View\View->render('PoinMarket_Admin/Page/user', [], true)
 9 APPPATH\Controllers\PoinMarket_Admin\User.php(64): view('PoinMarket_Admin/Page/user', [...])
10 SYSTEMPATH\CodeIgniter.php(932): App\Controllers\PoinMarket_Admin\User->index()
11 SYSTEMPATH\CodeIgniter.php(497): CodeIgniter\CodeIgniter->runController(Object(App\Controllers\PoinMarket_Admin\User))
12 SYSTEMPATH\CodeIgniter.php(366): CodeIgniter\CodeIgniter->handleRequest(null, Object(Config\Cache), false)
13 FCPATH\index.php(67): CodeIgniter\CodeIgniter->run()
14 SYSTEMPATH\Commands\Server\rewrite.php(47): require_once('C:\\xampp\\htdocs\\PoinMarket\\public\\index.php')
INFO - 2025-01-02 09:13:04 --> Session: Class initialized using 'CodeIgniter\Session\Handlers\FileHandler' driver.
WARNING - 2025-01-02 09:13:04 --> [DEPRECATED] strtotime(): Passing null to parameter #1 ($datetime) of type string is deprecated in APPPATH\Views\PoinMarket_Admin\Tabel\tabel_user.php on line 92.
 1 APPPATH\Views\PoinMarket_Admin\Tabel\tabel_user.php(92): strtotime(null)
 2 SYSTEMPATH\View\View.php(224): include('C:\\xampp\\htdocs\\PoinMarket\\app\\Views\\PoinMarket_Admin\\Tabel\\tabel_user.php')
 3 SYSTEMPATH\View\View.php(227): CodeIgniter\View\View->CodeIgniter\View\{closure}()
 4 SYSTEMPATH\View\View.php(452): CodeIgniter\View\View->render('PoinMarket_Admin/Tabel/tabel_user', null, true)
 5 APPPATH\Views\PoinMarket_Admin\Page\user.php(64): CodeIgniter\View\View->include('PoinMarket_Admin/Tabel/tabel_user')
 6 SYSTEMPATH\View\View.php(224): include('C:\\xampp\\htdocs\\PoinMarket\\app\\Views\\PoinMarket_Admin\\Page\\user.php')
 7 SYSTEMPATH\View\View.php(227): CodeIgniter\View\View->CodeIgniter\View\{closure}()
 8 SYSTEMPATH\Common.php(1180): CodeIgniter\View\View->render('PoinMarket_Admin/Page/user', [], true)
 9 APPPATH\Controllers\PoinMarket_Admin\User.php(64): view('PoinMarket_Admin/Page/user', [...])
10 SYSTEMPATH\CodeIgniter.php(932): App\Controllers\PoinMarket_Admin\User->index()
11 SYSTEMPATH\CodeIgniter.php(497): CodeIgniter\CodeIgniter->runController(Object(App\Controllers\PoinMarket_Admin\User))
12 SYSTEMPATH\CodeIgniter.php(366): CodeIgniter\CodeIgniter->handleRequest(null, Object(Config\Cache), false)
13 FCPATH\index.php(67): CodeIgniter\CodeIgniter->run()
14 SYSTEMPATH\Commands\Server\rewrite.php(47): require_once('C:\\xampp\\htdocs\\PoinMarket\\public\\index.php')
INFO - 2025-01-02 09:13:14 --> Session: Class initialized using 'CodeIgniter\Session\Handlers\FileHandler' driver.
WARNING - 2025-01-02 09:13:14 --> [DEPRECATED] strtotime(): Passing null to parameter #1 ($datetime) of type string is deprecated in APPPATH\Views\PoinMarket_Admin\Tabel\tabel_user.php on line 92.
 1 APPPATH\Views\PoinMarket_Admin\Tabel\tabel_user.php(92): strtotime(null)
 2 SYSTEMPATH\View\View.php(224): include('C:\\xampp\\htdocs\\PoinMarket\\app\\Views\\PoinMarket_Admin\\Tabel\\tabel_user.php')
 3 SYSTEMPATH\View\View.php(227): CodeIgniter\View\View->CodeIgniter\View\{closure}()
 4 SYSTEMPATH\View\View.php(452): CodeIgniter\View\View->render('PoinMarket_Admin/Tabel/tabel_user', null, true)
 5 APPPATH\Views\PoinMarket_Admin\Page\user.php(64): CodeIgniter\View\View->include('PoinMarket_Admin/Tabel/tabel_user')
 6 SYSTEMPATH\View\View.php(224): include('C:\\xampp\\htdocs\\PoinMarket\\app\\Views\\PoinMarket_Admin\\Page\\user.php')
 7 SYSTEMPATH\View\View.php(227): CodeIgniter\View\View->CodeIgniter\View\{closure}()
 8 SYSTEMPATH\Common.php(1180): CodeIgniter\View\View->render('PoinMarket_Admin/Page/user', [], true)
 9 APPPATH\Controllers\PoinMarket_Admin\User.php(64): view('PoinMarket_Admin/Page/user', [...])
10 SYSTEMPATH\CodeIgniter.php(932): App\Controllers\PoinMarket_Admin\User->index()
11 SYSTEMPATH\CodeIgniter.php(497): CodeIgniter\CodeIgniter->runController(Object(App\Controllers\PoinMarket_Admin\User))
12 SYSTEMPATH\CodeIgniter.php(366): CodeIgniter\CodeIgniter->handleRequest(null, Object(Config\Cache), false)
13 FCPATH\index.php(67): CodeIgniter\CodeIgniter->run()
14 SYSTEMPATH\Commands\Server\rewrite.php(47): require_once('C:\\xampp\\htdocs\\PoinMarket\\public\\index.php')
INFO - 2025-01-02 09:13:14 --> Session: Class initialized using 'CodeIgniter\Session\Handlers\FileHandler' driver.
WARNING - 2025-01-02 09:13:14 --> [DEPRECATED] strtotime(): Passing null to parameter #1 ($datetime) of type string is deprecated in APPPATH\Views\PoinMarket_Admin\Tabel\tabel_user.php on line 92.
 1 APPPATH\Views\PoinMarket_Admin\Tabel\tabel_user.php(92): strtotime(null)
 2 SYSTEMPATH\View\View.php(224): include('C:\\xampp\\htdocs\\PoinMarket\\app\\Views\\PoinMarket_Admin\\Tabel\\tabel_user.php')
 3 SYSTEMPATH\View\View.php(227): CodeIgniter\View\View->CodeIgniter\View\{closure}()
 4 SYSTEMPATH\View\View.php(452): CodeIgniter\View\View->render('PoinMarket_Admin/Tabel/tabel_user', null, true)
 5 APPPATH\Views\PoinMarket_Admin\Page\user.php(64): CodeIgniter\View\View->include('PoinMarket_Admin/Tabel/tabel_user')
 6 SYSTEMPATH\View\View.php(224): include('C:\\xampp\\htdocs\\PoinMarket\\app\\Views\\PoinMarket_Admin\\Page\\user.php')
 7 SYSTEMPATH\View\View.php(227): CodeIgniter\View\View->CodeIgniter\View\{closure}()
 8 SYSTEMPATH\Common.php(1180): CodeIgniter\View\View->render('PoinMarket_Admin/Page/user', [], true)
 9 APPPATH\Controllers\PoinMarket_Admin\User.php(64): view('PoinMarket_Admin/Page/user', [...])
10 SYSTEMPATH\CodeIgniter.php(932): App\Controllers\PoinMarket_Admin\User->index()
11 SYSTEMPATH\CodeIgniter.php(497): CodeIgniter\CodeIgniter->runController(Object(App\Controllers\PoinMarket_Admin\User))
12 SYSTEMPATH\CodeIgniter.php(366): CodeIgniter\CodeIgniter->handleRequest(null, Object(Config\Cache), false)
13 FCPATH\index.php(67): CodeIgniter\CodeIgniter->run()
14 SYSTEMPATH\Commands\Server\rewrite.php(47): require_once('C:\\xampp\\htdocs\\PoinMarket\\public\\index.php')
INFO - 2025-01-02 09:13:19 --> Session: Class initialized using 'CodeIgniter\Session\Handlers\FileHandler' driver.
WARNING - 2025-01-02 09:13:19 --> [DEPRECATED] strtotime(): Passing null to parameter #1 ($datetime) of type string is deprecated in APPPATH\Views\PoinMarket_Admin\Tabel\tabel_user.php on line 92.
 1 APPPATH\Views\PoinMarket_Admin\Tabel\tabel_user.php(92): strtotime(null)
 2 SYSTEMPATH\View\View.php(224): include('C:\\xampp\\htdocs\\PoinMarket\\app\\Views\\PoinMarket_Admin\\Tabel\\tabel_user.php')
 3 SYSTEMPATH\View\View.php(227): CodeIgniter\View\View->CodeIgniter\View\{closure}()
 4 SYSTEMPATH\View\View.php(452): CodeIgniter\View\View->render('PoinMarket_Admin/Tabel/tabel_user', null, true)
 5 APPPATH\Views\PoinMarket_Admin\Page\user.php(64): CodeIgniter\View\View->include('PoinMarket_Admin/Tabel/tabel_user')
 6 SYSTEMPATH\View\View.php(224): include('C:\\xampp\\htdocs\\PoinMarket\\app\\Views\\PoinMarket_Admin\\Page\\user.php')
 7 SYSTEMPATH\View\View.php(227): CodeIgniter\View\View->CodeIgniter\View\{closure}()
 8 SYSTEMPATH\Common.php(1180): CodeIgniter\View\View->render('PoinMarket_Admin/Page/user', [], true)
 9 APPPATH\Controllers\PoinMarket_Admin\User.php(64): view('PoinMarket_Admin/Page/user', [...])
10 SYSTEMPATH\CodeIgniter.php(932): App\Controllers\PoinMarket_Admin\User->index()
11 SYSTEMPATH\CodeIgniter.php(497): CodeIgniter\CodeIgniter->runController(Object(App\Controllers\PoinMarket_Admin\User))
12 SYSTEMPATH\CodeIgniter.php(366): CodeIgniter\CodeIgniter->handleRequest(null, Object(Config\Cache), false)
13 FCPATH\index.php(67): CodeIgniter\CodeIgniter->run()
14 SYSTEMPATH\Commands\Server\rewrite.php(47): require_once('C:\\xampp\\htdocs\\PoinMarket\\public\\index.php')
INFO - 2025-01-02 09:13:19 --> Session: Class initialized using 'CodeIgniter\Session\Handlers\FileHandler' driver.
WARNING - 2025-01-02 09:13:19 --> [DEPRECATED] strtotime(): Passing null to parameter #1 ($datetime) of type string is deprecated in APPPATH\Views\PoinMarket_Admin\Tabel\tabel_user.php on line 92.
 1 APPPATH\Views\PoinMarket_Admin\Tabel\tabel_user.php(92): strtotime(null)
 2 SYSTEMPATH\View\View.php(224): include('C:\\xampp\\htdocs\\PoinMarket\\app\\Views\\PoinMarket_Admin\\Tabel\\tabel_user.php')
 3 SYSTEMPATH\View\View.php(227): CodeIgniter\View\View->CodeIgniter\View\{closure}()
 4 SYSTEMPATH\View\View.php(452): CodeIgniter\View\View->render('PoinMarket_Admin/Tabel/tabel_user', null, true)
 5 APPPATH\Views\PoinMarket_Admin\Page\user.php(64): CodeIgniter\View\View->include('PoinMarket_Admin/Tabel/tabel_user')
 6 SYSTEMPATH\View\View.php(224): include('C:\\xampp\\htdocs\\PoinMarket\\app\\Views\\PoinMarket_Admin\\Page\\user.php')
 7 SYSTEMPATH\View\View.php(227): CodeIgniter\View\View->CodeIgniter\View\{closure}()
 8 SYSTEMPATH\Common.php(1180): CodeIgniter\View\View->render('PoinMarket_Admin/Page/user', [], true)
 9 APPPATH\Controllers\PoinMarket_Admin\User.php(64): view('PoinMarket_Admin/Page/user', [...])
10 SYSTEMPATH\CodeIgniter.php(932): App\Controllers\PoinMarket_Admin\User->index()
11 SYSTEMPATH\CodeIgniter.php(497): CodeIgniter\CodeIgniter->runController(Object(App\Controllers\PoinMarket_Admin\User))
12 SYSTEMPATH\CodeIgniter.php(366): CodeIgniter\CodeIgniter->handleRequest(null, Object(Config\Cache), false)
13 FCPATH\index.php(67): CodeIgniter\CodeIgniter->run()
14 SYSTEMPATH\Commands\Server\rewrite.php(47): require_once('C:\\xampp\\htdocs\\PoinMarket\\public\\index.php')
INFO - 2025-01-02 09:15:11 --> Session: Class initialized using 'CodeIgniter\Session\Handlers\FileHandler' driver.
WARNING - 2025-01-02 09:15:11 --> [DEPRECATED] strtotime(): Passing null to parameter #1 ($datetime) of type string is deprecated in APPPATH\Views\PoinMarket_Admin\Tabel\tabel_user.php on line 92.
 1 APPPATH\Views\PoinMarket_Admin\Tabel\tabel_user.php(92): strtotime(null)
 2 SYSTEMPATH\View\View.php(224): include('C:\\xampp\\htdocs\\PoinMarket\\app\\Views\\PoinMarket_Admin\\Tabel\\tabel_user.php')
 3 SYSTEMPATH\View\View.php(227): CodeIgniter\View\View->CodeIgniter\View\{closure}()
 4 SYSTEMPATH\View\View.php(452): CodeIgniter\View\View->render('PoinMarket_Admin/Tabel/tabel_user', null, true)
 5 APPPATH\Views\PoinMarket_Admin\Page\user.php(64): CodeIgniter\View\View->include('PoinMarket_Admin/Tabel/tabel_user')
 6 SYSTEMPATH\View\View.php(224): include('C:\\xampp\\htdocs\\PoinMarket\\app\\Views\\PoinMarket_Admin\\Page\\user.php')
 7 SYSTEMPATH\View\View.php(227): CodeIgniter\View\View->CodeIgniter\View\{closure}()
 8 SYSTEMPATH\Common.php(1180): CodeIgniter\View\View->render('PoinMarket_Admin/Page/user', [], true)
 9 APPPATH\Controllers\PoinMarket_Admin\User.php(64): view('PoinMarket_Admin/Page/user', [...])
10 SYSTEMPATH\CodeIgniter.php(932): App\Controllers\PoinMarket_Admin\User->index()
11 SYSTEMPATH\CodeIgniter.php(497): CodeIgniter\CodeIgniter->runController(Object(App\Controllers\PoinMarket_Admin\User))
12 SYSTEMPATH\CodeIgniter.php(366): CodeIgniter\CodeIgniter->handleRequest(null, Object(Config\Cache), false)
13 FCPATH\index.php(67): CodeIgniter\CodeIgniter->run()
14 SYSTEMPATH\Commands\Server\rewrite.php(47): require_once('C:\\xampp\\htdocs\\PoinMarket\\public\\index.php')
INFO - 2025-01-02 09:15:11 --> Session: Class initialized using 'CodeIgniter\Session\Handlers\FileHandler' driver.
WARNING - 2025-01-02 09:15:11 --> [DEPRECATED] strtotime(): Passing null to parameter #1 ($datetime) of type string is deprecated in APPPATH\Views\PoinMarket_Admin\Tabel\tabel_user.php on line 92.
 1 APPPATH\Views\PoinMarket_Admin\Tabel\tabel_user.php(92): strtotime(null)
 2 SYSTEMPATH\View\View.php(224): include('C:\\xampp\\htdocs\\PoinMarket\\app\\Views\\PoinMarket_Admin\\Tabel\\tabel_user.php')
 3 SYSTEMPATH\View\View.php(227): CodeIgniter\View\View->CodeIgniter\View\{closure}()
 4 SYSTEMPATH\View\View.php(452): CodeIgniter\View\View->render('PoinMarket_Admin/Tabel/tabel_user', null, true)
 5 APPPATH\Views\PoinMarket_Admin\Page\user.php(64): CodeIgniter\View\View->include('PoinMarket_Admin/Tabel/tabel_user')
 6 SYSTEMPATH\View\View.php(224): include('C:\\xampp\\htdocs\\PoinMarket\\app\\Views\\PoinMarket_Admin\\Page\\user.php')
 7 SYSTEMPATH\View\View.php(227): CodeIgniter\View\View->CodeIgniter\View\{closure}()
 8 SYSTEMPATH\Common.php(1180): CodeIgniter\View\View->render('PoinMarket_Admin/Page/user', [], true)
 9 APPPATH\Controllers\PoinMarket_Admin\User.php(64): view('PoinMarket_Admin/Page/user', [...])
10 SYSTEMPATH\CodeIgniter.php(932): App\Controllers\PoinMarket_Admin\User->index()
11 SYSTEMPATH\CodeIgniter.php(497): CodeIgniter\CodeIgniter->runController(Object(App\Controllers\PoinMarket_Admin\User))
12 SYSTEMPATH\CodeIgniter.php(366): CodeIgniter\CodeIgniter->handleRequest(null, Object(Config\Cache), false)
13 FCPATH\index.php(67): CodeIgniter\CodeIgniter->run()
14 SYSTEMPATH\Commands\Server\rewrite.php(47): require_once('C:\\xampp\\htdocs\\PoinMarket\\public\\index.php')
INFO - 2025-01-02 09:16:17 --> Session: Class initialized using 'CodeIgniter\Session\Handlers\FileHandler' driver.
WARNING - 2025-01-02 09:16:17 --> [DEPRECATED] strtotime(): Passing null to parameter #1 ($datetime) of type string is deprecated in APPPATH\Views\PoinMarket_Admin\Tabel\tabel_user.php on line 92.
 1 APPPATH\Views\PoinMarket_Admin\Tabel\tabel_user.php(92): strtotime(null)
 2 SYSTEMPATH\View\View.php(224): include('C:\\xampp\\htdocs\\PoinMarket\\app\\Views\\PoinMarket_Admin\\Tabel\\tabel_user.php')
 3 SYSTEMPATH\View\View.php(227): CodeIgniter\View\View->CodeIgniter\View\{closure}()
 4 SYSTEMPATH\View\View.php(452): CodeIgniter\View\View->render('PoinMarket_Admin/Tabel/tabel_user', null, true)
 5 APPPATH\Views\PoinMarket_Admin\Page\user.php(64): CodeIgniter\View\View->include('PoinMarket_Admin/Tabel/tabel_user')
 6 SYSTEMPATH\View\View.php(224): include('C:\\xampp\\htdocs\\PoinMarket\\app\\Views\\PoinMarket_Admin\\Page\\user.php')
 7 SYSTEMPATH\View\View.php(227): CodeIgniter\View\View->CodeIgniter\View\{closure}()
 8 SYSTEMPATH\Common.php(1180): CodeIgniter\View\View->render('PoinMarket_Admin/Page/user', [], true)
 9 APPPATH\Controllers\PoinMarket_Admin\User.php(64): view('PoinMarket_Admin/Page/user', [...])
10 SYSTEMPATH\CodeIgniter.php(932): App\Controllers\PoinMarket_Admin\User->index()
11 SYSTEMPATH\CodeIgniter.php(497): CodeIgniter\CodeIgniter->runController(Object(App\Controllers\PoinMarket_Admin\User))
12 SYSTEMPATH\CodeIgniter.php(366): CodeIgniter\CodeIgniter->handleRequest(null, Object(Config\Cache), false)
13 FCPATH\index.php(67): CodeIgniter\CodeIgniter->run()
14 SYSTEMPATH\Commands\Server\rewrite.php(47): require_once('C:\\xampp\\htdocs\\PoinMarket\\public\\index.php')
INFO - 2025-01-02 09:16:17 --> Session: Class initialized using 'CodeIgniter\Session\Handlers\FileHandler' driver.
WARNING - 2025-01-02 09:16:17 --> [DEPRECATED] strtotime(): Passing null to parameter #1 ($datetime) of type string is deprecated in APPPATH\Views\PoinMarket_Admin\Tabel\tabel_user.php on line 92.
 1 APPPATH\Views\PoinMarket_Admin\Tabel\tabel_user.php(92): strtotime(null)
 2 SYSTEMPATH\View\View.php(224): include('C:\\xampp\\htdocs\\PoinMarket\\app\\Views\\PoinMarket_Admin\\Tabel\\tabel_user.php')
 3 SYSTEMPATH\View\View.php(227): CodeIgniter\View\View->CodeIgniter\View\{closure}()
 4 SYSTEMPATH\View\View.php(452): CodeIgniter\View\View->render('PoinMarket_Admin/Tabel/tabel_user', null, true)
 5 APPPATH\Views\PoinMarket_Admin\Page\user.php(64): CodeIgniter\View\View->include('PoinMarket_Admin/Tabel/tabel_user')
 6 SYSTEMPATH\View\View.php(224): include('C:\\xampp\\htdocs\\PoinMarket\\app\\Views\\PoinMarket_Admin\\Page\\user.php')
 7 SYSTEMPATH\View\View.php(227): CodeIgniter\View\View->CodeIgniter\View\{closure}()
 8 SYSTEMPATH\Common.php(1180): CodeIgniter\View\View->render('PoinMarket_Admin/Page/user', [], true)
 9 APPPATH\Controllers\PoinMarket_Admin\User.php(64): view('PoinMarket_Admin/Page/user', [...])
10 SYSTEMPATH\CodeIgniter.php(932): App\Controllers\PoinMarket_Admin\User->index()
11 SYSTEMPATH\CodeIgniter.php(497): CodeIgniter\CodeIgniter->runController(Object(App\Controllers\PoinMarket_Admin\User))
12 SYSTEMPATH\CodeIgniter.php(366): CodeIgniter\CodeIgniter->handleRequest(null, Object(Config\Cache), false)
13 FCPATH\index.php(67): CodeIgniter\CodeIgniter->run()
14 SYSTEMPATH\Commands\Server\rewrite.php(47): require_once('C:\\xampp\\htdocs\\PoinMarket\\public\\index.php')
INFO - 2025-01-02 09:16:31 --> Session: Class initialized using 'CodeIgniter\Session\Handlers\FileHandler' driver.
WARNING - 2025-01-02 09:16:31 --> [DEPRECATED] strtotime(): Passing null to parameter #1 ($datetime) of type string is deprecated in APPPATH\Views\PoinMarket_Admin\Tabel\tabel_user.php on line 92.
 1 APPPATH\Views\PoinMarket_Admin\Tabel\tabel_user.php(92): strtotime(null)
 2 SYSTEMPATH\View\View.php(224): include('C:\\xampp\\htdocs\\PoinMarket\\app\\Views\\PoinMarket_Admin\\Tabel\\tabel_user.php')
 3 SYSTEMPATH\View\View.php(227): CodeIgniter\View\View->CodeIgniter\View\{closure}()
 4 SYSTEMPATH\View\View.php(452): CodeIgniter\View\View->render('PoinMarket_Admin/Tabel/tabel_user', null, true)
 5 APPPATH\Views\PoinMarket_Admin\Page\user.php(64): CodeIgniter\View\View->include('PoinMarket_Admin/Tabel/tabel_user')
 6 SYSTEMPATH\View\View.php(224): include('C:\\xampp\\htdocs\\PoinMarket\\app\\Views\\PoinMarket_Admin\\Page\\user.php')
 7 SYSTEMPATH\View\View.php(227): CodeIgniter\View\View->CodeIgniter\View\{closure}()
 8 SYSTEMPATH\Common.php(1180): CodeIgniter\View\View->render('PoinMarket_Admin/Page/user', [], true)
 9 APPPATH\Controllers\PoinMarket_Admin\User.php(64): view('PoinMarket_Admin/Page/user', [...])
10 SYSTEMPATH\CodeIgniter.php(932): App\Controllers\PoinMarket_Admin\User->index()
11 SYSTEMPATH\CodeIgniter.php(497): CodeIgniter\CodeIgniter->runController(Object(App\Controllers\PoinMarket_Admin\User))
12 SYSTEMPATH\CodeIgniter.php(366): CodeIgniter\CodeIgniter->handleRequest(null, Object(Config\Cache), false)
13 FCPATH\index.php(67): CodeIgniter\CodeIgniter->run()
14 SYSTEMPATH\Commands\Server\rewrite.php(47): require_once('C:\\xampp\\htdocs\\PoinMarket\\public\\index.php')
INFO - 2025-01-02 09:16:31 --> Session: Class initialized using 'CodeIgniter\Session\Handlers\FileHandler' driver.
WARNING - 2025-01-02 09:16:31 --> [DEPRECATED] strtotime(): Passing null to parameter #1 ($datetime) of type string is deprecated in APPPATH\Views\PoinMarket_Admin\Tabel\tabel_user.php on line 92.
 1 APPPATH\Views\PoinMarket_Admin\Tabel\tabel_user.php(92): strtotime(null)
 2 SYSTEMPATH\View\View.php(224): include('C:\\xampp\\htdocs\\PoinMarket\\app\\Views\\PoinMarket_Admin\\Tabel\\tabel_user.php')
 3 SYSTEMPATH\View\View.php(227): CodeIgniter\View\View->CodeIgniter\View\{closure}()
 4 SYSTEMPATH\View\View.php(452): CodeIgniter\View\View->render('PoinMarket_Admin/Tabel/tabel_user', null, true)
 5 APPPATH\Views\PoinMarket_Admin\Page\user.php(64): CodeIgniter\View\View->include('PoinMarket_Admin/Tabel/tabel_user')
 6 SYSTEMPATH\View\View.php(224): include('C:\\xampp\\htdocs\\PoinMarket\\app\\Views\\PoinMarket_Admin\\Page\\user.php')
 7 SYSTEMPATH\View\View.php(227): CodeIgniter\View\View->CodeIgniter\View\{closure}()
 8 SYSTEMPATH\Common.php(1180): CodeIgniter\View\View->render('PoinMarket_Admin/Page/user', [], true)
 9 APPPATH\Controllers\PoinMarket_Admin\User.php(64): view('PoinMarket_Admin/Page/user', [...])
10 SYSTEMPATH\CodeIgniter.php(932): App\Controllers\PoinMarket_Admin\User->index()
11 SYSTEMPATH\CodeIgniter.php(497): CodeIgniter\CodeIgniter->runController(Object(App\Controllers\PoinMarket_Admin\User))
12 SYSTEMPATH\CodeIgniter.php(366): CodeIgniter\CodeIgniter->handleRequest(null, Object(Config\Cache), false)
13 FCPATH\index.php(67): CodeIgniter\CodeIgniter->run()
14 SYSTEMPATH\Commands\Server\rewrite.php(47): require_once('C:\\xampp\\htdocs\\PoinMarket\\public\\index.php')
INFO - 2025-01-02 09:16:43 --> Session: Class initialized using 'CodeIgniter\Session\Handlers\FileHandler' driver.
WARNING - 2025-01-02 09:16:43 --> [DEPRECATED] strtotime(): Passing null to parameter #1 ($datetime) of type string is deprecated in APPPATH\Views\PoinMarket_Admin\Tabel\tabel_user.php on line 92.
 1 APPPATH\Views\PoinMarket_Admin\Tabel\tabel_user.php(92): strtotime(null)
 2 SYSTEMPATH\View\View.php(224): include('C:\\xampp\\htdocs\\PoinMarket\\app\\Views\\PoinMarket_Admin\\Tabel\\tabel_user.php')
 3 SYSTEMPATH\View\View.php(227): CodeIgniter\View\View->CodeIgniter\View\{closure}()
 4 SYSTEMPATH\View\View.php(452): CodeIgniter\View\View->render('PoinMarket_Admin/Tabel/tabel_user', null, true)
 5 APPPATH\Views\PoinMarket_Admin\Page\user.php(64): CodeIgniter\View\View->include('PoinMarket_Admin/Tabel/tabel_user')
 6 SYSTEMPATH\View\View.php(224): include('C:\\xampp\\htdocs\\PoinMarket\\app\\Views\\PoinMarket_Admin\\Page\\user.php')
 7 SYSTEMPATH\View\View.php(227): CodeIgniter\View\View->CodeIgniter\View\{closure}()
 8 SYSTEMPATH\Common.php(1180): CodeIgniter\View\View->render('PoinMarket_Admin/Page/user', [], true)
 9 APPPATH\Controllers\PoinMarket_Admin\User.php(64): view('PoinMarket_Admin/Page/user', [...])
10 SYSTEMPATH\CodeIgniter.php(932): App\Controllers\PoinMarket_Admin\User->index()
11 SYSTEMPATH\CodeIgniter.php(497): CodeIgniter\CodeIgniter->runController(Object(App\Controllers\PoinMarket_Admin\User))
12 SYSTEMPATH\CodeIgniter.php(366): CodeIgniter\CodeIgniter->handleRequest(null, Object(Config\Cache), false)
13 FCPATH\index.php(67): CodeIgniter\CodeIgniter->run()
14 SYSTEMPATH\Commands\Server\rewrite.php(47): require_once('C:\\xampp\\htdocs\\PoinMarket\\public\\index.php')
INFO - 2025-01-02 09:16:43 --> Session: Class initialized using 'CodeIgniter\Session\Handlers\FileHandler' driver.
WARNING - 2025-01-02 09:16:43 --> [DEPRECATED] strtotime(): Passing null to parameter #1 ($datetime) of type string is deprecated in APPPATH\Views\PoinMarket_Admin\Tabel\tabel_user.php on line 92.
 1 APPPATH\Views\PoinMarket_Admin\Tabel\tabel_user.php(92): strtotime(null)
 2 SYSTEMPATH\View\View.php(224): include('C:\\xampp\\htdocs\\PoinMarket\\app\\Views\\PoinMarket_Admin\\Tabel\\tabel_user.php')
 3 SYSTEMPATH\View\View.php(227): CodeIgniter\View\View->CodeIgniter\View\{closure}()
 4 SYSTEMPATH\View\View.php(452): CodeIgniter\View\View->render('PoinMarket_Admin/Tabel/tabel_user', null, true)
 5 APPPATH\Views\PoinMarket_Admin\Page\user.php(64): CodeIgniter\View\View->include('PoinMarket_Admin/Tabel/tabel_user')
 6 SYSTEMPATH\View\View.php(224): include('C:\\xampp\\htdocs\\PoinMarket\\app\\Views\\PoinMarket_Admin\\Page\\user.php')
 7 SYSTEMPATH\View\View.php(227): CodeIgniter\View\View->CodeIgniter\View\{closure}()
 8 SYSTEMPATH\Common.php(1180): CodeIgniter\View\View->render('PoinMarket_Admin/Page/user', [], true)
 9 APPPATH\Controllers\PoinMarket_Admin\User.php(64): view('PoinMarket_Admin/Page/user', [...])
10 SYSTEMPATH\CodeIgniter.php(932): App\Controllers\PoinMarket_Admin\User->index()
11 SYSTEMPATH\CodeIgniter.php(497): CodeIgniter\CodeIgniter->runController(Object(App\Controllers\PoinMarket_Admin\User))
12 SYSTEMPATH\CodeIgniter.php(366): CodeIgniter\CodeIgniter->handleRequest(null, Object(Config\Cache), false)
13 FCPATH\index.php(67): CodeIgniter\CodeIgniter->run()
14 SYSTEMPATH\Commands\Server\rewrite.php(47): require_once('C:\\xampp\\htdocs\\PoinMarket\\public\\index.php')
INFO - 2025-01-02 09:17:35 --> Session: Class initialized using 'CodeIgniter\Session\Handlers\FileHandler' driver.
WARNING - 2025-01-02 09:17:35 --> [DEPRECATED] strtotime(): Passing null to parameter #1 ($datetime) of type string is deprecated in APPPATH\Views\PoinMarket_Admin\Tabel\tabel_user.php on line 92.
 1 APPPATH\Views\PoinMarket_Admin\Tabel\tabel_user.php(92): strtotime(null)
 2 SYSTEMPATH\View\View.php(224): include('C:\\xampp\\htdocs\\PoinMarket\\app\\Views\\PoinMarket_Admin\\Tabel\\tabel_user.php')
 3 SYSTEMPATH\View\View.php(227): CodeIgniter\View\View->CodeIgniter\View\{closure}()
 4 SYSTEMPATH\View\View.php(452): CodeIgniter\View\View->render('PoinMarket_Admin/Tabel/tabel_user', null, true)
 5 APPPATH\Views\PoinMarket_Admin\Page\user.php(64): CodeIgniter\View\View->include('PoinMarket_Admin/Tabel/tabel_user')
 6 SYSTEMPATH\View\View.php(224): include('C:\\xampp\\htdocs\\PoinMarket\\app\\Views\\PoinMarket_Admin\\Page\\user.php')
 7 SYSTEMPATH\View\View.php(227): CodeIgniter\View\View->CodeIgniter\View\{closure}()
 8 SYSTEMPATH\Common.php(1180): CodeIgniter\View\View->render('PoinMarket_Admin/Page/user', [], true)
 9 APPPATH\Controllers\PoinMarket_Admin\User.php(64): view('PoinMarket_Admin/Page/user', [...])
10 SYSTEMPATH\CodeIgniter.php(932): App\Controllers\PoinMarket_Admin\User->index()
11 SYSTEMPATH\CodeIgniter.php(497): CodeIgniter\CodeIgniter->runController(Object(App\Controllers\PoinMarket_Admin\User))
12 SYSTEMPATH\CodeIgniter.php(366): CodeIgniter\CodeIgniter->handleRequest(null, Object(Config\Cache), false)
13 FCPATH\index.php(67): CodeIgniter\CodeIgniter->run()
14 SYSTEMPATH\Commands\Server\rewrite.php(47): require_once('C:\\xampp\\htdocs\\PoinMarket\\public\\index.php')
INFO - 2025-01-02 09:17:35 --> Session: Class initialized using 'CodeIgniter\Session\Handlers\FileHandler' driver.
WARNING - 2025-01-02 09:17:35 --> [DEPRECATED] strtotime(): Passing null to parameter #1 ($datetime) of type string is deprecated in APPPATH\Views\PoinMarket_Admin\Tabel\tabel_user.php on line 92.
 1 APPPATH\Views\PoinMarket_Admin\Tabel\tabel_user.php(92): strtotime(null)
 2 SYSTEMPATH\View\View.php(224): include('C:\\xampp\\htdocs\\PoinMarket\\app\\Views\\PoinMarket_Admin\\Tabel\\tabel_user.php')
 3 SYSTEMPATH\View\View.php(227): CodeIgniter\View\View->CodeIgniter\View\{closure}()
 4 SYSTEMPATH\View\View.php(452): CodeIgniter\View\View->render('PoinMarket_Admin/Tabel/tabel_user', null, true)
 5 APPPATH\Views\PoinMarket_Admin\Page\user.php(64): CodeIgniter\View\View->include('PoinMarket_Admin/Tabel/tabel_user')
 6 SYSTEMPATH\View\View.php(224): include('C:\\xampp\\htdocs\\PoinMarket\\app\\Views\\PoinMarket_Admin\\Page\\user.php')
 7 SYSTEMPATH\View\View.php(227): CodeIgniter\View\View->CodeIgniter\View\{closure}()
 8 SYSTEMPATH\Common.php(1180): CodeIgniter\View\View->render('PoinMarket_Admin/Page/user', [], true)
 9 APPPATH\Controllers\PoinMarket_Admin\User.php(64): view('PoinMarket_Admin/Page/user', [...])
10 SYSTEMPATH\CodeIgniter.php(932): App\Controllers\PoinMarket_Admin\User->index()
11 SYSTEMPATH\CodeIgniter.php(497): CodeIgniter\CodeIgniter->runController(Object(App\Controllers\PoinMarket_Admin\User))
12 SYSTEMPATH\CodeIgniter.php(366): CodeIgniter\CodeIgniter->handleRequest(null, Object(Config\Cache), false)
13 FCPATH\index.php(67): CodeIgniter\CodeIgniter->run()
14 SYSTEMPATH\Commands\Server\rewrite.php(47): require_once('C:\\xampp\\htdocs\\PoinMarket\\public\\index.php')
INFO - 2025-01-02 09:17:44 --> Session: Class initialized using 'CodeIgniter\Session\Handlers\FileHandler' driver.
INFO - 2025-01-02 09:17:49 --> Session: Class initialized using 'CodeIgniter\Session\Handlers\FileHandler' driver.
INFO - 2025-01-02 09:17:52 --> Session: Class initialized using 'CodeIgniter\Session\Handlers\FileHandler' driver.
INFO - 2025-01-02 09:17:52 --> Session: Class initialized using 'CodeIgniter\Session\Handlers\FileHandler' driver.
INFO - 2025-01-02 09:18:12 --> Session: Class initialized using 'CodeIgniter\Session\Handlers\FileHandler' driver.
INFO - 2025-01-02 09:18:19 --> Session: Class initialized using 'CodeIgniter\Session\Handlers\FileHandler' driver.
INFO - 2025-01-02 09:18:31 --> Session: Class initialized using 'CodeIgniter\Session\Handlers\FileHandler' driver.
INFO - 2025-01-02 09:18:31 --> Session: Class initialized using 'CodeIgniter\Session\Handlers\FileHandler' driver.
INFO - 2025-01-02 09:19:05 --> Session: Class initialized using 'CodeIgniter\Session\Handlers\FileHandler' driver.
WARNING - 2025-01-02 09:19:05 --> [DEPRECATED] strtotime(): Passing null to parameter #1 ($datetime) of type string is deprecated in APPPATH\Views\PoinMarket_Admin\Tabel\tabel_user.php on line 92.
 1 APPPATH\Views\PoinMarket_Admin\Tabel\tabel_user.php(92): strtotime(null)
 2 SYSTEMPATH\View\View.php(224): include('C:\\xampp\\htdocs\\PoinMarket\\app\\Views\\PoinMarket_Admin\\Tabel\\tabel_user.php')
 3 SYSTEMPATH\View\View.php(227): CodeIgniter\View\View->CodeIgniter\View\{closure}()
 4 SYSTEMPATH\View\View.php(452): CodeIgniter\View\View->render('PoinMarket_Admin/Tabel/tabel_user', null, true)
 5 APPPATH\Views\PoinMarket_Admin\Page\user.php(64): CodeIgniter\View\View->include('PoinMarket_Admin/Tabel/tabel_user')
 6 SYSTEMPATH\View\View.php(224): include('C:\\xampp\\htdocs\\PoinMarket\\app\\Views\\PoinMarket_Admin\\Page\\user.php')
 7 SYSTEMPATH\View\View.php(227): CodeIgniter\View\View->CodeIgniter\View\{closure}()
 8 SYSTEMPATH\Common.php(1180): CodeIgniter\View\View->render('PoinMarket_Admin/Page/user', [], true)
 9 APPPATH\Controllers\PoinMarket_Admin\User.php(64): view('PoinMarket_Admin/Page/user', [...])
10 SYSTEMPATH\CodeIgniter.php(932): App\Controllers\PoinMarket_Admin\User->index()
11 SYSTEMPATH\CodeIgniter.php(497): CodeIgniter\CodeIgniter->runController(Object(App\Controllers\PoinMarket_Admin\User))
12 SYSTEMPATH\CodeIgniter.php(366): CodeIgniter\CodeIgniter->handleRequest(null, Object(Config\Cache), false)
13 FCPATH\index.php(67): CodeIgniter\CodeIgniter->run()
14 SYSTEMPATH\Commands\Server\rewrite.php(47): require_once('C:\\xampp\\htdocs\\PoinMarket\\public\\index.php')
INFO - 2025-01-02 09:19:07 --> Session: Class initialized using 'CodeIgniter\Session\Handlers\FileHandler' driver.
WARNING - 2025-01-02 09:19:07 --> [DEPRECATED] strtotime(): Passing null to parameter #1 ($datetime) of type string is deprecated in APPPATH\Views\PoinMarket_Admin\Tabel\tabel_user.php on line 92.
 1 APPPATH\Views\PoinMarket_Admin\Tabel\tabel_user.php(92): strtotime(null)
 2 SYSTEMPATH\View\View.php(224): include('C:\\xampp\\htdocs\\PoinMarket\\app\\Views\\PoinMarket_Admin\\Tabel\\tabel_user.php')
 3 SYSTEMPATH\View\View.php(227): CodeIgniter\View\View->CodeIgniter\View\{closure}()
 4 SYSTEMPATH\View\View.php(452): CodeIgniter\View\View->render('PoinMarket_Admin/Tabel/tabel_user', null, true)
 5 APPPATH\Views\PoinMarket_Admin\Page\user.php(64): CodeIgniter\View\View->include('PoinMarket_Admin/Tabel/tabel_user')
 6 SYSTEMPATH\View\View.php(224): include('C:\\xampp\\htdocs\\PoinMarket\\app\\Views\\PoinMarket_Admin\\Page\\user.php')
 7 SYSTEMPATH\View\View.php(227): CodeIgniter\View\View->CodeIgniter\View\{closure}()
 8 SYSTEMPATH\Common.php(1180): CodeIgniter\View\View->render('PoinMarket_Admin/Page/user', [], true)
 9 APPPATH\Controllers\PoinMarket_Admin\User.php(64): view('PoinMarket_Admin/Page/user', [...])
10 SYSTEMPATH\CodeIgniter.php(932): App\Controllers\PoinMarket_Admin\User->index()
11 SYSTEMPATH\CodeIgniter.php(497): CodeIgniter\CodeIgniter->runController(Object(App\Controllers\PoinMarket_Admin\User))
12 SYSTEMPATH\CodeIgniter.php(366): CodeIgniter\CodeIgniter->handleRequest(null, Object(Config\Cache), false)
13 FCPATH\index.php(67): CodeIgniter\CodeIgniter->run()
14 SYSTEMPATH\Commands\Server\rewrite.php(47): require_once('C:\\xampp\\htdocs\\PoinMarket\\public\\index.php')
INFO - 2025-01-02 09:21:01 --> Session: Class initialized using 'CodeIgniter\Session\Handlers\FileHandler' driver.
INFO - 2025-01-02 09:21:01 --> Session: Class initialized using 'CodeIgniter\Session\Handlers\FileHandler' driver.
INFO - 2025-01-02 09:21:20 --> Session: Class initialized using 'CodeIgniter\Session\Handlers\FileHandler' driver.
INFO - 2025-01-02 09:21:20 --> Session: Class initialized using 'CodeIgniter\Session\Handlers\FileHandler' driver.
INFO - 2025-01-02 09:21:47 --> Session: Class initialized using 'CodeIgniter\Session\Handlers\FileHandler' driver.
INFO - 2025-01-02 09:21:48 --> Session: Class initialized using 'CodeIgniter\Session\Handlers\FileHandler' driver.
INFO - 2025-01-02 09:22:38 --> Session: Class initialized using 'CodeIgniter\Session\Handlers\FileHandler' driver.
INFO - 2025-01-02 09:22:39 --> Session: Class initialized using 'CodeIgniter\Session\Handlers\FileHandler' driver.
INFO - 2025-01-02 09:22:43 --> Session: Class initialized using 'CodeIgniter\Session\Handlers\FileHandler' driver.
INFO - 2025-01-02 09:22:43 --> Session: Class initialized using 'CodeIgniter\Session\Handlers\FileHandler' driver.
INFO - 2025-01-02 09:22:46 --> Session: Class initialized using 'CodeIgniter\Session\Handlers\FileHandler' driver.
WARNING - 2025-01-02 09:22:46 --> [DEPRECATED] strtotime(): Passing null to parameter #1 ($datetime) of type string is deprecated in APPPATH\Views\PoinMarket_Admin\Tabel\tabel_user.php on line 92.
 1 APPPATH\Views\PoinMarket_Admin\Tabel\tabel_user.php(92): strtotime(null)
 2 SYSTEMPATH\View\View.php(224): include('C:\\xampp\\htdocs\\PoinMarket\\app\\Views\\PoinMarket_Admin\\Tabel\\tabel_user.php')
 3 SYSTEMPATH\View\View.php(227): CodeIgniter\View\View->CodeIgniter\View\{closure}()
 4 SYSTEMPATH\View\View.php(452): CodeIgniter\View\View->render('PoinMarket_Admin/Tabel/tabel_user', null, true)
 5 APPPATH\Views\PoinMarket_Admin\Page\user.php(64): CodeIgniter\View\View->include('PoinMarket_Admin/Tabel/tabel_user')
 6 SYSTEMPATH\View\View.php(224): include('C:\\xampp\\htdocs\\PoinMarket\\app\\Views\\PoinMarket_Admin\\Page\\user.php')
 7 SYSTEMPATH\View\View.php(227): CodeIgniter\View\View->CodeIgniter\View\{closure}()
 8 SYSTEMPATH\Common.php(1180): CodeIgniter\View\View->render('PoinMarket_Admin/Page/user', [], true)
 9 APPPATH\Controllers\PoinMarket_Admin\User.php(64): view('PoinMarket_Admin/Page/user', [...])
10 SYSTEMPATH\CodeIgniter.php(932): App\Controllers\PoinMarket_Admin\User->index()
11 SYSTEMPATH\CodeIgniter.php(497): CodeIgniter\CodeIgniter->runController(Object(App\Controllers\PoinMarket_Admin\User))
12 SYSTEMPATH\CodeIgniter.php(366): CodeIgniter\CodeIgniter->handleRequest(null, Object(Config\Cache), false)
13 FCPATH\index.php(67): CodeIgniter\CodeIgniter->run()
14 SYSTEMPATH\Commands\Server\rewrite.php(47): require_once('C:\\xampp\\htdocs\\PoinMarket\\public\\index.php')
INFO - 2025-01-02 09:22:46 --> Session: Class initialized using 'CodeIgniter\Session\Handlers\FileHandler' driver.
WARNING - 2025-01-02 09:22:46 --> [DEPRECATED] strtotime(): Passing null to parameter #1 ($datetime) of type string is deprecated in APPPATH\Views\PoinMarket_Admin\Tabel\tabel_user.php on line 92.
 1 APPPATH\Views\PoinMarket_Admin\Tabel\tabel_user.php(92): strtotime(null)
 2 SYSTEMPATH\View\View.php(224): include('C:\\xampp\\htdocs\\PoinMarket\\app\\Views\\PoinMarket_Admin\\Tabel\\tabel_user.php')
 3 SYSTEMPATH\View\View.php(227): CodeIgniter\View\View->CodeIgniter\View\{closure}()
 4 SYSTEMPATH\View\View.php(452): CodeIgniter\View\View->render('PoinMarket_Admin/Tabel/tabel_user', null, true)
 5 APPPATH\Views\PoinMarket_Admin\Page\user.php(64): CodeIgniter\View\View->include('PoinMarket_Admin/Tabel/tabel_user')
 6 SYSTEMPATH\View\View.php(224): include('C:\\xampp\\htdocs\\PoinMarket\\app\\Views\\PoinMarket_Admin\\Page\\user.php')
 7 SYSTEMPATH\View\View.php(227): CodeIgniter\View\View->CodeIgniter\View\{closure}()
 8 SYSTEMPATH\Common.php(1180): CodeIgniter\View\View->render('PoinMarket_Admin/Page/user', [], true)
 9 APPPATH\Controllers\PoinMarket_Admin\User.php(64): view('PoinMarket_Admin/Page/user', [...])
10 SYSTEMPATH\CodeIgniter.php(932): App\Controllers\PoinMarket_Admin\User->index()
11 SYSTEMPATH\CodeIgniter.php(497): CodeIgniter\CodeIgniter->runController(Object(App\Controllers\PoinMarket_Admin\User))
12 SYSTEMPATH\CodeIgniter.php(366): CodeIgniter\CodeIgniter->handleRequest(null, Object(Config\Cache), false)
13 FCPATH\index.php(67): CodeIgniter\CodeIgniter->run()
14 SYSTEMPATH\Commands\Server\rewrite.php(47): require_once('C:\\xampp\\htdocs\\PoinMarket\\public\\index.php')
INFO - 2025-01-02 09:23:19 --> Session: Class initialized using 'CodeIgniter\Session\Handlers\FileHandler' driver.
INFO - 2025-01-02 09:23:19 --> Session: Class initialized using 'CodeIgniter\Session\Handlers\FileHandler' driver.
INFO - 2025-01-02 09:23:22 --> Session: Class initialized using 'CodeIgniter\Session\Handlers\FileHandler' driver.
INFO - 2025-01-02 09:23:22 --> Session: Class initialized using 'CodeIgniter\Session\Handlers\FileHandler' driver.
INFO - 2025-01-02 09:23:35 --> Session: Class initialized using 'CodeIgniter\Session\Handlers\FileHandler' driver.
INFO - 2025-01-02 09:23:35 --> Session: Class initialized using 'CodeIgniter\Session\Handlers\FileHandler' driver.
INFO - 2025-01-02 09:23:38 --> Session: Class initialized using 'CodeIgniter\Session\Handlers\FileHandler' driver.
INFO - 2025-01-02 09:23:38 --> Session: Class initialized using 'CodeIgniter\Session\Handlers\FileHandler' driver.
INFO - 2025-01-02 09:23:40 --> Session: Class initialized using 'CodeIgniter\Session\Handlers\FileHandler' driver.
INFO - 2025-01-02 09:23:41 --> Session: Class initialized using 'CodeIgniter\Session\Handlers\FileHandler' driver.
INFO - 2025-01-02 09:23:50 --> Session: Class initialized using 'CodeIgniter\Session\Handlers\FileHandler' driver.
INFO - 2025-01-02 09:23:50 --> Session: Class initialized using 'CodeIgniter\Session\Handlers\FileHandler' driver.
INFO - 2025-01-02 09:23:55 --> Session: Class initialized using 'CodeIgniter\Session\Handlers\FileHandler' driver.
INFO - 2025-01-02 09:23:56 --> Session: Class initialized using 'CodeIgniter\Session\Handlers\FileHandler' driver.
INFO - 2025-01-02 09:24:01 --> Session: Class initialized using 'CodeIgniter\Session\Handlers\FileHandler' driver.
INFO - 2025-01-02 09:24:02 --> Session: Class initialized using 'CodeIgniter\Session\Handlers\FileHandler' driver.
INFO - 2025-01-02 09:24:10 --> Session: Class initialized using 'CodeIgniter\Session\Handlers\FileHandler' driver.
INFO - 2025-01-02 09:24:11 --> Session: Class initialized using 'CodeIgniter\Session\Handlers\FileHandler' driver.
INFO - 2025-01-02 09:24:15 --> Session: Class initialized using 'CodeIgniter\Session\Handlers\FileHandler' driver.
INFO - 2025-01-02 09:24:15 --> Session: Class initialized using 'CodeIgniter\Session\Handlers\FileHandler' driver.
INFO - 2025-01-02 09:24:19 --> Session: Class initialized using 'CodeIgniter\Session\Handlers\FileHandler' driver.
INFO - 2025-01-02 09:24:20 --> Session: Class initialized using 'CodeIgniter\Session\Handlers\FileHandler' driver.
INFO - 2025-01-02 09:24:24 --> Session: Class initialized using 'CodeIgniter\Session\Handlers\FileHandler' driver.
INFO - 2025-01-02 09:24:25 --> Session: Class initialized using 'CodeIgniter\Session\Handlers\FileHandler' driver.
INFO - 2025-01-02 09:24:32 --> Session: Class initialized using 'CodeIgniter\Session\Handlers\FileHandler' driver.
INFO - 2025-01-02 09:24:32 --> Session: Class initialized using 'CodeIgniter\Session\Handlers\FileHandler' driver.
INFO - 2025-01-02 09:24:34 --> Session: Class initialized using 'CodeIgniter\Session\Handlers\FileHandler' driver.
WARNING - 2025-01-02 09:24:34 --> [DEPRECATED] strtotime(): Passing null to parameter #1 ($datetime) of type string is deprecated in APPPATH\Views\PoinMarket_Admin\Tabel\tabel_user.php on line 92.
 1 APPPATH\Views\PoinMarket_Admin\Tabel\tabel_user.php(92): strtotime(null)
 2 SYSTEMPATH\View\View.php(224): include('C:\\xampp\\htdocs\\PoinMarket\\app\\Views\\PoinMarket_Admin\\Tabel\\tabel_user.php')
 3 SYSTEMPATH\View\View.php(227): CodeIgniter\View\View->CodeIgniter\View\{closure}()
 4 SYSTEMPATH\View\View.php(452): CodeIgniter\View\View->render('PoinMarket_Admin/Tabel/tabel_user', null, true)
 5 APPPATH\Views\PoinMarket_Admin\Page\user.php(64): CodeIgniter\View\View->include('PoinMarket_Admin/Tabel/tabel_user')
 6 SYSTEMPATH\View\View.php(224): include('C:\\xampp\\htdocs\\PoinMarket\\app\\Views\\PoinMarket_Admin\\Page\\user.php')
 7 SYSTEMPATH\View\View.php(227): CodeIgniter\View\View->CodeIgniter\View\{closure}()
 8 SYSTEMPATH\Common.php(1180): CodeIgniter\View\View->render('PoinMarket_Admin/Page/user', [], true)
 9 APPPATH\Controllers\PoinMarket_Admin\User.php(64): view('PoinMarket_Admin/Page/user', [...])
10 SYSTEMPATH\CodeIgniter.php(932): App\Controllers\PoinMarket_Admin\User->index()
11 SYSTEMPATH\CodeIgniter.php(497): CodeIgniter\CodeIgniter->runController(Object(App\Controllers\PoinMarket_Admin\User))
12 SYSTEMPATH\CodeIgniter.php(366): CodeIgniter\CodeIgniter->handleRequest(null, Object(Config\Cache), false)
13 FCPATH\index.php(67): CodeIgniter\CodeIgniter->run()
14 SYSTEMPATH\Commands\Server\rewrite.php(47): require_once('C:\\xampp\\htdocs\\PoinMarket\\public\\index.php')
INFO - 2025-01-02 09:24:34 --> Session: Class initialized using 'CodeIgniter\Session\Handlers\FileHandler' driver.
WARNING - 2025-01-02 09:24:34 --> [DEPRECATED] strtotime(): Passing null to parameter #1 ($datetime) of type string is deprecated in APPPATH\Views\PoinMarket_Admin\Tabel\tabel_user.php on line 92.
 1 APPPATH\Views\PoinMarket_Admin\Tabel\tabel_user.php(92): strtotime(null)
 2 SYSTEMPATH\View\View.php(224): include('C:\\xampp\\htdocs\\PoinMarket\\app\\Views\\PoinMarket_Admin\\Tabel\\tabel_user.php')
 3 SYSTEMPATH\View\View.php(227): CodeIgniter\View\View->CodeIgniter\View\{closure}()
 4 SYSTEMPATH\View\View.php(452): CodeIgniter\View\View->render('PoinMarket_Admin/Tabel/tabel_user', null, true)
 5 APPPATH\Views\PoinMarket_Admin\Page\user.php(64): CodeIgniter\View\View->include('PoinMarket_Admin/Tabel/tabel_user')
 6 SYSTEMPATH\View\View.php(224): include('C:\\xampp\\htdocs\\PoinMarket\\app\\Views\\PoinMarket_Admin\\Page\\user.php')
 7 SYSTEMPATH\View\View.php(227): CodeIgniter\View\View->CodeIgniter\View\{closure}()
 8 SYSTEMPATH\Common.php(1180): CodeIgniter\View\View->render('PoinMarket_Admin/Page/user', [], true)
 9 APPPATH\Controllers\PoinMarket_Admin\User.php(64): view('PoinMarket_Admin/Page/user', [...])
10 SYSTEMPATH\CodeIgniter.php(932): App\Controllers\PoinMarket_Admin\User->index()
11 SYSTEMPATH\CodeIgniter.php(497): CodeIgniter\CodeIgniter->runController(Object(App\Controllers\PoinMarket_Admin\User))
12 SYSTEMPATH\CodeIgniter.php(366): CodeIgniter\CodeIgniter->handleRequest(null, Object(Config\Cache), false)
13 FCPATH\index.php(67): CodeIgniter\CodeIgniter->run()
14 SYSTEMPATH\Commands\Server\rewrite.php(47): require_once('C:\\xampp\\htdocs\\PoinMarket\\public\\index.php')
INFO - 2025-01-02 09:24:36 --> Session: Class initialized using 'CodeIgniter\Session\Handlers\FileHandler' driver.
INFO - 2025-01-02 09:24:36 --> Session: Class initialized using 'CodeIgniter\Session\Handlers\FileHandler' driver.
INFO - 2025-01-02 09:24:44 --> Session: Class initialized using 'CodeIgniter\Session\Handlers\FileHandler' driver.
INFO - 2025-01-02 09:24:44 --> Session: Class initialized using 'CodeIgniter\Session\Handlers\FileHandler' driver.
INFO - 2025-01-02 09:25:05 --> Session: Class initialized using 'CodeIgniter\Session\Handlers\FileHandler' driver.
INFO - 2025-01-02 09:25:05 --> Session: Class initialized using 'CodeIgniter\Session\Handlers\FileHandler' driver.
INFO - 2025-01-02 09:25:17 --> Session: Class initialized using 'CodeIgniter\Session\Handlers\FileHandler' driver.
INFO - 2025-01-02 09:25:17 --> Session: Class initialized using 'CodeIgniter\Session\Handlers\FileHandler' driver.
INFO - 2025-01-02 09:25:23 --> Session: Class initialized using 'CodeIgniter\Session\Handlers\FileHandler' driver.
INFO - 2025-01-02 09:25:23 --> Session: Class initialized using 'CodeIgniter\Session\Handlers\FileHandler' driver.
INFO - 2025-01-02 09:25:57 --> Session: Class initialized using 'CodeIgniter\Session\Handlers\FileHandler' driver.
INFO - 2025-01-02 09:25:58 --> Session: Class initialized using 'CodeIgniter\Session\Handlers\FileHandler' driver.
INFO - 2025-01-02 09:26:19 --> Session: Class initialized using 'CodeIgniter\Session\Handlers\FileHandler' driver.
INFO - 2025-01-02 09:26:19 --> Session: Class initialized using 'CodeIgniter\Session\Handlers\FileHandler' driver.
INFO - 2025-01-02 09:26:40 --> Session: Class initialized using 'CodeIgniter\Session\Handlers\FileHandler' driver.
INFO - 2025-01-02 09:26:40 --> Session: Class initialized using 'CodeIgniter\Session\Handlers\FileHandler' driver.
INFO - 2025-01-02 09:26:54 --> Session: Class initialized using 'CodeIgniter\Session\Handlers\FileHandler' driver.
INFO - 2025-01-02 09:26:54 --> Session: Class initialized using 'CodeIgniter\Session\Handlers\FileHandler' driver.
INFO - 2025-01-02 09:27:46 --> Session: Class initialized using 'CodeIgniter\Session\Handlers\FileHandler' driver.
INFO - 2025-01-02 09:27:47 --> Session: Class initialized using 'CodeIgniter\Session\Handlers\FileHandler' driver.
INFO - 2025-01-02 09:27:57 --> Session: Class initialized using 'CodeIgniter\Session\Handlers\FileHandler' driver.
INFO - 2025-01-02 09:27:57 --> Session: Class initialized using 'CodeIgniter\Session\Handlers\FileHandler' driver.
INFO - 2025-01-02 09:28:06 --> Session: Class initialized using 'CodeIgniter\Session\Handlers\FileHandler' driver.
INFO - 2025-01-02 09:28:06 --> Session: Class initialized using 'CodeIgniter\Session\Handlers\FileHandler' driver.
INFO - 2025-01-02 09:28:09 --> Session: Class initialized using 'CodeIgniter\Session\Handlers\FileHandler' driver.
INFO - 2025-01-02 09:28:09 --> Session: Class initialized using 'CodeIgniter\Session\Handlers\FileHandler' driver.
INFO - 2025-01-02 09:28:22 --> Session: Class initialized using 'CodeIgniter\Session\Handlers\FileHandler' driver.
INFO - 2025-01-02 09:28:29 --> Session: Class initialized using 'CodeIgniter\Session\Handlers\FileHandler' driver.
INFO - 2025-01-02 09:28:32 --> Session: Class initialized using 'CodeIgniter\Session\Handlers\FileHandler' driver.
INFO - 2025-01-02 09:28:32 --> Session: Class initialized using 'CodeIgniter\Session\Handlers\FileHandler' driver.
INFO - 2025-01-02 09:29:12 --> Session: Class initialized using 'CodeIgniter\Session\Handlers\FileHandler' driver.
INFO - 2025-01-02 09:29:13 --> Session: Class initialized using 'CodeIgniter\Session\Handlers\FileHandler' driver.
INFO - 2025-01-02 09:29:23 --> Session: Class initialized using 'CodeIgniter\Session\Handlers\FileHandler' driver.
INFO - 2025-01-02 09:29:24 --> Session: Class initialized using 'CodeIgniter\Session\Handlers\FileHandler' driver.
INFO - 2025-01-02 09:29:58 --> Session: Class initialized using 'CodeIgniter\Session\Handlers\FileHandler' driver.
INFO - 2025-01-02 09:29:59 --> Session: Class initialized using 'CodeIgniter\Session\Handlers\FileHandler' driver.
INFO - 2025-01-02 09:30:09 --> Session: Class initialized using 'CodeIgniter\Session\Handlers\FileHandler' driver.
INFO - 2025-01-02 09:30:09 --> Session: Class initialized using 'CodeIgniter\Session\Handlers\FileHandler' driver.
INFO - 2025-01-02 09:30:13 --> Session: Class initialized using 'CodeIgniter\Session\Handlers\FileHandler' driver.
INFO - 2025-01-02 09:30:13 --> Session: Class initialized using 'CodeIgniter\Session\Handlers\FileHandler' driver.
INFO - 2025-01-02 09:30:24 --> Session: Class initialized using 'CodeIgniter\Session\Handlers\FileHandler' driver.
INFO - 2025-01-02 09:30:24 --> Session: Class initialized using 'CodeIgniter\Session\Handlers\FileHandler' driver.
INFO - 2025-01-02 09:30:32 --> Session: Class initialized using 'CodeIgniter\Session\Handlers\FileHandler' driver.
INFO - 2025-01-02 09:30:32 --> Session: Class initialized using 'CodeIgniter\Session\Handlers\FileHandler' driver.
INFO - 2025-01-02 09:30:36 --> Session: Class initialized using 'CodeIgniter\Session\Handlers\FileHandler' driver.
INFO - 2025-01-02 09:30:36 --> Session: Class initialized using 'CodeIgniter\Session\Handlers\FileHandler' driver.
INFO - 2025-01-02 09:30:52 --> Session: Class initialized using 'CodeIgniter\Session\Handlers\FileHandler' driver.
INFO - 2025-01-02 09:30:54 --> Session: Class initialized using 'CodeIgniter\Session\Handlers\FileHandler' driver.
INFO - 2025-01-02 09:31:28 --> Session: Class initialized using 'CodeIgniter\Session\Handlers\FileHandler' driver.
INFO - 2025-01-02 09:31:29 --> Session: Class initialized using 'CodeIgniter\Session\Handlers\FileHandler' driver.
INFO - 2025-01-02 09:31:42 --> Session: Class initialized using 'CodeIgniter\Session\Handlers\FileHandler' driver.
INFO - 2025-01-02 09:31:42 --> Session: Class initialized using 'CodeIgniter\Session\Handlers\FileHandler' driver.
INFO - 2025-01-02 09:31:53 --> Session: Class initialized using 'CodeIgniter\Session\Handlers\FileHandler' driver.
INFO - 2025-01-02 09:31:53 --> Session: Class initialized using 'CodeIgniter\Session\Handlers\FileHandler' driver.
INFO - 2025-01-02 09:31:55 --> Session: Class initialized using 'CodeIgniter\Session\Handlers\FileHandler' driver.
INFO - 2025-01-02 09:31:55 --> Session: Class initialized using 'CodeIgniter\Session\Handlers\FileHandler' driver.
INFO - 2025-01-02 09:32:17 --> Session: Class initialized using 'CodeIgniter\Session\Handlers\FileHandler' driver.
INFO - 2025-01-02 09:32:17 --> Session: Class initialized using 'CodeIgniter\Session\Handlers\FileHandler' driver.
INFO - 2025-01-02 09:32:47 --> Session: Class initialized using 'CodeIgniter\Session\Handlers\FileHandler' driver.
INFO - 2025-01-02 09:32:47 --> Session: Class initialized using 'CodeIgniter\Session\Handlers\FileHandler' driver.
INFO - 2025-01-02 09:33:17 --> Session: Class initialized using 'CodeIgniter\Session\Handlers\FileHandler' driver.
INFO - 2025-01-02 09:33:19 --> Session: Class initialized using 'CodeIgniter\Session\Handlers\FileHandler' driver.
INFO - 2025-01-02 09:33:20 --> Session: Class initialized using 'CodeIgniter\Session\Handlers\FileHandler' driver.
INFO - 2025-01-02 09:33:20 --> Session: Class initialized using 'CodeIgniter\Session\Handlers\FileHandler' driver.
INFO - 2025-01-02 09:33:42 --> Session: Class initialized using 'CodeIgniter\Session\Handlers\FileHandler' driver.
INFO - 2025-01-02 09:33:42 --> Session: Class initialized using 'CodeIgniter\Session\Handlers\FileHandler' driver.
INFO - 2025-01-02 09:33:57 --> Session: Class initialized using 'CodeIgniter\Session\Handlers\FileHandler' driver.
INFO - 2025-01-02 09:33:58 --> Session: Class initialized using 'CodeIgniter\Session\Handlers\FileHandler' driver.
INFO - 2025-01-02 09:34:08 --> Session: Class initialized using 'CodeIgniter\Session\Handlers\FileHandler' driver.
INFO - 2025-01-02 09:34:09 --> Session: Class initialized using 'CodeIgniter\Session\Handlers\FileHandler' driver.
INFO - 2025-01-02 09:34:13 --> Session: Class initialized using 'CodeIgniter\Session\Handlers\FileHandler' driver.
INFO - 2025-01-02 09:34:14 --> Session: Class initialized using 'CodeIgniter\Session\Handlers\FileHandler' driver.
INFO - 2025-01-02 09:34:26 --> Session: Class initialized using 'CodeIgniter\Session\Handlers\FileHandler' driver.
INFO - 2025-01-02 09:34:26 --> Session: Class initialized using 'CodeIgniter\Session\Handlers\FileHandler' driver.
INFO - 2025-01-02 09:34:37 --> Session: Class initialized using 'CodeIgniter\Session\Handlers\FileHandler' driver.
INFO - 2025-01-02 09:34:38 --> Session: Class initialized using 'CodeIgniter\Session\Handlers\FileHandler' driver.
INFO - 2025-01-02 09:34:39 --> Session: Class initialized using 'CodeIgniter\Session\Handlers\FileHandler' driver.
INFO - 2025-01-02 09:34:40 --> Session: Class initialized using 'CodeIgniter\Session\Handlers\FileHandler' driver.
INFO - 2025-01-02 09:35:27 --> Session: Class initialized using 'CodeIgniter\Session\Handlers\FileHandler' driver.
INFO - 2025-01-02 09:35:27 --> Session: Class initialized using 'CodeIgniter\Session\Handlers\FileHandler' driver.
INFO - 2025-01-02 09:35:47 --> Session: Class initialized using 'CodeIgniter\Session\Handlers\FileHandler' driver.
INFO - 2025-01-02 09:35:47 --> Session: Class initialized using 'CodeIgniter\Session\Handlers\FileHandler' driver.
INFO - 2025-01-02 09:35:56 --> Session: Class initialized using 'CodeIgniter\Session\Handlers\FileHandler' driver.
INFO - 2025-01-02 09:35:56 --> Session: Class initialized using 'CodeIgniter\Session\Handlers\FileHandler' driver.
INFO - 2025-01-02 09:36:09 --> Session: Class initialized using 'CodeIgniter\Session\Handlers\FileHandler' driver.
INFO - 2025-01-02 09:36:10 --> Session: Class initialized using 'CodeIgniter\Session\Handlers\FileHandler' driver.
INFO - 2025-01-02 09:36:15 --> Session: Class initialized using 'CodeIgniter\Session\Handlers\FileHandler' driver.
INFO - 2025-01-02 09:36:15 --> Session: Class initialized using 'CodeIgniter\Session\Handlers\FileHandler' driver.
INFO - 2025-01-02 09:36:18 --> Session: Class initialized using 'CodeIgniter\Session\Handlers\FileHandler' driver.
INFO - 2025-01-02 09:36:18 --> Session: Class initialized using 'CodeIgniter\Session\Handlers\FileHandler' driver.
INFO - 2025-01-02 09:37:16 --> Session: Class initialized using 'CodeIgniter\Session\Handlers\FileHandler' driver.
INFO - 2025-01-02 09:37:17 --> Session: Class initialized using 'CodeIgniter\Session\Handlers\FileHandler' driver.
INFO - 2025-01-02 09:37:18 --> Session: Class initialized using 'CodeIgniter\Session\Handlers\FileHandler' driver.
INFO - 2025-01-02 09:37:18 --> Session: Class initialized using 'CodeIgniter\Session\Handlers\FileHandler' driver.
INFO - 2025-01-02 09:37:24 --> Session: Class initialized using 'CodeIgniter\Session\Handlers\FileHandler' driver.
WARNING - 2025-01-02 09:37:24 --> [DEPRECATED] strtotime(): Passing null to parameter #1 ($datetime) of type string is deprecated in APPPATH\Views\PoinMarket_Admin\Tabel\tabel_user.php on line 92.
 1 APPPATH\Views\PoinMarket_Admin\Tabel\tabel_user.php(92): strtotime(null)
 2 SYSTEMPATH\View\View.php(224): include('C:\\xampp\\htdocs\\PoinMarket\\app\\Views\\PoinMarket_Admin\\Tabel\\tabel_user.php')
 3 SYSTEMPATH\View\View.php(227): CodeIgniter\View\View->CodeIgniter\View\{closure}()
 4 SYSTEMPATH\View\View.php(452): CodeIgniter\View\View->render('PoinMarket_Admin/Tabel/tabel_user', null, true)
 5 APPPATH\Views\PoinMarket_Admin\Page\user.php(64): CodeIgniter\View\View->include('PoinMarket_Admin/Tabel/tabel_user')
 6 SYSTEMPATH\View\View.php(224): include('C:\\xampp\\htdocs\\PoinMarket\\app\\Views\\PoinMarket_Admin\\Page\\user.php')
 7 SYSTEMPATH\View\View.php(227): CodeIgniter\View\View->CodeIgniter\View\{closure}()
 8 SYSTEMPATH\Common.php(1180): CodeIgniter\View\View->render('PoinMarket_Admin/Page/user', [], true)
 9 APPPATH\Controllers\PoinMarket_Admin\User.php(64): view('PoinMarket_Admin/Page/user', [...])
10 SYSTEMPATH\CodeIgniter.php(932): App\Controllers\PoinMarket_Admin\User->index()
11 SYSTEMPATH\CodeIgniter.php(497): CodeIgniter\CodeIgniter->runController(Object(App\Controllers\PoinMarket_Admin\User))
12 SYSTEMPATH\CodeIgniter.php(366): CodeIgniter\CodeIgniter->handleRequest(null, Object(Config\Cache), false)
13 FCPATH\index.php(67): CodeIgniter\CodeIgniter->run()
14 SYSTEMPATH\Commands\Server\rewrite.php(47): require_once('C:\\xampp\\htdocs\\PoinMarket\\public\\index.php')
INFO - 2025-01-02 09:37:25 --> Session: Class initialized using 'CodeIgniter\Session\Handlers\FileHandler' driver.
WARNING - 2025-01-02 09:37:25 --> [DEPRECATED] strtotime(): Passing null to parameter #1 ($datetime) of type string is deprecated in APPPATH\Views\PoinMarket_Admin\Tabel\tabel_user.php on line 92.
 1 APPPATH\Views\PoinMarket_Admin\Tabel\tabel_user.php(92): strtotime(null)
 2 SYSTEMPATH\View\View.php(224): include('C:\\xampp\\htdocs\\PoinMarket\\app\\Views\\PoinMarket_Admin\\Tabel\\tabel_user.php')
 3 SYSTEMPATH\View\View.php(227): CodeIgniter\View\View->CodeIgniter\View\{closure}()
 4 SYSTEMPATH\View\View.php(452): CodeIgniter\View\View->render('PoinMarket_Admin/Tabel/tabel_user', null, true)
 5 APPPATH\Views\PoinMarket_Admin\Page\user.php(64): CodeIgniter\View\View->include('PoinMarket_Admin/Tabel/tabel_user')
 6 SYSTEMPATH\View\View.php(224): include('C:\\xampp\\htdocs\\PoinMarket\\app\\Views\\PoinMarket_Admin\\Page\\user.php')
 7 SYSTEMPATH\View\View.php(227): CodeIgniter\View\View->CodeIgniter\View\{closure}()
 8 SYSTEMPATH\Common.php(1180): CodeIgniter\View\View->render('PoinMarket_Admin/Page/user', [], true)
 9 APPPATH\Controllers\PoinMarket_Admin\User.php(64): view('PoinMarket_Admin/Page/user', [...])
10 SYSTEMPATH\CodeIgniter.php(932): App\Controllers\PoinMarket_Admin\User->index()
11 SYSTEMPATH\CodeIgniter.php(497): CodeIgniter\CodeIgniter->runController(Object(App\Controllers\PoinMarket_Admin\User))
12 SYSTEMPATH\CodeIgniter.php(366): CodeIgniter\CodeIgniter->handleRequest(null, Object(Config\Cache), false)
13 FCPATH\index.php(67): CodeIgniter\CodeIgniter->run()
14 SYSTEMPATH\Commands\Server\rewrite.php(47): require_once('C:\\xampp\\htdocs\\PoinMarket\\public\\index.php')
INFO - 2025-01-02 09:37:37 --> Session: Class initialized using 'CodeIgniter\Session\Handlers\FileHandler' driver.
INFO - 2025-01-02 09:37:38 --> Session: Class initialized using 'CodeIgniter\Session\Handlers\FileHandler' driver.
INFO - 2025-01-02 09:38:16 --> Session: Class initialized using 'CodeIgniter\Session\Handlers\FileHandler' driver.
INFO - 2025-01-02 09:38:17 --> Session: Class initialized using 'CodeIgniter\Session\Handlers\FileHandler' driver.
INFO - 2025-01-02 09:38:26 --> Session: Class initialized using 'CodeIgniter\Session\Handlers\FileHandler' driver.
INFO - 2025-01-02 09:38:26 --> Session: Class initialized using 'CodeIgniter\Session\Handlers\FileHandler' driver.
INFO - 2025-01-02 09:38:31 --> Session: Class initialized using 'CodeIgniter\Session\Handlers\FileHandler' driver.
INFO - 2025-01-02 09:38:31 --> Session: Class initialized using 'CodeIgniter\Session\Handlers\FileHandler' driver.
INFO - 2025-01-02 09:38:54 --> Session: Class initialized using 'CodeIgniter\Session\Handlers\FileHandler' driver.
INFO - 2025-01-02 09:38:54 --> Session: Class initialized using 'CodeIgniter\Session\Handlers\FileHandler' driver.
INFO - 2025-01-02 09:38:58 --> Session: Class initialized using 'CodeIgniter\Session\Handlers\FileHandler' driver.
INFO - 2025-01-02 09:38:58 --> Session: Class initialized using 'CodeIgniter\Session\Handlers\FileHandler' driver.
INFO - 2025-01-02 09:39:04 --> Session: Class initialized using 'CodeIgniter\Session\Handlers\FileHandler' driver.
INFO - 2025-01-02 09:39:05 --> Session: Class initialized using 'CodeIgniter\Session\Handlers\FileHandler' driver.
