CRITICAL - 2025-02-28 07:28:36 --> Call to undefined method App\Controllers\API\BadgesAPI::getAuthToken()
in APPPATH\Controllers\API\BadgesAPI.php on line 55.
 1 SYSTEMPATH\CodeIgniter.php(932): App\Controllers\API\BadgesAPI->index()
 2 SYSTEMPATH\CodeIgniter.php(497): CodeIgniter\CodeIgniter->runController(Object(App\Controllers\API\BadgesAPI))
 3 SYSTEMPATH\CodeIgniter.php(366): CodeIgniter\CodeIgniter->handleRequest(null, Object(Config\Cache), false)
 4 FCPATH\index.php(67): CodeIgniter\CodeIgniter->run()
 5 SYSTEMPATH\Commands\Server\rewrite.php(47): require_once('C:\\xampp\\htdocs\\PoinMarket\\public\\index.php')
CRITICAL - 2025-02-28 07:28:47 --> Call to undefined method App\Controllers\API\BadgesAPI::getAuthToken()
in APPPATH\Controllers\API\BadgesAPI.php on line 55.
 1 SYSTEMPATH\CodeIgniter.php(932): App\Controllers\API\BadgesAPI->index()
 2 SYSTEMPATH\CodeIgniter.php(497): CodeIgniter\CodeIgniter->runController(Object(App\Controllers\API\BadgesAPI))
 3 SYSTEMPATH\CodeIgniter.php(366): CodeIgniter\CodeIgniter->handleRequest(null, Object(Config\Cache), false)
 4 FCPATH\index.php(67): CodeIgniter\CodeIgniter->run()
 5 SYSTEMPATH\Commands\Server\rewrite.php(47): require_once('C:\\xampp\\htdocs\\PoinMarket\\public\\index.php')
INFO - 2025-02-28 07:29:34 --> Session: Class initialized using 'CodeIgniter\Session\Handlers\FileHandler' driver.
DEBUG - 2025-02-28 07:29:34 --> Session token: 0278e89fbbe12f7c3fc761fe5ee20aa04811beab11c88c8b9742ba48e2649bb7
DEBUG - 2025-02-28 07:29:34 --> Raw Authorization header: 
DEBUG - 2025-02-28 07:29:34 --> Token dari session: 0278e89fbbe12f7c3fc761fe5ee20aa04811beab11c88c8b9742ba48e2649bb7
CRITICAL - 2025-02-28 07:29:34 --> Cannot use object of type Myth\Auth\Entities\User as array
in APPPATH\Controllers\API\BadgesAPI.php on line 97.
 1 SYSTEMPATH\CodeIgniter.php(932): App\Controllers\API\BadgesAPI->index()
 2 SYSTEMPATH\CodeIgniter.php(497): CodeIgniter\CodeIgniter->runController(Object(App\Controllers\API\BadgesAPI))
 3 SYSTEMPATH\CodeIgniter.php(366): CodeIgniter\CodeIgniter->handleRequest(null, Object(Config\Cache), false)
 4 FCPATH\index.php(67): CodeIgniter\CodeIgniter->run()
 5 SYSTEMPATH\Commands\Server\rewrite.php(47): require_once('C:\\xampp\\htdocs\\PoinMarket\\public\\index.php')
INFO - 2025-02-28 07:29:43 --> Session: Class initialized using 'CodeIgniter\Session\Handlers\FileHandler' driver.
DEBUG - 2025-02-28 07:29:43 --> Session token: 0278e89fbbe12f7c3fc761fe5ee20aa04811beab11c88c8b9742ba48e2649bb7
DEBUG - 2025-02-28 07:29:43 --> Raw Authorization header: 
DEBUG - 2025-02-28 07:29:43 --> Token dari session: 0278e89fbbe12f7c3fc761fe5ee20aa04811beab11c88c8b9742ba48e2649bb7
CRITICAL - 2025-02-28 07:29:43 --> Cannot use object of type Myth\Auth\Entities\User as array
in APPPATH\Controllers\API\BadgesAPI.php on line 97.
 1 SYSTEMPATH\CodeIgniter.php(932): App\Controllers\API\BadgesAPI->index()
 2 SYSTEMPATH\CodeIgniter.php(497): CodeIgniter\CodeIgniter->runController(Object(App\Controllers\API\BadgesAPI))
 3 SYSTEMPATH\CodeIgniter.php(366): CodeIgniter\CodeIgniter->handleRequest(null, Object(Config\Cache), false)
 4 FCPATH\index.php(67): CodeIgniter\CodeIgniter->run()
 5 SYSTEMPATH\Commands\Server\rewrite.php(47): require_once('C:\\xampp\\htdocs\\PoinMarket\\public\\index.php')
INFO - 2025-02-28 07:30:09 --> Session: Class initialized using 'CodeIgniter\Session\Handlers\FileHandler' driver.
DEBUG - 2025-02-28 07:30:09 --> Session token: 0278e89fbbe12f7c3fc761fe5ee20aa04811beab11c88c8b9742ba48e2649bb7
DEBUG - 2025-02-28 07:30:09 --> Raw Authorization header: 
DEBUG - 2025-02-28 07:30:09 --> Token dari session: 0278e89fbbe12f7c3fc761fe5ee20aa04811beab11c88c8b9742ba48e2649bb7
CRITICAL - 2025-02-28 07:30:09 --> Call to undefined method App\Controllers\API\BadgesAPI::formatDataFromTable()
in APPPATH\Controllers\API\BadgesAPI.php on line 101.
 1 SYSTEMPATH\CodeIgniter.php(932): App\Controllers\API\BadgesAPI->index()
 2 SYSTEMPATH\CodeIgniter.php(497): CodeIgniter\CodeIgniter->runController(Object(App\Controllers\API\BadgesAPI))
 3 SYSTEMPATH\CodeIgniter.php(366): CodeIgniter\CodeIgniter->handleRequest(null, Object(Config\Cache), false)
 4 FCPATH\index.php(67): CodeIgniter\CodeIgniter->run()
 5 SYSTEMPATH\Commands\Server\rewrite.php(47): require_once('C:\\xampp\\htdocs\\PoinMarket\\public\\index.php')
INFO - 2025-02-28 07:32:21 --> Session: Class initialized using 'CodeIgniter\Session\Handlers\FileHandler' driver.
ERROR - 2025-02-28 07:32:21 --> [BadgesAPI.index] Failed to parse JSON string. Error: Malformed UTF-8 characters, possibly incorrectly encoded
INFO - 2025-02-28 07:32:29 --> Session: Class initialized using 'CodeIgniter\Session\Handlers\FileHandler' driver.
ERROR - 2025-02-28 07:32:29 --> [BadgesAPI.index] Failed to parse JSON string. Error: Malformed UTF-8 characters, possibly incorrectly encoded
INFO - 2025-02-28 07:33:25 --> Session: Class initialized using 'CodeIgniter\Session\Handlers\FileHandler' driver.
ERROR - 2025-02-28 07:33:25 --> [BadgesAPI.index] Failed to parse JSON string. Error: Malformed UTF-8 characters, possibly incorrectly encoded
INFO - 2025-02-28 07:34:14 --> Session: Class initialized using 'CodeIgniter\Session\Handlers\FileHandler' driver.
DEBUG - 2025-02-28 07:34:14 --> Session token: 0278e89fbbe12f7c3fc761fe5ee20aa04811beab11c88c8b9742ba48e2649bb7
DEBUG - 2025-02-28 07:34:14 --> Raw Authorization header: 
DEBUG - 2025-02-28 07:34:14 --> Token dari session: 0278e89fbbe12f7c3fc761fe5ee20aa04811beab11c88c8b9742ba48e2649bb7
ERROR - 2025-02-28 07:34:14 --> [BadgesAPI.index] Failed to parse JSON string. Error: Malformed UTF-8 characters, possibly incorrectly encoded
INFO - 2025-02-28 07:34:17 --> Session: Class initialized using 'CodeIgniter\Session\Handlers\FileHandler' driver.
DEBUG - 2025-02-28 07:34:17 --> Session token: 0278e89fbbe12f7c3fc761fe5ee20aa04811beab11c88c8b9742ba48e2649bb7
DEBUG - 2025-02-28 07:34:17 --> Raw Authorization header: 
DEBUG - 2025-02-28 07:34:17 --> Token dari session: 0278e89fbbe12f7c3fc761fe5ee20aa04811beab11c88c8b9742ba48e2649bb7
ERROR - 2025-02-28 07:34:17 --> [BadgesAPI.index] Failed to parse JSON string. Error: Malformed UTF-8 characters, possibly incorrectly encoded
CRITICAL - 2025-02-28 07:34:37 --> Cannot call constructor
in APPPATH\Controllers\API\TransaksiAPI.php on line 14.
 1 SYSTEMPATH\CodeIgniter.php(904): App\Controllers\API\TransaksiAPI->__construct()
 2 SYSTEMPATH\CodeIgniter.php(488): CodeIgniter\CodeIgniter->createController()
 3 SYSTEMPATH\CodeIgniter.php(366): CodeIgniter\CodeIgniter->handleRequest(null, Object(Config\Cache), false)
 4 FCPATH\index.php(67): CodeIgniter\CodeIgniter->run()
 5 SYSTEMPATH\Commands\Server\rewrite.php(47): require_once('C:\\xampp\\htdocs\\PoinMarket\\public\\index.php')
INFO - 2025-02-28 07:35:19 --> Session: Class initialized using 'CodeIgniter\Session\Handlers\FileHandler' driver.
INFO - 2025-02-28 07:35:20 --> Session: Class initialized using 'CodeIgniter\Session\Handlers\FileHandler' driver.
INFO - 2025-02-28 07:36:38 --> Session: Class initialized using 'CodeIgniter\Session\Handlers\FileHandler' driver.
INFO - 2025-02-28 07:36:40 --> Session: Class initialized using 'CodeIgniter\Session\Handlers\FileHandler' driver.
INFO - 2025-02-28 07:36:40 --> Session: Class initialized using 'CodeIgniter\Session\Handlers\FileHandler' driver.
INFO - 2025-02-28 07:36:41 --> Session: Class initialized using 'CodeIgniter\Session\Handlers\FileHandler' driver.
INFO - 2025-02-28 07:36:41 --> Session: Class initialized using 'CodeIgniter\Session\Handlers\FileHandler' driver.
INFO - 2025-02-28 07:36:42 --> Session: Class initialized using 'CodeIgniter\Session\Handlers\FileHandler' driver.
INFO - 2025-02-28 07:36:42 --> Session: Class initialized using 'CodeIgniter\Session\Handlers\FileHandler' driver.
INFO - 2025-02-28 07:36:42 --> Session: Class initialized using 'CodeIgniter\Session\Handlers\FileHandler' driver.
INFO - 2025-02-28 07:36:43 --> Session: Class initialized using 'CodeIgniter\Session\Handlers\FileHandler' driver.
INFO - 2025-02-28 07:36:43 --> Session: Class initialized using 'CodeIgniter\Session\Handlers\FileHandler' driver.
INFO - 2025-02-28 07:36:54 --> Session: Class initialized using 'CodeIgniter\Session\Handlers\FileHandler' driver.
INFO - 2025-02-28 07:36:57 --> Session: Class initialized using 'CodeIgniter\Session\Handlers\FileHandler' driver.
INFO - 2025-02-28 07:36:58 --> Session: Class initialized using 'CodeIgniter\Session\Handlers\FileHandler' driver.
DEBUG - 2025-02-28 07:36:58 --> Token updated and saved to session for user ID: 13
INFO - 2025-02-28 07:36:58 --> Session: Class initialized using 'CodeIgniter\Session\Handlers\FileHandler' driver.
INFO - 2025-02-28 07:36:59 --> Session: Class initialized using 'CodeIgniter\Session\Handlers\FileHandler' driver.
INFO - 2025-02-28 07:45:03 --> Session: Class initialized using 'CodeIgniter\Session\Handlers\FileHandler' driver.
INFO - 2025-02-28 07:45:03 --> Session: Class initialized using 'CodeIgniter\Session\Handlers\FileHandler' driver.
INFO - 2025-02-28 07:45:07 --> Session: Class initialized using 'CodeIgniter\Session\Handlers\FileHandler' driver.
INFO - 2025-02-28 07:45:07 --> Session: Class initialized using 'CodeIgniter\Session\Handlers\FileHandler' driver.
INFO - 2025-02-28 07:46:04 --> Session: Class initialized using 'CodeIgniter\Session\Handlers\FileHandler' driver.
INFO - 2025-02-28 07:46:05 --> Session: Class initialized using 'CodeIgniter\Session\Handlers\FileHandler' driver.
INFO - 2025-02-28 07:46:28 --> Session: Class initialized using 'CodeIgniter\Session\Handlers\FileHandler' driver.
INFO - 2025-02-28 07:46:28 --> Session: Class initialized using 'CodeIgniter\Session\Handlers\FileHandler' driver.
CRITICAL - 2025-02-28 07:46:39 --> Cannot call constructor
in APPPATH\Controllers\API\TransaksiAPI.php on line 14.
 1 SYSTEMPATH\CodeIgniter.php(904): App\Controllers\API\TransaksiAPI->__construct()
 2 SYSTEMPATH\CodeIgniter.php(488): CodeIgniter\CodeIgniter->createController()
 3 SYSTEMPATH\CodeIgniter.php(366): CodeIgniter\CodeIgniter->handleRequest(null, Object(Config\Cache), false)
 4 FCPATH\index.php(67): CodeIgniter\CodeIgniter->run()
 5 SYSTEMPATH\Commands\Server\rewrite.php(47): require_once('C:\\xampp\\htdocs\\PoinMarket\\public\\index.php')
INFO - 2025-02-28 07:51:43 --> Session: Class initialized using 'CodeIgniter\Session\Handlers\FileHandler' driver.
DEBUG - 2025-02-28 07:51:43 --> Session token: 2290ba66d450e4e613371095405832d77072742d431815b0cfb5c640ef50159b
DEBUG - 2025-02-28 07:51:43 --> Raw Authorization header: 
DEBUG - 2025-02-28 07:51:43 --> Token dari session: 2290ba66d450e4e613371095405832d77072742d431815b0cfb5c640ef50159b
DEBUG - 2025-02-28 07:51:43 --> SQL: SELECT *
FROM `mahasiswa`
WHERE `token` = '2290ba66d450e4e613371095405832d77072742d431815b0cfb5c640ef50159b'
 LIMIT 1
DEBUG - 2025-02-28 07:51:43 --> Token yang dicari: 2290ba66d450e4e613371095405832d77072742d431815b0cfb5c640ef50159b
DEBUG - 2025-02-28 07:51:43 --> Hasil pencarian: null
INFO - 2025-02-28 07:51:49 --> Session: Class initialized using 'CodeIgniter\Session\Handlers\FileHandler' driver.
INFO - 2025-02-28 07:51:50 --> Session: Class initialized using 'CodeIgniter\Session\Handlers\FileHandler' driver.
INFO - 2025-02-28 07:51:50 --> Session: Class initialized using 'CodeIgniter\Session\Handlers\FileHandler' driver.
INFO - 2025-02-28 07:51:51 --> Session: Class initialized using 'CodeIgniter\Session\Handlers\FileHandler' driver.
INFO - 2025-02-28 07:51:52 --> Session: Class initialized using 'CodeIgniter\Session\Handlers\FileHandler' driver.
INFO - 2025-02-28 07:51:52 --> Session: Class initialized using 'CodeIgniter\Session\Handlers\FileHandler' driver.
INFO - 2025-02-28 07:51:54 --> Session: Class initialized using 'CodeIgniter\Session\Handlers\FileHandler' driver.
INFO - 2025-02-28 07:51:55 --> Session: Class initialized using 'CodeIgniter\Session\Handlers\FileHandler' driver.
INFO - 2025-02-28 07:52:00 --> Session: Class initialized using 'CodeIgniter\Session\Handlers\FileHandler' driver.
DEBUG - 2025-02-28 07:52:00 --> Data login diterima: npm_or_username=123456
DEBUG - 2025-02-28 07:52:00 --> Hasil pencarian mahasiswa: {"id":"2","user_id":null,"npm":"123456","nama":"Dwi A","email":"","password":"$2y$10$XcEnyKV.StLAS9wl9QfUcuULBWbD54jyfoQXYOff6pFgAzR8ZRMKO","point":"270","gaya_belajar":"Auditori","created_at":"2024-12-13 02:30:02","updated_at":"2025-02-24 03:51:58","deleted_at":null,"token":"fa53c4874e7c9cdf3a1969e0bf739307dfc558e36a78978947d10b7f5dc9fc6f","last_login":"2025-02-24 10:49:22"}
DEBUG - 2025-02-28 07:52:01 --> NPM: 123456, Generated token: 7a765d263ccf38f593a118c8186f0379bac4207933336aff7f7e44fc8d3ccb20
DEBUG - 2025-02-28 07:52:01 --> Token berhasil disimpan ke database
DEBUG - 2025-02-28 07:52:01 --> User logged in successfully: 123456
INFO - 2025-02-28 07:52:01 --> Session: Class initialized using 'CodeIgniter\Session\Handlers\FileHandler' driver.
INFO - 2025-02-28 07:52:01 --> Session: Class initialized using 'CodeIgniter\Session\Handlers\FileHandler' driver.
INFO - 2025-02-28 07:52:02 --> Session: Class initialized using 'CodeIgniter\Session\Handlers\FileHandler' driver.
DEBUG - 2025-02-28 07:52:02 --> Session token: 7a765d263ccf38f593a118c8186f0379bac4207933336aff7f7e44fc8d3ccb20
DEBUG - 2025-02-28 07:52:02 --> Raw Authorization header: Bearer 7a765d263ccf38f593a118c8186f0379bac4207933336aff7f7e44fc8d3ccb20
DEBUG - 2025-02-28 07:52:02 --> Token dari header: 7a765d263ccf38f593a118c8186f0379bac4207933336aff7f7e44fc8d3ccb20
DEBUG - 2025-02-28 07:52:02 --> SQL: SELECT *
FROM `mahasiswa`
WHERE `token` = '7a765d263ccf38f593a118c8186f0379bac4207933336aff7f7e44fc8d3ccb20'
 LIMIT 1
DEBUG - 2025-02-28 07:52:02 --> Token yang dicari: 7a765d263ccf38f593a118c8186f0379bac4207933336aff7f7e44fc8d3ccb20
DEBUG - 2025-02-28 07:52:02 --> Hasil pencarian: {"id":"2","user_id":null,"npm":"123456","nama":"Dwi A","email":"","password":"$2y$10$XcEnyKV.StLAS9wl9QfUcuULBWbD54jyfoQXYOff6pFgAzR8ZRMKO","point":"270","gaya_belajar":"Auditori","created_at":"2024-12-13 02:30:02","updated_at":"2025-02-24 03:51:58","deleted_at":null,"token":"7a765d263ccf38f593a118c8186f0379bac4207933336aff7f7e44fc8d3ccb20","last_login":"2025-02-24 10:49:22"}
INFO - 2025-02-28 07:52:02 --> Session: Class initialized using 'CodeIgniter\Session\Handlers\FileHandler' driver.
DEBUG - 2025-02-28 07:52:02 --> Session token: 7a765d263ccf38f593a118c8186f0379bac4207933336aff7f7e44fc8d3ccb20
DEBUG - 2025-02-28 07:52:02 --> Raw Authorization header: Bearer 7a765d263ccf38f593a118c8186f0379bac4207933336aff7f7e44fc8d3ccb20
DEBUG - 2025-02-28 07:52:02 --> Token dari header: 7a765d263ccf38f593a118c8186f0379bac4207933336aff7f7e44fc8d3ccb20
DEBUG - 2025-02-28 07:52:02 --> SQL: SELECT *
FROM `mahasiswa`
WHERE `token` = '7a765d263ccf38f593a118c8186f0379bac4207933336aff7f7e44fc8d3ccb20'
 LIMIT 1
DEBUG - 2025-02-28 07:52:02 --> Token yang dicari: 7a765d263ccf38f593a118c8186f0379bac4207933336aff7f7e44fc8d3ccb20
DEBUG - 2025-02-28 07:52:02 --> Hasil pencarian: {"id":"2","user_id":null,"npm":"123456","nama":"Dwi A","email":"","password":"$2y$10$XcEnyKV.StLAS9wl9QfUcuULBWbD54jyfoQXYOff6pFgAzR8ZRMKO","point":"270","gaya_belajar":"Auditori","created_at":"2024-12-13 02:30:02","updated_at":"2025-02-24 03:51:58","deleted_at":null,"token":"7a765d263ccf38f593a118c8186f0379bac4207933336aff7f7e44fc8d3ccb20","last_login":"2025-02-24 10:49:22"}
INFO - 2025-02-28 07:52:02 --> Session: Class initialized using 'CodeIgniter\Session\Handlers\FileHandler' driver.
DEBUG - 2025-02-28 07:52:02 --> Session token: 7a765d263ccf38f593a118c8186f0379bac4207933336aff7f7e44fc8d3ccb20
DEBUG - 2025-02-28 07:52:02 --> Raw Authorization header: Bearer 7a765d263ccf38f593a118c8186f0379bac4207933336aff7f7e44fc8d3ccb20
DEBUG - 2025-02-28 07:52:02 --> Token dari header: 7a765d263ccf38f593a118c8186f0379bac4207933336aff7f7e44fc8d3ccb20
DEBUG - 2025-02-28 07:52:02 --> SQL: SELECT *
FROM `mahasiswa`
WHERE `token` = '7a765d263ccf38f593a118c8186f0379bac4207933336aff7f7e44fc8d3ccb20'
 LIMIT 1
DEBUG - 2025-02-28 07:52:02 --> Token yang dicari: 7a765d263ccf38f593a118c8186f0379bac4207933336aff7f7e44fc8d3ccb20
DEBUG - 2025-02-28 07:52:02 --> Hasil pencarian: {"id":"2","user_id":null,"npm":"123456","nama":"Dwi A","email":"","password":"$2y$10$XcEnyKV.StLAS9wl9QfUcuULBWbD54jyfoQXYOff6pFgAzR8ZRMKO","point":"270","gaya_belajar":"Auditori","created_at":"2024-12-13 02:30:02","updated_at":"2025-02-24 03:51:58","deleted_at":null,"token":"7a765d263ccf38f593a118c8186f0379bac4207933336aff7f7e44fc8d3ccb20","last_login":"2025-02-24 10:49:22"}
INFO - 2025-02-28 07:52:13 --> Session: Class initialized using 'CodeIgniter\Session\Handlers\FileHandler' driver.
DEBUG - 2025-02-28 07:52:13 --> Session token: 7a765d263ccf38f593a118c8186f0379bac4207933336aff7f7e44fc8d3ccb20
DEBUG - 2025-02-28 07:52:13 --> Raw Authorization header: 
DEBUG - 2025-02-28 07:52:13 --> Token dari session: 7a765d263ccf38f593a118c8186f0379bac4207933336aff7f7e44fc8d3ccb20
DEBUG - 2025-02-28 07:52:13 --> SQL: SELECT *
FROM `mahasiswa`
WHERE `token` = '7a765d263ccf38f593a118c8186f0379bac4207933336aff7f7e44fc8d3ccb20'
 LIMIT 1
DEBUG - 2025-02-28 07:52:13 --> Token yang dicari: 7a765d263ccf38f593a118c8186f0379bac4207933336aff7f7e44fc8d3ccb20
DEBUG - 2025-02-28 07:52:13 --> Hasil pencarian: {"id":"2","user_id":null,"npm":"123456","nama":"Dwi A","email":"","password":"$2y$10$XcEnyKV.StLAS9wl9QfUcuULBWbD54jyfoQXYOff6pFgAzR8ZRMKO","point":"270","gaya_belajar":"Auditori","created_at":"2024-12-13 02:30:02","updated_at":"2025-02-24 03:51:58","deleted_at":null,"token":"7a765d263ccf38f593a118c8186f0379bac4207933336aff7f7e44fc8d3ccb20","last_login":"2025-02-24 10:49:22"}
INFO - 2025-02-28 07:57:23 --> Session: Class initialized using 'CodeIgniter\Session\Handlers\FileHandler' driver.
DEBUG - 2025-02-28 07:57:23 --> Session token: 7a765d263ccf38f593a118c8186f0379bac4207933336aff7f7e44fc8d3ccb20
DEBUG - 2025-02-28 07:57:23 --> Raw Authorization header: 
DEBUG - 2025-02-28 07:57:23 --> Token dari session: 7a765d263ccf38f593a118c8186f0379bac4207933336aff7f7e44fc8d3ccb20
INFO - 2025-02-28 07:57:39 --> Session: Class initialized using 'CodeIgniter\Session\Handlers\FileHandler' driver.
DEBUG - 2025-02-28 07:57:39 --> Session token: 7a765d263ccf38f593a118c8186f0379bac4207933336aff7f7e44fc8d3ccb20
DEBUG - 2025-02-28 07:57:39 --> Raw Authorization header: 
DEBUG - 2025-02-28 07:57:39 --> Token dari session: 7a765d263ccf38f593a118c8186f0379bac4207933336aff7f7e44fc8d3ccb20
CRITICAL - 2025-02-28 07:57:39 --> Cannot call constructor
in APPPATH\Controllers\API\TransaksiAPI.php on line 14.
 1 SYSTEMPATH\CodeIgniter.php(904): App\Controllers\API\TransaksiAPI->__construct()
 2 SYSTEMPATH\CodeIgniter.php(488): CodeIgniter\CodeIgniter->createController()
 3 SYSTEMPATH\CodeIgniter.php(366): CodeIgniter\CodeIgniter->handleRequest(null, Object(Config\Cache), false)
 4 FCPATH\index.php(67): CodeIgniter\CodeIgniter->run()
 5 SYSTEMPATH\Commands\Server\rewrite.php(47): require_once('C:\\xampp\\htdocs\\PoinMarket\\public\\index.php')
INFO - 2025-02-28 07:57:47 --> Session: Class initialized using 'CodeIgniter\Session\Handlers\FileHandler' driver.
DEBUG - 2025-02-28 07:57:47 --> Session token: 7a765d263ccf38f593a118c8186f0379bac4207933336aff7f7e44fc8d3ccb20
DEBUG - 2025-02-28 07:57:47 --> Raw Authorization header: 
DEBUG - 2025-02-28 07:57:47 --> Token dari session: 7a765d263ccf38f593a118c8186f0379bac4207933336aff7f7e44fc8d3ccb20
INFO - 2025-02-28 07:58:15 --> Session: Class initialized using 'CodeIgniter\Session\Handlers\FileHandler' driver.
DEBUG - 2025-02-28 07:58:15 --> Session token: 7a765d263ccf38f593a118c8186f0379bac4207933336aff7f7e44fc8d3ccb20
DEBUG - 2025-02-28 07:58:15 --> Raw Authorization header: 
DEBUG - 2025-02-28 07:58:15 --> Token dari session: 7a765d263ccf38f593a118c8186f0379bac4207933336aff7f7e44fc8d3ccb20
INFO - 2025-02-28 07:58:40 --> Session: Class initialized using 'CodeIgniter\Session\Handlers\FileHandler' driver.
DEBUG - 2025-02-28 07:58:40 --> Session token: 7a765d263ccf38f593a118c8186f0379bac4207933336aff7f7e44fc8d3ccb20
DEBUG - 2025-02-28 07:58:40 --> Raw Authorization header: 
DEBUG - 2025-02-28 07:58:40 --> Token dari session: 7a765d263ccf38f593a118c8186f0379bac4207933336aff7f7e44fc8d3ccb20
INFO - 2025-02-28 07:58:41 --> Session: Class initialized using 'CodeIgniter\Session\Handlers\FileHandler' driver.
DEBUG - 2025-02-28 07:58:41 --> Session token: 7a765d263ccf38f593a118c8186f0379bac4207933336aff7f7e44fc8d3ccb20
DEBUG - 2025-02-28 07:58:41 --> Raw Authorization header: 
DEBUG - 2025-02-28 07:58:41 --> Token dari session: 7a765d263ccf38f593a118c8186f0379bac4207933336aff7f7e44fc8d3ccb20
INFO - 2025-02-28 07:58:41 --> Session: Class initialized using 'CodeIgniter\Session\Handlers\FileHandler' driver.
DEBUG - 2025-02-28 07:58:41 --> Session token: 7a765d263ccf38f593a118c8186f0379bac4207933336aff7f7e44fc8d3ccb20
DEBUG - 2025-02-28 07:58:41 --> Raw Authorization header: 
DEBUG - 2025-02-28 07:58:41 --> Token dari session: 7a765d263ccf38f593a118c8186f0379bac4207933336aff7f7e44fc8d3ccb20
DEBUG - 2025-02-28 07:58:41 --> SQL: SELECT *
FROM `mahasiswa`
WHERE `token` = '7a765d263ccf38f593a118c8186f0379bac4207933336aff7f7e44fc8d3ccb20'
 LIMIT 1
DEBUG - 2025-02-28 07:58:41 --> Token yang dicari: 7a765d263ccf38f593a118c8186f0379bac4207933336aff7f7e44fc8d3ccb20
DEBUG - 2025-02-28 07:58:41 --> Hasil pencarian: {"id":"2","user_id":null,"npm":"123456","nama":"Dwi A","email":"","password":"$2y$10$XcEnyKV.StLAS9wl9QfUcuULBWbD54jyfoQXYOff6pFgAzR8ZRMKO","point":"270","gaya_belajar":"Auditori","created_at":"2024-12-13 02:30:02","updated_at":"2025-02-24 03:51:58","deleted_at":null,"token":"7a765d263ccf38f593a118c8186f0379bac4207933336aff7f7e44fc8d3ccb20","last_login":"2025-02-24 10:49:22"}
INFO - 2025-02-28 07:58:41 --> Session: Class initialized using 'CodeIgniter\Session\Handlers\FileHandler' driver.
DEBUG - 2025-02-28 07:58:41 --> Session token: 7a765d263ccf38f593a118c8186f0379bac4207933336aff7f7e44fc8d3ccb20
DEBUG - 2025-02-28 07:58:41 --> Raw Authorization header: 
DEBUG - 2025-02-28 07:58:41 --> Token dari session: 7a765d263ccf38f593a118c8186f0379bac4207933336aff7f7e44fc8d3ccb20
INFO - 2025-02-28 07:58:44 --> Session: Class initialized using 'CodeIgniter\Session\Handlers\FileHandler' driver.
INFO - 2025-02-28 07:58:59 --> Session: Class initialized using 'CodeIgniter\Session\Handlers\FileHandler' driver.
INFO - 2025-02-28 07:58:59 --> Session: Class initialized using 'CodeIgniter\Session\Handlers\FileHandler' driver.
DEBUG - 2025-02-28 07:58:59 --> Session token: 7a765d263ccf38f593a118c8186f0379bac4207933336aff7f7e44fc8d3ccb20
DEBUG - 2025-02-28 07:58:59 --> Raw Authorization header: Bearer 7a765d263ccf38f593a118c8186f0379bac4207933336aff7f7e44fc8d3ccb20
DEBUG - 2025-02-28 07:58:59 --> Token dari header: 7a765d263ccf38f593a118c8186f0379bac4207933336aff7f7e44fc8d3ccb20
DEBUG - 2025-02-28 07:58:59 --> SQL: SELECT *
FROM `mahasiswa`
WHERE `token` = '7a765d263ccf38f593a118c8186f0379bac4207933336aff7f7e44fc8d3ccb20'
 LIMIT 1
DEBUG - 2025-02-28 07:58:59 --> Token yang dicari: 7a765d263ccf38f593a118c8186f0379bac4207933336aff7f7e44fc8d3ccb20
DEBUG - 2025-02-28 07:58:59 --> Hasil pencarian: {"id":"2","user_id":null,"npm":"123456","nama":"Dwi A","email":"","password":"$2y$10$XcEnyKV.StLAS9wl9QfUcuULBWbD54jyfoQXYOff6pFgAzR8ZRMKO","point":"270","gaya_belajar":"Auditori","created_at":"2024-12-13 02:30:02","updated_at":"2025-02-24 03:51:58","deleted_at":null,"token":"7a765d263ccf38f593a118c8186f0379bac4207933336aff7f7e44fc8d3ccb20","last_login":"2025-02-24 10:49:22"}
INFO - 2025-02-28 07:59:00 --> Session: Class initialized using 'CodeIgniter\Session\Handlers\FileHandler' driver.
DEBUG - 2025-02-28 07:59:00 --> Session token: 7a765d263ccf38f593a118c8186f0379bac4207933336aff7f7e44fc8d3ccb20
DEBUG - 2025-02-28 07:59:00 --> Raw Authorization header: Bearer 7a765d263ccf38f593a118c8186f0379bac4207933336aff7f7e44fc8d3ccb20
DEBUG - 2025-02-28 07:59:00 --> Token dari header: 7a765d263ccf38f593a118c8186f0379bac4207933336aff7f7e44fc8d3ccb20
DEBUG - 2025-02-28 07:59:00 --> SQL: SELECT *
FROM `mahasiswa`
WHERE `token` = '7a765d263ccf38f593a118c8186f0379bac4207933336aff7f7e44fc8d3ccb20'
 LIMIT 1
DEBUG - 2025-02-28 07:59:00 --> Token yang dicari: 7a765d263ccf38f593a118c8186f0379bac4207933336aff7f7e44fc8d3ccb20
DEBUG - 2025-02-28 07:59:00 --> Hasil pencarian: {"id":"2","user_id":null,"npm":"123456","nama":"Dwi A","email":"","password":"$2y$10$XcEnyKV.StLAS9wl9QfUcuULBWbD54jyfoQXYOff6pFgAzR8ZRMKO","point":"270","gaya_belajar":"Auditori","created_at":"2024-12-13 02:30:02","updated_at":"2025-02-24 03:51:58","deleted_at":null,"token":"7a765d263ccf38f593a118c8186f0379bac4207933336aff7f7e44fc8d3ccb20","last_login":"2025-02-24 10:49:22"}
INFO - 2025-02-28 07:59:00 --> Session: Class initialized using 'CodeIgniter\Session\Handlers\FileHandler' driver.
DEBUG - 2025-02-28 07:59:00 --> Session token: 7a765d263ccf38f593a118c8186f0379bac4207933336aff7f7e44fc8d3ccb20
DEBUG - 2025-02-28 07:59:00 --> Raw Authorization header: Bearer 7a765d263ccf38f593a118c8186f0379bac4207933336aff7f7e44fc8d3ccb20
DEBUG - 2025-02-28 07:59:00 --> Token dari header: 7a765d263ccf38f593a118c8186f0379bac4207933336aff7f7e44fc8d3ccb20
DEBUG - 2025-02-28 07:59:00 --> SQL: SELECT *
FROM `mahasiswa`
WHERE `token` = '7a765d263ccf38f593a118c8186f0379bac4207933336aff7f7e44fc8d3ccb20'
 LIMIT 1
DEBUG - 2025-02-28 07:59:00 --> Token yang dicari: 7a765d263ccf38f593a118c8186f0379bac4207933336aff7f7e44fc8d3ccb20
DEBUG - 2025-02-28 07:59:00 --> Hasil pencarian: {"id":"2","user_id":null,"npm":"123456","nama":"Dwi A","email":"","password":"$2y$10$XcEnyKV.StLAS9wl9QfUcuULBWbD54jyfoQXYOff6pFgAzR8ZRMKO","point":"270","gaya_belajar":"Auditori","created_at":"2024-12-13 02:30:02","updated_at":"2025-02-24 03:51:58","deleted_at":null,"token":"7a765d263ccf38f593a118c8186f0379bac4207933336aff7f7e44fc8d3ccb20","last_login":"2025-02-24 10:49:22"}
INFO - 2025-02-28 07:59:06 --> Session: Class initialized using 'CodeIgniter\Session\Handlers\FileHandler' driver.
DEBUG - 2025-02-28 07:59:06 --> Session token: tidak ada
DEBUG - 2025-02-28 07:59:06 --> Raw Authorization header: 
DEBUG - 2025-02-28 07:59:06 --> Token dari session: 
DEBUG - 2025-02-28 07:59:06 --> Token dari URL: 
INFO - 2025-02-28 07:59:11 --> Session: Class initialized using 'CodeIgniter\Session\Handlers\FileHandler' driver.
INFO - 2025-02-28 07:59:11 --> Session: Class initialized using 'CodeIgniter\Session\Handlers\FileHandler' driver.
INFO - 2025-02-28 07:59:12 --> Session: Class initialized using 'CodeIgniter\Session\Handlers\FileHandler' driver.
INFO - 2025-02-28 07:59:14 --> Session: Class initialized using 'CodeIgniter\Session\Handlers\FileHandler' driver.
INFO - 2025-02-28 07:59:15 --> Session: Class initialized using 'CodeIgniter\Session\Handlers\FileHandler' driver.
DEBUG - 2025-02-28 07:59:15 --> Token updated and saved to session for user ID: 13
INFO - 2025-02-28 07:59:16 --> Session: Class initialized using 'CodeIgniter\Session\Handlers\FileHandler' driver.
INFO - 2025-02-28 07:59:16 --> Session: Class initialized using 'CodeIgniter\Session\Handlers\FileHandler' driver.
INFO - 2025-02-28 07:59:19 --> Session: Class initialized using 'CodeIgniter\Session\Handlers\FileHandler' driver.
DEBUG - 2025-02-28 07:59:19 --> Session token: 9e9c35ac81b05244437738feb2bef259ed490a3accc36e08f4d2b952351b9225
DEBUG - 2025-02-28 07:59:19 --> Raw Authorization header: 
DEBUG - 2025-02-28 07:59:19 --> Token dari session: 9e9c35ac81b05244437738feb2bef259ed490a3accc36e08f4d2b952351b9225
CRITICAL - 2025-02-28 07:59:19 --> Cannot call constructor
in APPPATH\Controllers\API\TransaksiAPI.php on line 14.
 1 SYSTEMPATH\CodeIgniter.php(904): App\Controllers\API\TransaksiAPI->__construct()
 2 SYSTEMPATH\CodeIgniter.php(488): CodeIgniter\CodeIgniter->createController()
 3 SYSTEMPATH\CodeIgniter.php(366): CodeIgniter\CodeIgniter->handleRequest(null, Object(Config\Cache), false)
 4 FCPATH\index.php(67): CodeIgniter\CodeIgniter->run()
 5 SYSTEMPATH\Commands\Server\rewrite.php(47): require_once('C:\\xampp\\htdocs\\PoinMarket\\public\\index.php')
INFO - 2025-02-28 07:59:21 --> Session: Class initialized using 'CodeIgniter\Session\Handlers\FileHandler' driver.
DEBUG - 2025-02-28 07:59:21 --> Session token: 9e9c35ac81b05244437738feb2bef259ed490a3accc36e08f4d2b952351b9225
DEBUG - 2025-02-28 07:59:21 --> Raw Authorization header: 
DEBUG - 2025-02-28 07:59:21 --> Token dari session: 9e9c35ac81b05244437738feb2bef259ed490a3accc36e08f4d2b952351b9225
INFO - 2025-02-28 07:59:24 --> Session: Class initialized using 'CodeIgniter\Session\Handlers\FileHandler' driver.
DEBUG - 2025-02-28 07:59:24 --> Session token: tidak ada
DEBUG - 2025-02-28 07:59:24 --> Raw Authorization header: 
DEBUG - 2025-02-28 07:59:24 --> Token dari session: 
DEBUG - 2025-02-28 07:59:24 --> Token dari URL: 
INFO - 2025-02-28 07:59:26 --> Session: Class initialized using 'CodeIgniter\Session\Handlers\FileHandler' driver.
DEBUG - 2025-02-28 07:59:26 --> Session token: tidak ada
DEBUG - 2025-02-28 07:59:26 --> Raw Authorization header: 
DEBUG - 2025-02-28 07:59:26 --> Token dari session: 
DEBUG - 2025-02-28 07:59:26 --> Token dari URL: 
INFO - 2025-02-28 07:59:26 --> Session: Class initialized using 'CodeIgniter\Session\Handlers\FileHandler' driver.
DEBUG - 2025-02-28 07:59:26 --> Session token: tidak ada
DEBUG - 2025-02-28 07:59:26 --> Raw Authorization header: 
DEBUG - 2025-02-28 07:59:26 --> Token dari session: 
DEBUG - 2025-02-28 07:59:26 --> Token dari URL: 
INFO - 2025-02-28 07:59:26 --> Session: Class initialized using 'CodeIgniter\Session\Handlers\FileHandler' driver.
DEBUG - 2025-02-28 07:59:26 --> Session token: tidak ada
DEBUG - 2025-02-28 07:59:26 --> Raw Authorization header: 
DEBUG - 2025-02-28 07:59:26 --> Token dari session: 
DEBUG - 2025-02-28 07:59:26 --> Token dari URL: 
INFO - 2025-02-28 07:59:27 --> Session: Class initialized using 'CodeIgniter\Session\Handlers\FileHandler' driver.
DEBUG - 2025-02-28 07:59:27 --> Session token: tidak ada
DEBUG - 2025-02-28 07:59:27 --> Raw Authorization header: 
DEBUG - 2025-02-28 07:59:27 --> Token dari session: 
DEBUG - 2025-02-28 07:59:27 --> Token dari URL: 
INFO - 2025-02-28 07:59:27 --> Session: Class initialized using 'CodeIgniter\Session\Handlers\FileHandler' driver.
DEBUG - 2025-02-28 07:59:27 --> Session token: tidak ada
DEBUG - 2025-02-28 07:59:27 --> Raw Authorization header: 
DEBUG - 2025-02-28 07:59:27 --> Token dari session: 
DEBUG - 2025-02-28 07:59:27 --> Token dari URL: 
INFO - 2025-02-28 07:59:30 --> Session: Class initialized using 'CodeIgniter\Session\Handlers\FileHandler' driver.
DEBUG - 2025-02-28 07:59:30 --> Session token: tidak ada
DEBUG - 2025-02-28 07:59:30 --> Raw Authorization header: 
DEBUG - 2025-02-28 07:59:30 --> Token dari session: 
DEBUG - 2025-02-28 07:59:30 --> Token dari URL: 
INFO - 2025-02-28 07:59:31 --> Session: Class initialized using 'CodeIgniter\Session\Handlers\FileHandler' driver.
DEBUG - 2025-02-28 07:59:31 --> Session token: tidak ada
DEBUG - 2025-02-28 07:59:31 --> Raw Authorization header: 
DEBUG - 2025-02-28 07:59:31 --> Token dari session: 
DEBUG - 2025-02-28 07:59:31 --> Token dari URL: 
INFO - 2025-02-28 07:59:42 --> Session: Class initialized using 'CodeIgniter\Session\Handlers\FileHandler' driver.
DEBUG - 2025-02-28 07:59:42 --> Session token: 9e9c35ac81b05244437738feb2bef259ed490a3accc36e08f4d2b952351b9225
DEBUG - 2025-02-28 07:59:42 --> Raw Authorization header: 
DEBUG - 2025-02-28 07:59:42 --> Token dari session: 9e9c35ac81b05244437738feb2bef259ed490a3accc36e08f4d2b952351b9225
INFO - 2025-02-28 07:59:45 --> Session: Class initialized using 'CodeIgniter\Session\Handlers\FileHandler' driver.
DEBUG - 2025-02-28 07:59:45 --> Session token: 9e9c35ac81b05244437738feb2bef259ed490a3accc36e08f4d2b952351b9225
DEBUG - 2025-02-28 07:59:45 --> Raw Authorization header: 
DEBUG - 2025-02-28 07:59:45 --> Token dari session: 9e9c35ac81b05244437738feb2bef259ed490a3accc36e08f4d2b952351b9225
INFO - 2025-02-28 08:03:25 --> Session: Class initialized using 'CodeIgniter\Session\Handlers\FileHandler' driver.
DEBUG - 2025-02-28 08:03:25 --> Session token: 9e9c35ac81b05244437738feb2bef259ed490a3accc36e08f4d2b952351b9225
DEBUG - 2025-02-28 08:03:25 --> Raw Authorization header: 
DEBUG - 2025-02-28 08:03:25 --> Token dari session: 9e9c35ac81b05244437738feb2bef259ed490a3accc36e08f4d2b952351b9225
INFO - 2025-02-28 08:03:35 --> Session: Class initialized using 'CodeIgniter\Session\Handlers\FileHandler' driver.
DEBUG - 2025-02-28 08:03:35 --> Session token: 9e9c35ac81b05244437738feb2bef259ed490a3accc36e08f4d2b952351b9225
DEBUG - 2025-02-28 08:03:35 --> Raw Authorization header: 
DEBUG - 2025-02-28 08:03:35 --> Token dari session: 9e9c35ac81b05244437738feb2bef259ed490a3accc36e08f4d2b952351b9225
INFO - 2025-02-28 08:03:39 --> Session: Class initialized using 'CodeIgniter\Session\Handlers\FileHandler' driver.
DEBUG - 2025-02-28 08:03:39 --> Session token: 9e9c35ac81b05244437738feb2bef259ed490a3accc36e08f4d2b952351b9225
DEBUG - 2025-02-28 08:03:39 --> Raw Authorization header: 
DEBUG - 2025-02-28 08:03:39 --> Token dari session: 9e9c35ac81b05244437738feb2bef259ed490a3accc36e08f4d2b952351b9225
INFO - 2025-02-28 08:03:43 --> Session: Class initialized using 'CodeIgniter\Session\Handlers\FileHandler' driver.
DEBUG - 2025-02-28 08:03:43 --> Session token: 9e9c35ac81b05244437738feb2bef259ed490a3accc36e08f4d2b952351b9225
DEBUG - 2025-02-28 08:03:43 --> Raw Authorization header: 
DEBUG - 2025-02-28 08:03:43 --> Token dari session: 9e9c35ac81b05244437738feb2bef259ed490a3accc36e08f4d2b952351b9225
DEBUG - 2025-02-28 08:03:43 --> SQL: SELECT *
FROM `mahasiswa`
WHERE `token` = '9e9c35ac81b05244437738feb2bef259ed490a3accc36e08f4d2b952351b9225'
 LIMIT 1
DEBUG - 2025-02-28 08:03:43 --> Token yang dicari: 9e9c35ac81b05244437738feb2bef259ed490a3accc36e08f4d2b952351b9225
DEBUG - 2025-02-28 08:03:43 --> Hasil pencarian: null
INFO - 2025-02-28 08:03:45 --> Session: Class initialized using 'CodeIgniter\Session\Handlers\FileHandler' driver.
DEBUG - 2025-02-28 08:03:45 --> Session token: 9e9c35ac81b05244437738feb2bef259ed490a3accc36e08f4d2b952351b9225
DEBUG - 2025-02-28 08:03:45 --> Raw Authorization header: 
DEBUG - 2025-02-28 08:03:45 --> Token dari session: 9e9c35ac81b05244437738feb2bef259ed490a3accc36e08f4d2b952351b9225
INFO - 2025-02-28 08:03:56 --> Session: Class initialized using 'CodeIgniter\Session\Handlers\FileHandler' driver.
DEBUG - 2025-02-28 08:03:56 --> Session token: 9e9c35ac81b05244437738feb2bef259ed490a3accc36e08f4d2b952351b9225
DEBUG - 2025-02-28 08:03:56 --> Raw Authorization header: 
DEBUG - 2025-02-28 08:03:56 --> Token dari session: 9e9c35ac81b05244437738feb2bef259ed490a3accc36e08f4d2b952351b9225
INFO - 2025-02-28 08:04:01 --> Session: Class initialized using 'CodeIgniter\Session\Handlers\FileHandler' driver.
DEBUG - 2025-02-28 08:04:01 --> Session token: 9e9c35ac81b05244437738feb2bef259ed490a3accc36e08f4d2b952351b9225
DEBUG - 2025-02-28 08:04:01 --> Raw Authorization header: 
DEBUG - 2025-02-28 08:04:01 --> Token dari session: 9e9c35ac81b05244437738feb2bef259ed490a3accc36e08f4d2b952351b9225
INFO - 2025-02-28 08:04:07 --> Session: Class initialized using 'CodeIgniter\Session\Handlers\FileHandler' driver.
DEBUG - 2025-02-28 08:04:07 --> Session token: 9e9c35ac81b05244437738feb2bef259ed490a3accc36e08f4d2b952351b9225
DEBUG - 2025-02-28 08:04:07 --> Raw Authorization header: 
DEBUG - 2025-02-28 08:04:07 --> Token dari session: 9e9c35ac81b05244437738feb2bef259ed490a3accc36e08f4d2b952351b9225
CRITICAL - 2025-02-28 08:04:07 --> Cannot call constructor
in APPPATH\Controllers\API\TransaksiAPI.php on line 14.
 1 SYSTEMPATH\CodeIgniter.php(904): App\Controllers\API\TransaksiAPI->__construct()
 2 SYSTEMPATH\CodeIgniter.php(488): CodeIgniter\CodeIgniter->createController()
 3 SYSTEMPATH\CodeIgniter.php(366): CodeIgniter\CodeIgniter->handleRequest(null, Object(Config\Cache), false)
 4 FCPATH\index.php(67): CodeIgniter\CodeIgniter->run()
 5 SYSTEMPATH\Commands\Server\rewrite.php(47): require_once('C:\\xampp\\htdocs\\PoinMarket\\public\\index.php')
INFO - 2025-02-28 08:04:38 --> Session: Class initialized using 'CodeIgniter\Session\Handlers\FileHandler' driver.
DEBUG - 2025-02-28 08:04:38 --> Session token: 9e9c35ac81b05244437738feb2bef259ed490a3accc36e08f4d2b952351b9225
DEBUG - 2025-02-28 08:04:38 --> Raw Authorization header: 
DEBUG - 2025-02-28 08:04:38 --> Token dari session: 9e9c35ac81b05244437738feb2bef259ed490a3accc36e08f4d2b952351b9225
CRITICAL - 2025-02-28 08:04:38 --> Undefined property: App\Controllers\API\TransaksiAPI::$session
in APPPATH\Controllers\API\TransaksiAPI.php on line 14.
 1 APPPATH\Controllers\API\TransaksiAPI.php(14): CodeIgniter\Debug\Exceptions->errorHandler(2, 'Undefined property: App\\Controllers\\API\\TransaksiAPI::$session', 'C:\\xampp\\htdocs\\PoinMarket\\app\\Controllers\\API\\TransaksiAPI.php', 14)
 2 SYSTEMPATH\CodeIgniter.php(932): App\Controllers\API\TransaksiAPI->index()
 3 SYSTEMPATH\CodeIgniter.php(497): CodeIgniter\CodeIgniter->runController(Object(App\Controllers\API\TransaksiAPI))
 4 SYSTEMPATH\CodeIgniter.php(366): CodeIgniter\CodeIgniter->handleRequest(null, Object(Config\Cache), false)
 5 FCPATH\index.php(67): CodeIgniter\CodeIgniter->run()
 6 SYSTEMPATH\Commands\Server\rewrite.php(47): require_once('C:\\xampp\\htdocs\\PoinMarket\\public\\index.php')
INFO - 2025-02-28 08:05:07 --> Session: Class initialized using 'CodeIgniter\Session\Handlers\FileHandler' driver.
DEBUG - 2025-02-28 08:05:07 --> Session token: 9e9c35ac81b05244437738feb2bef259ed490a3accc36e08f4d2b952351b9225
DEBUG - 2025-02-28 08:05:07 --> Raw Authorization header: 
DEBUG - 2025-02-28 08:05:07 --> Token dari session: 9e9c35ac81b05244437738feb2bef259ed490a3accc36e08f4d2b952351b9225
CRITICAL - 2025-02-28 08:05:07 --> Cannot call constructor
in APPPATH\Controllers\API\TransaksiAPI.php on line 14.
 1 SYSTEMPATH\CodeIgniter.php(904): App\Controllers\API\TransaksiAPI->__construct()
 2 SYSTEMPATH\CodeIgniter.php(488): CodeIgniter\CodeIgniter->createController()
 3 SYSTEMPATH\CodeIgniter.php(366): CodeIgniter\CodeIgniter->handleRequest(null, Object(Config\Cache), false)
 4 FCPATH\index.php(67): CodeIgniter\CodeIgniter->run()
 5 SYSTEMPATH\Commands\Server\rewrite.php(47): require_once('C:\\xampp\\htdocs\\PoinMarket\\public\\index.php')
INFO - 2025-02-28 08:05:27 --> Session: Class initialized using 'CodeIgniter\Session\Handlers\FileHandler' driver.
DEBUG - 2025-02-28 08:05:27 --> Session token: 9e9c35ac81b05244437738feb2bef259ed490a3accc36e08f4d2b952351b9225
DEBUG - 2025-02-28 08:05:27 --> Raw Authorization header: 
DEBUG - 2025-02-28 08:05:27 --> Token dari session: 9e9c35ac81b05244437738feb2bef259ed490a3accc36e08f4d2b952351b9225
INFO - 2025-02-28 08:05:36 --> Session: Class initialized using 'CodeIgniter\Session\Handlers\FileHandler' driver.
DEBUG - 2025-02-28 08:05:36 --> Session token: 9e9c35ac81b05244437738feb2bef259ed490a3accc36e08f4d2b952351b9225
DEBUG - 2025-02-28 08:05:36 --> Raw Authorization header: 
DEBUG - 2025-02-28 08:05:36 --> Token dari session: 9e9c35ac81b05244437738feb2bef259ed490a3accc36e08f4d2b952351b9225
INFO - 2025-02-28 08:06:00 --> Session: Class initialized using 'CodeIgniter\Session\Handlers\FileHandler' driver.
DEBUG - 2025-02-28 08:06:00 --> Session token: 9e9c35ac81b05244437738feb2bef259ed490a3accc36e08f4d2b952351b9225
DEBUG - 2025-02-28 08:06:00 --> Raw Authorization header: 
DEBUG - 2025-02-28 08:06:00 --> Token dari session: 9e9c35ac81b05244437738feb2bef259ed490a3accc36e08f4d2b952351b9225
CRITICAL - 2025-02-28 08:06:00 --> Undefined property: App\Controllers\API\TransaksiAPI::$session
in APPPATH\Controllers\API\TransaksiAPI.php on line 48.
 1 APPPATH\Controllers\API\TransaksiAPI.php(48): CodeIgniter\Debug\Exceptions->errorHandler(2, 'Undefined property: App\\Controllers\\API\\TransaksiAPI::$session', 'C:\\xampp\\htdocs\\PoinMarket\\app\\Controllers\\API\\TransaksiAPI.php', 48)
 2 SYSTEMPATH\CodeIgniter.php(932): App\Controllers\API\TransaksiAPI->show('112')
 3 SYSTEMPATH\CodeIgniter.php(497): CodeIgniter\CodeIgniter->runController(Object(App\Controllers\API\TransaksiAPI))
 4 SYSTEMPATH\CodeIgniter.php(366): CodeIgniter\CodeIgniter->handleRequest(null, Object(Config\Cache), false)
 5 FCPATH\index.php(67): CodeIgniter\CodeIgniter->run()
 6 SYSTEMPATH\Commands\Server\rewrite.php(47): require_once('C:\\xampp\\htdocs\\PoinMarket\\public\\index.php')
INFO - 2025-02-28 08:06:14 --> Session: Class initialized using 'CodeIgniter\Session\Handlers\FileHandler' driver.
DEBUG - 2025-02-28 08:06:14 --> Session token: 9e9c35ac81b05244437738feb2bef259ed490a3accc36e08f4d2b952351b9225
DEBUG - 2025-02-28 08:06:14 --> Raw Authorization header: 
DEBUG - 2025-02-28 08:06:14 --> Token dari session: 9e9c35ac81b05244437738feb2bef259ed490a3accc36e08f4d2b952351b9225
INFO - 2025-02-28 08:06:42 --> Session: Class initialized using 'CodeIgniter\Session\Handlers\FileHandler' driver.
DEBUG - 2025-02-28 08:06:42 --> Session token: 9e9c35ac81b05244437738feb2bef259ed490a3accc36e08f4d2b952351b9225
DEBUG - 2025-02-28 08:06:42 --> Raw Authorization header: 
DEBUG - 2025-02-28 08:06:42 --> Token dari session: 9e9c35ac81b05244437738feb2bef259ed490a3accc36e08f4d2b952351b9225
INFO - 2025-02-28 08:06:46 --> Session: Class initialized using 'CodeIgniter\Session\Handlers\FileHandler' driver.
DEBUG - 2025-02-28 08:06:46 --> Session token: 9e9c35ac81b05244437738feb2bef259ed490a3accc36e08f4d2b952351b9225
DEBUG - 2025-02-28 08:06:46 --> Raw Authorization header: 
DEBUG - 2025-02-28 08:06:46 --> Token dari session: 9e9c35ac81b05244437738feb2bef259ed490a3accc36e08f4d2b952351b9225
INFO - 2025-02-28 08:06:55 --> Session: Class initialized using 'CodeIgniter\Session\Handlers\FileHandler' driver.
DEBUG - 2025-02-28 08:06:55 --> Session token: 9e9c35ac81b05244437738feb2bef259ed490a3accc36e08f4d2b952351b9225
DEBUG - 2025-02-28 08:06:55 --> Raw Authorization header: 
DEBUG - 2025-02-28 08:06:55 --> Token dari session: 9e9c35ac81b05244437738feb2bef259ed490a3accc36e08f4d2b952351b9225
INFO - 2025-02-28 08:06:57 --> Session: Class initialized using 'CodeIgniter\Session\Handlers\FileHandler' driver.
DEBUG - 2025-02-28 08:06:57 --> Session token: 9e9c35ac81b05244437738feb2bef259ed490a3accc36e08f4d2b952351b9225
DEBUG - 2025-02-28 08:06:57 --> Raw Authorization header: 
DEBUG - 2025-02-28 08:06:57 --> Token dari session: 9e9c35ac81b05244437738feb2bef259ed490a3accc36e08f4d2b952351b9225
INFO - 2025-02-28 08:07:09 --> Session: Class initialized using 'CodeIgniter\Session\Handlers\FileHandler' driver.
DEBUG - 2025-02-28 08:07:09 --> Session token: 9e9c35ac81b05244437738feb2bef259ed490a3accc36e08f4d2b952351b9225
DEBUG - 2025-02-28 08:07:09 --> Raw Authorization header: 
DEBUG - 2025-02-28 08:07:09 --> Token dari session: 9e9c35ac81b05244437738feb2bef259ed490a3accc36e08f4d2b952351b9225
INFO - 2025-02-28 08:07:14 --> Session: Class initialized using 'CodeIgniter\Session\Handlers\FileHandler' driver.
DEBUG - 2025-02-28 08:07:14 --> Session token: 9e9c35ac81b05244437738feb2bef259ed490a3accc36e08f4d2b952351b9225
DEBUG - 2025-02-28 08:07:14 --> Raw Authorization header: 
DEBUG - 2025-02-28 08:07:14 --> Token dari session: 9e9c35ac81b05244437738feb2bef259ed490a3accc36e08f4d2b952351b9225
INFO - 2025-02-28 08:07:20 --> Session: Class initialized using 'CodeIgniter\Session\Handlers\FileHandler' driver.
DEBUG - 2025-02-28 08:07:20 --> Session token: 9e9c35ac81b05244437738feb2bef259ed490a3accc36e08f4d2b952351b9225
DEBUG - 2025-02-28 08:07:20 --> Raw Authorization header: 
DEBUG - 2025-02-28 08:07:20 --> Token dari session: 9e9c35ac81b05244437738feb2bef259ed490a3accc36e08f4d2b952351b9225
INFO - 2025-02-28 08:07:22 --> Session: Class initialized using 'CodeIgniter\Session\Handlers\FileHandler' driver.
DEBUG - 2025-02-28 08:07:22 --> Session token: 9e9c35ac81b05244437738feb2bef259ed490a3accc36e08f4d2b952351b9225
DEBUG - 2025-02-28 08:07:22 --> Raw Authorization header: 
DEBUG - 2025-02-28 08:07:22 --> Token dari session: 9e9c35ac81b05244437738feb2bef259ed490a3accc36e08f4d2b952351b9225
INFO - 2025-02-28 08:07:37 --> Session: Class initialized using 'CodeIgniter\Session\Handlers\FileHandler' driver.
DEBUG - 2025-02-28 08:07:37 --> Session token: 9e9c35ac81b05244437738feb2bef259ed490a3accc36e08f4d2b952351b9225
DEBUG - 2025-02-28 08:07:37 --> Raw Authorization header: 
DEBUG - 2025-02-28 08:07:37 --> Token dari session: 9e9c35ac81b05244437738feb2bef259ed490a3accc36e08f4d2b952351b9225
INFO - 2025-02-28 08:07:48 --> Session: Class initialized using 'CodeIgniter\Session\Handlers\FileHandler' driver.
DEBUG - 2025-02-28 08:07:48 --> Session token: 9e9c35ac81b05244437738feb2bef259ed490a3accc36e08f4d2b952351b9225
DEBUG - 2025-02-28 08:07:48 --> Raw Authorization header: 
DEBUG - 2025-02-28 08:07:48 --> Token dari session: 9e9c35ac81b05244437738feb2bef259ed490a3accc36e08f4d2b952351b9225
INFO - 2025-02-28 08:07:56 --> Session: Class initialized using 'CodeIgniter\Session\Handlers\FileHandler' driver.
DEBUG - 2025-02-28 08:07:56 --> Session token: 9e9c35ac81b05244437738feb2bef259ed490a3accc36e08f4d2b952351b9225
DEBUG - 2025-02-28 08:07:56 --> Raw Authorization header: 
DEBUG - 2025-02-28 08:07:56 --> Token dari session: 9e9c35ac81b05244437738feb2bef259ed490a3accc36e08f4d2b952351b9225
INFO - 2025-02-28 08:07:59 --> Session: Class initialized using 'CodeIgniter\Session\Handlers\FileHandler' driver.
INFO - 2025-02-28 08:07:59 --> Session: Class initialized using 'CodeIgniter\Session\Handlers\FileHandler' driver.
INFO - 2025-02-28 08:08:01 --> Session: Class initialized using 'CodeIgniter\Session\Handlers\FileHandler' driver.
INFO - 2025-02-28 08:08:01 --> Session: Class initialized using 'CodeIgniter\Session\Handlers\FileHandler' driver.
INFO - 2025-02-28 08:08:04 --> Session: Class initialized using 'CodeIgniter\Session\Handlers\FileHandler' driver.
DEBUG - 2025-02-28 08:08:04 --> Session token: tidak ada
DEBUG - 2025-02-28 08:08:04 --> Raw Authorization header: 
DEBUG - 2025-02-28 08:08:04 --> Token dari session: 
DEBUG - 2025-02-28 08:08:04 --> Token dari URL: 
INFO - 2025-02-28 08:09:37 --> Session: Class initialized using 'CodeIgniter\Session\Handlers\FileHandler' driver.
DEBUG - 2025-02-28 08:09:37 --> Token updated and saved to session for user ID: 13
INFO - 2025-02-28 08:09:37 --> Session: Class initialized using 'CodeIgniter\Session\Handlers\FileHandler' driver.
INFO - 2025-02-28 08:09:37 --> Session: Class initialized using 'CodeIgniter\Session\Handlers\FileHandler' driver.
INFO - 2025-02-28 08:09:40 --> Session: Class initialized using 'CodeIgniter\Session\Handlers\FileHandler' driver.
INFO - 2025-02-28 08:09:40 --> Session: Class initialized using 'CodeIgniter\Session\Handlers\FileHandler' driver.
INFO - 2025-02-28 08:09:42 --> Session: Class initialized using 'CodeIgniter\Session\Handlers\FileHandler' driver.
INFO - 2025-02-28 08:09:42 --> Session: Class initialized using 'CodeIgniter\Session\Handlers\FileHandler' driver.
INFO - 2025-02-28 08:09:44 --> Session: Class initialized using 'CodeIgniter\Session\Handlers\FileHandler' driver.
INFO - 2025-02-28 08:09:44 --> Session: Class initialized using 'CodeIgniter\Session\Handlers\FileHandler' driver.
INFO - 2025-02-28 08:09:48 --> Session: Class initialized using 'CodeIgniter\Session\Handlers\FileHandler' driver.
INFO - 2025-02-28 08:09:48 --> Session: Class initialized using 'CodeIgniter\Session\Handlers\FileHandler' driver.
INFO - 2025-02-28 08:09:51 --> Session: Class initialized using 'CodeIgniter\Session\Handlers\FileHandler' driver.
DEBUG - 2025-02-28 08:09:51 --> Token updated and saved to session for user ID: 1
INFO - 2025-02-28 08:09:51 --> Session: Class initialized using 'CodeIgniter\Session\Handlers\FileHandler' driver.
INFO - 2025-02-28 08:09:51 --> Session: Class initialized using 'CodeIgniter\Session\Handlers\FileHandler' driver.
INFO - 2025-02-28 08:09:55 --> Session: Class initialized using 'CodeIgniter\Session\Handlers\FileHandler' driver.
INFO - 2025-02-28 08:09:55 --> Session: Class initialized using 'CodeIgniter\Session\Handlers\FileHandler' driver.
INFO - 2025-02-28 08:10:04 --> Session: Class initialized using 'CodeIgniter\Session\Handlers\FileHandler' driver.
INFO - 2025-02-28 08:10:04 --> Session: Class initialized using 'CodeIgniter\Session\Handlers\FileHandler' driver.
INFO - 2025-02-28 08:10:10 --> Session: Class initialized using 'CodeIgniter\Session\Handlers\FileHandler' driver.
DEBUG - 2025-02-28 08:10:10 --> Data login diterima: npm_or_username=1184097
DEBUG - 2025-02-28 08:10:10 --> Hasil pencarian mahasiswa: {"id":"1","user_id":null,"npm":"1184097","nama":"Dika Dwi","email":"","password":"$2y$10$c769FHZxNhYZr.9SGsJCIOOXoyE2gLItzkS43DBWoVzVsPh46wYdm","point":"19900","gaya_belajar":"Kinestetik","created_at":"2024-12-13 02:29:49","updated_at":"2025-02-17 07:11:56","deleted_at":null,"token":"17d38b5a2a74e7983e89026a409f62d61e3438879190e1b28796c259864e7c75","last_login":"2025-02-24 10:49:22"}
DEBUG - 2025-02-28 08:10:10 --> NPM: 1184097, Generated token: d80ce5967d384a489b441a9dbe867535906938e03f996c2b7cb2cf0f95ee40c4
DEBUG - 2025-02-28 08:10:10 --> Token berhasil disimpan ke database
DEBUG - 2025-02-28 08:10:10 --> User logged in successfully: 1184097
INFO - 2025-02-28 08:10:10 --> Session: Class initialized using 'CodeIgniter\Session\Handlers\FileHandler' driver.
INFO - 2025-02-28 08:10:11 --> Session: Class initialized using 'CodeIgniter\Session\Handlers\FileHandler' driver.
INFO - 2025-02-28 08:10:12 --> Session: Class initialized using 'CodeIgniter\Session\Handlers\FileHandler' driver.
DEBUG - 2025-02-28 08:10:12 --> Session token: d80ce5967d384a489b441a9dbe867535906938e03f996c2b7cb2cf0f95ee40c4
DEBUG - 2025-02-28 08:10:12 --> Raw Authorization header: Bearer d80ce5967d384a489b441a9dbe867535906938e03f996c2b7cb2cf0f95ee40c4
DEBUG - 2025-02-28 08:10:12 --> Token dari header: d80ce5967d384a489b441a9dbe867535906938e03f996c2b7cb2cf0f95ee40c4
DEBUG - 2025-02-28 08:10:12 --> SQL: SELECT *
FROM `mahasiswa`
WHERE `token` = 'd80ce5967d384a489b441a9dbe867535906938e03f996c2b7cb2cf0f95ee40c4'
 LIMIT 1
DEBUG - 2025-02-28 08:10:12 --> Token yang dicari: d80ce5967d384a489b441a9dbe867535906938e03f996c2b7cb2cf0f95ee40c4
DEBUG - 2025-02-28 08:10:12 --> Hasil pencarian: {"id":"1","user_id":null,"npm":"1184097","nama":"Dika Dwi","email":"","password":"$2y$10$c769FHZxNhYZr.9SGsJCIOOXoyE2gLItzkS43DBWoVzVsPh46wYdm","point":"19900","gaya_belajar":"Kinestetik","created_at":"2024-12-13 02:29:49","updated_at":"2025-02-17 07:11:56","deleted_at":null,"token":"d80ce5967d384a489b441a9dbe867535906938e03f996c2b7cb2cf0f95ee40c4","last_login":"2025-02-24 10:49:22"}
INFO - 2025-02-28 08:10:12 --> Session: Class initialized using 'CodeIgniter\Session\Handlers\FileHandler' driver.
DEBUG - 2025-02-28 08:10:12 --> Session token: d80ce5967d384a489b441a9dbe867535906938e03f996c2b7cb2cf0f95ee40c4
DEBUG - 2025-02-28 08:10:12 --> Raw Authorization header: Bearer d80ce5967d384a489b441a9dbe867535906938e03f996c2b7cb2cf0f95ee40c4
DEBUG - 2025-02-28 08:10:12 --> Token dari header: d80ce5967d384a489b441a9dbe867535906938e03f996c2b7cb2cf0f95ee40c4
DEBUG - 2025-02-28 08:10:12 --> SQL: SELECT *
FROM `mahasiswa`
WHERE `token` = 'd80ce5967d384a489b441a9dbe867535906938e03f996c2b7cb2cf0f95ee40c4'
 LIMIT 1
DEBUG - 2025-02-28 08:10:12 --> Token yang dicari: d80ce5967d384a489b441a9dbe867535906938e03f996c2b7cb2cf0f95ee40c4
DEBUG - 2025-02-28 08:10:12 --> Hasil pencarian: {"id":"1","user_id":null,"npm":"1184097","nama":"Dika Dwi","email":"","password":"$2y$10$c769FHZxNhYZr.9SGsJCIOOXoyE2gLItzkS43DBWoVzVsPh46wYdm","point":"19900","gaya_belajar":"Kinestetik","created_at":"2024-12-13 02:29:49","updated_at":"2025-02-17 07:11:56","deleted_at":null,"token":"d80ce5967d384a489b441a9dbe867535906938e03f996c2b7cb2cf0f95ee40c4","last_login":"2025-02-24 10:49:22"}
INFO - 2025-02-28 08:10:12 --> Session: Class initialized using 'CodeIgniter\Session\Handlers\FileHandler' driver.
DEBUG - 2025-02-28 08:10:12 --> Session token: d80ce5967d384a489b441a9dbe867535906938e03f996c2b7cb2cf0f95ee40c4
DEBUG - 2025-02-28 08:10:12 --> Raw Authorization header: Bearer d80ce5967d384a489b441a9dbe867535906938e03f996c2b7cb2cf0f95ee40c4
DEBUG - 2025-02-28 08:10:12 --> Token dari header: d80ce5967d384a489b441a9dbe867535906938e03f996c2b7cb2cf0f95ee40c4
DEBUG - 2025-02-28 08:10:12 --> SQL: SELECT *
FROM `mahasiswa`
WHERE `token` = 'd80ce5967d384a489b441a9dbe867535906938e03f996c2b7cb2cf0f95ee40c4'
 LIMIT 1
DEBUG - 2025-02-28 08:10:12 --> Token yang dicari: d80ce5967d384a489b441a9dbe867535906938e03f996c2b7cb2cf0f95ee40c4
DEBUG - 2025-02-28 08:10:12 --> Hasil pencarian: {"id":"1","user_id":null,"npm":"1184097","nama":"Dika Dwi","email":"","password":"$2y$10$c769FHZxNhYZr.9SGsJCIOOXoyE2gLItzkS43DBWoVzVsPh46wYdm","point":"19900","gaya_belajar":"Kinestetik","created_at":"2024-12-13 02:29:49","updated_at":"2025-02-17 07:11:56","deleted_at":null,"token":"d80ce5967d384a489b441a9dbe867535906938e03f996c2b7cb2cf0f95ee40c4","last_login":"2025-02-24 10:49:22"}
INFO - 2025-02-28 08:10:17 --> Session: Class initialized using 'CodeIgniter\Session\Handlers\FileHandler' driver.
INFO - 2025-02-28 08:10:17 --> Session: Class initialized using 'CodeIgniter\Session\Handlers\FileHandler' driver.
INFO - 2025-02-28 08:10:17 --> Session: Class initialized using 'CodeIgniter\Session\Handlers\FileHandler' driver.
INFO - 2025-02-28 08:10:18 --> Session: Class initialized using 'CodeIgniter\Session\Handlers\FileHandler' driver.
DEBUG - 2025-02-28 08:10:18 --> Session token: d80ce5967d384a489b441a9dbe867535906938e03f996c2b7cb2cf0f95ee40c4
DEBUG - 2025-02-28 08:10:18 --> Raw Authorization header: Bearer d80ce5967d384a489b441a9dbe867535906938e03f996c2b7cb2cf0f95ee40c4
DEBUG - 2025-02-28 08:10:18 --> Token dari header: d80ce5967d384a489b441a9dbe867535906938e03f996c2b7cb2cf0f95ee40c4
DEBUG - 2025-02-28 08:10:18 --> SQL: SELECT *
FROM `mahasiswa`
WHERE `token` = 'd80ce5967d384a489b441a9dbe867535906938e03f996c2b7cb2cf0f95ee40c4'
 LIMIT 1
DEBUG - 2025-02-28 08:10:18 --> Token yang dicari: d80ce5967d384a489b441a9dbe867535906938e03f996c2b7cb2cf0f95ee40c4
DEBUG - 2025-02-28 08:10:18 --> Hasil pencarian: {"id":"1","user_id":null,"npm":"1184097","nama":"Dika Dwi","email":"","password":"$2y$10$c769FHZxNhYZr.9SGsJCIOOXoyE2gLItzkS43DBWoVzVsPh46wYdm","point":"19850","gaya_belajar":"Kinestetik","created_at":"2024-12-13 02:29:49","updated_at":"2025-02-28 08:10:17","deleted_at":null,"token":"d80ce5967d384a489b441a9dbe867535906938e03f996c2b7cb2cf0f95ee40c4","last_login":"2025-02-24 10:49:22"}
INFO - 2025-02-28 08:10:18 --> Session: Class initialized using 'CodeIgniter\Session\Handlers\FileHandler' driver.
DEBUG - 2025-02-28 08:10:18 --> Session token: d80ce5967d384a489b441a9dbe867535906938e03f996c2b7cb2cf0f95ee40c4
DEBUG - 2025-02-28 08:10:18 --> Raw Authorization header: Bearer d80ce5967d384a489b441a9dbe867535906938e03f996c2b7cb2cf0f95ee40c4
DEBUG - 2025-02-28 08:10:18 --> Token dari header: d80ce5967d384a489b441a9dbe867535906938e03f996c2b7cb2cf0f95ee40c4
DEBUG - 2025-02-28 08:10:18 --> SQL: SELECT *
FROM `mahasiswa`
WHERE `token` = 'd80ce5967d384a489b441a9dbe867535906938e03f996c2b7cb2cf0f95ee40c4'
 LIMIT 1
DEBUG - 2025-02-28 08:10:18 --> Token yang dicari: d80ce5967d384a489b441a9dbe867535906938e03f996c2b7cb2cf0f95ee40c4
DEBUG - 2025-02-28 08:10:18 --> Hasil pencarian: {"id":"1","user_id":null,"npm":"1184097","nama":"Dika Dwi","email":"","password":"$2y$10$c769FHZxNhYZr.9SGsJCIOOXoyE2gLItzkS43DBWoVzVsPh46wYdm","point":"19850","gaya_belajar":"Kinestetik","created_at":"2024-12-13 02:29:49","updated_at":"2025-02-28 08:10:17","deleted_at":null,"token":"d80ce5967d384a489b441a9dbe867535906938e03f996c2b7cb2cf0f95ee40c4","last_login":"2025-02-24 10:49:22"}
INFO - 2025-02-28 08:10:18 --> Session: Class initialized using 'CodeIgniter\Session\Handlers\FileHandler' driver.
DEBUG - 2025-02-28 08:10:18 --> Session token: d80ce5967d384a489b441a9dbe867535906938e03f996c2b7cb2cf0f95ee40c4
DEBUG - 2025-02-28 08:10:18 --> Raw Authorization header: Bearer d80ce5967d384a489b441a9dbe867535906938e03f996c2b7cb2cf0f95ee40c4
DEBUG - 2025-02-28 08:10:18 --> Token dari header: d80ce5967d384a489b441a9dbe867535906938e03f996c2b7cb2cf0f95ee40c4
DEBUG - 2025-02-28 08:10:18 --> SQL: SELECT *
FROM `mahasiswa`
WHERE `token` = 'd80ce5967d384a489b441a9dbe867535906938e03f996c2b7cb2cf0f95ee40c4'
 LIMIT 1
DEBUG - 2025-02-28 08:10:18 --> Token yang dicari: d80ce5967d384a489b441a9dbe867535906938e03f996c2b7cb2cf0f95ee40c4
DEBUG - 2025-02-28 08:10:18 --> Hasil pencarian: {"id":"1","user_id":null,"npm":"1184097","nama":"Dika Dwi","email":"","password":"$2y$10$c769FHZxNhYZr.9SGsJCIOOXoyE2gLItzkS43DBWoVzVsPh46wYdm","point":"19850","gaya_belajar":"Kinestetik","created_at":"2024-12-13 02:29:49","updated_at":"2025-02-28 08:10:17","deleted_at":null,"token":"d80ce5967d384a489b441a9dbe867535906938e03f996c2b7cb2cf0f95ee40c4","last_login":"2025-02-24 10:49:22"}
INFO - 2025-02-28 08:10:27 --> Session: Class initialized using 'CodeIgniter\Session\Handlers\FileHandler' driver.
INFO - 2025-02-28 08:10:27 --> Session: Class initialized using 'CodeIgniter\Session\Handlers\FileHandler' driver.
INFO - 2025-02-28 08:10:28 --> Session: Class initialized using 'CodeIgniter\Session\Handlers\FileHandler' driver.
DEBUG - 2025-02-28 08:10:28 --> Session token: d80ce5967d384a489b441a9dbe867535906938e03f996c2b7cb2cf0f95ee40c4
DEBUG - 2025-02-28 08:10:28 --> Raw Authorization header: Bearer d80ce5967d384a489b441a9dbe867535906938e03f996c2b7cb2cf0f95ee40c4
DEBUG - 2025-02-28 08:10:28 --> Token dari header: d80ce5967d384a489b441a9dbe867535906938e03f996c2b7cb2cf0f95ee40c4
DEBUG - 2025-02-28 08:10:28 --> SQL: SELECT *
FROM `mahasiswa`
WHERE `token` = 'd80ce5967d384a489b441a9dbe867535906938e03f996c2b7cb2cf0f95ee40c4'
 LIMIT 1
DEBUG - 2025-02-28 08:10:28 --> Token yang dicari: d80ce5967d384a489b441a9dbe867535906938e03f996c2b7cb2cf0f95ee40c4
DEBUG - 2025-02-28 08:10:28 --> Hasil pencarian: {"id":"1","user_id":null,"npm":"1184097","nama":"Dika Dwi","email":"","password":"$2y$10$c769FHZxNhYZr.9SGsJCIOOXoyE2gLItzkS43DBWoVzVsPh46wYdm","point":"19850","gaya_belajar":"Kinestetik","created_at":"2024-12-13 02:29:49","updated_at":"2025-02-28 08:10:17","deleted_at":null,"token":"d80ce5967d384a489b441a9dbe867535906938e03f996c2b7cb2cf0f95ee40c4","last_login":"2025-02-24 10:49:22"}
INFO - 2025-02-28 08:10:28 --> Session: Class initialized using 'CodeIgniter\Session\Handlers\FileHandler' driver.
DEBUG - 2025-02-28 08:10:28 --> Session token: d80ce5967d384a489b441a9dbe867535906938e03f996c2b7cb2cf0f95ee40c4
DEBUG - 2025-02-28 08:10:28 --> Raw Authorization header: Bearer d80ce5967d384a489b441a9dbe867535906938e03f996c2b7cb2cf0f95ee40c4
DEBUG - 2025-02-28 08:10:28 --> Token dari header: d80ce5967d384a489b441a9dbe867535906938e03f996c2b7cb2cf0f95ee40c4
DEBUG - 2025-02-28 08:10:28 --> SQL: SELECT *
FROM `mahasiswa`
WHERE `token` = 'd80ce5967d384a489b441a9dbe867535906938e03f996c2b7cb2cf0f95ee40c4'
 LIMIT 1
DEBUG - 2025-02-28 08:10:28 --> Token yang dicari: d80ce5967d384a489b441a9dbe867535906938e03f996c2b7cb2cf0f95ee40c4
DEBUG - 2025-02-28 08:10:28 --> Hasil pencarian: {"id":"1","user_id":null,"npm":"1184097","nama":"Dika Dwi","email":"","password":"$2y$10$c769FHZxNhYZr.9SGsJCIOOXoyE2gLItzkS43DBWoVzVsPh46wYdm","point":"19850","gaya_belajar":"Kinestetik","created_at":"2024-12-13 02:29:49","updated_at":"2025-02-28 08:10:17","deleted_at":null,"token":"d80ce5967d384a489b441a9dbe867535906938e03f996c2b7cb2cf0f95ee40c4","last_login":"2025-02-24 10:49:22"}
INFO - 2025-02-28 08:10:28 --> Session: Class initialized using 'CodeIgniter\Session\Handlers\FileHandler' driver.
DEBUG - 2025-02-28 08:10:28 --> Session token: d80ce5967d384a489b441a9dbe867535906938e03f996c2b7cb2cf0f95ee40c4
DEBUG - 2025-02-28 08:10:28 --> Raw Authorization header: Bearer d80ce5967d384a489b441a9dbe867535906938e03f996c2b7cb2cf0f95ee40c4
DEBUG - 2025-02-28 08:10:28 --> Token dari header: d80ce5967d384a489b441a9dbe867535906938e03f996c2b7cb2cf0f95ee40c4
DEBUG - 2025-02-28 08:10:28 --> SQL: SELECT *
FROM `mahasiswa`
WHERE `token` = 'd80ce5967d384a489b441a9dbe867535906938e03f996c2b7cb2cf0f95ee40c4'
 LIMIT 1
DEBUG - 2025-02-28 08:10:28 --> Token yang dicari: d80ce5967d384a489b441a9dbe867535906938e03f996c2b7cb2cf0f95ee40c4
DEBUG - 2025-02-28 08:10:28 --> Hasil pencarian: {"id":"1","user_id":null,"npm":"1184097","nama":"Dika Dwi","email":"","password":"$2y$10$c769FHZxNhYZr.9SGsJCIOOXoyE2gLItzkS43DBWoVzVsPh46wYdm","point":"19850","gaya_belajar":"Kinestetik","created_at":"2024-12-13 02:29:49","updated_at":"2025-02-28 08:10:17","deleted_at":null,"token":"d80ce5967d384a489b441a9dbe867535906938e03f996c2b7cb2cf0f95ee40c4","last_login":"2025-02-24 10:49:22"}
INFO - 2025-02-28 08:10:47 --> Session: Class initialized using 'CodeIgniter\Session\Handlers\FileHandler' driver.
INFO - 2025-02-28 08:10:47 --> Session: Class initialized using 'CodeIgniter\Session\Handlers\FileHandler' driver.
INFO - 2025-02-28 08:10:50 --> Session: Class initialized using 'CodeIgniter\Session\Handlers\FileHandler' driver.
INFO - 2025-02-28 08:10:50 --> Session: Class initialized using 'CodeIgniter\Session\Handlers\FileHandler' driver.
INFO - 2025-02-28 08:10:57 --> Session: Class initialized using 'CodeIgniter\Session\Handlers\FileHandler' driver.
INFO - 2025-02-28 08:10:57 --> Session: Class initialized using 'CodeIgniter\Session\Handlers\FileHandler' driver.
INFO - 2025-02-28 08:10:57 --> Session: Class initialized using 'CodeIgniter\Session\Handlers\FileHandler' driver.
INFO - 2025-02-28 08:11:01 --> Session: Class initialized using 'CodeIgniter\Session\Handlers\FileHandler' driver.
INFO - 2025-02-28 08:11:01 --> Session: Class initialized using 'CodeIgniter\Session\Handlers\FileHandler' driver.
INFO - 2025-02-28 08:11:02 --> Session: Class initialized using 'CodeIgniter\Session\Handlers\FileHandler' driver.
DEBUG - 2025-02-28 08:11:02 --> Session token: d80ce5967d384a489b441a9dbe867535906938e03f996c2b7cb2cf0f95ee40c4
DEBUG - 2025-02-28 08:11:02 --> Raw Authorization header: Bearer d80ce5967d384a489b441a9dbe867535906938e03f996c2b7cb2cf0f95ee40c4
DEBUG - 2025-02-28 08:11:02 --> Token dari header: d80ce5967d384a489b441a9dbe867535906938e03f996c2b7cb2cf0f95ee40c4
DEBUG - 2025-02-28 08:11:02 --> SQL: SELECT *
FROM `mahasiswa`
WHERE `token` = 'd80ce5967d384a489b441a9dbe867535906938e03f996c2b7cb2cf0f95ee40c4'
 LIMIT 1
DEBUG - 2025-02-28 08:11:02 --> Token yang dicari: d80ce5967d384a489b441a9dbe867535906938e03f996c2b7cb2cf0f95ee40c4
DEBUG - 2025-02-28 08:11:02 --> Hasil pencarian: {"id":"1","user_id":null,"npm":"1184097","nama":"Dika Dwi","email":"","password":"$2y$10$c769FHZxNhYZr.9SGsJCIOOXoyE2gLItzkS43DBWoVzVsPh46wYdm","point":"19741","gaya_belajar":"Kinestetik","created_at":"2024-12-13 02:29:49","updated_at":"2025-02-28 08:10:57","deleted_at":null,"token":"d80ce5967d384a489b441a9dbe867535906938e03f996c2b7cb2cf0f95ee40c4","last_login":"2025-02-24 10:49:22"}
INFO - 2025-02-28 08:11:02 --> Session: Class initialized using 'CodeIgniter\Session\Handlers\FileHandler' driver.
DEBUG - 2025-02-28 08:11:02 --> Session token: d80ce5967d384a489b441a9dbe867535906938e03f996c2b7cb2cf0f95ee40c4
DEBUG - 2025-02-28 08:11:02 --> Raw Authorization header: Bearer d80ce5967d384a489b441a9dbe867535906938e03f996c2b7cb2cf0f95ee40c4
DEBUG - 2025-02-28 08:11:02 --> Token dari header: d80ce5967d384a489b441a9dbe867535906938e03f996c2b7cb2cf0f95ee40c4
DEBUG - 2025-02-28 08:11:02 --> SQL: SELECT *
FROM `mahasiswa`
WHERE `token` = 'd80ce5967d384a489b441a9dbe867535906938e03f996c2b7cb2cf0f95ee40c4'
 LIMIT 1
DEBUG - 2025-02-28 08:11:02 --> Token yang dicari: d80ce5967d384a489b441a9dbe867535906938e03f996c2b7cb2cf0f95ee40c4
DEBUG - 2025-02-28 08:11:02 --> Hasil pencarian: {"id":"1","user_id":null,"npm":"1184097","nama":"Dika Dwi","email":"","password":"$2y$10$c769FHZxNhYZr.9SGsJCIOOXoyE2gLItzkS43DBWoVzVsPh46wYdm","point":"19741","gaya_belajar":"Kinestetik","created_at":"2024-12-13 02:29:49","updated_at":"2025-02-28 08:10:57","deleted_at":null,"token":"d80ce5967d384a489b441a9dbe867535906938e03f996c2b7cb2cf0f95ee40c4","last_login":"2025-02-24 10:49:22"}
INFO - 2025-02-28 08:11:02 --> Session: Class initialized using 'CodeIgniter\Session\Handlers\FileHandler' driver.
DEBUG - 2025-02-28 08:11:02 --> Session token: d80ce5967d384a489b441a9dbe867535906938e03f996c2b7cb2cf0f95ee40c4
DEBUG - 2025-02-28 08:11:02 --> Raw Authorization header: Bearer d80ce5967d384a489b441a9dbe867535906938e03f996c2b7cb2cf0f95ee40c4
DEBUG - 2025-02-28 08:11:02 --> Token dari header: d80ce5967d384a489b441a9dbe867535906938e03f996c2b7cb2cf0f95ee40c4
DEBUG - 2025-02-28 08:11:02 --> SQL: SELECT *
FROM `mahasiswa`
WHERE `token` = 'd80ce5967d384a489b441a9dbe867535906938e03f996c2b7cb2cf0f95ee40c4'
 LIMIT 1
DEBUG - 2025-02-28 08:11:02 --> Token yang dicari: d80ce5967d384a489b441a9dbe867535906938e03f996c2b7cb2cf0f95ee40c4
DEBUG - 2025-02-28 08:11:02 --> Hasil pencarian: {"id":"1","user_id":null,"npm":"1184097","nama":"Dika Dwi","email":"","password":"$2y$10$c769FHZxNhYZr.9SGsJCIOOXoyE2gLItzkS43DBWoVzVsPh46wYdm","point":"19741","gaya_belajar":"Kinestetik","created_at":"2024-12-13 02:29:49","updated_at":"2025-02-28 08:10:57","deleted_at":null,"token":"d80ce5967d384a489b441a9dbe867535906938e03f996c2b7cb2cf0f95ee40c4","last_login":"2025-02-24 10:49:22"}
INFO - 2025-02-28 08:12:27 --> Session: Class initialized using 'CodeIgniter\Session\Handlers\FileHandler' driver.
INFO - 2025-02-28 08:12:27 --> Session: Class initialized using 'CodeIgniter\Session\Handlers\FileHandler' driver.
INFO - 2025-02-28 08:12:29 --> Session: Class initialized using 'CodeIgniter\Session\Handlers\FileHandler' driver.
INFO - 2025-02-28 08:12:30 --> Session: Class initialized using 'CodeIgniter\Session\Handlers\FileHandler' driver.
INFO - 2025-02-28 08:12:30 --> Session: Class initialized using 'CodeIgniter\Session\Handlers\FileHandler' driver.
DEBUG - 2025-02-28 08:12:30 --> Session token: d80ce5967d384a489b441a9dbe867535906938e03f996c2b7cb2cf0f95ee40c4
DEBUG - 2025-02-28 08:12:30 --> Raw Authorization header: Bearer d80ce5967d384a489b441a9dbe867535906938e03f996c2b7cb2cf0f95ee40c4
DEBUG - 2025-02-28 08:12:30 --> Token dari header: d80ce5967d384a489b441a9dbe867535906938e03f996c2b7cb2cf0f95ee40c4
DEBUG - 2025-02-28 08:12:30 --> SQL: SELECT *
FROM `mahasiswa`
WHERE `token` = 'd80ce5967d384a489b441a9dbe867535906938e03f996c2b7cb2cf0f95ee40c4'
 LIMIT 1
DEBUG - 2025-02-28 08:12:30 --> Token yang dicari: d80ce5967d384a489b441a9dbe867535906938e03f996c2b7cb2cf0f95ee40c4
DEBUG - 2025-02-28 08:12:30 --> Hasil pencarian: {"id":"1","user_id":null,"npm":"1184097","nama":"Dika Dwi","email":"","password":"$2y$10$c769FHZxNhYZr.9SGsJCIOOXoyE2gLItzkS43DBWoVzVsPh46wYdm","point":"19741","gaya_belajar":"Kinestetik","created_at":"2024-12-13 02:29:49","updated_at":"2025-02-28 08:10:57","deleted_at":null,"token":"d80ce5967d384a489b441a9dbe867535906938e03f996c2b7cb2cf0f95ee40c4","last_login":"2025-02-24 10:49:22"}
INFO - 2025-02-28 08:12:31 --> Session: Class initialized using 'CodeIgniter\Session\Handlers\FileHandler' driver.
DEBUG - 2025-02-28 08:12:31 --> Session token: d80ce5967d384a489b441a9dbe867535906938e03f996c2b7cb2cf0f95ee40c4
DEBUG - 2025-02-28 08:12:31 --> Raw Authorization header: Bearer d80ce5967d384a489b441a9dbe867535906938e03f996c2b7cb2cf0f95ee40c4
DEBUG - 2025-02-28 08:12:31 --> Token dari header: d80ce5967d384a489b441a9dbe867535906938e03f996c2b7cb2cf0f95ee40c4
DEBUG - 2025-02-28 08:12:31 --> SQL: SELECT *
FROM `mahasiswa`
WHERE `token` = 'd80ce5967d384a489b441a9dbe867535906938e03f996c2b7cb2cf0f95ee40c4'
 LIMIT 1
DEBUG - 2025-02-28 08:12:31 --> Token yang dicari: d80ce5967d384a489b441a9dbe867535906938e03f996c2b7cb2cf0f95ee40c4
DEBUG - 2025-02-28 08:12:31 --> Hasil pencarian: {"id":"1","user_id":null,"npm":"1184097","nama":"Dika Dwi","email":"","password":"$2y$10$c769FHZxNhYZr.9SGsJCIOOXoyE2gLItzkS43DBWoVzVsPh46wYdm","point":"19741","gaya_belajar":"Kinestetik","created_at":"2024-12-13 02:29:49","updated_at":"2025-02-28 08:10:57","deleted_at":null,"token":"d80ce5967d384a489b441a9dbe867535906938e03f996c2b7cb2cf0f95ee40c4","last_login":"2025-02-24 10:49:22"}
INFO - 2025-02-28 08:12:31 --> Session: Class initialized using 'CodeIgniter\Session\Handlers\FileHandler' driver.
DEBUG - 2025-02-28 08:12:31 --> Session token: d80ce5967d384a489b441a9dbe867535906938e03f996c2b7cb2cf0f95ee40c4
DEBUG - 2025-02-28 08:12:31 --> Raw Authorization header: Bearer d80ce5967d384a489b441a9dbe867535906938e03f996c2b7cb2cf0f95ee40c4
DEBUG - 2025-02-28 08:12:31 --> Token dari header: d80ce5967d384a489b441a9dbe867535906938e03f996c2b7cb2cf0f95ee40c4
DEBUG - 2025-02-28 08:12:31 --> SQL: SELECT *
FROM `mahasiswa`
WHERE `token` = 'd80ce5967d384a489b441a9dbe867535906938e03f996c2b7cb2cf0f95ee40c4'
 LIMIT 1
DEBUG - 2025-02-28 08:12:31 --> Token yang dicari: d80ce5967d384a489b441a9dbe867535906938e03f996c2b7cb2cf0f95ee40c4
DEBUG - 2025-02-28 08:12:31 --> Hasil pencarian: {"id":"1","user_id":null,"npm":"1184097","nama":"Dika Dwi","email":"","password":"$2y$10$c769FHZxNhYZr.9SGsJCIOOXoyE2gLItzkS43DBWoVzVsPh46wYdm","point":"19741","gaya_belajar":"Kinestetik","created_at":"2024-12-13 02:29:49","updated_at":"2025-02-28 08:10:57","deleted_at":null,"token":"d80ce5967d384a489b441a9dbe867535906938e03f996c2b7cb2cf0f95ee40c4","last_login":"2025-02-24 10:49:22"}
INFO - 2025-02-28 08:12:35 --> Session: Class initialized using 'CodeIgniter\Session\Handlers\FileHandler' driver.
INFO - 2025-02-28 08:12:36 --> Session: Class initialized using 'CodeIgniter\Session\Handlers\FileHandler' driver.
INFO - 2025-02-28 08:12:36 --> Session: Class initialized using 'CodeIgniter\Session\Handlers\FileHandler' driver.
INFO - 2025-02-28 08:12:37 --> Session: Class initialized using 'CodeIgniter\Session\Handlers\FileHandler' driver.
DEBUG - 2025-02-28 08:12:37 --> Session token: d80ce5967d384a489b441a9dbe867535906938e03f996c2b7cb2cf0f95ee40c4
DEBUG - 2025-02-28 08:12:37 --> Raw Authorization header: Bearer d80ce5967d384a489b441a9dbe867535906938e03f996c2b7cb2cf0f95ee40c4
DEBUG - 2025-02-28 08:12:37 --> Token dari header: d80ce5967d384a489b441a9dbe867535906938e03f996c2b7cb2cf0f95ee40c4
DEBUG - 2025-02-28 08:12:37 --> SQL: SELECT *
FROM `mahasiswa`
WHERE `token` = 'd80ce5967d384a489b441a9dbe867535906938e03f996c2b7cb2cf0f95ee40c4'
 LIMIT 1
DEBUG - 2025-02-28 08:12:37 --> Token yang dicari: d80ce5967d384a489b441a9dbe867535906938e03f996c2b7cb2cf0f95ee40c4
DEBUG - 2025-02-28 08:12:37 --> Hasil pencarian: {"id":"1","user_id":null,"npm":"1184097","nama":"Dika Dwi","email":"","password":"$2y$10$c769FHZxNhYZr.9SGsJCIOOXoyE2gLItzkS43DBWoVzVsPh46wYdm","point":"19771","gaya_belajar":"Kinestetik","created_at":"2024-12-13 02:29:49","updated_at":"2025-02-28 08:12:35","deleted_at":null,"token":"d80ce5967d384a489b441a9dbe867535906938e03f996c2b7cb2cf0f95ee40c4","last_login":"2025-02-24 10:49:22"}
INFO - 2025-02-28 08:12:37 --> Session: Class initialized using 'CodeIgniter\Session\Handlers\FileHandler' driver.
DEBUG - 2025-02-28 08:12:37 --> Session token: d80ce5967d384a489b441a9dbe867535906938e03f996c2b7cb2cf0f95ee40c4
DEBUG - 2025-02-28 08:12:37 --> Raw Authorization header: Bearer d80ce5967d384a489b441a9dbe867535906938e03f996c2b7cb2cf0f95ee40c4
DEBUG - 2025-02-28 08:12:37 --> Token dari header: d80ce5967d384a489b441a9dbe867535906938e03f996c2b7cb2cf0f95ee40c4
DEBUG - 2025-02-28 08:12:37 --> SQL: SELECT *
FROM `mahasiswa`
WHERE `token` = 'd80ce5967d384a489b441a9dbe867535906938e03f996c2b7cb2cf0f95ee40c4'
 LIMIT 1
DEBUG - 2025-02-28 08:12:37 --> Token yang dicari: d80ce5967d384a489b441a9dbe867535906938e03f996c2b7cb2cf0f95ee40c4
DEBUG - 2025-02-28 08:12:37 --> Hasil pencarian: {"id":"1","user_id":null,"npm":"1184097","nama":"Dika Dwi","email":"","password":"$2y$10$c769FHZxNhYZr.9SGsJCIOOXoyE2gLItzkS43DBWoVzVsPh46wYdm","point":"19771","gaya_belajar":"Kinestetik","created_at":"2024-12-13 02:29:49","updated_at":"2025-02-28 08:12:35","deleted_at":null,"token":"d80ce5967d384a489b441a9dbe867535906938e03f996c2b7cb2cf0f95ee40c4","last_login":"2025-02-24 10:49:22"}
INFO - 2025-02-28 08:12:37 --> Session: Class initialized using 'CodeIgniter\Session\Handlers\FileHandler' driver.
DEBUG - 2025-02-28 08:12:37 --> Session token: d80ce5967d384a489b441a9dbe867535906938e03f996c2b7cb2cf0f95ee40c4
DEBUG - 2025-02-28 08:12:37 --> Raw Authorization header: Bearer d80ce5967d384a489b441a9dbe867535906938e03f996c2b7cb2cf0f95ee40c4
DEBUG - 2025-02-28 08:12:37 --> Token dari header: d80ce5967d384a489b441a9dbe867535906938e03f996c2b7cb2cf0f95ee40c4
DEBUG - 2025-02-28 08:12:37 --> SQL: SELECT *
FROM `mahasiswa`
WHERE `token` = 'd80ce5967d384a489b441a9dbe867535906938e03f996c2b7cb2cf0f95ee40c4'
 LIMIT 1
DEBUG - 2025-02-28 08:12:37 --> Token yang dicari: d80ce5967d384a489b441a9dbe867535906938e03f996c2b7cb2cf0f95ee40c4
DEBUG - 2025-02-28 08:12:37 --> Hasil pencarian: {"id":"1","user_id":null,"npm":"1184097","nama":"Dika Dwi","email":"","password":"$2y$10$c769FHZxNhYZr.9SGsJCIOOXoyE2gLItzkS43DBWoVzVsPh46wYdm","point":"19771","gaya_belajar":"Kinestetik","created_at":"2024-12-13 02:29:49","updated_at":"2025-02-28 08:12:35","deleted_at":null,"token":"d80ce5967d384a489b441a9dbe867535906938e03f996c2b7cb2cf0f95ee40c4","last_login":"2025-02-24 10:49:22"}
INFO - 2025-02-28 08:12:39 --> Session: Class initialized using 'CodeIgniter\Session\Handlers\FileHandler' driver.
INFO - 2025-02-28 08:12:40 --> Session: Class initialized using 'CodeIgniter\Session\Handlers\FileHandler' driver.
INFO - 2025-02-28 08:12:41 --> Session: Class initialized using 'CodeIgniter\Session\Handlers\FileHandler' driver.
DEBUG - 2025-02-28 08:12:41 --> Session token: d80ce5967d384a489b441a9dbe867535906938e03f996c2b7cb2cf0f95ee40c4
DEBUG - 2025-02-28 08:12:41 --> Raw Authorization header: Bearer d80ce5967d384a489b441a9dbe867535906938e03f996c2b7cb2cf0f95ee40c4
DEBUG - 2025-02-28 08:12:41 --> Token dari header: d80ce5967d384a489b441a9dbe867535906938e03f996c2b7cb2cf0f95ee40c4
DEBUG - 2025-02-28 08:12:41 --> SQL: SELECT *
FROM `mahasiswa`
WHERE `token` = 'd80ce5967d384a489b441a9dbe867535906938e03f996c2b7cb2cf0f95ee40c4'
 LIMIT 1
DEBUG - 2025-02-28 08:12:41 --> Token yang dicari: d80ce5967d384a489b441a9dbe867535906938e03f996c2b7cb2cf0f95ee40c4
DEBUG - 2025-02-28 08:12:41 --> Hasil pencarian: {"id":"1","user_id":null,"npm":"1184097","nama":"Dika Dwi","email":"","password":"$2y$10$c769FHZxNhYZr.9SGsJCIOOXoyE2gLItzkS43DBWoVzVsPh46wYdm","point":"19771","gaya_belajar":"Kinestetik","created_at":"2024-12-13 02:29:49","updated_at":"2025-02-28 08:12:35","deleted_at":null,"token":"d80ce5967d384a489b441a9dbe867535906938e03f996c2b7cb2cf0f95ee40c4","last_login":"2025-02-24 10:49:22"}
INFO - 2025-02-28 08:12:41 --> Session: Class initialized using 'CodeIgniter\Session\Handlers\FileHandler' driver.
DEBUG - 2025-02-28 08:12:41 --> Session token: d80ce5967d384a489b441a9dbe867535906938e03f996c2b7cb2cf0f95ee40c4
DEBUG - 2025-02-28 08:12:41 --> Raw Authorization header: Bearer d80ce5967d384a489b441a9dbe867535906938e03f996c2b7cb2cf0f95ee40c4
DEBUG - 2025-02-28 08:12:41 --> Token dari header: d80ce5967d384a489b441a9dbe867535906938e03f996c2b7cb2cf0f95ee40c4
DEBUG - 2025-02-28 08:12:41 --> SQL: SELECT *
FROM `mahasiswa`
WHERE `token` = 'd80ce5967d384a489b441a9dbe867535906938e03f996c2b7cb2cf0f95ee40c4'
 LIMIT 1
DEBUG - 2025-02-28 08:12:41 --> Token yang dicari: d80ce5967d384a489b441a9dbe867535906938e03f996c2b7cb2cf0f95ee40c4
DEBUG - 2025-02-28 08:12:41 --> Hasil pencarian: {"id":"1","user_id":null,"npm":"1184097","nama":"Dika Dwi","email":"","password":"$2y$10$c769FHZxNhYZr.9SGsJCIOOXoyE2gLItzkS43DBWoVzVsPh46wYdm","point":"19771","gaya_belajar":"Kinestetik","created_at":"2024-12-13 02:29:49","updated_at":"2025-02-28 08:12:35","deleted_at":null,"token":"d80ce5967d384a489b441a9dbe867535906938e03f996c2b7cb2cf0f95ee40c4","last_login":"2025-02-24 10:49:22"}
INFO - 2025-02-28 08:12:41 --> Session: Class initialized using 'CodeIgniter\Session\Handlers\FileHandler' driver.
DEBUG - 2025-02-28 08:12:41 --> Session token: d80ce5967d384a489b441a9dbe867535906938e03f996c2b7cb2cf0f95ee40c4
DEBUG - 2025-02-28 08:12:41 --> Raw Authorization header: Bearer d80ce5967d384a489b441a9dbe867535906938e03f996c2b7cb2cf0f95ee40c4
DEBUG - 2025-02-28 08:12:41 --> Token dari header: d80ce5967d384a489b441a9dbe867535906938e03f996c2b7cb2cf0f95ee40c4
DEBUG - 2025-02-28 08:12:41 --> SQL: SELECT *
FROM `mahasiswa`
WHERE `token` = 'd80ce5967d384a489b441a9dbe867535906938e03f996c2b7cb2cf0f95ee40c4'
 LIMIT 1
DEBUG - 2025-02-28 08:12:41 --> Token yang dicari: d80ce5967d384a489b441a9dbe867535906938e03f996c2b7cb2cf0f95ee40c4
DEBUG - 2025-02-28 08:12:41 --> Hasil pencarian: {"id":"1","user_id":null,"npm":"1184097","nama":"Dika Dwi","email":"","password":"$2y$10$c769FHZxNhYZr.9SGsJCIOOXoyE2gLItzkS43DBWoVzVsPh46wYdm","point":"19771","gaya_belajar":"Kinestetik","created_at":"2024-12-13 02:29:49","updated_at":"2025-02-28 08:12:35","deleted_at":null,"token":"d80ce5967d384a489b441a9dbe867535906938e03f996c2b7cb2cf0f95ee40c4","last_login":"2025-02-24 10:49:22"}
INFO - 2025-02-28 08:12:42 --> Session: Class initialized using 'CodeIgniter\Session\Handlers\FileHandler' driver.
INFO - 2025-02-28 08:12:42 --> Session: Class initialized using 'CodeIgniter\Session\Handlers\FileHandler' driver.
INFO - 2025-02-28 08:12:43 --> Session: Class initialized using 'CodeIgniter\Session\Handlers\FileHandler' driver.
DEBUG - 2025-02-28 08:12:43 --> Session token: d80ce5967d384a489b441a9dbe867535906938e03f996c2b7cb2cf0f95ee40c4
DEBUG - 2025-02-28 08:12:43 --> Raw Authorization header: Bearer d80ce5967d384a489b441a9dbe867535906938e03f996c2b7cb2cf0f95ee40c4
DEBUG - 2025-02-28 08:12:43 --> Token dari header: d80ce5967d384a489b441a9dbe867535906938e03f996c2b7cb2cf0f95ee40c4
DEBUG - 2025-02-28 08:12:43 --> SQL: SELECT *
FROM `mahasiswa`
WHERE `token` = 'd80ce5967d384a489b441a9dbe867535906938e03f996c2b7cb2cf0f95ee40c4'
 LIMIT 1
DEBUG - 2025-02-28 08:12:43 --> Token yang dicari: d80ce5967d384a489b441a9dbe867535906938e03f996c2b7cb2cf0f95ee40c4
DEBUG - 2025-02-28 08:12:43 --> Hasil pencarian: {"id":"1","user_id":null,"npm":"1184097","nama":"Dika Dwi","email":"","password":"$2y$10$c769FHZxNhYZr.9SGsJCIOOXoyE2gLItzkS43DBWoVzVsPh46wYdm","point":"19771","gaya_belajar":"Kinestetik","created_at":"2024-12-13 02:29:49","updated_at":"2025-02-28 08:12:35","deleted_at":null,"token":"d80ce5967d384a489b441a9dbe867535906938e03f996c2b7cb2cf0f95ee40c4","last_login":"2025-02-24 10:49:22"}
INFO - 2025-02-28 08:12:43 --> Session: Class initialized using 'CodeIgniter\Session\Handlers\FileHandler' driver.
DEBUG - 2025-02-28 08:12:43 --> Session token: d80ce5967d384a489b441a9dbe867535906938e03f996c2b7cb2cf0f95ee40c4
DEBUG - 2025-02-28 08:12:43 --> Raw Authorization header: Bearer d80ce5967d384a489b441a9dbe867535906938e03f996c2b7cb2cf0f95ee40c4
DEBUG - 2025-02-28 08:12:43 --> Token dari header: d80ce5967d384a489b441a9dbe867535906938e03f996c2b7cb2cf0f95ee40c4
DEBUG - 2025-02-28 08:12:43 --> SQL: SELECT *
FROM `mahasiswa`
WHERE `token` = 'd80ce5967d384a489b441a9dbe867535906938e03f996c2b7cb2cf0f95ee40c4'
 LIMIT 1
DEBUG - 2025-02-28 08:12:43 --> Token yang dicari: d80ce5967d384a489b441a9dbe867535906938e03f996c2b7cb2cf0f95ee40c4
DEBUG - 2025-02-28 08:12:43 --> Hasil pencarian: {"id":"1","user_id":null,"npm":"1184097","nama":"Dika Dwi","email":"","password":"$2y$10$c769FHZxNhYZr.9SGsJCIOOXoyE2gLItzkS43DBWoVzVsPh46wYdm","point":"19771","gaya_belajar":"Kinestetik","created_at":"2024-12-13 02:29:49","updated_at":"2025-02-28 08:12:35","deleted_at":null,"token":"d80ce5967d384a489b441a9dbe867535906938e03f996c2b7cb2cf0f95ee40c4","last_login":"2025-02-24 10:49:22"}
INFO - 2025-02-28 08:12:43 --> Session: Class initialized using 'CodeIgniter\Session\Handlers\FileHandler' driver.
DEBUG - 2025-02-28 08:12:43 --> Session token: d80ce5967d384a489b441a9dbe867535906938e03f996c2b7cb2cf0f95ee40c4
DEBUG - 2025-02-28 08:12:43 --> Raw Authorization header: Bearer d80ce5967d384a489b441a9dbe867535906938e03f996c2b7cb2cf0f95ee40c4
DEBUG - 2025-02-28 08:12:43 --> Token dari header: d80ce5967d384a489b441a9dbe867535906938e03f996c2b7cb2cf0f95ee40c4
DEBUG - 2025-02-28 08:12:43 --> SQL: SELECT *
FROM `mahasiswa`
WHERE `token` = 'd80ce5967d384a489b441a9dbe867535906938e03f996c2b7cb2cf0f95ee40c4'
 LIMIT 1
DEBUG - 2025-02-28 08:12:43 --> Token yang dicari: d80ce5967d384a489b441a9dbe867535906938e03f996c2b7cb2cf0f95ee40c4
DEBUG - 2025-02-28 08:12:43 --> Hasil pencarian: {"id":"1","user_id":null,"npm":"1184097","nama":"Dika Dwi","email":"","password":"$2y$10$c769FHZxNhYZr.9SGsJCIOOXoyE2gLItzkS43DBWoVzVsPh46wYdm","point":"19771","gaya_belajar":"Kinestetik","created_at":"2024-12-13 02:29:49","updated_at":"2025-02-28 08:12:35","deleted_at":null,"token":"d80ce5967d384a489b441a9dbe867535906938e03f996c2b7cb2cf0f95ee40c4","last_login":"2025-02-24 10:49:22"}
INFO - 2025-02-28 08:12:45 --> Session: Class initialized using 'CodeIgniter\Session\Handlers\FileHandler' driver.
INFO - 2025-02-28 08:12:45 --> Session: Class initialized using 'CodeIgniter\Session\Handlers\FileHandler' driver.
INFO - 2025-02-28 08:14:33 --> Session: Class initialized using 'CodeIgniter\Session\Handlers\FileHandler' driver.
INFO - 2025-02-28 08:14:34 --> Session: Class initialized using 'CodeIgniter\Session\Handlers\FileHandler' driver.
INFO - 2025-02-28 08:14:35 --> Session: Class initialized using 'CodeIgniter\Session\Handlers\FileHandler' driver.
INFO - 2025-02-28 08:14:36 --> Session: Class initialized using 'CodeIgniter\Session\Handlers\FileHandler' driver.
INFO - 2025-02-28 08:14:36 --> Session: Class initialized using 'CodeIgniter\Session\Handlers\FileHandler' driver.
DEBUG - 2025-02-28 08:14:36 --> Session token: d80ce5967d384a489b441a9dbe867535906938e03f996c2b7cb2cf0f95ee40c4
DEBUG - 2025-02-28 08:14:36 --> Raw Authorization header: Bearer d80ce5967d384a489b441a9dbe867535906938e03f996c2b7cb2cf0f95ee40c4
DEBUG - 2025-02-28 08:14:36 --> Token dari header: d80ce5967d384a489b441a9dbe867535906938e03f996c2b7cb2cf0f95ee40c4
DEBUG - 2025-02-28 08:14:36 --> SQL: SELECT *
FROM `mahasiswa`
WHERE `token` = 'd80ce5967d384a489b441a9dbe867535906938e03f996c2b7cb2cf0f95ee40c4'
 LIMIT 1
DEBUG - 2025-02-28 08:14:36 --> Token yang dicari: d80ce5967d384a489b441a9dbe867535906938e03f996c2b7cb2cf0f95ee40c4
DEBUG - 2025-02-28 08:14:36 --> Hasil pencarian: {"id":"1","user_id":null,"npm":"1184097","nama":"Dika Dwi","email":"","password":"$2y$10$c769FHZxNhYZr.9SGsJCIOOXoyE2gLItzkS43DBWoVzVsPh46wYdm","point":"19771","gaya_belajar":"Kinestetik","created_at":"2024-12-13 02:29:49","updated_at":"2025-02-28 08:12:35","deleted_at":null,"token":"d80ce5967d384a489b441a9dbe867535906938e03f996c2b7cb2cf0f95ee40c4","last_login":"2025-02-24 10:49:22"}
INFO - 2025-02-28 08:14:37 --> Session: Class initialized using 'CodeIgniter\Session\Handlers\FileHandler' driver.
DEBUG - 2025-02-28 08:14:37 --> Session token: d80ce5967d384a489b441a9dbe867535906938e03f996c2b7cb2cf0f95ee40c4
DEBUG - 2025-02-28 08:14:37 --> Raw Authorization header: Bearer d80ce5967d384a489b441a9dbe867535906938e03f996c2b7cb2cf0f95ee40c4
DEBUG - 2025-02-28 08:14:37 --> Token dari header: d80ce5967d384a489b441a9dbe867535906938e03f996c2b7cb2cf0f95ee40c4
DEBUG - 2025-02-28 08:14:37 --> SQL: SELECT *
FROM `mahasiswa`
WHERE `token` = 'd80ce5967d384a489b441a9dbe867535906938e03f996c2b7cb2cf0f95ee40c4'
 LIMIT 1
DEBUG - 2025-02-28 08:14:37 --> Token yang dicari: d80ce5967d384a489b441a9dbe867535906938e03f996c2b7cb2cf0f95ee40c4
DEBUG - 2025-02-28 08:14:37 --> Hasil pencarian: {"id":"1","user_id":null,"npm":"1184097","nama":"Dika Dwi","email":"","password":"$2y$10$c769FHZxNhYZr.9SGsJCIOOXoyE2gLItzkS43DBWoVzVsPh46wYdm","point":"19771","gaya_belajar":"Kinestetik","created_at":"2024-12-13 02:29:49","updated_at":"2025-02-28 08:12:35","deleted_at":null,"token":"d80ce5967d384a489b441a9dbe867535906938e03f996c2b7cb2cf0f95ee40c4","last_login":"2025-02-24 10:49:22"}
INFO - 2025-02-28 08:14:37 --> Session: Class initialized using 'CodeIgniter\Session\Handlers\FileHandler' driver.
DEBUG - 2025-02-28 08:14:37 --> Session token: d80ce5967d384a489b441a9dbe867535906938e03f996c2b7cb2cf0f95ee40c4
DEBUG - 2025-02-28 08:14:37 --> Raw Authorization header: Bearer d80ce5967d384a489b441a9dbe867535906938e03f996c2b7cb2cf0f95ee40c4
DEBUG - 2025-02-28 08:14:37 --> Token dari header: d80ce5967d384a489b441a9dbe867535906938e03f996c2b7cb2cf0f95ee40c4
DEBUG - 2025-02-28 08:14:37 --> SQL: SELECT *
FROM `mahasiswa`
WHERE `token` = 'd80ce5967d384a489b441a9dbe867535906938e03f996c2b7cb2cf0f95ee40c4'
 LIMIT 1
DEBUG - 2025-02-28 08:14:37 --> Token yang dicari: d80ce5967d384a489b441a9dbe867535906938e03f996c2b7cb2cf0f95ee40c4
DEBUG - 2025-02-28 08:14:37 --> Hasil pencarian: {"id":"1","user_id":null,"npm":"1184097","nama":"Dika Dwi","email":"","password":"$2y$10$c769FHZxNhYZr.9SGsJCIOOXoyE2gLItzkS43DBWoVzVsPh46wYdm","point":"19771","gaya_belajar":"Kinestetik","created_at":"2024-12-13 02:29:49","updated_at":"2025-02-28 08:12:35","deleted_at":null,"token":"d80ce5967d384a489b441a9dbe867535906938e03f996c2b7cb2cf0f95ee40c4","last_login":"2025-02-24 10:49:22"}
INFO - 2025-02-28 08:14:42 --> Session: Class initialized using 'CodeIgniter\Session\Handlers\FileHandler' driver.
INFO - 2025-02-28 08:14:42 --> Session: Class initialized using 'CodeIgniter\Session\Handlers\FileHandler' driver.
INFO - 2025-02-28 08:14:43 --> Session: Class initialized using 'CodeIgniter\Session\Handlers\FileHandler' driver.
INFO - 2025-02-28 08:14:43 --> Session: Class initialized using 'CodeIgniter\Session\Handlers\FileHandler' driver.
DEBUG - 2025-02-28 08:14:43 --> Session token: d80ce5967d384a489b441a9dbe867535906938e03f996c2b7cb2cf0f95ee40c4
DEBUG - 2025-02-28 08:14:43 --> Raw Authorization header: Bearer d80ce5967d384a489b441a9dbe867535906938e03f996c2b7cb2cf0f95ee40c4
DEBUG - 2025-02-28 08:14:43 --> Token dari header: d80ce5967d384a489b441a9dbe867535906938e03f996c2b7cb2cf0f95ee40c4
DEBUG - 2025-02-28 08:14:43 --> SQL: SELECT *
FROM `mahasiswa`
WHERE `token` = 'd80ce5967d384a489b441a9dbe867535906938e03f996c2b7cb2cf0f95ee40c4'
 LIMIT 1
DEBUG - 2025-02-28 08:14:43 --> Token yang dicari: d80ce5967d384a489b441a9dbe867535906938e03f996c2b7cb2cf0f95ee40c4
DEBUG - 2025-02-28 08:14:43 --> Hasil pencarian: {"id":"1","user_id":null,"npm":"1184097","nama":"Dika Dwi","email":"","password":"$2y$10$c769FHZxNhYZr.9SGsJCIOOXoyE2gLItzkS43DBWoVzVsPh46wYdm","point":"19871","gaya_belajar":"Kinestetik","created_at":"2024-12-13 02:29:49","updated_at":"2025-02-28 08:14:42","deleted_at":null,"token":"d80ce5967d384a489b441a9dbe867535906938e03f996c2b7cb2cf0f95ee40c4","last_login":"2025-02-24 10:49:22"}
INFO - 2025-02-28 08:14:43 --> Session: Class initialized using 'CodeIgniter\Session\Handlers\FileHandler' driver.
DEBUG - 2025-02-28 08:14:43 --> Session token: d80ce5967d384a489b441a9dbe867535906938e03f996c2b7cb2cf0f95ee40c4
DEBUG - 2025-02-28 08:14:43 --> Raw Authorization header: Bearer d80ce5967d384a489b441a9dbe867535906938e03f996c2b7cb2cf0f95ee40c4
DEBUG - 2025-02-28 08:14:43 --> Token dari header: d80ce5967d384a489b441a9dbe867535906938e03f996c2b7cb2cf0f95ee40c4
DEBUG - 2025-02-28 08:14:43 --> SQL: SELECT *
FROM `mahasiswa`
WHERE `token` = 'd80ce5967d384a489b441a9dbe867535906938e03f996c2b7cb2cf0f95ee40c4'
 LIMIT 1
DEBUG - 2025-02-28 08:14:43 --> Token yang dicari: d80ce5967d384a489b441a9dbe867535906938e03f996c2b7cb2cf0f95ee40c4
DEBUG - 2025-02-28 08:14:43 --> Hasil pencarian: {"id":"1","user_id":null,"npm":"1184097","nama":"Dika Dwi","email":"","password":"$2y$10$c769FHZxNhYZr.9SGsJCIOOXoyE2gLItzkS43DBWoVzVsPh46wYdm","point":"19871","gaya_belajar":"Kinestetik","created_at":"2024-12-13 02:29:49","updated_at":"2025-02-28 08:14:42","deleted_at":null,"token":"d80ce5967d384a489b441a9dbe867535906938e03f996c2b7cb2cf0f95ee40c4","last_login":"2025-02-24 10:49:22"}
INFO - 2025-02-28 08:14:43 --> Session: Class initialized using 'CodeIgniter\Session\Handlers\FileHandler' driver.
DEBUG - 2025-02-28 08:14:43 --> Session token: d80ce5967d384a489b441a9dbe867535906938e03f996c2b7cb2cf0f95ee40c4
DEBUG - 2025-02-28 08:14:43 --> Raw Authorization header: Bearer d80ce5967d384a489b441a9dbe867535906938e03f996c2b7cb2cf0f95ee40c4
DEBUG - 2025-02-28 08:14:43 --> Token dari header: d80ce5967d384a489b441a9dbe867535906938e03f996c2b7cb2cf0f95ee40c4
DEBUG - 2025-02-28 08:14:44 --> SQL: SELECT *
FROM `mahasiswa`
WHERE `token` = 'd80ce5967d384a489b441a9dbe867535906938e03f996c2b7cb2cf0f95ee40c4'
 LIMIT 1
DEBUG - 2025-02-28 08:14:44 --> Token yang dicari: d80ce5967d384a489b441a9dbe867535906938e03f996c2b7cb2cf0f95ee40c4
DEBUG - 2025-02-28 08:14:44 --> Hasil pencarian: {"id":"1","user_id":null,"npm":"1184097","nama":"Dika Dwi","email":"","password":"$2y$10$c769FHZxNhYZr.9SGsJCIOOXoyE2gLItzkS43DBWoVzVsPh46wYdm","point":"19871","gaya_belajar":"Kinestetik","created_at":"2024-12-13 02:29:49","updated_at":"2025-02-28 08:14:42","deleted_at":null,"token":"d80ce5967d384a489b441a9dbe867535906938e03f996c2b7cb2cf0f95ee40c4","last_login":"2025-02-24 10:49:22"}
INFO - 2025-02-28 08:14:47 --> Session: Class initialized using 'CodeIgniter\Session\Handlers\FileHandler' driver.
INFO - 2025-02-28 08:14:47 --> Session: Class initialized using 'CodeIgniter\Session\Handlers\FileHandler' driver.
INFO - 2025-02-28 08:14:48 --> Session: Class initialized using 'CodeIgniter\Session\Handlers\FileHandler' driver.
DEBUG - 2025-02-28 08:14:48 --> Session token: d80ce5967d384a489b441a9dbe867535906938e03f996c2b7cb2cf0f95ee40c4
DEBUG - 2025-02-28 08:14:48 --> Raw Authorization header: Bearer d80ce5967d384a489b441a9dbe867535906938e03f996c2b7cb2cf0f95ee40c4
DEBUG - 2025-02-28 08:14:48 --> Token dari header: d80ce5967d384a489b441a9dbe867535906938e03f996c2b7cb2cf0f95ee40c4
DEBUG - 2025-02-28 08:14:48 --> SQL: SELECT *
FROM `mahasiswa`
WHERE `token` = 'd80ce5967d384a489b441a9dbe867535906938e03f996c2b7cb2cf0f95ee40c4'
 LIMIT 1
DEBUG - 2025-02-28 08:14:48 --> Token yang dicari: d80ce5967d384a489b441a9dbe867535906938e03f996c2b7cb2cf0f95ee40c4
DEBUG - 2025-02-28 08:14:48 --> Hasil pencarian: {"id":"1","user_id":null,"npm":"1184097","nama":"Dika Dwi","email":"","password":"$2y$10$c769FHZxNhYZr.9SGsJCIOOXoyE2gLItzkS43DBWoVzVsPh46wYdm","point":"19871","gaya_belajar":"Kinestetik","created_at":"2024-12-13 02:29:49","updated_at":"2025-02-28 08:14:42","deleted_at":null,"token":"d80ce5967d384a489b441a9dbe867535906938e03f996c2b7cb2cf0f95ee40c4","last_login":"2025-02-24 10:49:22"}
INFO - 2025-02-28 08:14:48 --> Session: Class initialized using 'CodeIgniter\Session\Handlers\FileHandler' driver.
DEBUG - 2025-02-28 08:14:48 --> Session token: d80ce5967d384a489b441a9dbe867535906938e03f996c2b7cb2cf0f95ee40c4
DEBUG - 2025-02-28 08:14:48 --> Raw Authorization header: Bearer d80ce5967d384a489b441a9dbe867535906938e03f996c2b7cb2cf0f95ee40c4
DEBUG - 2025-02-28 08:14:48 --> Token dari header: d80ce5967d384a489b441a9dbe867535906938e03f996c2b7cb2cf0f95ee40c4
DEBUG - 2025-02-28 08:14:48 --> SQL: SELECT *
FROM `mahasiswa`
WHERE `token` = 'd80ce5967d384a489b441a9dbe867535906938e03f996c2b7cb2cf0f95ee40c4'
 LIMIT 1
DEBUG - 2025-02-28 08:14:48 --> Token yang dicari: d80ce5967d384a489b441a9dbe867535906938e03f996c2b7cb2cf0f95ee40c4
DEBUG - 2025-02-28 08:14:48 --> Hasil pencarian: {"id":"1","user_id":null,"npm":"1184097","nama":"Dika Dwi","email":"","password":"$2y$10$c769FHZxNhYZr.9SGsJCIOOXoyE2gLItzkS43DBWoVzVsPh46wYdm","point":"19871","gaya_belajar":"Kinestetik","created_at":"2024-12-13 02:29:49","updated_at":"2025-02-28 08:14:42","deleted_at":null,"token":"d80ce5967d384a489b441a9dbe867535906938e03f996c2b7cb2cf0f95ee40c4","last_login":"2025-02-24 10:49:22"}
INFO - 2025-02-28 08:14:48 --> Session: Class initialized using 'CodeIgniter\Session\Handlers\FileHandler' driver.
DEBUG - 2025-02-28 08:14:48 --> Session token: d80ce5967d384a489b441a9dbe867535906938e03f996c2b7cb2cf0f95ee40c4
DEBUG - 2025-02-28 08:14:48 --> Raw Authorization header: Bearer d80ce5967d384a489b441a9dbe867535906938e03f996c2b7cb2cf0f95ee40c4
DEBUG - 2025-02-28 08:14:48 --> Token dari header: d80ce5967d384a489b441a9dbe867535906938e03f996c2b7cb2cf0f95ee40c4
DEBUG - 2025-02-28 08:14:48 --> SQL: SELECT *
FROM `mahasiswa`
WHERE `token` = 'd80ce5967d384a489b441a9dbe867535906938e03f996c2b7cb2cf0f95ee40c4'
 LIMIT 1
DEBUG - 2025-02-28 08:14:48 --> Token yang dicari: d80ce5967d384a489b441a9dbe867535906938e03f996c2b7cb2cf0f95ee40c4
DEBUG - 2025-02-28 08:14:48 --> Hasil pencarian: {"id":"1","user_id":null,"npm":"1184097","nama":"Dika Dwi","email":"","password":"$2y$10$c769FHZxNhYZr.9SGsJCIOOXoyE2gLItzkS43DBWoVzVsPh46wYdm","point":"19871","gaya_belajar":"Kinestetik","created_at":"2024-12-13 02:29:49","updated_at":"2025-02-28 08:14:42","deleted_at":null,"token":"d80ce5967d384a489b441a9dbe867535906938e03f996c2b7cb2cf0f95ee40c4","last_login":"2025-02-24 10:49:22"}
INFO - 2025-02-28 08:14:49 --> Session: Class initialized using 'CodeIgniter\Session\Handlers\FileHandler' driver.
INFO - 2025-02-28 08:14:49 --> Session: Class initialized using 'CodeIgniter\Session\Handlers\FileHandler' driver.
INFO - 2025-02-28 08:15:42 --> Session: Class initialized using 'CodeIgniter\Session\Handlers\FileHandler' driver.
INFO - 2025-02-28 08:15:43 --> Session: Class initialized using 'CodeIgniter\Session\Handlers\FileHandler' driver.
INFO - 2025-02-28 08:15:48 --> Session: Class initialized using 'CodeIgniter\Session\Handlers\FileHandler' driver.
INFO - 2025-02-28 08:15:48 --> Session: Class initialized using 'CodeIgniter\Session\Handlers\FileHandler' driver.
INFO - 2025-02-28 08:15:49 --> Session: Class initialized using 'CodeIgniter\Session\Handlers\FileHandler' driver.
INFO - 2025-02-28 08:15:53 --> Session: Class initialized using 'CodeIgniter\Session\Handlers\FileHandler' driver.
INFO - 2025-02-28 08:15:53 --> Session: Class initialized using 'CodeIgniter\Session\Handlers\FileHandler' driver.
INFO - 2025-02-28 08:15:54 --> Session: Class initialized using 'CodeIgniter\Session\Handlers\FileHandler' driver.
DEBUG - 2025-02-28 08:15:54 --> Session token: d80ce5967d384a489b441a9dbe867535906938e03f996c2b7cb2cf0f95ee40c4
DEBUG - 2025-02-28 08:15:54 --> Raw Authorization header: Bearer d80ce5967d384a489b441a9dbe867535906938e03f996c2b7cb2cf0f95ee40c4
DEBUG - 2025-02-28 08:15:54 --> Token dari header: d80ce5967d384a489b441a9dbe867535906938e03f996c2b7cb2cf0f95ee40c4
DEBUG - 2025-02-28 08:15:54 --> SQL: SELECT *
FROM `mahasiswa`
WHERE `token` = 'd80ce5967d384a489b441a9dbe867535906938e03f996c2b7cb2cf0f95ee40c4'
 LIMIT 1
DEBUG - 2025-02-28 08:15:54 --> Token yang dicari: d80ce5967d384a489b441a9dbe867535906938e03f996c2b7cb2cf0f95ee40c4
DEBUG - 2025-02-28 08:15:54 --> Hasil pencarian: {"id":"1","user_id":null,"npm":"1184097","nama":"Dika Dwi","email":"","password":"$2y$10$c769FHZxNhYZr.9SGsJCIOOXoyE2gLItzkS43DBWoVzVsPh46wYdm","point":"19821","gaya_belajar":"Kinestetik","created_at":"2024-12-13 02:29:49","updated_at":"2025-02-28 08:15:48","deleted_at":null,"token":"d80ce5967d384a489b441a9dbe867535906938e03f996c2b7cb2cf0f95ee40c4","last_login":"2025-02-24 10:49:22"}
INFO - 2025-02-28 08:15:54 --> Session: Class initialized using 'CodeIgniter\Session\Handlers\FileHandler' driver.
DEBUG - 2025-02-28 08:15:54 --> Session token: d80ce5967d384a489b441a9dbe867535906938e03f996c2b7cb2cf0f95ee40c4
DEBUG - 2025-02-28 08:15:54 --> Raw Authorization header: Bearer d80ce5967d384a489b441a9dbe867535906938e03f996c2b7cb2cf0f95ee40c4
DEBUG - 2025-02-28 08:15:54 --> Token dari header: d80ce5967d384a489b441a9dbe867535906938e03f996c2b7cb2cf0f95ee40c4
DEBUG - 2025-02-28 08:15:54 --> SQL: SELECT *
FROM `mahasiswa`
WHERE `token` = 'd80ce5967d384a489b441a9dbe867535906938e03f996c2b7cb2cf0f95ee40c4'
 LIMIT 1
DEBUG - 2025-02-28 08:15:54 --> Token yang dicari: d80ce5967d384a489b441a9dbe867535906938e03f996c2b7cb2cf0f95ee40c4
DEBUG - 2025-02-28 08:15:54 --> Hasil pencarian: {"id":"1","user_id":null,"npm":"1184097","nama":"Dika Dwi","email":"","password":"$2y$10$c769FHZxNhYZr.9SGsJCIOOXoyE2gLItzkS43DBWoVzVsPh46wYdm","point":"19821","gaya_belajar":"Kinestetik","created_at":"2024-12-13 02:29:49","updated_at":"2025-02-28 08:15:48","deleted_at":null,"token":"d80ce5967d384a489b441a9dbe867535906938e03f996c2b7cb2cf0f95ee40c4","last_login":"2025-02-24 10:49:22"}
INFO - 2025-02-28 08:15:54 --> Session: Class initialized using 'CodeIgniter\Session\Handlers\FileHandler' driver.
DEBUG - 2025-02-28 08:15:54 --> Session token: d80ce5967d384a489b441a9dbe867535906938e03f996c2b7cb2cf0f95ee40c4
DEBUG - 2025-02-28 08:15:54 --> Raw Authorization header: Bearer d80ce5967d384a489b441a9dbe867535906938e03f996c2b7cb2cf0f95ee40c4
DEBUG - 2025-02-28 08:15:54 --> Token dari header: d80ce5967d384a489b441a9dbe867535906938e03f996c2b7cb2cf0f95ee40c4
DEBUG - 2025-02-28 08:15:54 --> SQL: SELECT *
FROM `mahasiswa`
WHERE `token` = 'd80ce5967d384a489b441a9dbe867535906938e03f996c2b7cb2cf0f95ee40c4'
 LIMIT 1
DEBUG - 2025-02-28 08:15:54 --> Token yang dicari: d80ce5967d384a489b441a9dbe867535906938e03f996c2b7cb2cf0f95ee40c4
DEBUG - 2025-02-28 08:15:54 --> Hasil pencarian: {"id":"1","user_id":null,"npm":"1184097","nama":"Dika Dwi","email":"","password":"$2y$10$c769FHZxNhYZr.9SGsJCIOOXoyE2gLItzkS43DBWoVzVsPh46wYdm","point":"19821","gaya_belajar":"Kinestetik","created_at":"2024-12-13 02:29:49","updated_at":"2025-02-28 08:15:48","deleted_at":null,"token":"d80ce5967d384a489b441a9dbe867535906938e03f996c2b7cb2cf0f95ee40c4","last_login":"2025-02-24 10:49:22"}
INFO - 2025-02-28 09:11:56 --> Session: Class initialized using 'CodeIgniter\Session\Handlers\FileHandler' driver.
INFO - 2025-02-28 09:11:57 --> Session: Class initialized using 'CodeIgniter\Session\Handlers\FileHandler' driver.
INFO - 2025-02-28 09:11:58 --> Session: Class initialized using 'CodeIgniter\Session\Handlers\FileHandler' driver.
DEBUG - 2025-02-28 09:11:58 --> Session token: d80ce5967d384a489b441a9dbe867535906938e03f996c2b7cb2cf0f95ee40c4
DEBUG - 2025-02-28 09:11:58 --> Raw Authorization header: Bearer d80ce5967d384a489b441a9dbe867535906938e03f996c2b7cb2cf0f95ee40c4
DEBUG - 2025-02-28 09:11:58 --> Token dari header: d80ce5967d384a489b441a9dbe867535906938e03f996c2b7cb2cf0f95ee40c4
DEBUG - 2025-02-28 09:11:58 --> SQL: SELECT *
FROM `mahasiswa`
WHERE `token` = 'd80ce5967d384a489b441a9dbe867535906938e03f996c2b7cb2cf0f95ee40c4'
 LIMIT 1
DEBUG - 2025-02-28 09:11:58 --> Token yang dicari: d80ce5967d384a489b441a9dbe867535906938e03f996c2b7cb2cf0f95ee40c4
DEBUG - 2025-02-28 09:11:58 --> Hasil pencarian: {"id":"1","user_id":null,"npm":"1184097","nama":"Dika Dwi","email":"","password":"$2y$10$c769FHZxNhYZr.9SGsJCIOOXoyE2gLItzkS43DBWoVzVsPh46wYdm","point":"19821","gaya_belajar":"Kinestetik","created_at":"2024-12-13 02:29:49","updated_at":"2025-02-28 08:15:48","deleted_at":null,"token":"d80ce5967d384a489b441a9dbe867535906938e03f996c2b7cb2cf0f95ee40c4","last_login":"2025-02-24 10:49:22"}
INFO - 2025-02-28 09:11:58 --> Session: Class initialized using 'CodeIgniter\Session\Handlers\FileHandler' driver.
DEBUG - 2025-02-28 09:11:58 --> Session token: d80ce5967d384a489b441a9dbe867535906938e03f996c2b7cb2cf0f95ee40c4
DEBUG - 2025-02-28 09:11:58 --> Raw Authorization header: Bearer d80ce5967d384a489b441a9dbe867535906938e03f996c2b7cb2cf0f95ee40c4
DEBUG - 2025-02-28 09:11:58 --> Token dari header: d80ce5967d384a489b441a9dbe867535906938e03f996c2b7cb2cf0f95ee40c4
DEBUG - 2025-02-28 09:11:58 --> SQL: SELECT *
FROM `mahasiswa`
WHERE `token` = 'd80ce5967d384a489b441a9dbe867535906938e03f996c2b7cb2cf0f95ee40c4'
 LIMIT 1
DEBUG - 2025-02-28 09:11:58 --> Token yang dicari: d80ce5967d384a489b441a9dbe867535906938e03f996c2b7cb2cf0f95ee40c4
DEBUG - 2025-02-28 09:11:58 --> Hasil pencarian: {"id":"1","user_id":null,"npm":"1184097","nama":"Dika Dwi","email":"","password":"$2y$10$c769FHZxNhYZr.9SGsJCIOOXoyE2gLItzkS43DBWoVzVsPh46wYdm","point":"19821","gaya_belajar":"Kinestetik","created_at":"2024-12-13 02:29:49","updated_at":"2025-02-28 08:15:48","deleted_at":null,"token":"d80ce5967d384a489b441a9dbe867535906938e03f996c2b7cb2cf0f95ee40c4","last_login":"2025-02-24 10:49:22"}
INFO - 2025-02-28 09:11:59 --> Session: Class initialized using 'CodeIgniter\Session\Handlers\FileHandler' driver.
DEBUG - 2025-02-28 09:11:59 --> Session token: d80ce5967d384a489b441a9dbe867535906938e03f996c2b7cb2cf0f95ee40c4
DEBUG - 2025-02-28 09:11:59 --> Raw Authorization header: Bearer d80ce5967d384a489b441a9dbe867535906938e03f996c2b7cb2cf0f95ee40c4
DEBUG - 2025-02-28 09:11:59 --> Token dari header: d80ce5967d384a489b441a9dbe867535906938e03f996c2b7cb2cf0f95ee40c4
DEBUG - 2025-02-28 09:11:59 --> SQL: SELECT *
FROM `mahasiswa`
WHERE `token` = 'd80ce5967d384a489b441a9dbe867535906938e03f996c2b7cb2cf0f95ee40c4'
 LIMIT 1
DEBUG - 2025-02-28 09:11:59 --> Token yang dicari: d80ce5967d384a489b441a9dbe867535906938e03f996c2b7cb2cf0f95ee40c4
DEBUG - 2025-02-28 09:11:59 --> Hasil pencarian: {"id":"1","user_id":null,"npm":"1184097","nama":"Dika Dwi","email":"","password":"$2y$10$c769FHZxNhYZr.9SGsJCIOOXoyE2gLItzkS43DBWoVzVsPh46wYdm","point":"19821","gaya_belajar":"Kinestetik","created_at":"2024-12-13 02:29:49","updated_at":"2025-02-28 08:15:48","deleted_at":null,"token":"d80ce5967d384a489b441a9dbe867535906938e03f996c2b7cb2cf0f95ee40c4","last_login":"2025-02-24 10:49:22"}
INFO - 2025-02-28 09:11:59 --> Session: Class initialized using 'CodeIgniter\Session\Handlers\FileHandler' driver.
INFO - 2025-02-28 09:12:00 --> Session: Class initialized using 'CodeIgniter\Session\Handlers\FileHandler' driver.
INFO - 2025-02-28 09:12:02 --> Session: Class initialized using 'CodeIgniter\Session\Handlers\FileHandler' driver.
INFO - 2025-02-28 09:12:03 --> Session: Class initialized using 'CodeIgniter\Session\Handlers\FileHandler' driver.
INFO - 2025-02-28 09:12:29 --> Session: Class initialized using 'CodeIgniter\Session\Handlers\FileHandler' driver.
INFO - 2025-02-28 09:12:30 --> Session: Class initialized using 'CodeIgniter\Session\Handlers\FileHandler' driver.
INFO - 2025-02-28 09:12:31 --> Session: Class initialized using 'CodeIgniter\Session\Handlers\FileHandler' driver.
DEBUG - 2025-02-28 09:12:31 --> Session token: d80ce5967d384a489b441a9dbe867535906938e03f996c2b7cb2cf0f95ee40c4
DEBUG - 2025-02-28 09:12:31 --> Raw Authorization header: Bearer d80ce5967d384a489b441a9dbe867535906938e03f996c2b7cb2cf0f95ee40c4
DEBUG - 2025-02-28 09:12:31 --> Token dari header: d80ce5967d384a489b441a9dbe867535906938e03f996c2b7cb2cf0f95ee40c4
DEBUG - 2025-02-28 09:12:31 --> SQL: SELECT *
FROM `mahasiswa`
WHERE `token` = 'd80ce5967d384a489b441a9dbe867535906938e03f996c2b7cb2cf0f95ee40c4'
 LIMIT 1
DEBUG - 2025-02-28 09:12:31 --> Token yang dicari: d80ce5967d384a489b441a9dbe867535906938e03f996c2b7cb2cf0f95ee40c4
DEBUG - 2025-02-28 09:12:31 --> Hasil pencarian: {"id":"1","user_id":null,"npm":"1184097","nama":"Dika Dwi","email":"","password":"$2y$10$c769FHZxNhYZr.9SGsJCIOOXoyE2gLItzkS43DBWoVzVsPh46wYdm","point":"19821","gaya_belajar":"Kinestetik","created_at":"2024-12-13 02:29:49","updated_at":"2025-02-28 08:15:48","deleted_at":null,"token":"d80ce5967d384a489b441a9dbe867535906938e03f996c2b7cb2cf0f95ee40c4","last_login":"2025-02-24 10:49:22"}
INFO - 2025-02-28 09:12:31 --> Session: Class initialized using 'CodeIgniter\Session\Handlers\FileHandler' driver.
DEBUG - 2025-02-28 09:12:31 --> Session token: d80ce5967d384a489b441a9dbe867535906938e03f996c2b7cb2cf0f95ee40c4
DEBUG - 2025-02-28 09:12:31 --> Raw Authorization header: Bearer d80ce5967d384a489b441a9dbe867535906938e03f996c2b7cb2cf0f95ee40c4
DEBUG - 2025-02-28 09:12:31 --> Token dari header: d80ce5967d384a489b441a9dbe867535906938e03f996c2b7cb2cf0f95ee40c4
DEBUG - 2025-02-28 09:12:31 --> SQL: SELECT *
FROM `mahasiswa`
WHERE `token` = 'd80ce5967d384a489b441a9dbe867535906938e03f996c2b7cb2cf0f95ee40c4'
 LIMIT 1
DEBUG - 2025-02-28 09:12:31 --> Token yang dicari: d80ce5967d384a489b441a9dbe867535906938e03f996c2b7cb2cf0f95ee40c4
DEBUG - 2025-02-28 09:12:31 --> Hasil pencarian: {"id":"1","user_id":null,"npm":"1184097","nama":"Dika Dwi","email":"","password":"$2y$10$c769FHZxNhYZr.9SGsJCIOOXoyE2gLItzkS43DBWoVzVsPh46wYdm","point":"19821","gaya_belajar":"Kinestetik","created_at":"2024-12-13 02:29:49","updated_at":"2025-02-28 08:15:48","deleted_at":null,"token":"d80ce5967d384a489b441a9dbe867535906938e03f996c2b7cb2cf0f95ee40c4","last_login":"2025-02-24 10:49:22"}
INFO - 2025-02-28 09:12:32 --> Session: Class initialized using 'CodeIgniter\Session\Handlers\FileHandler' driver.
DEBUG - 2025-02-28 09:12:32 --> Session token: d80ce5967d384a489b441a9dbe867535906938e03f996c2b7cb2cf0f95ee40c4
DEBUG - 2025-02-28 09:12:32 --> Raw Authorization header: Bearer d80ce5967d384a489b441a9dbe867535906938e03f996c2b7cb2cf0f95ee40c4
DEBUG - 2025-02-28 09:12:32 --> Token dari header: d80ce5967d384a489b441a9dbe867535906938e03f996c2b7cb2cf0f95ee40c4
DEBUG - 2025-02-28 09:12:32 --> SQL: SELECT *
FROM `mahasiswa`
WHERE `token` = 'd80ce5967d384a489b441a9dbe867535906938e03f996c2b7cb2cf0f95ee40c4'
 LIMIT 1
DEBUG - 2025-02-28 09:12:32 --> Token yang dicari: d80ce5967d384a489b441a9dbe867535906938e03f996c2b7cb2cf0f95ee40c4
DEBUG - 2025-02-28 09:12:32 --> Hasil pencarian: {"id":"1","user_id":null,"npm":"1184097","nama":"Dika Dwi","email":"","password":"$2y$10$c769FHZxNhYZr.9SGsJCIOOXoyE2gLItzkS43DBWoVzVsPh46wYdm","point":"19821","gaya_belajar":"Kinestetik","created_at":"2024-12-13 02:29:49","updated_at":"2025-02-28 08:15:48","deleted_at":null,"token":"d80ce5967d384a489b441a9dbe867535906938e03f996c2b7cb2cf0f95ee40c4","last_login":"2025-02-24 10:49:22"}
INFO - 2025-02-28 09:13:12 --> Session: Class initialized using 'CodeIgniter\Session\Handlers\FileHandler' driver.
INFO - 2025-02-28 09:13:12 --> Session: Class initialized using 'CodeIgniter\Session\Handlers\FileHandler' driver.
INFO - 2025-02-28 09:13:13 --> Session: Class initialized using 'CodeIgniter\Session\Handlers\FileHandler' driver.
INFO - 2025-02-28 09:13:15 --> Session: Class initialized using 'CodeIgniter\Session\Handlers\FileHandler' driver.
DEBUG - 2025-02-28 09:13:15 --> Session token: d80ce5967d384a489b441a9dbe867535906938e03f996c2b7cb2cf0f95ee40c4
DEBUG - 2025-02-28 09:13:15 --> Raw Authorization header: Bearer d80ce5967d384a489b441a9dbe867535906938e03f996c2b7cb2cf0f95ee40c4
DEBUG - 2025-02-28 09:13:15 --> Token dari header: d80ce5967d384a489b441a9dbe867535906938e03f996c2b7cb2cf0f95ee40c4
DEBUG - 2025-02-28 09:13:15 --> SQL: SELECT *
FROM `mahasiswa`
WHERE `token` = 'd80ce5967d384a489b441a9dbe867535906938e03f996c2b7cb2cf0f95ee40c4'
 LIMIT 1
DEBUG - 2025-02-28 09:13:15 --> Token yang dicari: d80ce5967d384a489b441a9dbe867535906938e03f996c2b7cb2cf0f95ee40c4
DEBUG - 2025-02-28 09:13:15 --> Hasil pencarian: {"id":"1","user_id":null,"npm":"1184097","nama":"Dika Dwi","email":"","password":"$2y$10$c769FHZxNhYZr.9SGsJCIOOXoyE2gLItzkS43DBWoVzVsPh46wYdm","point":"19821","gaya_belajar":"Kinestetik","created_at":"2024-12-13 02:29:49","updated_at":"2025-02-28 08:15:48","deleted_at":null,"token":"d80ce5967d384a489b441a9dbe867535906938e03f996c2b7cb2cf0f95ee40c4","last_login":"2025-02-24 10:49:22"}
INFO - 2025-02-28 09:13:15 --> Session: Class initialized using 'CodeIgniter\Session\Handlers\FileHandler' driver.
DEBUG - 2025-02-28 09:13:15 --> Session token: d80ce5967d384a489b441a9dbe867535906938e03f996c2b7cb2cf0f95ee40c4
DEBUG - 2025-02-28 09:13:15 --> Raw Authorization header: Bearer d80ce5967d384a489b441a9dbe867535906938e03f996c2b7cb2cf0f95ee40c4
DEBUG - 2025-02-28 09:13:15 --> Token dari header: d80ce5967d384a489b441a9dbe867535906938e03f996c2b7cb2cf0f95ee40c4
DEBUG - 2025-02-28 09:13:15 --> SQL: SELECT *
FROM `mahasiswa`
WHERE `token` = 'd80ce5967d384a489b441a9dbe867535906938e03f996c2b7cb2cf0f95ee40c4'
 LIMIT 1
DEBUG - 2025-02-28 09:13:15 --> Token yang dicari: d80ce5967d384a489b441a9dbe867535906938e03f996c2b7cb2cf0f95ee40c4
DEBUG - 2025-02-28 09:13:15 --> Hasil pencarian: {"id":"1","user_id":null,"npm":"1184097","nama":"Dika Dwi","email":"","password":"$2y$10$c769FHZxNhYZr.9SGsJCIOOXoyE2gLItzkS43DBWoVzVsPh46wYdm","point":"19821","gaya_belajar":"Kinestetik","created_at":"2024-12-13 02:29:49","updated_at":"2025-02-28 08:15:48","deleted_at":null,"token":"d80ce5967d384a489b441a9dbe867535906938e03f996c2b7cb2cf0f95ee40c4","last_login":"2025-02-24 10:49:22"}
INFO - 2025-02-28 09:13:15 --> Session: Class initialized using 'CodeIgniter\Session\Handlers\FileHandler' driver.
DEBUG - 2025-02-28 09:13:15 --> Session token: d80ce5967d384a489b441a9dbe867535906938e03f996c2b7cb2cf0f95ee40c4
DEBUG - 2025-02-28 09:13:15 --> Raw Authorization header: Bearer d80ce5967d384a489b441a9dbe867535906938e03f996c2b7cb2cf0f95ee40c4
DEBUG - 2025-02-28 09:13:15 --> Token dari header: d80ce5967d384a489b441a9dbe867535906938e03f996c2b7cb2cf0f95ee40c4
DEBUG - 2025-02-28 09:13:15 --> SQL: SELECT *
FROM `mahasiswa`
WHERE `token` = 'd80ce5967d384a489b441a9dbe867535906938e03f996c2b7cb2cf0f95ee40c4'
 LIMIT 1
DEBUG - 2025-02-28 09:13:15 --> Token yang dicari: d80ce5967d384a489b441a9dbe867535906938e03f996c2b7cb2cf0f95ee40c4
DEBUG - 2025-02-28 09:13:15 --> Hasil pencarian: {"id":"1","user_id":null,"npm":"1184097","nama":"Dika Dwi","email":"","password":"$2y$10$c769FHZxNhYZr.9SGsJCIOOXoyE2gLItzkS43DBWoVzVsPh46wYdm","point":"19821","gaya_belajar":"Kinestetik","created_at":"2024-12-13 02:29:49","updated_at":"2025-02-28 08:15:48","deleted_at":null,"token":"d80ce5967d384a489b441a9dbe867535906938e03f996c2b7cb2cf0f95ee40c4","last_login":"2025-02-24 10:49:22"}
INFO - 2025-02-28 09:26:37 --> Session: Class initialized using 'CodeIgniter\Session\Handlers\FileHandler' driver.
INFO - 2025-02-28 09:26:37 --> Session: Class initialized using 'CodeIgniter\Session\Handlers\FileHandler' driver.
INFO - 2025-02-28 09:26:53 --> Session: Class initialized using 'CodeIgniter\Session\Handlers\FileHandler' driver.
INFO - 2025-02-28 09:26:54 --> Session: Class initialized using 'CodeIgniter\Session\Handlers\FileHandler' driver.
INFO - 2025-02-28 09:26:59 --> Session: Class initialized using 'CodeIgniter\Session\Handlers\FileHandler' driver.
INFO - 2025-02-28 09:27:00 --> Session: Class initialized using 'CodeIgniter\Session\Handlers\FileHandler' driver.
INFO - 2025-02-28 09:27:18 --> Session: Class initialized using 'CodeIgniter\Session\Handlers\FileHandler' driver.
INFO - 2025-02-28 09:27:18 --> Session: Class initialized using 'CodeIgniter\Session\Handlers\FileHandler' driver.
INFO - 2025-02-28 09:36:03 --> Session: Class initialized using 'CodeIgniter\Session\Handlers\FileHandler' driver.
INFO - 2025-02-28 09:36:04 --> Session: Class initialized using 'CodeIgniter\Session\Handlers\FileHandler' driver.
INFO - 2025-02-28 09:36:05 --> Session: Class initialized using 'CodeIgniter\Session\Handlers\FileHandler' driver.
DEBUG - 2025-02-28 09:36:05 --> Session token: d80ce5967d384a489b441a9dbe867535906938e03f996c2b7cb2cf0f95ee40c4
DEBUG - 2025-02-28 09:36:05 --> Raw Authorization header: Bearer d80ce5967d384a489b441a9dbe867535906938e03f996c2b7cb2cf0f95ee40c4
DEBUG - 2025-02-28 09:36:05 --> Token dari header: d80ce5967d384a489b441a9dbe867535906938e03f996c2b7cb2cf0f95ee40c4
DEBUG - 2025-02-28 09:36:05 --> SQL: SELECT *
FROM `mahasiswa`
WHERE `token` = 'd80ce5967d384a489b441a9dbe867535906938e03f996c2b7cb2cf0f95ee40c4'
 LIMIT 1
DEBUG - 2025-02-28 09:36:05 --> Token yang dicari: d80ce5967d384a489b441a9dbe867535906938e03f996c2b7cb2cf0f95ee40c4
DEBUG - 2025-02-28 09:36:05 --> Hasil pencarian: {"id":"1","user_id":null,"npm":"1184097","nama":"Dika Dwi","email":"","password":"$2y$10$c769FHZxNhYZr.9SGsJCIOOXoyE2gLItzkS43DBWoVzVsPh46wYdm","point":"19821","gaya_belajar":"Kinestetik","created_at":"2024-12-13 02:29:49","updated_at":"2025-02-28 08:15:48","deleted_at":null,"token":"d80ce5967d384a489b441a9dbe867535906938e03f996c2b7cb2cf0f95ee40c4","last_login":"2025-02-24 10:49:22"}
INFO - 2025-02-28 09:36:06 --> Session: Class initialized using 'CodeIgniter\Session\Handlers\FileHandler' driver.
DEBUG - 2025-02-28 09:36:06 --> Session token: d80ce5967d384a489b441a9dbe867535906938e03f996c2b7cb2cf0f95ee40c4
DEBUG - 2025-02-28 09:36:06 --> Raw Authorization header: Bearer d80ce5967d384a489b441a9dbe867535906938e03f996c2b7cb2cf0f95ee40c4
DEBUG - 2025-02-28 09:36:06 --> Token dari header: d80ce5967d384a489b441a9dbe867535906938e03f996c2b7cb2cf0f95ee40c4
DEBUG - 2025-02-28 09:36:06 --> SQL: SELECT *
FROM `mahasiswa`
WHERE `token` = 'd80ce5967d384a489b441a9dbe867535906938e03f996c2b7cb2cf0f95ee40c4'
 LIMIT 1
DEBUG - 2025-02-28 09:36:06 --> Token yang dicari: d80ce5967d384a489b441a9dbe867535906938e03f996c2b7cb2cf0f95ee40c4
DEBUG - 2025-02-28 09:36:06 --> Hasil pencarian: {"id":"1","user_id":null,"npm":"1184097","nama":"Dika Dwi","email":"","password":"$2y$10$c769FHZxNhYZr.9SGsJCIOOXoyE2gLItzkS43DBWoVzVsPh46wYdm","point":"19821","gaya_belajar":"Kinestetik","created_at":"2024-12-13 02:29:49","updated_at":"2025-02-28 08:15:48","deleted_at":null,"token":"d80ce5967d384a489b441a9dbe867535906938e03f996c2b7cb2cf0f95ee40c4","last_login":"2025-02-24 10:49:22"}
INFO - 2025-02-28 09:36:06 --> Session: Class initialized using 'CodeIgniter\Session\Handlers\FileHandler' driver.
DEBUG - 2025-02-28 09:36:06 --> Session token: d80ce5967d384a489b441a9dbe867535906938e03f996c2b7cb2cf0f95ee40c4
DEBUG - 2025-02-28 09:36:06 --> Raw Authorization header: Bearer d80ce5967d384a489b441a9dbe867535906938e03f996c2b7cb2cf0f95ee40c4
DEBUG - 2025-02-28 09:36:06 --> Token dari header: d80ce5967d384a489b441a9dbe867535906938e03f996c2b7cb2cf0f95ee40c4
DEBUG - 2025-02-28 09:36:06 --> SQL: SELECT *
FROM `mahasiswa`
WHERE `token` = 'd80ce5967d384a489b441a9dbe867535906938e03f996c2b7cb2cf0f95ee40c4'
 LIMIT 1
DEBUG - 2025-02-28 09:36:06 --> Token yang dicari: d80ce5967d384a489b441a9dbe867535906938e03f996c2b7cb2cf0f95ee40c4
DEBUG - 2025-02-28 09:36:06 --> Hasil pencarian: {"id":"1","user_id":null,"npm":"1184097","nama":"Dika Dwi","email":"","password":"$2y$10$c769FHZxNhYZr.9SGsJCIOOXoyE2gLItzkS43DBWoVzVsPh46wYdm","point":"19821","gaya_belajar":"Kinestetik","created_at":"2024-12-13 02:29:49","updated_at":"2025-02-28 08:15:48","deleted_at":null,"token":"d80ce5967d384a489b441a9dbe867535906938e03f996c2b7cb2cf0f95ee40c4","last_login":"2025-02-24 10:49:22"}
INFO - 2025-02-28 09:36:06 --> Session: Class initialized using 'CodeIgniter\Session\Handlers\FileHandler' driver.
INFO - 2025-02-28 09:36:07 --> Session: Class initialized using 'CodeIgniter\Session\Handlers\FileHandler' driver.
INFO - 2025-02-28 09:36:16 --> Session: Class initialized using 'CodeIgniter\Session\Handlers\FileHandler' driver.
INFO - 2025-02-28 09:36:17 --> Session: Class initialized using 'CodeIgniter\Session\Handlers\FileHandler' driver.
INFO - 2025-02-28 09:36:30 --> Session: Class initialized using 'CodeIgniter\Session\Handlers\FileHandler' driver.
INFO - 2025-02-28 09:36:31 --> Session: Class initialized using 'CodeIgniter\Session\Handlers\FileHandler' driver.
INFO - 2025-02-28 09:36:31 --> Session: Class initialized using 'CodeIgniter\Session\Handlers\FileHandler' driver.
INFO - 2025-02-28 09:36:36 --> Session: Class initialized using 'CodeIgniter\Session\Handlers\FileHandler' driver.
INFO - 2025-02-28 09:36:37 --> Session: Class initialized using 'CodeIgniter\Session\Handlers\FileHandler' driver.
INFO - 2025-02-28 09:36:39 --> Session: Class initialized using 'CodeIgniter\Session\Handlers\FileHandler' driver.
DEBUG - 2025-02-28 09:36:39 --> Session token: d80ce5967d384a489b441a9dbe867535906938e03f996c2b7cb2cf0f95ee40c4
DEBUG - 2025-02-28 09:36:39 --> Raw Authorization header: Bearer d80ce5967d384a489b441a9dbe867535906938e03f996c2b7cb2cf0f95ee40c4
DEBUG - 2025-02-28 09:36:39 --> Token dari header: d80ce5967d384a489b441a9dbe867535906938e03f996c2b7cb2cf0f95ee40c4
DEBUG - 2025-02-28 09:36:39 --> SQL: SELECT *
FROM `mahasiswa`
WHERE `token` = 'd80ce5967d384a489b441a9dbe867535906938e03f996c2b7cb2cf0f95ee40c4'
 LIMIT 1
DEBUG - 2025-02-28 09:36:39 --> Token yang dicari: d80ce5967d384a489b441a9dbe867535906938e03f996c2b7cb2cf0f95ee40c4
DEBUG - 2025-02-28 09:36:39 --> Hasil pencarian: {"id":"1","user_id":null,"npm":"1184097","nama":"Dika Dwi","email":"","password":"$2y$10$c769FHZxNhYZr.9SGsJCIOOXoyE2gLItzkS43DBWoVzVsPh46wYdm","point":"19821","gaya_belajar":"Kinestetik","created_at":"2024-12-13 02:29:49","updated_at":"2025-02-28 09:36:30","deleted_at":null,"token":"d80ce5967d384a489b441a9dbe867535906938e03f996c2b7cb2cf0f95ee40c4","last_login":"2025-02-24 10:49:22"}
INFO - 2025-02-28 09:36:39 --> Session: Class initialized using 'CodeIgniter\Session\Handlers\FileHandler' driver.
DEBUG - 2025-02-28 09:36:39 --> Session token: d80ce5967d384a489b441a9dbe867535906938e03f996c2b7cb2cf0f95ee40c4
DEBUG - 2025-02-28 09:36:39 --> Raw Authorization header: Bearer d80ce5967d384a489b441a9dbe867535906938e03f996c2b7cb2cf0f95ee40c4
DEBUG - 2025-02-28 09:36:39 --> Token dari header: d80ce5967d384a489b441a9dbe867535906938e03f996c2b7cb2cf0f95ee40c4
DEBUG - 2025-02-28 09:36:39 --> SQL: SELECT *
FROM `mahasiswa`
WHERE `token` = 'd80ce5967d384a489b441a9dbe867535906938e03f996c2b7cb2cf0f95ee40c4'
 LIMIT 1
DEBUG - 2025-02-28 09:36:39 --> Token yang dicari: d80ce5967d384a489b441a9dbe867535906938e03f996c2b7cb2cf0f95ee40c4
DEBUG - 2025-02-28 09:36:39 --> Hasil pencarian: {"id":"1","user_id":null,"npm":"1184097","nama":"Dika Dwi","email":"","password":"$2y$10$c769FHZxNhYZr.9SGsJCIOOXoyE2gLItzkS43DBWoVzVsPh46wYdm","point":"19821","gaya_belajar":"Kinestetik","created_at":"2024-12-13 02:29:49","updated_at":"2025-02-28 09:36:30","deleted_at":null,"token":"d80ce5967d384a489b441a9dbe867535906938e03f996c2b7cb2cf0f95ee40c4","last_login":"2025-02-24 10:49:22"}
INFO - 2025-02-28 09:36:39 --> Session: Class initialized using 'CodeIgniter\Session\Handlers\FileHandler' driver.
DEBUG - 2025-02-28 09:36:39 --> Session token: d80ce5967d384a489b441a9dbe867535906938e03f996c2b7cb2cf0f95ee40c4
DEBUG - 2025-02-28 09:36:39 --> Raw Authorization header: Bearer d80ce5967d384a489b441a9dbe867535906938e03f996c2b7cb2cf0f95ee40c4
DEBUG - 2025-02-28 09:36:39 --> Token dari header: d80ce5967d384a489b441a9dbe867535906938e03f996c2b7cb2cf0f95ee40c4
DEBUG - 2025-02-28 09:36:39 --> SQL: SELECT *
FROM `mahasiswa`
WHERE `token` = 'd80ce5967d384a489b441a9dbe867535906938e03f996c2b7cb2cf0f95ee40c4'
 LIMIT 1
DEBUG - 2025-02-28 09:36:39 --> Token yang dicari: d80ce5967d384a489b441a9dbe867535906938e03f996c2b7cb2cf0f95ee40c4
DEBUG - 2025-02-28 09:36:39 --> Hasil pencarian: {"id":"1","user_id":null,"npm":"1184097","nama":"Dika Dwi","email":"","password":"$2y$10$c769FHZxNhYZr.9SGsJCIOOXoyE2gLItzkS43DBWoVzVsPh46wYdm","point":"19821","gaya_belajar":"Kinestetik","created_at":"2024-12-13 02:29:49","updated_at":"2025-02-28 09:36:30","deleted_at":null,"token":"d80ce5967d384a489b441a9dbe867535906938e03f996c2b7cb2cf0f95ee40c4","last_login":"2025-02-24 10:49:22"}
INFO - 2025-02-28 09:37:46 --> Session: Class initialized using 'CodeIgniter\Session\Handlers\FileHandler' driver.
INFO - 2025-02-28 09:37:46 --> Session: Class initialized using 'CodeIgniter\Session\Handlers\FileHandler' driver.
INFO - 2025-02-28 09:37:53 --> Session: Class initialized using 'CodeIgniter\Session\Handlers\FileHandler' driver.
INFO - 2025-02-28 09:37:54 --> Session: Class initialized using 'CodeIgniter\Session\Handlers\FileHandler' driver.
INFO - 2025-02-28 09:37:54 --> Session: Class initialized using 'CodeIgniter\Session\Handlers\FileHandler' driver.
INFO - 2025-02-28 09:39:30 --> Session: Class initialized using 'CodeIgniter\Session\Handlers\FileHandler' driver.
INFO - 2025-02-28 09:39:30 --> Session: Class initialized using 'CodeIgniter\Session\Handlers\FileHandler' driver.
INFO - 2025-02-28 09:39:35 --> Session: Class initialized using 'CodeIgniter\Session\Handlers\FileHandler' driver.
INFO - 2025-02-28 09:39:35 --> Session: Class initialized using 'CodeIgniter\Session\Handlers\FileHandler' driver.
INFO - 2025-02-28 09:39:36 --> Session: Class initialized using 'CodeIgniter\Session\Handlers\FileHandler' driver.
INFO - 2025-02-28 09:40:35 --> Session: Class initialized using 'CodeIgniter\Session\Handlers\FileHandler' driver.
INFO - 2025-02-28 09:40:35 --> Session: Class initialized using 'CodeIgniter\Session\Handlers\FileHandler' driver.
INFO - 2025-02-28 09:40:40 --> Session: Class initialized using 'CodeIgniter\Session\Handlers\FileHandler' driver.
INFO - 2025-02-28 09:40:40 --> Session: Class initialized using 'CodeIgniter\Session\Handlers\FileHandler' driver.
INFO - 2025-02-28 09:40:41 --> Session: Class initialized using 'CodeIgniter\Session\Handlers\FileHandler' driver.
INFO - 2025-02-28 09:44:11 --> Session: Class initialized using 'CodeIgniter\Session\Handlers\FileHandler' driver.
INFO - 2025-02-28 09:44:12 --> Session: Class initialized using 'CodeIgniter\Session\Handlers\FileHandler' driver.
INFO - 2025-02-28 09:44:16 --> Session: Class initialized using 'CodeIgniter\Session\Handlers\FileHandler' driver.
INFO - 2025-02-28 09:44:16 --> Session: Class initialized using 'CodeIgniter\Session\Handlers\FileHandler' driver.
INFO - 2025-02-28 09:44:17 --> Session: Class initialized using 'CodeIgniter\Session\Handlers\FileHandler' driver.
INFO - 2025-02-28 09:44:49 --> Session: Class initialized using 'CodeIgniter\Session\Handlers\FileHandler' driver.
INFO - 2025-02-28 09:44:49 --> Session: Class initialized using 'CodeIgniter\Session\Handlers\FileHandler' driver.
INFO - 2025-02-28 09:44:55 --> Session: Class initialized using 'CodeIgniter\Session\Handlers\FileHandler' driver.
INFO - 2025-02-28 09:44:56 --> Session: Class initialized using 'CodeIgniter\Session\Handlers\FileHandler' driver.
INFO - 2025-02-28 09:44:56 --> Session: Class initialized using 'CodeIgniter\Session\Handlers\FileHandler' driver.
INFO - 2025-02-28 09:45:01 --> Session: Class initialized using 'CodeIgniter\Session\Handlers\FileHandler' driver.
INFO - 2025-02-28 09:45:02 --> Session: Class initialized using 'CodeIgniter\Session\Handlers\FileHandler' driver.
INFO - 2025-02-28 09:45:03 --> Session: Class initialized using 'CodeIgniter\Session\Handlers\FileHandler' driver.
DEBUG - 2025-02-28 09:45:03 --> Session token: d80ce5967d384a489b441a9dbe867535906938e03f996c2b7cb2cf0f95ee40c4
DEBUG - 2025-02-28 09:45:03 --> Raw Authorization header: Bearer d80ce5967d384a489b441a9dbe867535906938e03f996c2b7cb2cf0f95ee40c4
DEBUG - 2025-02-28 09:45:03 --> Token dari header: d80ce5967d384a489b441a9dbe867535906938e03f996c2b7cb2cf0f95ee40c4
DEBUG - 2025-02-28 09:45:03 --> SQL: SELECT *
FROM `mahasiswa`
WHERE `token` = 'd80ce5967d384a489b441a9dbe867535906938e03f996c2b7cb2cf0f95ee40c4'
 LIMIT 1
DEBUG - 2025-02-28 09:45:03 --> Token yang dicari: d80ce5967d384a489b441a9dbe867535906938e03f996c2b7cb2cf0f95ee40c4
DEBUG - 2025-02-28 09:45:03 --> Hasil pencarian: {"id":"1","user_id":null,"npm":"1184097","nama":"Dika Dwi","email":"","password":"$2y$10$c769FHZxNhYZr.9SGsJCIOOXoyE2gLItzkS43DBWoVzVsPh46wYdm","point":"19871","gaya_belajar":"Kinestetik","created_at":"2024-12-13 02:29:49","updated_at":"2025-02-28 09:44:55","deleted_at":null,"token":"d80ce5967d384a489b441a9dbe867535906938e03f996c2b7cb2cf0f95ee40c4","last_login":"2025-02-24 10:49:22"}
INFO - 2025-02-28 09:45:04 --> Session: Class initialized using 'CodeIgniter\Session\Handlers\FileHandler' driver.
DEBUG - 2025-02-28 09:45:04 --> Session token: d80ce5967d384a489b441a9dbe867535906938e03f996c2b7cb2cf0f95ee40c4
DEBUG - 2025-02-28 09:45:04 --> Raw Authorization header: Bearer d80ce5967d384a489b441a9dbe867535906938e03f996c2b7cb2cf0f95ee40c4
DEBUG - 2025-02-28 09:45:04 --> Token dari header: d80ce5967d384a489b441a9dbe867535906938e03f996c2b7cb2cf0f95ee40c4
DEBUG - 2025-02-28 09:45:04 --> SQL: SELECT *
FROM `mahasiswa`
WHERE `token` = 'd80ce5967d384a489b441a9dbe867535906938e03f996c2b7cb2cf0f95ee40c4'
 LIMIT 1
DEBUG - 2025-02-28 09:45:04 --> Token yang dicari: d80ce5967d384a489b441a9dbe867535906938e03f996c2b7cb2cf0f95ee40c4
DEBUG - 2025-02-28 09:45:04 --> Hasil pencarian: {"id":"1","user_id":null,"npm":"1184097","nama":"Dika Dwi","email":"","password":"$2y$10$c769FHZxNhYZr.9SGsJCIOOXoyE2gLItzkS43DBWoVzVsPh46wYdm","point":"19871","gaya_belajar":"Kinestetik","created_at":"2024-12-13 02:29:49","updated_at":"2025-02-28 09:44:55","deleted_at":null,"token":"d80ce5967d384a489b441a9dbe867535906938e03f996c2b7cb2cf0f95ee40c4","last_login":"2025-02-24 10:49:22"}
INFO - 2025-02-28 09:45:04 --> Session: Class initialized using 'CodeIgniter\Session\Handlers\FileHandler' driver.
DEBUG - 2025-02-28 09:45:04 --> Session token: d80ce5967d384a489b441a9dbe867535906938e03f996c2b7cb2cf0f95ee40c4
DEBUG - 2025-02-28 09:45:04 --> Raw Authorization header: Bearer d80ce5967d384a489b441a9dbe867535906938e03f996c2b7cb2cf0f95ee40c4
DEBUG - 2025-02-28 09:45:04 --> Token dari header: d80ce5967d384a489b441a9dbe867535906938e03f996c2b7cb2cf0f95ee40c4
DEBUG - 2025-02-28 09:45:04 --> SQL: SELECT *
FROM `mahasiswa`
WHERE `token` = 'd80ce5967d384a489b441a9dbe867535906938e03f996c2b7cb2cf0f95ee40c4'
 LIMIT 1
DEBUG - 2025-02-28 09:45:04 --> Token yang dicari: d80ce5967d384a489b441a9dbe867535906938e03f996c2b7cb2cf0f95ee40c4
DEBUG - 2025-02-28 09:45:04 --> Hasil pencarian: {"id":"1","user_id":null,"npm":"1184097","nama":"Dika Dwi","email":"","password":"$2y$10$c769FHZxNhYZr.9SGsJCIOOXoyE2gLItzkS43DBWoVzVsPh46wYdm","point":"19871","gaya_belajar":"Kinestetik","created_at":"2024-12-13 02:29:49","updated_at":"2025-02-28 09:44:55","deleted_at":null,"token":"d80ce5967d384a489b441a9dbe867535906938e03f996c2b7cb2cf0f95ee40c4","last_login":"2025-02-24 10:49:22"}
INFO - 2025-02-28 09:45:11 --> Session: Class initialized using 'CodeIgniter\Session\Handlers\FileHandler' driver.
INFO - 2025-02-28 09:45:11 --> Session: Class initialized using 'CodeIgniter\Session\Handlers\FileHandler' driver.
INFO - 2025-02-28 09:45:12 --> Session: Class initialized using 'CodeIgniter\Session\Handlers\FileHandler' driver.
INFO - 2025-02-28 09:45:14 --> Session: Class initialized using 'CodeIgniter\Session\Handlers\FileHandler' driver.
DEBUG - 2025-02-28 09:45:14 --> Session token: d80ce5967d384a489b441a9dbe867535906938e03f996c2b7cb2cf0f95ee40c4
DEBUG - 2025-02-28 09:45:14 --> Raw Authorization header: Bearer d80ce5967d384a489b441a9dbe867535906938e03f996c2b7cb2cf0f95ee40c4
DEBUG - 2025-02-28 09:45:14 --> Token dari header: d80ce5967d384a489b441a9dbe867535906938e03f996c2b7cb2cf0f95ee40c4
DEBUG - 2025-02-28 09:45:14 --> SQL: SELECT *
FROM `mahasiswa`
WHERE `token` = 'd80ce5967d384a489b441a9dbe867535906938e03f996c2b7cb2cf0f95ee40c4'
 LIMIT 1
DEBUG - 2025-02-28 09:45:14 --> Token yang dicari: d80ce5967d384a489b441a9dbe867535906938e03f996c2b7cb2cf0f95ee40c4
DEBUG - 2025-02-28 09:45:14 --> Hasil pencarian: {"id":"1","user_id":null,"npm":"1184097","nama":"Dika Dwi","email":"","password":"$2y$10$c769FHZxNhYZr.9SGsJCIOOXoyE2gLItzkS43DBWoVzVsPh46wYdm","point":"19901","gaya_belajar":"Kinestetik","created_at":"2024-12-13 02:29:49","updated_at":"2025-02-28 09:45:11","deleted_at":null,"token":"d80ce5967d384a489b441a9dbe867535906938e03f996c2b7cb2cf0f95ee40c4","last_login":"2025-02-24 10:49:22"}
INFO - 2025-02-28 09:45:14 --> Session: Class initialized using 'CodeIgniter\Session\Handlers\FileHandler' driver.
DEBUG - 2025-02-28 09:45:14 --> Session token: d80ce5967d384a489b441a9dbe867535906938e03f996c2b7cb2cf0f95ee40c4
DEBUG - 2025-02-28 09:45:14 --> Raw Authorization header: Bearer d80ce5967d384a489b441a9dbe867535906938e03f996c2b7cb2cf0f95ee40c4
DEBUG - 2025-02-28 09:45:14 --> Token dari header: d80ce5967d384a489b441a9dbe867535906938e03f996c2b7cb2cf0f95ee40c4
DEBUG - 2025-02-28 09:45:14 --> SQL: SELECT *
FROM `mahasiswa`
WHERE `token` = 'd80ce5967d384a489b441a9dbe867535906938e03f996c2b7cb2cf0f95ee40c4'
 LIMIT 1
DEBUG - 2025-02-28 09:45:14 --> Token yang dicari: d80ce5967d384a489b441a9dbe867535906938e03f996c2b7cb2cf0f95ee40c4
DEBUG - 2025-02-28 09:45:14 --> Hasil pencarian: {"id":"1","user_id":null,"npm":"1184097","nama":"Dika Dwi","email":"","password":"$2y$10$c769FHZxNhYZr.9SGsJCIOOXoyE2gLItzkS43DBWoVzVsPh46wYdm","point":"19901","gaya_belajar":"Kinestetik","created_at":"2024-12-13 02:29:49","updated_at":"2025-02-28 09:45:11","deleted_at":null,"token":"d80ce5967d384a489b441a9dbe867535906938e03f996c2b7cb2cf0f95ee40c4","last_login":"2025-02-24 10:49:22"}
INFO - 2025-02-28 09:45:14 --> Session: Class initialized using 'CodeIgniter\Session\Handlers\FileHandler' driver.
DEBUG - 2025-02-28 09:45:14 --> Session token: d80ce5967d384a489b441a9dbe867535906938e03f996c2b7cb2cf0f95ee40c4
DEBUG - 2025-02-28 09:45:14 --> Raw Authorization header: Bearer d80ce5967d384a489b441a9dbe867535906938e03f996c2b7cb2cf0f95ee40c4
DEBUG - 2025-02-28 09:45:14 --> Token dari header: d80ce5967d384a489b441a9dbe867535906938e03f996c2b7cb2cf0f95ee40c4
DEBUG - 2025-02-28 09:45:14 --> SQL: SELECT *
FROM `mahasiswa`
WHERE `token` = 'd80ce5967d384a489b441a9dbe867535906938e03f996c2b7cb2cf0f95ee40c4'
 LIMIT 1
DEBUG - 2025-02-28 09:45:14 --> Token yang dicari: d80ce5967d384a489b441a9dbe867535906938e03f996c2b7cb2cf0f95ee40c4
DEBUG - 2025-02-28 09:45:14 --> Hasil pencarian: {"id":"1","user_id":null,"npm":"1184097","nama":"Dika Dwi","email":"","password":"$2y$10$c769FHZxNhYZr.9SGsJCIOOXoyE2gLItzkS43DBWoVzVsPh46wYdm","point":"19901","gaya_belajar":"Kinestetik","created_at":"2024-12-13 02:29:49","updated_at":"2025-02-28 09:45:11","deleted_at":null,"token":"d80ce5967d384a489b441a9dbe867535906938e03f996c2b7cb2cf0f95ee40c4","last_login":"2025-02-24 10:49:22"}
INFO - 2025-02-28 09:45:15 --> Session: Class initialized using 'CodeIgniter\Session\Handlers\FileHandler' driver.
INFO - 2025-02-28 09:45:15 --> Session: Class initialized using 'CodeIgniter\Session\Handlers\FileHandler' driver.
INFO - 2025-02-28 09:45:18 --> Session: Class initialized using 'CodeIgniter\Session\Handlers\FileHandler' driver.
INFO - 2025-02-28 09:45:18 --> Session: Class initialized using 'CodeIgniter\Session\Handlers\FileHandler' driver.
INFO - 2025-02-28 09:45:19 --> Session: Class initialized using 'CodeIgniter\Session\Handlers\FileHandler' driver.
INFO - 2025-02-28 09:45:23 --> Session: Class initialized using 'CodeIgniter\Session\Handlers\FileHandler' driver.
INFO - 2025-02-28 09:45:23 --> Session: Class initialized using 'CodeIgniter\Session\Handlers\FileHandler' driver.
INFO - 2025-02-28 09:45:24 --> Session: Class initialized using 'CodeIgniter\Session\Handlers\FileHandler' driver.
INFO - 2025-02-28 09:45:28 --> Session: Class initialized using 'CodeIgniter\Session\Handlers\FileHandler' driver.
INFO - 2025-02-28 09:45:29 --> Session: Class initialized using 'CodeIgniter\Session\Handlers\FileHandler' driver.
INFO - 2025-02-28 09:45:30 --> Session: Class initialized using 'CodeIgniter\Session\Handlers\FileHandler' driver.
DEBUG - 2025-02-28 09:45:30 --> Session token: d80ce5967d384a489b441a9dbe867535906938e03f996c2b7cb2cf0f95ee40c4
DEBUG - 2025-02-28 09:45:30 --> Raw Authorization header: Bearer d80ce5967d384a489b441a9dbe867535906938e03f996c2b7cb2cf0f95ee40c4
DEBUG - 2025-02-28 09:45:30 --> Token dari header: d80ce5967d384a489b441a9dbe867535906938e03f996c2b7cb2cf0f95ee40c4
DEBUG - 2025-02-28 09:45:30 --> SQL: SELECT *
FROM `mahasiswa`
WHERE `token` = 'd80ce5967d384a489b441a9dbe867535906938e03f996c2b7cb2cf0f95ee40c4'
 LIMIT 1
DEBUG - 2025-02-28 09:45:30 --> Token yang dicari: d80ce5967d384a489b441a9dbe867535906938e03f996c2b7cb2cf0f95ee40c4
DEBUG - 2025-02-28 09:45:30 --> Hasil pencarian: {"id":"1","user_id":null,"npm":"1184097","nama":"Dika Dwi","email":"","password":"$2y$10$c769FHZxNhYZr.9SGsJCIOOXoyE2gLItzkS43DBWoVzVsPh46wYdm","point":"20001","gaya_belajar":"Kinestetik","created_at":"2024-12-13 02:29:49","updated_at":"2025-02-28 09:45:23","deleted_at":null,"token":"d80ce5967d384a489b441a9dbe867535906938e03f996c2b7cb2cf0f95ee40c4","last_login":"2025-02-24 10:49:22"}
INFO - 2025-02-28 09:45:31 --> Session: Class initialized using 'CodeIgniter\Session\Handlers\FileHandler' driver.
DEBUG - 2025-02-28 09:45:31 --> Session token: d80ce5967d384a489b441a9dbe867535906938e03f996c2b7cb2cf0f95ee40c4
DEBUG - 2025-02-28 09:45:31 --> Raw Authorization header: Bearer d80ce5967d384a489b441a9dbe867535906938e03f996c2b7cb2cf0f95ee40c4
DEBUG - 2025-02-28 09:45:31 --> Token dari header: d80ce5967d384a489b441a9dbe867535906938e03f996c2b7cb2cf0f95ee40c4
DEBUG - 2025-02-28 09:45:31 --> SQL: SELECT *
FROM `mahasiswa`
WHERE `token` = 'd80ce5967d384a489b441a9dbe867535906938e03f996c2b7cb2cf0f95ee40c4'
 LIMIT 1
DEBUG - 2025-02-28 09:45:31 --> Token yang dicari: d80ce5967d384a489b441a9dbe867535906938e03f996c2b7cb2cf0f95ee40c4
DEBUG - 2025-02-28 09:45:31 --> Hasil pencarian: {"id":"1","user_id":null,"npm":"1184097","nama":"Dika Dwi","email":"","password":"$2y$10$c769FHZxNhYZr.9SGsJCIOOXoyE2gLItzkS43DBWoVzVsPh46wYdm","point":"20001","gaya_belajar":"Kinestetik","created_at":"2024-12-13 02:29:49","updated_at":"2025-02-28 09:45:23","deleted_at":null,"token":"d80ce5967d384a489b441a9dbe867535906938e03f996c2b7cb2cf0f95ee40c4","last_login":"2025-02-24 10:49:22"}
INFO - 2025-02-28 09:45:31 --> Session: Class initialized using 'CodeIgniter\Session\Handlers\FileHandler' driver.
DEBUG - 2025-02-28 09:45:31 --> Session token: d80ce5967d384a489b441a9dbe867535906938e03f996c2b7cb2cf0f95ee40c4
DEBUG - 2025-02-28 09:45:31 --> Raw Authorization header: Bearer d80ce5967d384a489b441a9dbe867535906938e03f996c2b7cb2cf0f95ee40c4
DEBUG - 2025-02-28 09:45:31 --> Token dari header: d80ce5967d384a489b441a9dbe867535906938e03f996c2b7cb2cf0f95ee40c4
DEBUG - 2025-02-28 09:45:31 --> SQL: SELECT *
FROM `mahasiswa`
WHERE `token` = 'd80ce5967d384a489b441a9dbe867535906938e03f996c2b7cb2cf0f95ee40c4'
 LIMIT 1
DEBUG - 2025-02-28 09:45:31 --> Token yang dicari: d80ce5967d384a489b441a9dbe867535906938e03f996c2b7cb2cf0f95ee40c4
DEBUG - 2025-02-28 09:45:31 --> Hasil pencarian: {"id":"1","user_id":null,"npm":"1184097","nama":"Dika Dwi","email":"","password":"$2y$10$c769FHZxNhYZr.9SGsJCIOOXoyE2gLItzkS43DBWoVzVsPh46wYdm","point":"20001","gaya_belajar":"Kinestetik","created_at":"2024-12-13 02:29:49","updated_at":"2025-02-28 09:45:23","deleted_at":null,"token":"d80ce5967d384a489b441a9dbe867535906938e03f996c2b7cb2cf0f95ee40c4","last_login":"2025-02-24 10:49:22"}
INFO - 2025-02-28 09:45:34 --> Session: Class initialized using 'CodeIgniter\Session\Handlers\FileHandler' driver.
INFO - 2025-02-28 09:45:35 --> Session: Class initialized using 'CodeIgniter\Session\Handlers\FileHandler' driver.
INFO - 2025-02-28 09:45:41 --> Session: Class initialized using 'CodeIgniter\Session\Handlers\FileHandler' driver.
INFO - 2025-02-28 09:45:42 --> Session: Class initialized using 'CodeIgniter\Session\Handlers\FileHandler' driver.
INFO - 2025-02-28 09:45:42 --> Session: Class initialized using 'CodeIgniter\Session\Handlers\FileHandler' driver.
INFO - 2025-02-28 09:45:46 --> Session: Class initialized using 'CodeIgniter\Session\Handlers\FileHandler' driver.
INFO - 2025-02-28 09:45:47 --> Session: Class initialized using 'CodeIgniter\Session\Handlers\FileHandler' driver.
INFO - 2025-02-28 09:45:49 --> Session: Class initialized using 'CodeIgniter\Session\Handlers\FileHandler' driver.
DEBUG - 2025-02-28 09:45:49 --> Session token: d80ce5967d384a489b441a9dbe867535906938e03f996c2b7cb2cf0f95ee40c4
DEBUG - 2025-02-28 09:45:49 --> Raw Authorization header: Bearer d80ce5967d384a489b441a9dbe867535906938e03f996c2b7cb2cf0f95ee40c4
DEBUG - 2025-02-28 09:45:49 --> Token dari header: d80ce5967d384a489b441a9dbe867535906938e03f996c2b7cb2cf0f95ee40c4
DEBUG - 2025-02-28 09:45:49 --> SQL: SELECT *
FROM `mahasiswa`
WHERE `token` = 'd80ce5967d384a489b441a9dbe867535906938e03f996c2b7cb2cf0f95ee40c4'
 LIMIT 1
DEBUG - 2025-02-28 09:45:49 --> Token yang dicari: d80ce5967d384a489b441a9dbe867535906938e03f996c2b7cb2cf0f95ee40c4
DEBUG - 2025-02-28 09:45:49 --> Hasil pencarian: {"id":"1","user_id":null,"npm":"1184097","nama":"Dika Dwi","email":"","password":"$2y$10$c769FHZxNhYZr.9SGsJCIOOXoyE2gLItzkS43DBWoVzVsPh46wYdm","point":"2001","gaya_belajar":"Kinestetik","created_at":"2024-12-13 02:29:49","updated_at":"2025-02-28 09:45:41","deleted_at":null,"token":"d80ce5967d384a489b441a9dbe867535906938e03f996c2b7cb2cf0f95ee40c4","last_login":"2025-02-24 10:49:22"}
INFO - 2025-02-28 09:45:49 --> Session: Class initialized using 'CodeIgniter\Session\Handlers\FileHandler' driver.
DEBUG - 2025-02-28 09:45:49 --> Session token: d80ce5967d384a489b441a9dbe867535906938e03f996c2b7cb2cf0f95ee40c4
DEBUG - 2025-02-28 09:45:49 --> Raw Authorization header: Bearer d80ce5967d384a489b441a9dbe867535906938e03f996c2b7cb2cf0f95ee40c4
DEBUG - 2025-02-28 09:45:49 --> Token dari header: d80ce5967d384a489b441a9dbe867535906938e03f996c2b7cb2cf0f95ee40c4
DEBUG - 2025-02-28 09:45:49 --> SQL: SELECT *
FROM `mahasiswa`
WHERE `token` = 'd80ce5967d384a489b441a9dbe867535906938e03f996c2b7cb2cf0f95ee40c4'
 LIMIT 1
DEBUG - 2025-02-28 09:45:49 --> Token yang dicari: d80ce5967d384a489b441a9dbe867535906938e03f996c2b7cb2cf0f95ee40c4
DEBUG - 2025-02-28 09:45:49 --> Hasil pencarian: {"id":"1","user_id":null,"npm":"1184097","nama":"Dika Dwi","email":"","password":"$2y$10$c769FHZxNhYZr.9SGsJCIOOXoyE2gLItzkS43DBWoVzVsPh46wYdm","point":"2001","gaya_belajar":"Kinestetik","created_at":"2024-12-13 02:29:49","updated_at":"2025-02-28 09:45:41","deleted_at":null,"token":"d80ce5967d384a489b441a9dbe867535906938e03f996c2b7cb2cf0f95ee40c4","last_login":"2025-02-24 10:49:22"}
INFO - 2025-02-28 09:45:49 --> Session: Class initialized using 'CodeIgniter\Session\Handlers\FileHandler' driver.
DEBUG - 2025-02-28 09:45:49 --> Session token: d80ce5967d384a489b441a9dbe867535906938e03f996c2b7cb2cf0f95ee40c4
DEBUG - 2025-02-28 09:45:49 --> Raw Authorization header: Bearer d80ce5967d384a489b441a9dbe867535906938e03f996c2b7cb2cf0f95ee40c4
DEBUG - 2025-02-28 09:45:49 --> Token dari header: d80ce5967d384a489b441a9dbe867535906938e03f996c2b7cb2cf0f95ee40c4
DEBUG - 2025-02-28 09:45:49 --> SQL: SELECT *
FROM `mahasiswa`
WHERE `token` = 'd80ce5967d384a489b441a9dbe867535906938e03f996c2b7cb2cf0f95ee40c4'
 LIMIT 1
DEBUG - 2025-02-28 09:45:49 --> Token yang dicari: d80ce5967d384a489b441a9dbe867535906938e03f996c2b7cb2cf0f95ee40c4
DEBUG - 2025-02-28 09:45:49 --> Hasil pencarian: {"id":"1","user_id":null,"npm":"1184097","nama":"Dika Dwi","email":"","password":"$2y$10$c769FHZxNhYZr.9SGsJCIOOXoyE2gLItzkS43DBWoVzVsPh46wYdm","point":"2001","gaya_belajar":"Kinestetik","created_at":"2024-12-13 02:29:49","updated_at":"2025-02-28 09:45:41","deleted_at":null,"token":"d80ce5967d384a489b441a9dbe867535906938e03f996c2b7cb2cf0f95ee40c4","last_login":"2025-02-24 10:49:22"}
INFO - 2025-02-28 09:46:14 --> Session: Class initialized using 'CodeIgniter\Session\Handlers\FileHandler' driver.
INFO - 2025-02-28 09:46:15 --> Session: Class initialized using 'CodeIgniter\Session\Handlers\FileHandler' driver.
INFO - 2025-02-28 09:46:17 --> Session: Class initialized using 'CodeIgniter\Session\Handlers\FileHandler' driver.
WARNING - 2025-02-28 09:46:17 --> [DEPRECATED] strtotime(): Passing null to parameter #1 ($datetime) of type string is deprecated in APPPATH\Views\PoinMarket_Admin\Tabel\tabel_user.php on line 92.
 1 APPPATH\Views\PoinMarket_Admin\Tabel\tabel_user.php(92): strtotime(null)
 2 SYSTEMPATH\View\View.php(224): include('C:\\xampp\\htdocs\\PoinMarket\\app\\Views\\PoinMarket_Admin\\Tabel\\tabel_user.php')
 3 SYSTEMPATH\View\View.php(227): CodeIgniter\View\View->CodeIgniter\View\{closure}()
 4 SYSTEMPATH\View\View.php(452): CodeIgniter\View\View->render('PoinMarket_Admin/Tabel/tabel_user', null, true)
 5 APPPATH\Views\PoinMarket_Admin\Page\user.php(66): CodeIgniter\View\View->include('PoinMarket_Admin/Tabel/tabel_user')
 6 SYSTEMPATH\View\View.php(224): include('C:\\xampp\\htdocs\\PoinMarket\\app\\Views\\PoinMarket_Admin\\Page\\user.php')
 7 SYSTEMPATH\View\View.php(227): CodeIgniter\View\View->CodeIgniter\View\{closure}()
 8 SYSTEMPATH\Common.php(1180): CodeIgniter\View\View->render('PoinMarket_Admin/Page/user', [], true)
 9 APPPATH\Controllers\PoinMarket_Admin\User.php(73): view('PoinMarket_Admin/Page/user', [...])
10 SYSTEMPATH\CodeIgniter.php(932): App\Controllers\PoinMarket_Admin\User->index()
11 SYSTEMPATH\CodeIgniter.php(497): CodeIgniter\CodeIgniter->runController(Object(App\Controllers\PoinMarket_Admin\User))
12 SYSTEMPATH\CodeIgniter.php(366): CodeIgniter\CodeIgniter->handleRequest(null, Object(Config\Cache), false)
13 FCPATH\index.php(67): CodeIgniter\CodeIgniter->run()
14 SYSTEMPATH\Commands\Server\rewrite.php(47): require_once('C:\\xampp\\htdocs\\PoinMarket\\public\\index.php')
WARNING - 2025-02-28 09:46:17 --> [DEPRECATED] strtotime(): Passing null to parameter #1 ($datetime) of type string is deprecated in APPPATH\Views\PoinMarket_Admin\Tabel\tabel_user.php on line 92.
 1 APPPATH\Views\PoinMarket_Admin\Tabel\tabel_user.php(92): strtotime(null)
 2 SYSTEMPATH\View\View.php(224): include('C:\\xampp\\htdocs\\PoinMarket\\app\\Views\\PoinMarket_Admin\\Tabel\\tabel_user.php')
 3 SYSTEMPATH\View\View.php(227): CodeIgniter\View\View->CodeIgniter\View\{closure}()
 4 SYSTEMPATH\View\View.php(452): CodeIgniter\View\View->render('PoinMarket_Admin/Tabel/tabel_user', null, true)
 5 APPPATH\Views\PoinMarket_Admin\Page\user.php(66): CodeIgniter\View\View->include('PoinMarket_Admin/Tabel/tabel_user')
 6 SYSTEMPATH\View\View.php(224): include('C:\\xampp\\htdocs\\PoinMarket\\app\\Views\\PoinMarket_Admin\\Page\\user.php')
 7 SYSTEMPATH\View\View.php(227): CodeIgniter\View\View->CodeIgniter\View\{closure}()
 8 SYSTEMPATH\Common.php(1180): CodeIgniter\View\View->render('PoinMarket_Admin/Page/user', [], true)
 9 APPPATH\Controllers\PoinMarket_Admin\User.php(73): view('PoinMarket_Admin/Page/user', [...])
10 SYSTEMPATH\CodeIgniter.php(932): App\Controllers\PoinMarket_Admin\User->index()
11 SYSTEMPATH\CodeIgniter.php(497): CodeIgniter\CodeIgniter->runController(Object(App\Controllers\PoinMarket_Admin\User))
12 SYSTEMPATH\CodeIgniter.php(366): CodeIgniter\CodeIgniter->handleRequest(null, Object(Config\Cache), false)
13 FCPATH\index.php(67): CodeIgniter\CodeIgniter->run()
14 SYSTEMPATH\Commands\Server\rewrite.php(47): require_once('C:\\xampp\\htdocs\\PoinMarket\\public\\index.php')
INFO - 2025-02-28 09:46:17 --> Session: Class initialized using 'CodeIgniter\Session\Handlers\FileHandler' driver.
WARNING - 2025-02-28 09:46:17 --> [DEPRECATED] strtotime(): Passing null to parameter #1 ($datetime) of type string is deprecated in APPPATH\Views\PoinMarket_Admin\Tabel\tabel_user.php on line 92.
 1 APPPATH\Views\PoinMarket_Admin\Tabel\tabel_user.php(92): strtotime(null)
 2 SYSTEMPATH\View\View.php(224): include('C:\\xampp\\htdocs\\PoinMarket\\app\\Views\\PoinMarket_Admin\\Tabel\\tabel_user.php')
 3 SYSTEMPATH\View\View.php(227): CodeIgniter\View\View->CodeIgniter\View\{closure}()
 4 SYSTEMPATH\View\View.php(452): CodeIgniter\View\View->render('PoinMarket_Admin/Tabel/tabel_user', null, true)
 5 APPPATH\Views\PoinMarket_Admin\Page\user.php(66): CodeIgniter\View\View->include('PoinMarket_Admin/Tabel/tabel_user')
 6 SYSTEMPATH\View\View.php(224): include('C:\\xampp\\htdocs\\PoinMarket\\app\\Views\\PoinMarket_Admin\\Page\\user.php')
 7 SYSTEMPATH\View\View.php(227): CodeIgniter\View\View->CodeIgniter\View\{closure}()
 8 SYSTEMPATH\Common.php(1180): CodeIgniter\View\View->render('PoinMarket_Admin/Page/user', [], true)
 9 APPPATH\Controllers\PoinMarket_Admin\User.php(73): view('PoinMarket_Admin/Page/user', [...])
10 SYSTEMPATH\CodeIgniter.php(932): App\Controllers\PoinMarket_Admin\User->index()
11 SYSTEMPATH\CodeIgniter.php(497): CodeIgniter\CodeIgniter->runController(Object(App\Controllers\PoinMarket_Admin\User))
12 SYSTEMPATH\CodeIgniter.php(366): CodeIgniter\CodeIgniter->handleRequest(null, Object(Config\Cache), false)
13 FCPATH\index.php(67): CodeIgniter\CodeIgniter->run()
14 SYSTEMPATH\Commands\Server\rewrite.php(47): require_once('C:\\xampp\\htdocs\\PoinMarket\\public\\index.php')
WARNING - 2025-02-28 09:46:17 --> [DEPRECATED] strtotime(): Passing null to parameter #1 ($datetime) of type string is deprecated in APPPATH\Views\PoinMarket_Admin\Tabel\tabel_user.php on line 92.
 1 APPPATH\Views\PoinMarket_Admin\Tabel\tabel_user.php(92): strtotime(null)
 2 SYSTEMPATH\View\View.php(224): include('C:\\xampp\\htdocs\\PoinMarket\\app\\Views\\PoinMarket_Admin\\Tabel\\tabel_user.php')
 3 SYSTEMPATH\View\View.php(227): CodeIgniter\View\View->CodeIgniter\View\{closure}()
 4 SYSTEMPATH\View\View.php(452): CodeIgniter\View\View->render('PoinMarket_Admin/Tabel/tabel_user', null, true)
 5 APPPATH\Views\PoinMarket_Admin\Page\user.php(66): CodeIgniter\View\View->include('PoinMarket_Admin/Tabel/tabel_user')
 6 SYSTEMPATH\View\View.php(224): include('C:\\xampp\\htdocs\\PoinMarket\\app\\Views\\PoinMarket_Admin\\Page\\user.php')
 7 SYSTEMPATH\View\View.php(227): CodeIgniter\View\View->CodeIgniter\View\{closure}()
 8 SYSTEMPATH\Common.php(1180): CodeIgniter\View\View->render('PoinMarket_Admin/Page/user', [], true)
 9 APPPATH\Controllers\PoinMarket_Admin\User.php(73): view('PoinMarket_Admin/Page/user', [...])
10 SYSTEMPATH\CodeIgniter.php(932): App\Controllers\PoinMarket_Admin\User->index()
11 SYSTEMPATH\CodeIgniter.php(497): CodeIgniter\CodeIgniter->runController(Object(App\Controllers\PoinMarket_Admin\User))
12 SYSTEMPATH\CodeIgniter.php(366): CodeIgniter\CodeIgniter->handleRequest(null, Object(Config\Cache), false)
13 FCPATH\index.php(67): CodeIgniter\CodeIgniter->run()
14 SYSTEMPATH\Commands\Server\rewrite.php(47): require_once('C:\\xampp\\htdocs\\PoinMarket\\public\\index.php')
INFO - 2025-02-28 09:46:25 --> Session: Class initialized using 'CodeIgniter\Session\Handlers\FileHandler' driver.
WARNING - 2025-02-28 09:46:25 --> [DEPRECATED] strtotime(): Passing null to parameter #1 ($datetime) of type string is deprecated in APPPATH\Views\PoinMarket_Admin\Tabel\tabel_user.php on line 92.
 1 APPPATH\Views\PoinMarket_Admin\Tabel\tabel_user.php(92): strtotime(null)
 2 SYSTEMPATH\View\View.php(224): include('C:\\xampp\\htdocs\\PoinMarket\\app\\Views\\PoinMarket_Admin\\Tabel\\tabel_user.php')
 3 SYSTEMPATH\View\View.php(227): CodeIgniter\View\View->CodeIgniter\View\{closure}()
 4 SYSTEMPATH\View\View.php(452): CodeIgniter\View\View->render('PoinMarket_Admin/Tabel/tabel_user', null, true)
 5 APPPATH\Views\PoinMarket_Admin\Page\user.php(66): CodeIgniter\View\View->include('PoinMarket_Admin/Tabel/tabel_user')
 6 SYSTEMPATH\View\View.php(224): include('C:\\xampp\\htdocs\\PoinMarket\\app\\Views\\PoinMarket_Admin\\Page\\user.php')
 7 SYSTEMPATH\View\View.php(227): CodeIgniter\View\View->CodeIgniter\View\{closure}()
 8 SYSTEMPATH\Common.php(1180): CodeIgniter\View\View->render('PoinMarket_Admin/Page/user', [], true)
 9 APPPATH\Controllers\PoinMarket_Admin\User.php(73): view('PoinMarket_Admin/Page/user', [...])
10 SYSTEMPATH\CodeIgniter.php(932): App\Controllers\PoinMarket_Admin\User->index()
11 SYSTEMPATH\CodeIgniter.php(497): CodeIgniter\CodeIgniter->runController(Object(App\Controllers\PoinMarket_Admin\User))
12 SYSTEMPATH\CodeIgniter.php(366): CodeIgniter\CodeIgniter->handleRequest(null, Object(Config\Cache), false)
13 FCPATH\index.php(67): CodeIgniter\CodeIgniter->run()
14 SYSTEMPATH\Commands\Server\rewrite.php(47): require_once('C:\\xampp\\htdocs\\PoinMarket\\public\\index.php')
WARNING - 2025-02-28 09:46:25 --> [DEPRECATED] strtotime(): Passing null to parameter #1 ($datetime) of type string is deprecated in APPPATH\Views\PoinMarket_Admin\Tabel\tabel_user.php on line 92.
 1 APPPATH\Views\PoinMarket_Admin\Tabel\tabel_user.php(92): strtotime(null)
 2 SYSTEMPATH\View\View.php(224): include('C:\\xampp\\htdocs\\PoinMarket\\app\\Views\\PoinMarket_Admin\\Tabel\\tabel_user.php')
 3 SYSTEMPATH\View\View.php(227): CodeIgniter\View\View->CodeIgniter\View\{closure}()
 4 SYSTEMPATH\View\View.php(452): CodeIgniter\View\View->render('PoinMarket_Admin/Tabel/tabel_user', null, true)
 5 APPPATH\Views\PoinMarket_Admin\Page\user.php(66): CodeIgniter\View\View->include('PoinMarket_Admin/Tabel/tabel_user')
 6 SYSTEMPATH\View\View.php(224): include('C:\\xampp\\htdocs\\PoinMarket\\app\\Views\\PoinMarket_Admin\\Page\\user.php')
 7 SYSTEMPATH\View\View.php(227): CodeIgniter\View\View->CodeIgniter\View\{closure}()
 8 SYSTEMPATH\Common.php(1180): CodeIgniter\View\View->render('PoinMarket_Admin/Page/user', [], true)
 9 APPPATH\Controllers\PoinMarket_Admin\User.php(73): view('PoinMarket_Admin/Page/user', [...])
10 SYSTEMPATH\CodeIgniter.php(932): App\Controllers\PoinMarket_Admin\User->index()
11 SYSTEMPATH\CodeIgniter.php(497): CodeIgniter\CodeIgniter->runController(Object(App\Controllers\PoinMarket_Admin\User))
12 SYSTEMPATH\CodeIgniter.php(366): CodeIgniter\CodeIgniter->handleRequest(null, Object(Config\Cache), false)
13 FCPATH\index.php(67): CodeIgniter\CodeIgniter->run()
14 SYSTEMPATH\Commands\Server\rewrite.php(47): require_once('C:\\xampp\\htdocs\\PoinMarket\\public\\index.php')
INFO - 2025-02-28 09:46:26 --> Session: Class initialized using 'CodeIgniter\Session\Handlers\FileHandler' driver.
WARNING - 2025-02-28 09:46:26 --> [DEPRECATED] strtotime(): Passing null to parameter #1 ($datetime) of type string is deprecated in APPPATH\Views\PoinMarket_Admin\Tabel\tabel_user.php on line 92.
 1 APPPATH\Views\PoinMarket_Admin\Tabel\tabel_user.php(92): strtotime(null)
 2 SYSTEMPATH\View\View.php(224): include('C:\\xampp\\htdocs\\PoinMarket\\app\\Views\\PoinMarket_Admin\\Tabel\\tabel_user.php')
 3 SYSTEMPATH\View\View.php(227): CodeIgniter\View\View->CodeIgniter\View\{closure}()
 4 SYSTEMPATH\View\View.php(452): CodeIgniter\View\View->render('PoinMarket_Admin/Tabel/tabel_user', null, true)
 5 APPPATH\Views\PoinMarket_Admin\Page\user.php(66): CodeIgniter\View\View->include('PoinMarket_Admin/Tabel/tabel_user')
 6 SYSTEMPATH\View\View.php(224): include('C:\\xampp\\htdocs\\PoinMarket\\app\\Views\\PoinMarket_Admin\\Page\\user.php')
 7 SYSTEMPATH\View\View.php(227): CodeIgniter\View\View->CodeIgniter\View\{closure}()
 8 SYSTEMPATH\Common.php(1180): CodeIgniter\View\View->render('PoinMarket_Admin/Page/user', [], true)
 9 APPPATH\Controllers\PoinMarket_Admin\User.php(73): view('PoinMarket_Admin/Page/user', [...])
10 SYSTEMPATH\CodeIgniter.php(932): App\Controllers\PoinMarket_Admin\User->index()
11 SYSTEMPATH\CodeIgniter.php(497): CodeIgniter\CodeIgniter->runController(Object(App\Controllers\PoinMarket_Admin\User))
12 SYSTEMPATH\CodeIgniter.php(366): CodeIgniter\CodeIgniter->handleRequest(null, Object(Config\Cache), false)
13 FCPATH\index.php(67): CodeIgniter\CodeIgniter->run()
14 SYSTEMPATH\Commands\Server\rewrite.php(47): require_once('C:\\xampp\\htdocs\\PoinMarket\\public\\index.php')
WARNING - 2025-02-28 09:46:26 --> [DEPRECATED] strtotime(): Passing null to parameter #1 ($datetime) of type string is deprecated in APPPATH\Views\PoinMarket_Admin\Tabel\tabel_user.php on line 92.
 1 APPPATH\Views\PoinMarket_Admin\Tabel\tabel_user.php(92): strtotime(null)
 2 SYSTEMPATH\View\View.php(224): include('C:\\xampp\\htdocs\\PoinMarket\\app\\Views\\PoinMarket_Admin\\Tabel\\tabel_user.php')
 3 SYSTEMPATH\View\View.php(227): CodeIgniter\View\View->CodeIgniter\View\{closure}()
 4 SYSTEMPATH\View\View.php(452): CodeIgniter\View\View->render('PoinMarket_Admin/Tabel/tabel_user', null, true)
 5 APPPATH\Views\PoinMarket_Admin\Page\user.php(66): CodeIgniter\View\View->include('PoinMarket_Admin/Tabel/tabel_user')
 6 SYSTEMPATH\View\View.php(224): include('C:\\xampp\\htdocs\\PoinMarket\\app\\Views\\PoinMarket_Admin\\Page\\user.php')
 7 SYSTEMPATH\View\View.php(227): CodeIgniter\View\View->CodeIgniter\View\{closure}()
 8 SYSTEMPATH\Common.php(1180): CodeIgniter\View\View->render('PoinMarket_Admin/Page/user', [], true)
 9 APPPATH\Controllers\PoinMarket_Admin\User.php(73): view('PoinMarket_Admin/Page/user', [...])
10 SYSTEMPATH\CodeIgniter.php(932): App\Controllers\PoinMarket_Admin\User->index()
11 SYSTEMPATH\CodeIgniter.php(497): CodeIgniter\CodeIgniter->runController(Object(App\Controllers\PoinMarket_Admin\User))
12 SYSTEMPATH\CodeIgniter.php(366): CodeIgniter\CodeIgniter->handleRequest(null, Object(Config\Cache), false)
13 FCPATH\index.php(67): CodeIgniter\CodeIgniter->run()
14 SYSTEMPATH\Commands\Server\rewrite.php(47): require_once('C:\\xampp\\htdocs\\PoinMarket\\public\\index.php')
INFO - 2025-02-28 09:46:33 --> Session: Class initialized using 'CodeIgniter\Session\Handlers\FileHandler' driver.
INFO - 2025-02-28 09:46:33 --> Session: Class initialized using 'CodeIgniter\Session\Handlers\FileHandler' driver.
INFO - 2025-02-28 09:46:36 --> Session: Class initialized using 'CodeIgniter\Session\Handlers\FileHandler' driver.
INFO - 2025-02-28 09:46:36 --> Session: Class initialized using 'CodeIgniter\Session\Handlers\FileHandler' driver.
INFO - 2025-02-28 10:04:49 --> Session: Class initialized using 'CodeIgniter\Session\Handlers\FileHandler' driver.
INFO - 2025-02-28 10:04:49 --> Session: Class initialized using 'CodeIgniter\Session\Handlers\FileHandler' driver.
INFO - 2025-02-28 10:05:34 --> Session: Class initialized using 'CodeIgniter\Session\Handlers\FileHandler' driver.
INFO - 2025-02-28 10:05:34 --> Session: Class initialized using 'CodeIgniter\Session\Handlers\FileHandler' driver.
INFO - 2025-02-28 10:05:36 --> Session: Class initialized using 'CodeIgniter\Session\Handlers\FileHandler' driver.
INFO - 2025-02-28 10:05:37 --> Session: Class initialized using 'CodeIgniter\Session\Handlers\FileHandler' driver.
INFO - 2025-02-28 10:05:40 --> Session: Class initialized using 'CodeIgniter\Session\Handlers\FileHandler' driver.
INFO - 2025-02-28 10:05:40 --> Session: Class initialized using 'CodeIgniter\Session\Handlers\FileHandler' driver.
INFO - 2025-02-28 10:05:42 --> Session: Class initialized using 'CodeIgniter\Session\Handlers\FileHandler' driver.
INFO - 2025-02-28 10:05:42 --> Session: Class initialized using 'CodeIgniter\Session\Handlers\FileHandler' driver.
INFO - 2025-02-28 10:05:45 --> Session: Class initialized using 'CodeIgniter\Session\Handlers\FileHandler' driver.
INFO - 2025-02-28 10:05:45 --> Session: Class initialized using 'CodeIgniter\Session\Handlers\FileHandler' driver.
INFO - 2025-02-28 10:05:47 --> Session: Class initialized using 'CodeIgniter\Session\Handlers\FileHandler' driver.
INFO - 2025-02-28 10:05:48 --> Session: Class initialized using 'CodeIgniter\Session\Handlers\FileHandler' driver.
INFO - 2025-02-28 10:05:52 --> Session: Class initialized using 'CodeIgniter\Session\Handlers\FileHandler' driver.
INFO - 2025-02-28 10:05:52 --> Session: Class initialized using 'CodeIgniter\Session\Handlers\FileHandler' driver.
INFO - 2025-02-28 10:05:58 --> Session: Class initialized using 'CodeIgniter\Session\Handlers\FileHandler' driver.
INFO - 2025-02-28 10:05:58 --> Session: Class initialized using 'CodeIgniter\Session\Handlers\FileHandler' driver.
INFO - 2025-02-28 10:06:01 --> Session: Class initialized using 'CodeIgniter\Session\Handlers\FileHandler' driver.
INFO - 2025-02-28 10:06:01 --> Session: Class initialized using 'CodeIgniter\Session\Handlers\FileHandler' driver.
INFO - 2025-02-28 10:06:06 --> Session: Class initialized using 'CodeIgniter\Session\Handlers\FileHandler' driver.
INFO - 2025-02-28 10:06:06 --> Session: Class initialized using 'CodeIgniter\Session\Handlers\FileHandler' driver.
INFO - 2025-02-28 10:06:06 --> Session: Class initialized using 'CodeIgniter\Session\Handlers\FileHandler' driver.
INFO - 2025-02-28 10:07:01 --> Session: Class initialized using 'CodeIgniter\Session\Handlers\FileHandler' driver.
INFO - 2025-02-28 10:07:01 --> Session: Class initialized using 'CodeIgniter\Session\Handlers\FileHandler' driver.
INFO - 2025-02-28 10:07:05 --> Session: Class initialized using 'CodeIgniter\Session\Handlers\FileHandler' driver.
INFO - 2025-02-28 10:07:05 --> Session: Class initialized using 'CodeIgniter\Session\Handlers\FileHandler' driver.
INFO - 2025-02-28 10:07:06 --> Session: Class initialized using 'CodeIgniter\Session\Handlers\FileHandler' driver.
INFO - 2025-02-28 10:07:28 --> Session: Class initialized using 'CodeIgniter\Session\Handlers\FileHandler' driver.
INFO - 2025-02-28 10:07:28 --> Session: Class initialized using 'CodeIgniter\Session\Handlers\FileHandler' driver.
INFO - 2025-02-28 10:07:43 --> Session: Class initialized using 'CodeIgniter\Session\Handlers\FileHandler' driver.
INFO - 2025-02-28 10:07:44 --> Session: Class initialized using 'CodeIgniter\Session\Handlers\FileHandler' driver.
INFO - 2025-02-28 10:07:44 --> Session: Class initialized using 'CodeIgniter\Session\Handlers\FileHandler' driver.
INFO - 2025-02-28 10:08:02 --> Session: Class initialized using 'CodeIgniter\Session\Handlers\FileHandler' driver.
INFO - 2025-02-28 10:08:02 --> Session: Class initialized using 'CodeIgniter\Session\Handlers\FileHandler' driver.
INFO - 2025-02-28 10:08:03 --> Session: Class initialized using 'CodeIgniter\Session\Handlers\FileHandler' driver.
INFO - 2025-02-28 10:08:07 --> Session: Class initialized using 'CodeIgniter\Session\Handlers\FileHandler' driver.
INFO - 2025-02-28 10:08:07 --> Session: Class initialized using 'CodeIgniter\Session\Handlers\FileHandler' driver.
INFO - 2025-02-28 10:08:10 --> Session: Class initialized using 'CodeIgniter\Session\Handlers\FileHandler' driver.
INFO - 2025-02-28 10:08:10 --> Session: Class initialized using 'CodeIgniter\Session\Handlers\FileHandler' driver.
INFO - 2025-02-28 10:08:11 --> Session: Class initialized using 'CodeIgniter\Session\Handlers\FileHandler' driver.
DEBUG - 2025-02-28 10:08:11 --> Session token: d80ce5967d384a489b441a9dbe867535906938e03f996c2b7cb2cf0f95ee40c4
DEBUG - 2025-02-28 10:08:11 --> Raw Authorization header: Bearer d80ce5967d384a489b441a9dbe867535906938e03f996c2b7cb2cf0f95ee40c4
DEBUG - 2025-02-28 10:08:11 --> Token dari header: d80ce5967d384a489b441a9dbe867535906938e03f996c2b7cb2cf0f95ee40c4
DEBUG - 2025-02-28 10:08:11 --> SQL: SELECT *
FROM `mahasiswa`
WHERE `token` = 'd80ce5967d384a489b441a9dbe867535906938e03f996c2b7cb2cf0f95ee40c4'
 LIMIT 1
DEBUG - 2025-02-28 10:08:11 --> Token yang dicari: d80ce5967d384a489b441a9dbe867535906938e03f996c2b7cb2cf0f95ee40c4
DEBUG - 2025-02-28 10:08:11 --> Hasil pencarian: {"id":"1","user_id":null,"npm":"1184097","nama":"Dika Dwi","email":"","password":"$2y$10$c769FHZxNhYZr.9SGsJCIOOXoyE2gLItzkS43DBWoVzVsPh46wYdm","point":"2001","gaya_belajar":"Kinestetik","created_at":"2024-12-13 02:29:49","updated_at":"2025-02-28 10:07:05","deleted_at":null,"token":"d80ce5967d384a489b441a9dbe867535906938e03f996c2b7cb2cf0f95ee40c4","last_login":"2025-02-24 10:49:22"}
INFO - 2025-02-28 10:08:11 --> Session: Class initialized using 'CodeIgniter\Session\Handlers\FileHandler' driver.
DEBUG - 2025-02-28 10:08:11 --> Session token: d80ce5967d384a489b441a9dbe867535906938e03f996c2b7cb2cf0f95ee40c4
DEBUG - 2025-02-28 10:08:11 --> Raw Authorization header: Bearer d80ce5967d384a489b441a9dbe867535906938e03f996c2b7cb2cf0f95ee40c4
DEBUG - 2025-02-28 10:08:11 --> Token dari header: d80ce5967d384a489b441a9dbe867535906938e03f996c2b7cb2cf0f95ee40c4
DEBUG - 2025-02-28 10:08:11 --> SQL: SELECT *
FROM `mahasiswa`
WHERE `token` = 'd80ce5967d384a489b441a9dbe867535906938e03f996c2b7cb2cf0f95ee40c4'
 LIMIT 1
DEBUG - 2025-02-28 10:08:11 --> Token yang dicari: d80ce5967d384a489b441a9dbe867535906938e03f996c2b7cb2cf0f95ee40c4
DEBUG - 2025-02-28 10:08:11 --> Hasil pencarian: {"id":"1","user_id":null,"npm":"1184097","nama":"Dika Dwi","email":"","password":"$2y$10$c769FHZxNhYZr.9SGsJCIOOXoyE2gLItzkS43DBWoVzVsPh46wYdm","point":"2001","gaya_belajar":"Kinestetik","created_at":"2024-12-13 02:29:49","updated_at":"2025-02-28 10:07:05","deleted_at":null,"token":"d80ce5967d384a489b441a9dbe867535906938e03f996c2b7cb2cf0f95ee40c4","last_login":"2025-02-24 10:49:22"}
INFO - 2025-02-28 10:08:11 --> Session: Class initialized using 'CodeIgniter\Session\Handlers\FileHandler' driver.
DEBUG - 2025-02-28 10:08:11 --> Session token: d80ce5967d384a489b441a9dbe867535906938e03f996c2b7cb2cf0f95ee40c4
DEBUG - 2025-02-28 10:08:11 --> Raw Authorization header: Bearer d80ce5967d384a489b441a9dbe867535906938e03f996c2b7cb2cf0f95ee40c4
DEBUG - 2025-02-28 10:08:11 --> Token dari header: d80ce5967d384a489b441a9dbe867535906938e03f996c2b7cb2cf0f95ee40c4
DEBUG - 2025-02-28 10:08:11 --> SQL: SELECT *
FROM `mahasiswa`
WHERE `token` = 'd80ce5967d384a489b441a9dbe867535906938e03f996c2b7cb2cf0f95ee40c4'
 LIMIT 1
DEBUG - 2025-02-28 10:08:11 --> Token yang dicari: d80ce5967d384a489b441a9dbe867535906938e03f996c2b7cb2cf0f95ee40c4
DEBUG - 2025-02-28 10:08:11 --> Hasil pencarian: {"id":"1","user_id":null,"npm":"1184097","nama":"Dika Dwi","email":"","password":"$2y$10$c769FHZxNhYZr.9SGsJCIOOXoyE2gLItzkS43DBWoVzVsPh46wYdm","point":"2001","gaya_belajar":"Kinestetik","created_at":"2024-12-13 02:29:49","updated_at":"2025-02-28 10:07:05","deleted_at":null,"token":"d80ce5967d384a489b441a9dbe867535906938e03f996c2b7cb2cf0f95ee40c4","last_login":"2025-02-24 10:49:22"}
INFO - 2025-02-28 10:08:15 --> Session: Class initialized using 'CodeIgniter\Session\Handlers\FileHandler' driver.
INFO - 2025-02-28 10:08:15 --> Session: Class initialized using 'CodeIgniter\Session\Handlers\FileHandler' driver.
INFO - 2025-02-28 10:08:25 --> Session: Class initialized using 'CodeIgniter\Session\Handlers\FileHandler' driver.
INFO - 2025-02-28 10:08:25 --> Session: Class initialized using 'CodeIgniter\Session\Handlers\FileHandler' driver.
INFO - 2025-02-28 10:08:30 --> Session: Class initialized using 'CodeIgniter\Session\Handlers\FileHandler' driver.
INFO - 2025-02-28 10:08:30 --> Session: Class initialized using 'CodeIgniter\Session\Handlers\FileHandler' driver.
INFO - 2025-02-28 10:08:31 --> Session: Class initialized using 'CodeIgniter\Session\Handlers\FileHandler' driver.
INFO - 2025-02-28 10:08:33 --> Session: Class initialized using 'CodeIgniter\Session\Handlers\FileHandler' driver.
INFO - 2025-02-28 10:08:33 --> Session: Class initialized using 'CodeIgniter\Session\Handlers\FileHandler' driver.
INFO - 2025-02-28 10:08:36 --> Session: Class initialized using 'CodeIgniter\Session\Handlers\FileHandler' driver.
INFO - 2025-02-28 10:08:36 --> Session: Class initialized using 'CodeIgniter\Session\Handlers\FileHandler' driver.
INFO - 2025-02-28 10:08:37 --> Session: Class initialized using 'CodeIgniter\Session\Handlers\FileHandler' driver.
INFO - 2025-02-28 10:12:47 --> Session: Class initialized using 'CodeIgniter\Session\Handlers\FileHandler' driver.
INFO - 2025-02-28 10:12:47 --> Session: Class initialized using 'CodeIgniter\Session\Handlers\FileHandler' driver.
INFO - 2025-02-28 10:12:58 --> Session: Class initialized using 'CodeIgniter\Session\Handlers\FileHandler' driver.
INFO - 2025-02-28 10:12:58 --> Session: Class initialized using 'CodeIgniter\Session\Handlers\FileHandler' driver.
INFO - 2025-02-28 10:13:04 --> Session: Class initialized using 'CodeIgniter\Session\Handlers\FileHandler' driver.
INFO - 2025-02-28 10:13:04 --> Session: Class initialized using 'CodeIgniter\Session\Handlers\FileHandler' driver.
INFO - 2025-02-28 10:13:04 --> Session: Class initialized using 'CodeIgniter\Session\Handlers\FileHandler' driver.
INFO - 2025-02-28 10:13:08 --> Session: Class initialized using 'CodeIgniter\Session\Handlers\FileHandler' driver.
INFO - 2025-02-28 10:13:09 --> Session: Class initialized using 'CodeIgniter\Session\Handlers\FileHandler' driver.
INFO - 2025-02-28 10:13:09 --> Session: Class initialized using 'CodeIgniter\Session\Handlers\FileHandler' driver.
DEBUG - 2025-02-28 10:13:09 --> Session token: d80ce5967d384a489b441a9dbe867535906938e03f996c2b7cb2cf0f95ee40c4
DEBUG - 2025-02-28 10:13:09 --> Raw Authorization header: Bearer d80ce5967d384a489b441a9dbe867535906938e03f996c2b7cb2cf0f95ee40c4
DEBUG - 2025-02-28 10:13:09 --> Token dari header: d80ce5967d384a489b441a9dbe867535906938e03f996c2b7cb2cf0f95ee40c4
DEBUG - 2025-02-28 10:13:09 --> SQL: SELECT *
FROM `mahasiswa`
WHERE `token` = 'd80ce5967d384a489b441a9dbe867535906938e03f996c2b7cb2cf0f95ee40c4'
 LIMIT 1
DEBUG - 2025-02-28 10:13:09 --> Token yang dicari: d80ce5967d384a489b441a9dbe867535906938e03f996c2b7cb2cf0f95ee40c4
DEBUG - 2025-02-28 10:13:09 --> Hasil pencarian: {"id":"1","user_id":null,"npm":"1184097","nama":"Dika Dwi","email":"","password":"$2y$10$c769FHZxNhYZr.9SGsJCIOOXoyE2gLItzkS43DBWoVzVsPh46wYdm","point":"2001","gaya_belajar":"Kinestetik","created_at":"2024-12-13 02:29:49","updated_at":"2025-02-28 10:13:04","deleted_at":null,"token":"d80ce5967d384a489b441a9dbe867535906938e03f996c2b7cb2cf0f95ee40c4","last_login":"2025-02-24 10:49:22"}
INFO - 2025-02-28 10:13:09 --> Session: Class initialized using 'CodeIgniter\Session\Handlers\FileHandler' driver.
DEBUG - 2025-02-28 10:13:09 --> Session token: d80ce5967d384a489b441a9dbe867535906938e03f996c2b7cb2cf0f95ee40c4
DEBUG - 2025-02-28 10:13:09 --> Raw Authorization header: Bearer d80ce5967d384a489b441a9dbe867535906938e03f996c2b7cb2cf0f95ee40c4
DEBUG - 2025-02-28 10:13:09 --> Token dari header: d80ce5967d384a489b441a9dbe867535906938e03f996c2b7cb2cf0f95ee40c4
DEBUG - 2025-02-28 10:13:09 --> SQL: SELECT *
FROM `mahasiswa`
WHERE `token` = 'd80ce5967d384a489b441a9dbe867535906938e03f996c2b7cb2cf0f95ee40c4'
 LIMIT 1
DEBUG - 2025-02-28 10:13:09 --> Token yang dicari: d80ce5967d384a489b441a9dbe867535906938e03f996c2b7cb2cf0f95ee40c4
DEBUG - 2025-02-28 10:13:09 --> Hasil pencarian: {"id":"1","user_id":null,"npm":"1184097","nama":"Dika Dwi","email":"","password":"$2y$10$c769FHZxNhYZr.9SGsJCIOOXoyE2gLItzkS43DBWoVzVsPh46wYdm","point":"2001","gaya_belajar":"Kinestetik","created_at":"2024-12-13 02:29:49","updated_at":"2025-02-28 10:13:04","deleted_at":null,"token":"d80ce5967d384a489b441a9dbe867535906938e03f996c2b7cb2cf0f95ee40c4","last_login":"2025-02-24 10:49:22"}
INFO - 2025-02-28 10:13:10 --> Session: Class initialized using 'CodeIgniter\Session\Handlers\FileHandler' driver.
DEBUG - 2025-02-28 10:13:10 --> Session token: d80ce5967d384a489b441a9dbe867535906938e03f996c2b7cb2cf0f95ee40c4
DEBUG - 2025-02-28 10:13:10 --> Raw Authorization header: Bearer d80ce5967d384a489b441a9dbe867535906938e03f996c2b7cb2cf0f95ee40c4
DEBUG - 2025-02-28 10:13:10 --> Token dari header: d80ce5967d384a489b441a9dbe867535906938e03f996c2b7cb2cf0f95ee40c4
DEBUG - 2025-02-28 10:13:10 --> SQL: SELECT *
FROM `mahasiswa`
WHERE `token` = 'd80ce5967d384a489b441a9dbe867535906938e03f996c2b7cb2cf0f95ee40c4'
 LIMIT 1
DEBUG - 2025-02-28 10:13:10 --> Token yang dicari: d80ce5967d384a489b441a9dbe867535906938e03f996c2b7cb2cf0f95ee40c4
DEBUG - 2025-02-28 10:13:10 --> Hasil pencarian: {"id":"1","user_id":null,"npm":"1184097","nama":"Dika Dwi","email":"","password":"$2y$10$c769FHZxNhYZr.9SGsJCIOOXoyE2gLItzkS43DBWoVzVsPh46wYdm","point":"2001","gaya_belajar":"Kinestetik","created_at":"2024-12-13 02:29:49","updated_at":"2025-02-28 10:13:04","deleted_at":null,"token":"d80ce5967d384a489b441a9dbe867535906938e03f996c2b7cb2cf0f95ee40c4","last_login":"2025-02-24 10:49:22"}
INFO - 2025-02-28 10:13:11 --> Session: Class initialized using 'CodeIgniter\Session\Handlers\FileHandler' driver.
INFO - 2025-02-28 10:13:12 --> Session: Class initialized using 'CodeIgniter\Session\Handlers\FileHandler' driver.
INFO - 2025-02-28 10:13:16 --> Session: Class initialized using 'CodeIgniter\Session\Handlers\FileHandler' driver.
INFO - 2025-02-28 10:13:16 --> Session: Class initialized using 'CodeIgniter\Session\Handlers\FileHandler' driver.
INFO - 2025-02-28 10:13:16 --> Session: Class initialized using 'CodeIgniter\Session\Handlers\FileHandler' driver.
INFO - 2025-02-28 10:13:22 --> Session: Class initialized using 'CodeIgniter\Session\Handlers\FileHandler' driver.
INFO - 2025-02-28 10:13:23 --> Session: Class initialized using 'CodeIgniter\Session\Handlers\FileHandler' driver.
INFO - 2025-02-28 10:13:23 --> Session: Class initialized using 'CodeIgniter\Session\Handlers\FileHandler' driver.
DEBUG - 2025-02-28 10:13:23 --> Session token: d80ce5967d384a489b441a9dbe867535906938e03f996c2b7cb2cf0f95ee40c4
DEBUG - 2025-02-28 10:13:23 --> Raw Authorization header: Bearer d80ce5967d384a489b441a9dbe867535906938e03f996c2b7cb2cf0f95ee40c4
DEBUG - 2025-02-28 10:13:23 --> Token dari header: d80ce5967d384a489b441a9dbe867535906938e03f996c2b7cb2cf0f95ee40c4
DEBUG - 2025-02-28 10:13:23 --> SQL: SELECT *
FROM `mahasiswa`
WHERE `token` = 'd80ce5967d384a489b441a9dbe867535906938e03f996c2b7cb2cf0f95ee40c4'
 LIMIT 1
DEBUG - 2025-02-28 10:13:23 --> Token yang dicari: d80ce5967d384a489b441a9dbe867535906938e03f996c2b7cb2cf0f95ee40c4
DEBUG - 2025-02-28 10:13:23 --> Hasil pencarian: {"id":"1","user_id":null,"npm":"1184097","nama":"Dika Dwi","email":"","password":"$2y$10$c769FHZxNhYZr.9SGsJCIOOXoyE2gLItzkS43DBWoVzVsPh46wYdm","point":"1951","gaya_belajar":"Kinestetik","created_at":"2024-12-13 02:29:49","updated_at":"2025-02-28 10:13:16","deleted_at":null,"token":"d80ce5967d384a489b441a9dbe867535906938e03f996c2b7cb2cf0f95ee40c4","last_login":"2025-02-24 10:49:22"}
INFO - 2025-02-28 10:13:24 --> Session: Class initialized using 'CodeIgniter\Session\Handlers\FileHandler' driver.
DEBUG - 2025-02-28 10:13:24 --> Session token: d80ce5967d384a489b441a9dbe867535906938e03f996c2b7cb2cf0f95ee40c4
DEBUG - 2025-02-28 10:13:24 --> Raw Authorization header: Bearer d80ce5967d384a489b441a9dbe867535906938e03f996c2b7cb2cf0f95ee40c4
DEBUG - 2025-02-28 10:13:24 --> Token dari header: d80ce5967d384a489b441a9dbe867535906938e03f996c2b7cb2cf0f95ee40c4
DEBUG - 2025-02-28 10:13:24 --> SQL: SELECT *
FROM `mahasiswa`
WHERE `token` = 'd80ce5967d384a489b441a9dbe867535906938e03f996c2b7cb2cf0f95ee40c4'
 LIMIT 1
DEBUG - 2025-02-28 10:13:24 --> Token yang dicari: d80ce5967d384a489b441a9dbe867535906938e03f996c2b7cb2cf0f95ee40c4
DEBUG - 2025-02-28 10:13:24 --> Hasil pencarian: {"id":"1","user_id":null,"npm":"1184097","nama":"Dika Dwi","email":"","password":"$2y$10$c769FHZxNhYZr.9SGsJCIOOXoyE2gLItzkS43DBWoVzVsPh46wYdm","point":"1951","gaya_belajar":"Kinestetik","created_at":"2024-12-13 02:29:49","updated_at":"2025-02-28 10:13:16","deleted_at":null,"token":"d80ce5967d384a489b441a9dbe867535906938e03f996c2b7cb2cf0f95ee40c4","last_login":"2025-02-24 10:49:22"}
INFO - 2025-02-28 10:13:24 --> Session: Class initialized using 'CodeIgniter\Session\Handlers\FileHandler' driver.
DEBUG - 2025-02-28 10:13:24 --> Session token: d80ce5967d384a489b441a9dbe867535906938e03f996c2b7cb2cf0f95ee40c4
DEBUG - 2025-02-28 10:13:24 --> Raw Authorization header: Bearer d80ce5967d384a489b441a9dbe867535906938e03f996c2b7cb2cf0f95ee40c4
DEBUG - 2025-02-28 10:13:24 --> Token dari header: d80ce5967d384a489b441a9dbe867535906938e03f996c2b7cb2cf0f95ee40c4
DEBUG - 2025-02-28 10:13:24 --> SQL: SELECT *
FROM `mahasiswa`
WHERE `token` = 'd80ce5967d384a489b441a9dbe867535906938e03f996c2b7cb2cf0f95ee40c4'
 LIMIT 1
DEBUG - 2025-02-28 10:13:24 --> Token yang dicari: d80ce5967d384a489b441a9dbe867535906938e03f996c2b7cb2cf0f95ee40c4
DEBUG - 2025-02-28 10:13:24 --> Hasil pencarian: {"id":"1","user_id":null,"npm":"1184097","nama":"Dika Dwi","email":"","password":"$2y$10$c769FHZxNhYZr.9SGsJCIOOXoyE2gLItzkS43DBWoVzVsPh46wYdm","point":"1951","gaya_belajar":"Kinestetik","created_at":"2024-12-13 02:29:49","updated_at":"2025-02-28 10:13:16","deleted_at":null,"token":"d80ce5967d384a489b441a9dbe867535906938e03f996c2b7cb2cf0f95ee40c4","last_login":"2025-02-24 10:49:22"}
INFO - 2025-02-28 10:14:07 --> Session: Class initialized using 'CodeIgniter\Session\Handlers\FileHandler' driver.
INFO - 2025-02-28 10:14:08 --> Session: Class initialized using 'CodeIgniter\Session\Handlers\FileHandler' driver.
INFO - 2025-02-28 10:14:08 --> Session: Class initialized using 'CodeIgniter\Session\Handlers\FileHandler' driver.
DEBUG - 2025-02-28 10:14:08 --> Session token: d80ce5967d384a489b441a9dbe867535906938e03f996c2b7cb2cf0f95ee40c4
DEBUG - 2025-02-28 10:14:08 --> Raw Authorization header: Bearer d80ce5967d384a489b441a9dbe867535906938e03f996c2b7cb2cf0f95ee40c4
DEBUG - 2025-02-28 10:14:08 --> Token dari header: d80ce5967d384a489b441a9dbe867535906938e03f996c2b7cb2cf0f95ee40c4
DEBUG - 2025-02-28 10:14:08 --> SQL: SELECT *
FROM `mahasiswa`
WHERE `token` = 'd80ce5967d384a489b441a9dbe867535906938e03f996c2b7cb2cf0f95ee40c4'
 LIMIT 1
DEBUG - 2025-02-28 10:14:08 --> Token yang dicari: d80ce5967d384a489b441a9dbe867535906938e03f996c2b7cb2cf0f95ee40c4
DEBUG - 2025-02-28 10:14:08 --> Hasil pencarian: {"id":"1","user_id":null,"npm":"1184097","nama":"Dika Dwi","email":"","password":"$2y$10$c769FHZxNhYZr.9SGsJCIOOXoyE2gLItzkS43DBWoVzVsPh46wYdm","point":"1951","gaya_belajar":"Kinestetik","created_at":"2024-12-13 02:29:49","updated_at":"2025-02-28 10:13:16","deleted_at":null,"token":"d80ce5967d384a489b441a9dbe867535906938e03f996c2b7cb2cf0f95ee40c4","last_login":"2025-02-24 10:49:22"}
INFO - 2025-02-28 10:14:08 --> Session: Class initialized using 'CodeIgniter\Session\Handlers\FileHandler' driver.
DEBUG - 2025-02-28 10:14:08 --> Session token: d80ce5967d384a489b441a9dbe867535906938e03f996c2b7cb2cf0f95ee40c4
DEBUG - 2025-02-28 10:14:08 --> Raw Authorization header: Bearer d80ce5967d384a489b441a9dbe867535906938e03f996c2b7cb2cf0f95ee40c4
DEBUG - 2025-02-28 10:14:08 --> Token dari header: d80ce5967d384a489b441a9dbe867535906938e03f996c2b7cb2cf0f95ee40c4
DEBUG - 2025-02-28 10:14:08 --> SQL: SELECT *
FROM `mahasiswa`
WHERE `token` = 'd80ce5967d384a489b441a9dbe867535906938e03f996c2b7cb2cf0f95ee40c4'
 LIMIT 1
DEBUG - 2025-02-28 10:14:08 --> Token yang dicari: d80ce5967d384a489b441a9dbe867535906938e03f996c2b7cb2cf0f95ee40c4
DEBUG - 2025-02-28 10:14:08 --> Hasil pencarian: {"id":"1","user_id":null,"npm":"1184097","nama":"Dika Dwi","email":"","password":"$2y$10$c769FHZxNhYZr.9SGsJCIOOXoyE2gLItzkS43DBWoVzVsPh46wYdm","point":"1951","gaya_belajar":"Kinestetik","created_at":"2024-12-13 02:29:49","updated_at":"2025-02-28 10:13:16","deleted_at":null,"token":"d80ce5967d384a489b441a9dbe867535906938e03f996c2b7cb2cf0f95ee40c4","last_login":"2025-02-24 10:49:22"}
INFO - 2025-02-28 10:14:09 --> Session: Class initialized using 'CodeIgniter\Session\Handlers\FileHandler' driver.
DEBUG - 2025-02-28 10:14:09 --> Session token: d80ce5967d384a489b441a9dbe867535906938e03f996c2b7cb2cf0f95ee40c4
DEBUG - 2025-02-28 10:14:09 --> Raw Authorization header: Bearer d80ce5967d384a489b441a9dbe867535906938e03f996c2b7cb2cf0f95ee40c4
DEBUG - 2025-02-28 10:14:09 --> Token dari header: d80ce5967d384a489b441a9dbe867535906938e03f996c2b7cb2cf0f95ee40c4
DEBUG - 2025-02-28 10:14:09 --> SQL: SELECT *
FROM `mahasiswa`
WHERE `token` = 'd80ce5967d384a489b441a9dbe867535906938e03f996c2b7cb2cf0f95ee40c4'
 LIMIT 1
DEBUG - 2025-02-28 10:14:09 --> Token yang dicari: d80ce5967d384a489b441a9dbe867535906938e03f996c2b7cb2cf0f95ee40c4
DEBUG - 2025-02-28 10:14:09 --> Hasil pencarian: {"id":"1","user_id":null,"npm":"1184097","nama":"Dika Dwi","email":"","password":"$2y$10$c769FHZxNhYZr.9SGsJCIOOXoyE2gLItzkS43DBWoVzVsPh46wYdm","point":"1951","gaya_belajar":"Kinestetik","created_at":"2024-12-13 02:29:49","updated_at":"2025-02-28 10:13:16","deleted_at":null,"token":"d80ce5967d384a489b441a9dbe867535906938e03f996c2b7cb2cf0f95ee40c4","last_login":"2025-02-24 10:49:22"}
INFO - 2025-02-28 10:14:10 --> Session: Class initialized using 'CodeIgniter\Session\Handlers\FileHandler' driver.
INFO - 2025-02-28 10:14:11 --> Session: Class initialized using 'CodeIgniter\Session\Handlers\FileHandler' driver.
INFO - 2025-02-28 10:14:32 --> Session: Class initialized using 'CodeIgniter\Session\Handlers\FileHandler' driver.
INFO - 2025-02-28 10:14:32 --> Session: Class initialized using 'CodeIgniter\Session\Handlers\FileHandler' driver.
INFO - 2025-02-28 10:14:35 --> Session: Class initialized using 'CodeIgniter\Session\Handlers\FileHandler' driver.
INFO - 2025-02-28 10:14:35 --> Session: Class initialized using 'CodeIgniter\Session\Handlers\FileHandler' driver.
INFO - 2025-02-28 10:14:35 --> Session: Class initialized using 'CodeIgniter\Session\Handlers\FileHandler' driver.
INFO - 2025-02-28 10:16:16 --> Session: Class initialized using 'CodeIgniter\Session\Handlers\FileHandler' driver.
INFO - 2025-02-28 10:16:16 --> Session: Class initialized using 'CodeIgniter\Session\Handlers\FileHandler' driver.
INFO - 2025-02-28 10:16:22 --> Session: Class initialized using 'CodeIgniter\Session\Handlers\FileHandler' driver.
INFO - 2025-02-28 10:16:23 --> Session: Class initialized using 'CodeIgniter\Session\Handlers\FileHandler' driver.
INFO - 2025-02-28 10:16:23 --> Session: Class initialized using 'CodeIgniter\Session\Handlers\FileHandler' driver.
INFO - 2025-02-28 10:16:25 --> Session: Class initialized using 'CodeIgniter\Session\Handlers\FileHandler' driver.
INFO - 2025-02-28 10:16:26 --> Session: Class initialized using 'CodeIgniter\Session\Handlers\FileHandler' driver.
INFO - 2025-02-28 10:16:29 --> Session: Class initialized using 'CodeIgniter\Session\Handlers\FileHandler' driver.
INFO - 2025-02-28 10:16:30 --> Session: Class initialized using 'CodeIgniter\Session\Handlers\FileHandler' driver.
INFO - 2025-02-28 10:16:30 --> Session: Class initialized using 'CodeIgniter\Session\Handlers\FileHandler' driver.
INFO - 2025-02-28 10:16:36 --> Session: Class initialized using 'CodeIgniter\Session\Handlers\FileHandler' driver.
INFO - 2025-02-28 10:16:37 --> Session: Class initialized using 'CodeIgniter\Session\Handlers\FileHandler' driver.
INFO - 2025-02-28 10:16:37 --> Session: Class initialized using 'CodeIgniter\Session\Handlers\FileHandler' driver.
DEBUG - 2025-02-28 10:16:37 --> Session token: d80ce5967d384a489b441a9dbe867535906938e03f996c2b7cb2cf0f95ee40c4
DEBUG - 2025-02-28 10:16:37 --> Raw Authorization header: Bearer d80ce5967d384a489b441a9dbe867535906938e03f996c2b7cb2cf0f95ee40c4
DEBUG - 2025-02-28 10:16:37 --> Token dari header: d80ce5967d384a489b441a9dbe867535906938e03f996c2b7cb2cf0f95ee40c4
DEBUG - 2025-02-28 10:16:37 --> SQL: SELECT *
FROM `mahasiswa`
WHERE `token` = 'd80ce5967d384a489b441a9dbe867535906938e03f996c2b7cb2cf0f95ee40c4'
 LIMIT 1
DEBUG - 2025-02-28 10:16:37 --> Token yang dicari: d80ce5967d384a489b441a9dbe867535906938e03f996c2b7cb2cf0f95ee40c4
DEBUG - 2025-02-28 10:16:37 --> Hasil pencarian: {"id":"1","user_id":null,"npm":"1184097","nama":"Dika Dwi","email":"","password":"$2y$10$c769FHZxNhYZr.9SGsJCIOOXoyE2gLItzkS43DBWoVzVsPh46wYdm","point":"1951","gaya_belajar":"Kinestetik","created_at":"2024-12-13 02:29:49","updated_at":"2025-02-28 10:16:29","deleted_at":null,"token":"d80ce5967d384a489b441a9dbe867535906938e03f996c2b7cb2cf0f95ee40c4","last_login":"2025-02-24 10:49:22"}
INFO - 2025-02-28 10:16:37 --> Session: Class initialized using 'CodeIgniter\Session\Handlers\FileHandler' driver.
DEBUG - 2025-02-28 10:16:37 --> Session token: d80ce5967d384a489b441a9dbe867535906938e03f996c2b7cb2cf0f95ee40c4
DEBUG - 2025-02-28 10:16:37 --> Raw Authorization header: Bearer d80ce5967d384a489b441a9dbe867535906938e03f996c2b7cb2cf0f95ee40c4
DEBUG - 2025-02-28 10:16:37 --> Token dari header: d80ce5967d384a489b441a9dbe867535906938e03f996c2b7cb2cf0f95ee40c4
DEBUG - 2025-02-28 10:16:37 --> SQL: SELECT *
FROM `mahasiswa`
WHERE `token` = 'd80ce5967d384a489b441a9dbe867535906938e03f996c2b7cb2cf0f95ee40c4'
 LIMIT 1
DEBUG - 2025-02-28 10:16:37 --> Token yang dicari: d80ce5967d384a489b441a9dbe867535906938e03f996c2b7cb2cf0f95ee40c4
DEBUG - 2025-02-28 10:16:37 --> Hasil pencarian: {"id":"1","user_id":null,"npm":"1184097","nama":"Dika Dwi","email":"","password":"$2y$10$c769FHZxNhYZr.9SGsJCIOOXoyE2gLItzkS43DBWoVzVsPh46wYdm","point":"1951","gaya_belajar":"Kinestetik","created_at":"2024-12-13 02:29:49","updated_at":"2025-02-28 10:16:29","deleted_at":null,"token":"d80ce5967d384a489b441a9dbe867535906938e03f996c2b7cb2cf0f95ee40c4","last_login":"2025-02-24 10:49:22"}
INFO - 2025-02-28 10:16:37 --> Session: Class initialized using 'CodeIgniter\Session\Handlers\FileHandler' driver.
DEBUG - 2025-02-28 10:16:37 --> Session token: d80ce5967d384a489b441a9dbe867535906938e03f996c2b7cb2cf0f95ee40c4
DEBUG - 2025-02-28 10:16:37 --> Raw Authorization header: Bearer d80ce5967d384a489b441a9dbe867535906938e03f996c2b7cb2cf0f95ee40c4
DEBUG - 2025-02-28 10:16:37 --> Token dari header: d80ce5967d384a489b441a9dbe867535906938e03f996c2b7cb2cf0f95ee40c4
DEBUG - 2025-02-28 10:16:37 --> SQL: SELECT *
FROM `mahasiswa`
WHERE `token` = 'd80ce5967d384a489b441a9dbe867535906938e03f996c2b7cb2cf0f95ee40c4'
 LIMIT 1
DEBUG - 2025-02-28 10:16:37 --> Token yang dicari: d80ce5967d384a489b441a9dbe867535906938e03f996c2b7cb2cf0f95ee40c4
DEBUG - 2025-02-28 10:16:37 --> Hasil pencarian: {"id":"1","user_id":null,"npm":"1184097","nama":"Dika Dwi","email":"","password":"$2y$10$c769FHZxNhYZr.9SGsJCIOOXoyE2gLItzkS43DBWoVzVsPh46wYdm","point":"1951","gaya_belajar":"Kinestetik","created_at":"2024-12-13 02:29:49","updated_at":"2025-02-28 10:16:29","deleted_at":null,"token":"d80ce5967d384a489b441a9dbe867535906938e03f996c2b7cb2cf0f95ee40c4","last_login":"2025-02-24 10:49:22"}
INFO - 2025-02-28 10:16:48 --> Session: Class initialized using 'CodeIgniter\Session\Handlers\FileHandler' driver.
INFO - 2025-02-28 10:16:48 --> Session: Class initialized using 'CodeIgniter\Session\Handlers\FileHandler' driver.
INFO - 2025-02-28 10:16:51 --> Session: Class initialized using 'CodeIgniter\Session\Handlers\FileHandler' driver.
INFO - 2025-02-28 10:16:51 --> Session: Class initialized using 'CodeIgniter\Session\Handlers\FileHandler' driver.
INFO - 2025-02-28 10:16:51 --> Session: Class initialized using 'CodeIgniter\Session\Handlers\FileHandler' driver.
INFO - 2025-02-28 10:16:58 --> Session: Class initialized using 'CodeIgniter\Session\Handlers\FileHandler' driver.
INFO - 2025-02-28 10:16:58 --> Session: Class initialized using 'CodeIgniter\Session\Handlers\FileHandler' driver.
INFO - 2025-02-28 10:17:00 --> Session: Class initialized using 'CodeIgniter\Session\Handlers\FileHandler' driver.
INFO - 2025-02-28 10:17:01 --> Session: Class initialized using 'CodeIgniter\Session\Handlers\FileHandler' driver.
INFO - 2025-02-28 10:17:04 --> Session: Class initialized using 'CodeIgniter\Session\Handlers\FileHandler' driver.
INFO - 2025-02-28 10:17:04 --> Session: Class initialized using 'CodeIgniter\Session\Handlers\FileHandler' driver.
INFO - 2025-02-28 10:17:10 --> Session: Class initialized using 'CodeIgniter\Session\Handlers\FileHandler' driver.
INFO - 2025-02-28 10:17:10 --> Session: Class initialized using 'CodeIgniter\Session\Handlers\FileHandler' driver.
INFO - 2025-02-28 10:17:10 --> Session: Class initialized using 'CodeIgniter\Session\Handlers\FileHandler' driver.
INFO - 2025-02-28 10:17:17 --> Session: Class initialized using 'CodeIgniter\Session\Handlers\FileHandler' driver.
INFO - 2025-02-28 10:17:18 --> Session: Class initialized using 'CodeIgniter\Session\Handlers\FileHandler' driver.
INFO - 2025-02-28 10:17:18 --> Session: Class initialized using 'CodeIgniter\Session\Handlers\FileHandler' driver.
DEBUG - 2025-02-28 10:17:18 --> Session token: d80ce5967d384a489b441a9dbe867535906938e03f996c2b7cb2cf0f95ee40c4
DEBUG - 2025-02-28 10:17:18 --> Raw Authorization header: Bearer d80ce5967d384a489b441a9dbe867535906938e03f996c2b7cb2cf0f95ee40c4
DEBUG - 2025-02-28 10:17:18 --> Token dari header: d80ce5967d384a489b441a9dbe867535906938e03f996c2b7cb2cf0f95ee40c4
DEBUG - 2025-02-28 10:17:18 --> SQL: SELECT *
FROM `mahasiswa`
WHERE `token` = 'd80ce5967d384a489b441a9dbe867535906938e03f996c2b7cb2cf0f95ee40c4'
 LIMIT 1
DEBUG - 2025-02-28 10:17:18 --> Token yang dicari: d80ce5967d384a489b441a9dbe867535906938e03f996c2b7cb2cf0f95ee40c4
DEBUG - 2025-02-28 10:17:18 --> Hasil pencarian: {"id":"1","user_id":null,"npm":"1184097","nama":"Dika Dwi","email":"","password":"$2y$10$c769FHZxNhYZr.9SGsJCIOOXoyE2gLItzkS43DBWoVzVsPh46wYdm","point":"1951","gaya_belajar":"Kinestetik","created_at":"2024-12-13 02:29:49","updated_at":"2025-02-28 10:16:29","deleted_at":null,"token":"d80ce5967d384a489b441a9dbe867535906938e03f996c2b7cb2cf0f95ee40c4","last_login":"2025-02-24 10:49:22"}
INFO - 2025-02-28 10:17:18 --> Session: Class initialized using 'CodeIgniter\Session\Handlers\FileHandler' driver.
DEBUG - 2025-02-28 10:17:18 --> Session token: d80ce5967d384a489b441a9dbe867535906938e03f996c2b7cb2cf0f95ee40c4
DEBUG - 2025-02-28 10:17:18 --> Raw Authorization header: Bearer d80ce5967d384a489b441a9dbe867535906938e03f996c2b7cb2cf0f95ee40c4
DEBUG - 2025-02-28 10:17:18 --> Token dari header: d80ce5967d384a489b441a9dbe867535906938e03f996c2b7cb2cf0f95ee40c4
DEBUG - 2025-02-28 10:17:18 --> SQL: SELECT *
FROM `mahasiswa`
WHERE `token` = 'd80ce5967d384a489b441a9dbe867535906938e03f996c2b7cb2cf0f95ee40c4'
 LIMIT 1
DEBUG - 2025-02-28 10:17:18 --> Token yang dicari: d80ce5967d384a489b441a9dbe867535906938e03f996c2b7cb2cf0f95ee40c4
DEBUG - 2025-02-28 10:17:18 --> Hasil pencarian: {"id":"1","user_id":null,"npm":"1184097","nama":"Dika Dwi","email":"","password":"$2y$10$c769FHZxNhYZr.9SGsJCIOOXoyE2gLItzkS43DBWoVzVsPh46wYdm","point":"1951","gaya_belajar":"Kinestetik","created_at":"2024-12-13 02:29:49","updated_at":"2025-02-28 10:16:29","deleted_at":null,"token":"d80ce5967d384a489b441a9dbe867535906938e03f996c2b7cb2cf0f95ee40c4","last_login":"2025-02-24 10:49:22"}
INFO - 2025-02-28 10:17:19 --> Session: Class initialized using 'CodeIgniter\Session\Handlers\FileHandler' driver.
DEBUG - 2025-02-28 10:17:19 --> Session token: d80ce5967d384a489b441a9dbe867535906938e03f996c2b7cb2cf0f95ee40c4
DEBUG - 2025-02-28 10:17:19 --> Raw Authorization header: Bearer d80ce5967d384a489b441a9dbe867535906938e03f996c2b7cb2cf0f95ee40c4
DEBUG - 2025-02-28 10:17:19 --> Token dari header: d80ce5967d384a489b441a9dbe867535906938e03f996c2b7cb2cf0f95ee40c4
DEBUG - 2025-02-28 10:17:19 --> SQL: SELECT *
FROM `mahasiswa`
WHERE `token` = 'd80ce5967d384a489b441a9dbe867535906938e03f996c2b7cb2cf0f95ee40c4'
 LIMIT 1
DEBUG - 2025-02-28 10:17:19 --> Token yang dicari: d80ce5967d384a489b441a9dbe867535906938e03f996c2b7cb2cf0f95ee40c4
DEBUG - 2025-02-28 10:17:19 --> Hasil pencarian: {"id":"1","user_id":null,"npm":"1184097","nama":"Dika Dwi","email":"","password":"$2y$10$c769FHZxNhYZr.9SGsJCIOOXoyE2gLItzkS43DBWoVzVsPh46wYdm","point":"1951","gaya_belajar":"Kinestetik","created_at":"2024-12-13 02:29:49","updated_at":"2025-02-28 10:16:29","deleted_at":null,"token":"d80ce5967d384a489b441a9dbe867535906938e03f996c2b7cb2cf0f95ee40c4","last_login":"2025-02-24 10:49:22"}
INFO - 2025-02-28 10:17:22 --> Session: Class initialized using 'CodeIgniter\Session\Handlers\FileHandler' driver.
INFO - 2025-02-28 10:17:23 --> Session: Class initialized using 'CodeIgniter\Session\Handlers\FileHandler' driver.
INFO - 2025-02-28 10:17:23 --> Session: Class initialized using 'CodeIgniter\Session\Handlers\FileHandler' driver.
INFO - 2025-02-28 10:17:24 --> Session: Class initialized using 'CodeIgniter\Session\Handlers\FileHandler' driver.
DEBUG - 2025-02-28 10:17:24 --> Session token: d80ce5967d384a489b441a9dbe867535906938e03f996c2b7cb2cf0f95ee40c4
DEBUG - 2025-02-28 10:17:24 --> Raw Authorization header: Bearer d80ce5967d384a489b441a9dbe867535906938e03f996c2b7cb2cf0f95ee40c4
DEBUG - 2025-02-28 10:17:24 --> Token dari header: d80ce5967d384a489b441a9dbe867535906938e03f996c2b7cb2cf0f95ee40c4
DEBUG - 2025-02-28 10:17:24 --> SQL: SELECT *
FROM `mahasiswa`
WHERE `token` = 'd80ce5967d384a489b441a9dbe867535906938e03f996c2b7cb2cf0f95ee40c4'
 LIMIT 1
DEBUG - 2025-02-28 10:17:24 --> Token yang dicari: d80ce5967d384a489b441a9dbe867535906938e03f996c2b7cb2cf0f95ee40c4
DEBUG - 2025-02-28 10:17:24 --> Hasil pencarian: {"id":"1","user_id":null,"npm":"1184097","nama":"Dika Dwi","email":"","password":"$2y$10$c769FHZxNhYZr.9SGsJCIOOXoyE2gLItzkS43DBWoVzVsPh46wYdm","point":"2001","gaya_belajar":"Kinestetik","created_at":"2024-12-13 02:29:49","updated_at":"2025-02-28 10:17:22","deleted_at":null,"token":"d80ce5967d384a489b441a9dbe867535906938e03f996c2b7cb2cf0f95ee40c4","last_login":"2025-02-24 10:49:22"}
INFO - 2025-02-28 10:17:24 --> Session: Class initialized using 'CodeIgniter\Session\Handlers\FileHandler' driver.
DEBUG - 2025-02-28 10:17:24 --> Session token: d80ce5967d384a489b441a9dbe867535906938e03f996c2b7cb2cf0f95ee40c4
DEBUG - 2025-02-28 10:17:24 --> Raw Authorization header: Bearer d80ce5967d384a489b441a9dbe867535906938e03f996c2b7cb2cf0f95ee40c4
DEBUG - 2025-02-28 10:17:24 --> Token dari header: d80ce5967d384a489b441a9dbe867535906938e03f996c2b7cb2cf0f95ee40c4
DEBUG - 2025-02-28 10:17:24 --> SQL: SELECT *
FROM `mahasiswa`
WHERE `token` = 'd80ce5967d384a489b441a9dbe867535906938e03f996c2b7cb2cf0f95ee40c4'
 LIMIT 1
DEBUG - 2025-02-28 10:17:24 --> Token yang dicari: d80ce5967d384a489b441a9dbe867535906938e03f996c2b7cb2cf0f95ee40c4
DEBUG - 2025-02-28 10:17:24 --> Hasil pencarian: {"id":"1","user_id":null,"npm":"1184097","nama":"Dika Dwi","email":"","password":"$2y$10$c769FHZxNhYZr.9SGsJCIOOXoyE2gLItzkS43DBWoVzVsPh46wYdm","point":"2001","gaya_belajar":"Kinestetik","created_at":"2024-12-13 02:29:49","updated_at":"2025-02-28 10:17:22","deleted_at":null,"token":"d80ce5967d384a489b441a9dbe867535906938e03f996c2b7cb2cf0f95ee40c4","last_login":"2025-02-24 10:49:22"}
INFO - 2025-02-28 10:17:24 --> Session: Class initialized using 'CodeIgniter\Session\Handlers\FileHandler' driver.
DEBUG - 2025-02-28 10:17:24 --> Session token: d80ce5967d384a489b441a9dbe867535906938e03f996c2b7cb2cf0f95ee40c4
DEBUG - 2025-02-28 10:17:24 --> Raw Authorization header: Bearer d80ce5967d384a489b441a9dbe867535906938e03f996c2b7cb2cf0f95ee40c4
DEBUG - 2025-02-28 10:17:24 --> Token dari header: d80ce5967d384a489b441a9dbe867535906938e03f996c2b7cb2cf0f95ee40c4
DEBUG - 2025-02-28 10:17:24 --> SQL: SELECT *
FROM `mahasiswa`
WHERE `token` = 'd80ce5967d384a489b441a9dbe867535906938e03f996c2b7cb2cf0f95ee40c4'
 LIMIT 1
DEBUG - 2025-02-28 10:17:24 --> Token yang dicari: d80ce5967d384a489b441a9dbe867535906938e03f996c2b7cb2cf0f95ee40c4
DEBUG - 2025-02-28 10:17:24 --> Hasil pencarian: {"id":"1","user_id":null,"npm":"1184097","nama":"Dika Dwi","email":"","password":"$2y$10$c769FHZxNhYZr.9SGsJCIOOXoyE2gLItzkS43DBWoVzVsPh46wYdm","point":"2001","gaya_belajar":"Kinestetik","created_at":"2024-12-13 02:29:49","updated_at":"2025-02-28 10:17:22","deleted_at":null,"token":"d80ce5967d384a489b441a9dbe867535906938e03f996c2b7cb2cf0f95ee40c4","last_login":"2025-02-24 10:49:22"}
INFO - 2025-02-28 10:17:27 --> Session: Class initialized using 'CodeIgniter\Session\Handlers\FileHandler' driver.
INFO - 2025-02-28 10:17:27 --> Session: Class initialized using 'CodeIgniter\Session\Handlers\FileHandler' driver.
INFO - 2025-02-28 10:18:00 --> Session: Class initialized using 'CodeIgniter\Session\Handlers\FileHandler' driver.
INFO - 2025-02-28 10:18:00 --> Session: Class initialized using 'CodeIgniter\Session\Handlers\FileHandler' driver.
INFO - 2025-02-28 10:18:07 --> Session: Class initialized using 'CodeIgniter\Session\Handlers\FileHandler' driver.
INFO - 2025-02-28 10:18:07 --> Session: Class initialized using 'CodeIgniter\Session\Handlers\FileHandler' driver.
INFO - 2025-02-28 10:18:11 --> Session: Class initialized using 'CodeIgniter\Session\Handlers\FileHandler' driver.
INFO - 2025-02-28 10:18:11 --> Session: Class initialized using 'CodeIgniter\Session\Handlers\FileHandler' driver.
INFO - 2025-02-28 10:18:12 --> Session: Class initialized using 'CodeIgniter\Session\Handlers\FileHandler' driver.
INFO - 2025-02-28 10:18:16 --> Session: Class initialized using 'CodeIgniter\Session\Handlers\FileHandler' driver.
INFO - 2025-02-28 10:18:17 --> Session: Class initialized using 'CodeIgniter\Session\Handlers\FileHandler' driver.
INFO - 2025-02-28 10:18:21 --> Session: Class initialized using 'CodeIgniter\Session\Handlers\FileHandler' driver.
INFO - 2025-02-28 10:18:21 --> Session: Class initialized using 'CodeIgniter\Session\Handlers\FileHandler' driver.
INFO - 2025-02-28 10:18:21 --> Session: Class initialized using 'CodeIgniter\Session\Handlers\FileHandler' driver.
INFO - 2025-02-28 10:18:24 --> Session: Class initialized using 'CodeIgniter\Session\Handlers\FileHandler' driver.
INFO - 2025-02-28 10:18:24 --> Session: Class initialized using 'CodeIgniter\Session\Handlers\FileHandler' driver.
INFO - 2025-02-28 10:18:26 --> Session: Class initialized using 'CodeIgniter\Session\Handlers\FileHandler' driver.
INFO - 2025-02-28 10:18:27 --> Session: Class initialized using 'CodeIgniter\Session\Handlers\FileHandler' driver.
INFO - 2025-02-28 10:18:30 --> Session: Class initialized using 'CodeIgniter\Session\Handlers\FileHandler' driver.
INFO - 2025-02-28 10:18:31 --> Session: Class initialized using 'CodeIgniter\Session\Handlers\FileHandler' driver.
INFO - 2025-02-28 10:18:32 --> Session: Class initialized using 'CodeIgniter\Session\Handlers\FileHandler' driver.
INFO - 2025-02-28 10:18:32 --> Session: Class initialized using 'CodeIgniter\Session\Handlers\FileHandler' driver.
INFO - 2025-02-28 10:18:35 --> Session: Class initialized using 'CodeIgniter\Session\Handlers\FileHandler' driver.
INFO - 2025-02-28 10:18:35 --> Session: Class initialized using 'CodeIgniter\Session\Handlers\FileHandler' driver.
INFO - 2025-02-28 10:18:39 --> Session: Class initialized using 'CodeIgniter\Session\Handlers\FileHandler' driver.
INFO - 2025-02-28 10:18:40 --> Session: Class initialized using 'CodeIgniter\Session\Handlers\FileHandler' driver.
INFO - 2025-02-28 10:18:42 --> Session: Class initialized using 'CodeIgniter\Session\Handlers\FileHandler' driver.
INFO - 2025-02-28 10:18:42 --> Session: Class initialized using 'CodeIgniter\Session\Handlers\FileHandler' driver.
INFO - 2025-02-28 10:18:43 --> Session: Class initialized using 'CodeIgniter\Session\Handlers\FileHandler' driver.
INFO - 2025-02-28 10:18:49 --> Session: Class initialized using 'CodeIgniter\Session\Handlers\FileHandler' driver.
INFO - 2025-02-28 10:18:49 --> Session: Class initialized using 'CodeIgniter\Session\Handlers\FileHandler' driver.
INFO - 2025-02-28 10:18:50 --> Session: Class initialized using 'CodeIgniter\Session\Handlers\FileHandler' driver.
DEBUG - 2025-02-28 10:18:50 --> Session token: d80ce5967d384a489b441a9dbe867535906938e03f996c2b7cb2cf0f95ee40c4
DEBUG - 2025-02-28 10:18:50 --> Raw Authorization header: Bearer d80ce5967d384a489b441a9dbe867535906938e03f996c2b7cb2cf0f95ee40c4
DEBUG - 2025-02-28 10:18:50 --> Token dari header: d80ce5967d384a489b441a9dbe867535906938e03f996c2b7cb2cf0f95ee40c4
DEBUG - 2025-02-28 10:18:50 --> SQL: SELECT *
FROM `mahasiswa`
WHERE `token` = 'd80ce5967d384a489b441a9dbe867535906938e03f996c2b7cb2cf0f95ee40c4'
 LIMIT 1
DEBUG - 2025-02-28 10:18:50 --> Token yang dicari: d80ce5967d384a489b441a9dbe867535906938e03f996c2b7cb2cf0f95ee40c4
DEBUG - 2025-02-28 10:18:50 --> Hasil pencarian: {"id":"1","user_id":null,"npm":"1184097","nama":"Dika Dwi","email":"","password":"$2y$10$c769FHZxNhYZr.9SGsJCIOOXoyE2gLItzkS43DBWoVzVsPh46wYdm","point":"2051","gaya_belajar":"Kinestetik","created_at":"2024-12-13 02:29:49","updated_at":"2025-02-28 10:18:42","deleted_at":null,"token":"d80ce5967d384a489b441a9dbe867535906938e03f996c2b7cb2cf0f95ee40c4","last_login":"2025-02-24 10:49:22"}
INFO - 2025-02-28 10:18:50 --> Session: Class initialized using 'CodeIgniter\Session\Handlers\FileHandler' driver.
DEBUG - 2025-02-28 10:18:50 --> Session token: d80ce5967d384a489b441a9dbe867535906938e03f996c2b7cb2cf0f95ee40c4
DEBUG - 2025-02-28 10:18:50 --> Raw Authorization header: Bearer d80ce5967d384a489b441a9dbe867535906938e03f996c2b7cb2cf0f95ee40c4
DEBUG - 2025-02-28 10:18:50 --> Token dari header: d80ce5967d384a489b441a9dbe867535906938e03f996c2b7cb2cf0f95ee40c4
DEBUG - 2025-02-28 10:18:50 --> SQL: SELECT *
FROM `mahasiswa`
WHERE `token` = 'd80ce5967d384a489b441a9dbe867535906938e03f996c2b7cb2cf0f95ee40c4'
 LIMIT 1
DEBUG - 2025-02-28 10:18:50 --> Token yang dicari: d80ce5967d384a489b441a9dbe867535906938e03f996c2b7cb2cf0f95ee40c4
DEBUG - 2025-02-28 10:18:50 --> Hasil pencarian: {"id":"1","user_id":null,"npm":"1184097","nama":"Dika Dwi","email":"","password":"$2y$10$c769FHZxNhYZr.9SGsJCIOOXoyE2gLItzkS43DBWoVzVsPh46wYdm","point":"2051","gaya_belajar":"Kinestetik","created_at":"2024-12-13 02:29:49","updated_at":"2025-02-28 10:18:42","deleted_at":null,"token":"d80ce5967d384a489b441a9dbe867535906938e03f996c2b7cb2cf0f95ee40c4","last_login":"2025-02-24 10:49:22"}
INFO - 2025-02-28 10:18:50 --> Session: Class initialized using 'CodeIgniter\Session\Handlers\FileHandler' driver.
DEBUG - 2025-02-28 10:18:50 --> Session token: d80ce5967d384a489b441a9dbe867535906938e03f996c2b7cb2cf0f95ee40c4
DEBUG - 2025-02-28 10:18:50 --> Raw Authorization header: Bearer d80ce5967d384a489b441a9dbe867535906938e03f996c2b7cb2cf0f95ee40c4
DEBUG - 2025-02-28 10:18:50 --> Token dari header: d80ce5967d384a489b441a9dbe867535906938e03f996c2b7cb2cf0f95ee40c4
DEBUG - 2025-02-28 10:18:50 --> SQL: SELECT *
FROM `mahasiswa`
WHERE `token` = 'd80ce5967d384a489b441a9dbe867535906938e03f996c2b7cb2cf0f95ee40c4'
 LIMIT 1
DEBUG - 2025-02-28 10:18:50 --> Token yang dicari: d80ce5967d384a489b441a9dbe867535906938e03f996c2b7cb2cf0f95ee40c4
DEBUG - 2025-02-28 10:18:50 --> Hasil pencarian: {"id":"1","user_id":null,"npm":"1184097","nama":"Dika Dwi","email":"","password":"$2y$10$c769FHZxNhYZr.9SGsJCIOOXoyE2gLItzkS43DBWoVzVsPh46wYdm","point":"2051","gaya_belajar":"Kinestetik","created_at":"2024-12-13 02:29:49","updated_at":"2025-02-28 10:18:42","deleted_at":null,"token":"d80ce5967d384a489b441a9dbe867535906938e03f996c2b7cb2cf0f95ee40c4","last_login":"2025-02-24 10:49:22"}
INFO - 2025-02-28 10:18:56 --> Session: Class initialized using 'CodeIgniter\Session\Handlers\FileHandler' driver.
INFO - 2025-02-28 10:18:56 --> Session: Class initialized using 'CodeIgniter\Session\Handlers\FileHandler' driver.
INFO - 2025-02-28 10:18:57 --> Session: Class initialized using 'CodeIgniter\Session\Handlers\FileHandler' driver.
INFO - 2025-02-28 10:18:57 --> Session: Class initialized using 'CodeIgniter\Session\Handlers\FileHandler' driver.
DEBUG - 2025-02-28 10:18:57 --> Session token: d80ce5967d384a489b441a9dbe867535906938e03f996c2b7cb2cf0f95ee40c4
DEBUG - 2025-02-28 10:18:57 --> Raw Authorization header: Bearer d80ce5967d384a489b441a9dbe867535906938e03f996c2b7cb2cf0f95ee40c4
DEBUG - 2025-02-28 10:18:57 --> Token dari header: d80ce5967d384a489b441a9dbe867535906938e03f996c2b7cb2cf0f95ee40c4
DEBUG - 2025-02-28 10:18:57 --> SQL: SELECT *
FROM `mahasiswa`
WHERE `token` = 'd80ce5967d384a489b441a9dbe867535906938e03f996c2b7cb2cf0f95ee40c4'
 LIMIT 1
DEBUG - 2025-02-28 10:18:57 --> Token yang dicari: d80ce5967d384a489b441a9dbe867535906938e03f996c2b7cb2cf0f95ee40c4
DEBUG - 2025-02-28 10:18:57 --> Hasil pencarian: {"id":"1","user_id":null,"npm":"1184097","nama":"Dika Dwi","email":"","password":"$2y$10$c769FHZxNhYZr.9SGsJCIOOXoyE2gLItzkS43DBWoVzVsPh46wYdm","point":"2001","gaya_belajar":"Kinestetik","created_at":"2024-12-13 02:29:49","updated_at":"2025-02-28 10:18:56","deleted_at":null,"token":"d80ce5967d384a489b441a9dbe867535906938e03f996c2b7cb2cf0f95ee40c4","last_login":"2025-02-24 10:49:22"}
INFO - 2025-02-28 10:18:57 --> Session: Class initialized using 'CodeIgniter\Session\Handlers\FileHandler' driver.
DEBUG - 2025-02-28 10:18:57 --> Session token: d80ce5967d384a489b441a9dbe867535906938e03f996c2b7cb2cf0f95ee40c4
DEBUG - 2025-02-28 10:18:57 --> Raw Authorization header: Bearer d80ce5967d384a489b441a9dbe867535906938e03f996c2b7cb2cf0f95ee40c4
DEBUG - 2025-02-28 10:18:57 --> Token dari header: d80ce5967d384a489b441a9dbe867535906938e03f996c2b7cb2cf0f95ee40c4
DEBUG - 2025-02-28 10:18:57 --> SQL: SELECT *
FROM `mahasiswa`
WHERE `token` = 'd80ce5967d384a489b441a9dbe867535906938e03f996c2b7cb2cf0f95ee40c4'
 LIMIT 1
DEBUG - 2025-02-28 10:18:57 --> Token yang dicari: d80ce5967d384a489b441a9dbe867535906938e03f996c2b7cb2cf0f95ee40c4
DEBUG - 2025-02-28 10:18:57 --> Hasil pencarian: {"id":"1","user_id":null,"npm":"1184097","nama":"Dika Dwi","email":"","password":"$2y$10$c769FHZxNhYZr.9SGsJCIOOXoyE2gLItzkS43DBWoVzVsPh46wYdm","point":"2001","gaya_belajar":"Kinestetik","created_at":"2024-12-13 02:29:49","updated_at":"2025-02-28 10:18:56","deleted_at":null,"token":"d80ce5967d384a489b441a9dbe867535906938e03f996c2b7cb2cf0f95ee40c4","last_login":"2025-02-24 10:49:22"}
INFO - 2025-02-28 10:18:58 --> Session: Class initialized using 'CodeIgniter\Session\Handlers\FileHandler' driver.
DEBUG - 2025-02-28 10:18:58 --> Session token: d80ce5967d384a489b441a9dbe867535906938e03f996c2b7cb2cf0f95ee40c4
DEBUG - 2025-02-28 10:18:58 --> Raw Authorization header: Bearer d80ce5967d384a489b441a9dbe867535906938e03f996c2b7cb2cf0f95ee40c4
DEBUG - 2025-02-28 10:18:58 --> Token dari header: d80ce5967d384a489b441a9dbe867535906938e03f996c2b7cb2cf0f95ee40c4
DEBUG - 2025-02-28 10:18:58 --> SQL: SELECT *
FROM `mahasiswa`
WHERE `token` = 'd80ce5967d384a489b441a9dbe867535906938e03f996c2b7cb2cf0f95ee40c4'
 LIMIT 1
DEBUG - 2025-02-28 10:18:58 --> Token yang dicari: d80ce5967d384a489b441a9dbe867535906938e03f996c2b7cb2cf0f95ee40c4
DEBUG - 2025-02-28 10:18:58 --> Hasil pencarian: {"id":"1","user_id":null,"npm":"1184097","nama":"Dika Dwi","email":"","password":"$2y$10$c769FHZxNhYZr.9SGsJCIOOXoyE2gLItzkS43DBWoVzVsPh46wYdm","point":"2001","gaya_belajar":"Kinestetik","created_at":"2024-12-13 02:29:49","updated_at":"2025-02-28 10:18:56","deleted_at":null,"token":"d80ce5967d384a489b441a9dbe867535906938e03f996c2b7cb2cf0f95ee40c4","last_login":"2025-02-24 10:49:22"}
INFO - 2025-02-28 10:19:05 --> Session: Class initialized using 'CodeIgniter\Session\Handlers\FileHandler' driver.
INFO - 2025-02-28 10:19:05 --> Session: Class initialized using 'CodeIgniter\Session\Handlers\FileHandler' driver.
INFO - 2025-02-28 10:19:06 --> Session: Class initialized using 'CodeIgniter\Session\Handlers\FileHandler' driver.
DEBUG - 2025-02-28 10:19:06 --> Session token: d80ce5967d384a489b441a9dbe867535906938e03f996c2b7cb2cf0f95ee40c4
DEBUG - 2025-02-28 10:19:06 --> Raw Authorization header: Bearer d80ce5967d384a489b441a9dbe867535906938e03f996c2b7cb2cf0f95ee40c4
DEBUG - 2025-02-28 10:19:06 --> Token dari header: d80ce5967d384a489b441a9dbe867535906938e03f996c2b7cb2cf0f95ee40c4
DEBUG - 2025-02-28 10:19:06 --> SQL: SELECT *
FROM `mahasiswa`
WHERE `token` = 'd80ce5967d384a489b441a9dbe867535906938e03f996c2b7cb2cf0f95ee40c4'
 LIMIT 1
DEBUG - 2025-02-28 10:19:06 --> Token yang dicari: d80ce5967d384a489b441a9dbe867535906938e03f996c2b7cb2cf0f95ee40c4
DEBUG - 2025-02-28 10:19:06 --> Hasil pencarian: {"id":"1","user_id":null,"npm":"1184097","nama":"Dika Dwi","email":"","password":"$2y$10$c769FHZxNhYZr.9SGsJCIOOXoyE2gLItzkS43DBWoVzVsPh46wYdm","point":"2001","gaya_belajar":"Kinestetik","created_at":"2024-12-13 02:29:49","updated_at":"2025-02-28 10:18:56","deleted_at":null,"token":"d80ce5967d384a489b441a9dbe867535906938e03f996c2b7cb2cf0f95ee40c4","last_login":"2025-02-24 10:49:22"}
INFO - 2025-02-28 10:19:06 --> Session: Class initialized using 'CodeIgniter\Session\Handlers\FileHandler' driver.
DEBUG - 2025-02-28 10:19:06 --> Session token: d80ce5967d384a489b441a9dbe867535906938e03f996c2b7cb2cf0f95ee40c4
DEBUG - 2025-02-28 10:19:06 --> Raw Authorization header: Bearer d80ce5967d384a489b441a9dbe867535906938e03f996c2b7cb2cf0f95ee40c4
DEBUG - 2025-02-28 10:19:06 --> Token dari header: d80ce5967d384a489b441a9dbe867535906938e03f996c2b7cb2cf0f95ee40c4
DEBUG - 2025-02-28 10:19:06 --> SQL: SELECT *
FROM `mahasiswa`
WHERE `token` = 'd80ce5967d384a489b441a9dbe867535906938e03f996c2b7cb2cf0f95ee40c4'
 LIMIT 1
DEBUG - 2025-02-28 10:19:06 --> Token yang dicari: d80ce5967d384a489b441a9dbe867535906938e03f996c2b7cb2cf0f95ee40c4
DEBUG - 2025-02-28 10:19:06 --> Hasil pencarian: {"id":"1","user_id":null,"npm":"1184097","nama":"Dika Dwi","email":"","password":"$2y$10$c769FHZxNhYZr.9SGsJCIOOXoyE2gLItzkS43DBWoVzVsPh46wYdm","point":"2001","gaya_belajar":"Kinestetik","created_at":"2024-12-13 02:29:49","updated_at":"2025-02-28 10:18:56","deleted_at":null,"token":"d80ce5967d384a489b441a9dbe867535906938e03f996c2b7cb2cf0f95ee40c4","last_login":"2025-02-24 10:49:22"}
INFO - 2025-02-28 10:19:06 --> Session: Class initialized using 'CodeIgniter\Session\Handlers\FileHandler' driver.
DEBUG - 2025-02-28 10:19:06 --> Session token: d80ce5967d384a489b441a9dbe867535906938e03f996c2b7cb2cf0f95ee40c4
DEBUG - 2025-02-28 10:19:06 --> Raw Authorization header: Bearer d80ce5967d384a489b441a9dbe867535906938e03f996c2b7cb2cf0f95ee40c4
DEBUG - 2025-02-28 10:19:06 --> Token dari header: d80ce5967d384a489b441a9dbe867535906938e03f996c2b7cb2cf0f95ee40c4
DEBUG - 2025-02-28 10:19:06 --> SQL: SELECT *
FROM `mahasiswa`
WHERE `token` = 'd80ce5967d384a489b441a9dbe867535906938e03f996c2b7cb2cf0f95ee40c4'
 LIMIT 1
DEBUG - 2025-02-28 10:19:06 --> Token yang dicari: d80ce5967d384a489b441a9dbe867535906938e03f996c2b7cb2cf0f95ee40c4
DEBUG - 2025-02-28 10:19:06 --> Hasil pencarian: {"id":"1","user_id":null,"npm":"1184097","nama":"Dika Dwi","email":"","password":"$2y$10$c769FHZxNhYZr.9SGsJCIOOXoyE2gLItzkS43DBWoVzVsPh46wYdm","point":"2001","gaya_belajar":"Kinestetik","created_at":"2024-12-13 02:29:49","updated_at":"2025-02-28 10:18:56","deleted_at":null,"token":"d80ce5967d384a489b441a9dbe867535906938e03f996c2b7cb2cf0f95ee40c4","last_login":"2025-02-24 10:49:22"}
INFO - 2025-02-28 10:19:08 --> Session: Class initialized using 'CodeIgniter\Session\Handlers\FileHandler' driver.
INFO - 2025-02-28 10:19:08 --> Session: Class initialized using 'CodeIgniter\Session\Handlers\FileHandler' driver.
INFO - 2025-02-28 10:22:00 --> Session: Class initialized using 'CodeIgniter\Session\Handlers\FileHandler' driver.
INFO - 2025-02-28 10:22:00 --> Session: Class initialized using 'CodeIgniter\Session\Handlers\FileHandler' driver.
INFO - 2025-02-28 10:22:01 --> Session: Class initialized using 'CodeIgniter\Session\Handlers\FileHandler' driver.
DEBUG - 2025-02-28 10:22:01 --> Session token: d80ce5967d384a489b441a9dbe867535906938e03f996c2b7cb2cf0f95ee40c4
DEBUG - 2025-02-28 10:22:01 --> Raw Authorization header: Bearer d80ce5967d384a489b441a9dbe867535906938e03f996c2b7cb2cf0f95ee40c4
DEBUG - 2025-02-28 10:22:01 --> Token dari header: d80ce5967d384a489b441a9dbe867535906938e03f996c2b7cb2cf0f95ee40c4
DEBUG - 2025-02-28 10:22:01 --> SQL: SELECT *
FROM `mahasiswa`
WHERE `token` = 'd80ce5967d384a489b441a9dbe867535906938e03f996c2b7cb2cf0f95ee40c4'
 LIMIT 1
DEBUG - 2025-02-28 10:22:01 --> Token yang dicari: d80ce5967d384a489b441a9dbe867535906938e03f996c2b7cb2cf0f95ee40c4
DEBUG - 2025-02-28 10:22:01 --> Hasil pencarian: {"id":"1","user_id":null,"npm":"1184097","nama":"Dika Dwi","email":"","password":"$2y$10$c769FHZxNhYZr.9SGsJCIOOXoyE2gLItzkS43DBWoVzVsPh46wYdm","point":"2001","gaya_belajar":"Kinestetik","created_at":"2024-12-13 02:29:49","updated_at":"2025-02-28 10:18:56","deleted_at":null,"token":"d80ce5967d384a489b441a9dbe867535906938e03f996c2b7cb2cf0f95ee40c4","last_login":"2025-02-24 10:49:22"}
INFO - 2025-02-28 10:22:01 --> Session: Class initialized using 'CodeIgniter\Session\Handlers\FileHandler' driver.
DEBUG - 2025-02-28 10:22:01 --> Session token: d80ce5967d384a489b441a9dbe867535906938e03f996c2b7cb2cf0f95ee40c4
DEBUG - 2025-02-28 10:22:01 --> Raw Authorization header: Bearer d80ce5967d384a489b441a9dbe867535906938e03f996c2b7cb2cf0f95ee40c4
DEBUG - 2025-02-28 10:22:01 --> Token dari header: d80ce5967d384a489b441a9dbe867535906938e03f996c2b7cb2cf0f95ee40c4
DEBUG - 2025-02-28 10:22:01 --> SQL: SELECT *
FROM `mahasiswa`
WHERE `token` = 'd80ce5967d384a489b441a9dbe867535906938e03f996c2b7cb2cf0f95ee40c4'
 LIMIT 1
DEBUG - 2025-02-28 10:22:01 --> Token yang dicari: d80ce5967d384a489b441a9dbe867535906938e03f996c2b7cb2cf0f95ee40c4
DEBUG - 2025-02-28 10:22:01 --> Hasil pencarian: {"id":"1","user_id":null,"npm":"1184097","nama":"Dika Dwi","email":"","password":"$2y$10$c769FHZxNhYZr.9SGsJCIOOXoyE2gLItzkS43DBWoVzVsPh46wYdm","point":"2001","gaya_belajar":"Kinestetik","created_at":"2024-12-13 02:29:49","updated_at":"2025-02-28 10:18:56","deleted_at":null,"token":"d80ce5967d384a489b441a9dbe867535906938e03f996c2b7cb2cf0f95ee40c4","last_login":"2025-02-24 10:49:22"}
INFO - 2025-02-28 10:22:01 --> Session: Class initialized using 'CodeIgniter\Session\Handlers\FileHandler' driver.
DEBUG - 2025-02-28 10:22:01 --> Session token: d80ce5967d384a489b441a9dbe867535906938e03f996c2b7cb2cf0f95ee40c4
DEBUG - 2025-02-28 10:22:01 --> Raw Authorization header: Bearer d80ce5967d384a489b441a9dbe867535906938e03f996c2b7cb2cf0f95ee40c4
DEBUG - 2025-02-28 10:22:01 --> Token dari header: d80ce5967d384a489b441a9dbe867535906938e03f996c2b7cb2cf0f95ee40c4
DEBUG - 2025-02-28 10:22:01 --> SQL: SELECT *
FROM `mahasiswa`
WHERE `token` = 'd80ce5967d384a489b441a9dbe867535906938e03f996c2b7cb2cf0f95ee40c4'
 LIMIT 1
DEBUG - 2025-02-28 10:22:01 --> Token yang dicari: d80ce5967d384a489b441a9dbe867535906938e03f996c2b7cb2cf0f95ee40c4
DEBUG - 2025-02-28 10:22:01 --> Hasil pencarian: {"id":"1","user_id":null,"npm":"1184097","nama":"Dika Dwi","email":"","password":"$2y$10$c769FHZxNhYZr.9SGsJCIOOXoyE2gLItzkS43DBWoVzVsPh46wYdm","point":"2001","gaya_belajar":"Kinestetik","created_at":"2024-12-13 02:29:49","updated_at":"2025-02-28 10:18:56","deleted_at":null,"token":"d80ce5967d384a489b441a9dbe867535906938e03f996c2b7cb2cf0f95ee40c4","last_login":"2025-02-24 10:49:22"}
INFO - 2025-02-28 10:22:02 --> Session: Class initialized using 'CodeIgniter\Session\Handlers\FileHandler' driver.
INFO - 2025-02-28 10:22:02 --> Session: Class initialized using 'CodeIgniter\Session\Handlers\FileHandler' driver.
INFO - 2025-02-28 10:22:05 --> Session: Class initialized using 'CodeIgniter\Session\Handlers\FileHandler' driver.
INFO - 2025-02-28 10:22:05 --> Session: Class initialized using 'CodeIgniter\Session\Handlers\FileHandler' driver.
INFO - 2025-02-28 10:22:11 --> Session: Class initialized using 'CodeIgniter\Session\Handlers\FileHandler' driver.
INFO - 2025-02-28 10:22:11 --> Session: Class initialized using 'CodeIgniter\Session\Handlers\FileHandler' driver.
INFO - 2025-02-28 10:22:11 --> Session: Class initialized using 'CodeIgniter\Session\Handlers\FileHandler' driver.
INFO - 2025-02-28 10:22:14 --> Session: Class initialized using 'CodeIgniter\Session\Handlers\FileHandler' driver.
INFO - 2025-02-28 10:22:14 --> Session: Class initialized using 'CodeIgniter\Session\Handlers\FileHandler' driver.
INFO - 2025-02-28 10:22:15 --> Session: Class initialized using 'CodeIgniter\Session\Handlers\FileHandler' driver.
DEBUG - 2025-02-28 10:22:15 --> Session token: d80ce5967d384a489b441a9dbe867535906938e03f996c2b7cb2cf0f95ee40c4
DEBUG - 2025-02-28 10:22:15 --> Raw Authorization header: Bearer d80ce5967d384a489b441a9dbe867535906938e03f996c2b7cb2cf0f95ee40c4
DEBUG - 2025-02-28 10:22:15 --> Token dari header: d80ce5967d384a489b441a9dbe867535906938e03f996c2b7cb2cf0f95ee40c4
DEBUG - 2025-02-28 10:22:15 --> SQL: SELECT *
FROM `mahasiswa`
WHERE `token` = 'd80ce5967d384a489b441a9dbe867535906938e03f996c2b7cb2cf0f95ee40c4'
 LIMIT 1
DEBUG - 2025-02-28 10:22:15 --> Token yang dicari: d80ce5967d384a489b441a9dbe867535906938e03f996c2b7cb2cf0f95ee40c4
DEBUG - 2025-02-28 10:22:15 --> Hasil pencarian: {"id":"1","user_id":null,"npm":"1184097","nama":"Dika Dwi","email":"","password":"$2y$10$c769FHZxNhYZr.9SGsJCIOOXoyE2gLItzkS43DBWoVzVsPh46wYdm","point":"2001","gaya_belajar":"Kinestetik","created_at":"2024-12-13 02:29:49","updated_at":"2025-02-28 10:22:11","deleted_at":null,"token":"d80ce5967d384a489b441a9dbe867535906938e03f996c2b7cb2cf0f95ee40c4","last_login":"2025-02-24 10:49:22"}
INFO - 2025-02-28 10:22:15 --> Session: Class initialized using 'CodeIgniter\Session\Handlers\FileHandler' driver.
DEBUG - 2025-02-28 10:22:15 --> Session token: d80ce5967d384a489b441a9dbe867535906938e03f996c2b7cb2cf0f95ee40c4
DEBUG - 2025-02-28 10:22:15 --> Raw Authorization header: Bearer d80ce5967d384a489b441a9dbe867535906938e03f996c2b7cb2cf0f95ee40c4
DEBUG - 2025-02-28 10:22:15 --> Token dari header: d80ce5967d384a489b441a9dbe867535906938e03f996c2b7cb2cf0f95ee40c4
DEBUG - 2025-02-28 10:22:15 --> SQL: SELECT *
FROM `mahasiswa`
WHERE `token` = 'd80ce5967d384a489b441a9dbe867535906938e03f996c2b7cb2cf0f95ee40c4'
 LIMIT 1
DEBUG - 2025-02-28 10:22:15 --> Token yang dicari: d80ce5967d384a489b441a9dbe867535906938e03f996c2b7cb2cf0f95ee40c4
DEBUG - 2025-02-28 10:22:15 --> Hasil pencarian: {"id":"1","user_id":null,"npm":"1184097","nama":"Dika Dwi","email":"","password":"$2y$10$c769FHZxNhYZr.9SGsJCIOOXoyE2gLItzkS43DBWoVzVsPh46wYdm","point":"2001","gaya_belajar":"Kinestetik","created_at":"2024-12-13 02:29:49","updated_at":"2025-02-28 10:22:11","deleted_at":null,"token":"d80ce5967d384a489b441a9dbe867535906938e03f996c2b7cb2cf0f95ee40c4","last_login":"2025-02-24 10:49:22"}
INFO - 2025-02-28 10:22:15 --> Session: Class initialized using 'CodeIgniter\Session\Handlers\FileHandler' driver.
DEBUG - 2025-02-28 10:22:15 --> Session token: d80ce5967d384a489b441a9dbe867535906938e03f996c2b7cb2cf0f95ee40c4
DEBUG - 2025-02-28 10:22:15 --> Raw Authorization header: Bearer d80ce5967d384a489b441a9dbe867535906938e03f996c2b7cb2cf0f95ee40c4
DEBUG - 2025-02-28 10:22:15 --> Token dari header: d80ce5967d384a489b441a9dbe867535906938e03f996c2b7cb2cf0f95ee40c4
DEBUG - 2025-02-28 10:22:15 --> SQL: SELECT *
FROM `mahasiswa`
WHERE `token` = 'd80ce5967d384a489b441a9dbe867535906938e03f996c2b7cb2cf0f95ee40c4'
 LIMIT 1
DEBUG - 2025-02-28 10:22:15 --> Token yang dicari: d80ce5967d384a489b441a9dbe867535906938e03f996c2b7cb2cf0f95ee40c4
DEBUG - 2025-02-28 10:22:15 --> Hasil pencarian: {"id":"1","user_id":null,"npm":"1184097","nama":"Dika Dwi","email":"","password":"$2y$10$c769FHZxNhYZr.9SGsJCIOOXoyE2gLItzkS43DBWoVzVsPh46wYdm","point":"2001","gaya_belajar":"Kinestetik","created_at":"2024-12-13 02:29:49","updated_at":"2025-02-28 10:22:11","deleted_at":null,"token":"d80ce5967d384a489b441a9dbe867535906938e03f996c2b7cb2cf0f95ee40c4","last_login":"2025-02-24 10:49:22"}
INFO - 2025-02-28 10:22:18 --> Session: Class initialized using 'CodeIgniter\Session\Handlers\FileHandler' driver.
INFO - 2025-02-28 10:22:19 --> Session: Class initialized using 'CodeIgniter\Session\Handlers\FileHandler' driver.
INFO - 2025-02-28 10:25:40 --> Session: Class initialized using 'CodeIgniter\Session\Handlers\FileHandler' driver.
INFO - 2025-02-28 10:25:40 --> Session: Class initialized using 'CodeIgniter\Session\Handlers\FileHandler' driver.
INFO - 2025-02-28 10:31:32 --> Session: Class initialized using 'CodeIgniter\Session\Handlers\FileHandler' driver.
INFO - 2025-02-28 10:31:32 --> Session: Class initialized using 'CodeIgniter\Session\Handlers\FileHandler' driver.
INFO - 2025-02-28 10:31:36 --> Session: Class initialized using 'CodeIgniter\Session\Handlers\FileHandler' driver.
INFO - 2025-02-28 10:31:36 --> Session: Class initialized using 'CodeIgniter\Session\Handlers\FileHandler' driver.
INFO - 2025-02-28 10:31:36 --> Session: Class initialized using 'CodeIgniter\Session\Handlers\FileHandler' driver.
INFO - 2025-02-28 10:31:41 --> Session: Class initialized using 'CodeIgniter\Session\Handlers\FileHandler' driver.
INFO - 2025-02-28 10:31:41 --> Session: Class initialized using 'CodeIgniter\Session\Handlers\FileHandler' driver.
INFO - 2025-02-28 10:31:42 --> Session: Class initialized using 'CodeIgniter\Session\Handlers\FileHandler' driver.
DEBUG - 2025-02-28 10:31:42 --> Session token: d80ce5967d384a489b441a9dbe867535906938e03f996c2b7cb2cf0f95ee40c4
DEBUG - 2025-02-28 10:31:42 --> Raw Authorization header: Bearer d80ce5967d384a489b441a9dbe867535906938e03f996c2b7cb2cf0f95ee40c4
DEBUG - 2025-02-28 10:31:42 --> Token dari header: d80ce5967d384a489b441a9dbe867535906938e03f996c2b7cb2cf0f95ee40c4
DEBUG - 2025-02-28 10:31:42 --> SQL: SELECT *
FROM `mahasiswa`
WHERE `token` = 'd80ce5967d384a489b441a9dbe867535906938e03f996c2b7cb2cf0f95ee40c4'
 LIMIT 1
DEBUG - 2025-02-28 10:31:42 --> Token yang dicari: d80ce5967d384a489b441a9dbe867535906938e03f996c2b7cb2cf0f95ee40c4
DEBUG - 2025-02-28 10:31:42 --> Hasil pencarian: {"id":"1","user_id":null,"npm":"1184097","nama":"Dika Dwi","email":"","password":"$2y$10$c769FHZxNhYZr.9SGsJCIOOXoyE2gLItzkS43DBWoVzVsPh46wYdm","point":"1951","gaya_belajar":"Kinestetik","created_at":"2024-12-13 02:29:49","updated_at":"2025-02-28 10:31:36","deleted_at":null,"token":"d80ce5967d384a489b441a9dbe867535906938e03f996c2b7cb2cf0f95ee40c4","last_login":"2025-02-24 10:49:22"}
INFO - 2025-02-28 10:31:42 --> Session: Class initialized using 'CodeIgniter\Session\Handlers\FileHandler' driver.
DEBUG - 2025-02-28 10:31:42 --> Session token: d80ce5967d384a489b441a9dbe867535906938e03f996c2b7cb2cf0f95ee40c4
DEBUG - 2025-02-28 10:31:42 --> Raw Authorization header: Bearer d80ce5967d384a489b441a9dbe867535906938e03f996c2b7cb2cf0f95ee40c4
DEBUG - 2025-02-28 10:31:42 --> Token dari header: d80ce5967d384a489b441a9dbe867535906938e03f996c2b7cb2cf0f95ee40c4
DEBUG - 2025-02-28 10:31:42 --> SQL: SELECT *
FROM `mahasiswa`
WHERE `token` = 'd80ce5967d384a489b441a9dbe867535906938e03f996c2b7cb2cf0f95ee40c4'
 LIMIT 1
DEBUG - 2025-02-28 10:31:42 --> Token yang dicari: d80ce5967d384a489b441a9dbe867535906938e03f996c2b7cb2cf0f95ee40c4
DEBUG - 2025-02-28 10:31:42 --> Hasil pencarian: {"id":"1","user_id":null,"npm":"1184097","nama":"Dika Dwi","email":"","password":"$2y$10$c769FHZxNhYZr.9SGsJCIOOXoyE2gLItzkS43DBWoVzVsPh46wYdm","point":"1951","gaya_belajar":"Kinestetik","created_at":"2024-12-13 02:29:49","updated_at":"2025-02-28 10:31:36","deleted_at":null,"token":"d80ce5967d384a489b441a9dbe867535906938e03f996c2b7cb2cf0f95ee40c4","last_login":"2025-02-24 10:49:22"}
INFO - 2025-02-28 10:31:42 --> Session: Class initialized using 'CodeIgniter\Session\Handlers\FileHandler' driver.
DEBUG - 2025-02-28 10:31:42 --> Session token: d80ce5967d384a489b441a9dbe867535906938e03f996c2b7cb2cf0f95ee40c4
DEBUG - 2025-02-28 10:31:42 --> Raw Authorization header: Bearer d80ce5967d384a489b441a9dbe867535906938e03f996c2b7cb2cf0f95ee40c4
DEBUG - 2025-02-28 10:31:42 --> Token dari header: d80ce5967d384a489b441a9dbe867535906938e03f996c2b7cb2cf0f95ee40c4
DEBUG - 2025-02-28 10:31:42 --> SQL: SELECT *
FROM `mahasiswa`
WHERE `token` = 'd80ce5967d384a489b441a9dbe867535906938e03f996c2b7cb2cf0f95ee40c4'
 LIMIT 1
DEBUG - 2025-02-28 10:31:42 --> Token yang dicari: d80ce5967d384a489b441a9dbe867535906938e03f996c2b7cb2cf0f95ee40c4
DEBUG - 2025-02-28 10:31:42 --> Hasil pencarian: {"id":"1","user_id":null,"npm":"1184097","nama":"Dika Dwi","email":"","password":"$2y$10$c769FHZxNhYZr.9SGsJCIOOXoyE2gLItzkS43DBWoVzVsPh46wYdm","point":"1951","gaya_belajar":"Kinestetik","created_at":"2024-12-13 02:29:49","updated_at":"2025-02-28 10:31:36","deleted_at":null,"token":"d80ce5967d384a489b441a9dbe867535906938e03f996c2b7cb2cf0f95ee40c4","last_login":"2025-02-24 10:49:22"}
INFO - 2025-02-28 10:31:45 --> Session: Class initialized using 'CodeIgniter\Session\Handlers\FileHandler' driver.
INFO - 2025-02-28 10:31:45 --> Session: Class initialized using 'CodeIgniter\Session\Handlers\FileHandler' driver.
INFO - 2025-02-28 10:35:18 --> Session: Class initialized using 'CodeIgniter\Session\Handlers\FileHandler' driver.
INFO - 2025-02-28 10:35:18 --> Session: Class initialized using 'CodeIgniter\Session\Handlers\FileHandler' driver.
INFO - 2025-02-28 10:35:18 --> Session: Class initialized using 'CodeIgniter\Session\Handlers\FileHandler' driver.
INFO - 2025-02-28 10:35:22 --> Session: Class initialized using 'CodeIgniter\Session\Handlers\FileHandler' driver.
INFO - 2025-02-28 10:35:22 --> Session: Class initialized using 'CodeIgniter\Session\Handlers\FileHandler' driver.
INFO - 2025-02-28 10:35:23 --> Session: Class initialized using 'CodeIgniter\Session\Handlers\FileHandler' driver.
DEBUG - 2025-02-28 10:35:23 --> Session token: d80ce5967d384a489b441a9dbe867535906938e03f996c2b7cb2cf0f95ee40c4
DEBUG - 2025-02-28 10:35:23 --> Raw Authorization header: Bearer d80ce5967d384a489b441a9dbe867535906938e03f996c2b7cb2cf0f95ee40c4
DEBUG - 2025-02-28 10:35:23 --> Token dari header: d80ce5967d384a489b441a9dbe867535906938e03f996c2b7cb2cf0f95ee40c4
DEBUG - 2025-02-28 10:35:23 --> SQL: SELECT *
FROM `mahasiswa`
WHERE `token` = 'd80ce5967d384a489b441a9dbe867535906938e03f996c2b7cb2cf0f95ee40c4'
 LIMIT 1
DEBUG - 2025-02-28 10:35:23 --> Token yang dicari: d80ce5967d384a489b441a9dbe867535906938e03f996c2b7cb2cf0f95ee40c4
DEBUG - 2025-02-28 10:35:23 --> Hasil pencarian: {"id":"1","user_id":null,"npm":"1184097","nama":"Dika Dwi","email":"","password":"$2y$10$c769FHZxNhYZr.9SGsJCIOOXoyE2gLItzkS43DBWoVzVsPh46wYdm","point":"2001","gaya_belajar":"Kinestetik","created_at":"2024-12-13 02:29:49","updated_at":"2025-02-28 10:35:18","deleted_at":null,"token":"d80ce5967d384a489b441a9dbe867535906938e03f996c2b7cb2cf0f95ee40c4","last_login":"2025-02-24 10:49:22"}
INFO - 2025-02-28 10:35:23 --> Session: Class initialized using 'CodeIgniter\Session\Handlers\FileHandler' driver.
DEBUG - 2025-02-28 10:35:23 --> Session token: d80ce5967d384a489b441a9dbe867535906938e03f996c2b7cb2cf0f95ee40c4
DEBUG - 2025-02-28 10:35:23 --> Raw Authorization header: Bearer d80ce5967d384a489b441a9dbe867535906938e03f996c2b7cb2cf0f95ee40c4
DEBUG - 2025-02-28 10:35:23 --> Token dari header: d80ce5967d384a489b441a9dbe867535906938e03f996c2b7cb2cf0f95ee40c4
DEBUG - 2025-02-28 10:35:23 --> SQL: SELECT *
FROM `mahasiswa`
WHERE `token` = 'd80ce5967d384a489b441a9dbe867535906938e03f996c2b7cb2cf0f95ee40c4'
 LIMIT 1
DEBUG - 2025-02-28 10:35:23 --> Token yang dicari: d80ce5967d384a489b441a9dbe867535906938e03f996c2b7cb2cf0f95ee40c4
DEBUG - 2025-02-28 10:35:23 --> Hasil pencarian: {"id":"1","user_id":null,"npm":"1184097","nama":"Dika Dwi","email":"","password":"$2y$10$c769FHZxNhYZr.9SGsJCIOOXoyE2gLItzkS43DBWoVzVsPh46wYdm","point":"2001","gaya_belajar":"Kinestetik","created_at":"2024-12-13 02:29:49","updated_at":"2025-02-28 10:35:18","deleted_at":null,"token":"d80ce5967d384a489b441a9dbe867535906938e03f996c2b7cb2cf0f95ee40c4","last_login":"2025-02-24 10:49:22"}
INFO - 2025-02-28 10:35:23 --> Session: Class initialized using 'CodeIgniter\Session\Handlers\FileHandler' driver.
DEBUG - 2025-02-28 10:35:23 --> Session token: d80ce5967d384a489b441a9dbe867535906938e03f996c2b7cb2cf0f95ee40c4
DEBUG - 2025-02-28 10:35:23 --> Raw Authorization header: Bearer d80ce5967d384a489b441a9dbe867535906938e03f996c2b7cb2cf0f95ee40c4
DEBUG - 2025-02-28 10:35:23 --> Token dari header: d80ce5967d384a489b441a9dbe867535906938e03f996c2b7cb2cf0f95ee40c4
DEBUG - 2025-02-28 10:35:23 --> SQL: SELECT *
FROM `mahasiswa`
WHERE `token` = 'd80ce5967d384a489b441a9dbe867535906938e03f996c2b7cb2cf0f95ee40c4'
 LIMIT 1
DEBUG - 2025-02-28 10:35:23 --> Token yang dicari: d80ce5967d384a489b441a9dbe867535906938e03f996c2b7cb2cf0f95ee40c4
DEBUG - 2025-02-28 10:35:23 --> Hasil pencarian: {"id":"1","user_id":null,"npm":"1184097","nama":"Dika Dwi","email":"","password":"$2y$10$c769FHZxNhYZr.9SGsJCIOOXoyE2gLItzkS43DBWoVzVsPh46wYdm","point":"2001","gaya_belajar":"Kinestetik","created_at":"2024-12-13 02:29:49","updated_at":"2025-02-28 10:35:18","deleted_at":null,"token":"d80ce5967d384a489b441a9dbe867535906938e03f996c2b7cb2cf0f95ee40c4","last_login":"2025-02-24 10:49:22"}
INFO - 2025-02-28 10:35:25 --> Session: Class initialized using 'CodeIgniter\Session\Handlers\FileHandler' driver.
INFO - 2025-02-28 10:35:26 --> Session: Class initialized using 'CodeIgniter\Session\Handlers\FileHandler' driver.
INFO - 2025-02-28 10:40:12 --> Session: Class initialized using 'CodeIgniter\Session\Handlers\FileHandler' driver.
INFO - 2025-02-28 10:40:13 --> Session: Class initialized using 'CodeIgniter\Session\Handlers\FileHandler' driver.
INFO - 2025-02-28 10:40:13 --> Session: Class initialized using 'CodeIgniter\Session\Handlers\FileHandler' driver.
DEBUG - 2025-02-28 10:40:13 --> Session token: d80ce5967d384a489b441a9dbe867535906938e03f996c2b7cb2cf0f95ee40c4
DEBUG - 2025-02-28 10:40:13 --> Raw Authorization header: Bearer d80ce5967d384a489b441a9dbe867535906938e03f996c2b7cb2cf0f95ee40c4
DEBUG - 2025-02-28 10:40:13 --> Token dari header: d80ce5967d384a489b441a9dbe867535906938e03f996c2b7cb2cf0f95ee40c4
DEBUG - 2025-02-28 10:40:13 --> SQL: SELECT *
FROM `mahasiswa`
WHERE `token` = 'd80ce5967d384a489b441a9dbe867535906938e03f996c2b7cb2cf0f95ee40c4'
 LIMIT 1
DEBUG - 2025-02-28 10:40:13 --> Token yang dicari: d80ce5967d384a489b441a9dbe867535906938e03f996c2b7cb2cf0f95ee40c4
DEBUG - 2025-02-28 10:40:13 --> Hasil pencarian: {"id":"1","user_id":null,"npm":"1184097","nama":"Dika Dwi","email":"","password":"$2y$10$c769FHZxNhYZr.9SGsJCIOOXoyE2gLItzkS43DBWoVzVsPh46wYdm","point":"2001","gaya_belajar":"Kinestetik","created_at":"2024-12-13 02:29:49","updated_at":"2025-02-28 10:35:18","deleted_at":null,"token":"d80ce5967d384a489b441a9dbe867535906938e03f996c2b7cb2cf0f95ee40c4","last_login":"2025-02-24 10:49:22"}
INFO - 2025-02-28 10:40:13 --> Session: Class initialized using 'CodeIgniter\Session\Handlers\FileHandler' driver.
DEBUG - 2025-02-28 10:40:13 --> Session token: d80ce5967d384a489b441a9dbe867535906938e03f996c2b7cb2cf0f95ee40c4
DEBUG - 2025-02-28 10:40:13 --> Raw Authorization header: Bearer d80ce5967d384a489b441a9dbe867535906938e03f996c2b7cb2cf0f95ee40c4
DEBUG - 2025-02-28 10:40:13 --> Token dari header: d80ce5967d384a489b441a9dbe867535906938e03f996c2b7cb2cf0f95ee40c4
DEBUG - 2025-02-28 10:40:13 --> SQL: SELECT *
FROM `mahasiswa`
WHERE `token` = 'd80ce5967d384a489b441a9dbe867535906938e03f996c2b7cb2cf0f95ee40c4'
 LIMIT 1
DEBUG - 2025-02-28 10:40:13 --> Token yang dicari: d80ce5967d384a489b441a9dbe867535906938e03f996c2b7cb2cf0f95ee40c4
DEBUG - 2025-02-28 10:40:13 --> Hasil pencarian: {"id":"1","user_id":null,"npm":"1184097","nama":"Dika Dwi","email":"","password":"$2y$10$c769FHZxNhYZr.9SGsJCIOOXoyE2gLItzkS43DBWoVzVsPh46wYdm","point":"2001","gaya_belajar":"Kinestetik","created_at":"2024-12-13 02:29:49","updated_at":"2025-02-28 10:35:18","deleted_at":null,"token":"d80ce5967d384a489b441a9dbe867535906938e03f996c2b7cb2cf0f95ee40c4","last_login":"2025-02-24 10:49:22"}
INFO - 2025-02-28 10:40:13 --> Session: Class initialized using 'CodeIgniter\Session\Handlers\FileHandler' driver.
DEBUG - 2025-02-28 10:40:13 --> Session token: d80ce5967d384a489b441a9dbe867535906938e03f996c2b7cb2cf0f95ee40c4
DEBUG - 2025-02-28 10:40:13 --> Raw Authorization header: Bearer d80ce5967d384a489b441a9dbe867535906938e03f996c2b7cb2cf0f95ee40c4
DEBUG - 2025-02-28 10:40:13 --> Token dari header: d80ce5967d384a489b441a9dbe867535906938e03f996c2b7cb2cf0f95ee40c4
DEBUG - 2025-02-28 10:40:13 --> SQL: SELECT *
FROM `mahasiswa`
WHERE `token` = 'd80ce5967d384a489b441a9dbe867535906938e03f996c2b7cb2cf0f95ee40c4'
 LIMIT 1
DEBUG - 2025-02-28 10:40:13 --> Token yang dicari: d80ce5967d384a489b441a9dbe867535906938e03f996c2b7cb2cf0f95ee40c4
DEBUG - 2025-02-28 10:40:13 --> Hasil pencarian: {"id":"1","user_id":null,"npm":"1184097","nama":"Dika Dwi","email":"","password":"$2y$10$c769FHZxNhYZr.9SGsJCIOOXoyE2gLItzkS43DBWoVzVsPh46wYdm","point":"2001","gaya_belajar":"Kinestetik","created_at":"2024-12-13 02:29:49","updated_at":"2025-02-28 10:35:18","deleted_at":null,"token":"d80ce5967d384a489b441a9dbe867535906938e03f996c2b7cb2cf0f95ee40c4","last_login":"2025-02-24 10:49:22"}
INFO - 2025-02-28 10:40:18 --> Session: Class initialized using 'CodeIgniter\Session\Handlers\FileHandler' driver.
INFO - 2025-02-28 10:40:18 --> Session: Class initialized using 'CodeIgniter\Session\Handlers\FileHandler' driver.
INFO - 2025-02-28 10:40:22 --> Session: Class initialized using 'CodeIgniter\Session\Handlers\FileHandler' driver.
INFO - 2025-02-28 10:40:22 --> Session: Class initialized using 'CodeIgniter\Session\Handlers\FileHandler' driver.
INFO - 2025-02-28 10:40:23 --> Session: Class initialized using 'CodeIgniter\Session\Handlers\FileHandler' driver.
INFO - 2025-02-28 10:40:26 --> Session: Class initialized using 'CodeIgniter\Session\Handlers\FileHandler' driver.
INFO - 2025-02-28 10:40:26 --> Session: Class initialized using 'CodeIgniter\Session\Handlers\FileHandler' driver.
INFO - 2025-02-28 10:40:27 --> Session: Class initialized using 'CodeIgniter\Session\Handlers\FileHandler' driver.
DEBUG - 2025-02-28 10:40:27 --> Session token: d80ce5967d384a489b441a9dbe867535906938e03f996c2b7cb2cf0f95ee40c4
DEBUG - 2025-02-28 10:40:27 --> Raw Authorization header: Bearer d80ce5967d384a489b441a9dbe867535906938e03f996c2b7cb2cf0f95ee40c4
DEBUG - 2025-02-28 10:40:27 --> Token dari header: d80ce5967d384a489b441a9dbe867535906938e03f996c2b7cb2cf0f95ee40c4
DEBUG - 2025-02-28 10:40:27 --> SQL: SELECT *
FROM `mahasiswa`
WHERE `token` = 'd80ce5967d384a489b441a9dbe867535906938e03f996c2b7cb2cf0f95ee40c4'
 LIMIT 1
DEBUG - 2025-02-28 10:40:27 --> Token yang dicari: d80ce5967d384a489b441a9dbe867535906938e03f996c2b7cb2cf0f95ee40c4
DEBUG - 2025-02-28 10:40:27 --> Hasil pencarian: {"id":"1","user_id":null,"npm":"1184097","nama":"Dika Dwi","email":"","password":"$2y$10$c769FHZxNhYZr.9SGsJCIOOXoyE2gLItzkS43DBWoVzVsPh46wYdm","point":"2001","gaya_belajar":"Kinestetik","created_at":"2024-12-13 02:29:49","updated_at":"2025-02-28 10:40:22","deleted_at":null,"token":"d80ce5967d384a489b441a9dbe867535906938e03f996c2b7cb2cf0f95ee40c4","last_login":"2025-02-24 10:49:22"}
INFO - 2025-02-28 10:40:27 --> Session: Class initialized using 'CodeIgniter\Session\Handlers\FileHandler' driver.
DEBUG - 2025-02-28 10:40:27 --> Session token: d80ce5967d384a489b441a9dbe867535906938e03f996c2b7cb2cf0f95ee40c4
DEBUG - 2025-02-28 10:40:27 --> Raw Authorization header: Bearer d80ce5967d384a489b441a9dbe867535906938e03f996c2b7cb2cf0f95ee40c4
DEBUG - 2025-02-28 10:40:27 --> Token dari header: d80ce5967d384a489b441a9dbe867535906938e03f996c2b7cb2cf0f95ee40c4
DEBUG - 2025-02-28 10:40:27 --> SQL: SELECT *
FROM `mahasiswa`
WHERE `token` = 'd80ce5967d384a489b441a9dbe867535906938e03f996c2b7cb2cf0f95ee40c4'
 LIMIT 1
DEBUG - 2025-02-28 10:40:27 --> Token yang dicari: d80ce5967d384a489b441a9dbe867535906938e03f996c2b7cb2cf0f95ee40c4
DEBUG - 2025-02-28 10:40:27 --> Hasil pencarian: {"id":"1","user_id":null,"npm":"1184097","nama":"Dika Dwi","email":"","password":"$2y$10$c769FHZxNhYZr.9SGsJCIOOXoyE2gLItzkS43DBWoVzVsPh46wYdm","point":"2001","gaya_belajar":"Kinestetik","created_at":"2024-12-13 02:29:49","updated_at":"2025-02-28 10:40:22","deleted_at":null,"token":"d80ce5967d384a489b441a9dbe867535906938e03f996c2b7cb2cf0f95ee40c4","last_login":"2025-02-24 10:49:22"}
INFO - 2025-02-28 10:40:27 --> Session: Class initialized using 'CodeIgniter\Session\Handlers\FileHandler' driver.
DEBUG - 2025-02-28 10:40:27 --> Session token: d80ce5967d384a489b441a9dbe867535906938e03f996c2b7cb2cf0f95ee40c4
DEBUG - 2025-02-28 10:40:27 --> Raw Authorization header: Bearer d80ce5967d384a489b441a9dbe867535906938e03f996c2b7cb2cf0f95ee40c4
DEBUG - 2025-02-28 10:40:27 --> Token dari header: d80ce5967d384a489b441a9dbe867535906938e03f996c2b7cb2cf0f95ee40c4
DEBUG - 2025-02-28 10:40:27 --> SQL: SELECT *
FROM `mahasiswa`
WHERE `token` = 'd80ce5967d384a489b441a9dbe867535906938e03f996c2b7cb2cf0f95ee40c4'
 LIMIT 1
DEBUG - 2025-02-28 10:40:27 --> Token yang dicari: d80ce5967d384a489b441a9dbe867535906938e03f996c2b7cb2cf0f95ee40c4
DEBUG - 2025-02-28 10:40:27 --> Hasil pencarian: {"id":"1","user_id":null,"npm":"1184097","nama":"Dika Dwi","email":"","password":"$2y$10$c769FHZxNhYZr.9SGsJCIOOXoyE2gLItzkS43DBWoVzVsPh46wYdm","point":"2001","gaya_belajar":"Kinestetik","created_at":"2024-12-13 02:29:49","updated_at":"2025-02-28 10:40:22","deleted_at":null,"token":"d80ce5967d384a489b441a9dbe867535906938e03f996c2b7cb2cf0f95ee40c4","last_login":"2025-02-24 10:49:22"}
INFO - 2025-02-28 10:40:30 --> Session: Class initialized using 'CodeIgniter\Session\Handlers\FileHandler' driver.
INFO - 2025-02-28 10:40:30 --> Session: Class initialized using 'CodeIgniter\Session\Handlers\FileHandler' driver.
INFO - 2025-02-28 10:40:34 --> Session: Class initialized using 'CodeIgniter\Session\Handlers\FileHandler' driver.
INFO - 2025-02-28 10:40:34 --> Session: Class initialized using 'CodeIgniter\Session\Handlers\FileHandler' driver.
INFO - 2025-02-28 10:40:34 --> Session: Class initialized using 'CodeIgniter\Session\Handlers\FileHandler' driver.
INFO - 2025-02-28 10:40:37 --> Session: Class initialized using 'CodeIgniter\Session\Handlers\FileHandler' driver.
INFO - 2025-02-28 10:40:37 --> Session: Class initialized using 'CodeIgniter\Session\Handlers\FileHandler' driver.
INFO - 2025-02-28 10:40:38 --> Session: Class initialized using 'CodeIgniter\Session\Handlers\FileHandler' driver.
DEBUG - 2025-02-28 10:40:38 --> Session token: d80ce5967d384a489b441a9dbe867535906938e03f996c2b7cb2cf0f95ee40c4
DEBUG - 2025-02-28 10:40:38 --> Raw Authorization header: Bearer d80ce5967d384a489b441a9dbe867535906938e03f996c2b7cb2cf0f95ee40c4
DEBUG - 2025-02-28 10:40:38 --> Token dari header: d80ce5967d384a489b441a9dbe867535906938e03f996c2b7cb2cf0f95ee40c4
DEBUG - 2025-02-28 10:40:38 --> SQL: SELECT *
FROM `mahasiswa`
WHERE `token` = 'd80ce5967d384a489b441a9dbe867535906938e03f996c2b7cb2cf0f95ee40c4'
 LIMIT 1
DEBUG - 2025-02-28 10:40:38 --> Token yang dicari: d80ce5967d384a489b441a9dbe867535906938e03f996c2b7cb2cf0f95ee40c4
DEBUG - 2025-02-28 10:40:38 --> Hasil pencarian: {"id":"1","user_id":null,"npm":"1184097","nama":"Dika Dwi","email":"","password":"$2y$10$c769FHZxNhYZr.9SGsJCIOOXoyE2gLItzkS43DBWoVzVsPh46wYdm","point":"1951","gaya_belajar":"Kinestetik","created_at":"2024-12-13 02:29:49","updated_at":"2025-02-28 10:40:34","deleted_at":null,"token":"d80ce5967d384a489b441a9dbe867535906938e03f996c2b7cb2cf0f95ee40c4","last_login":"2025-02-24 10:49:22"}
INFO - 2025-02-28 10:40:38 --> Session: Class initialized using 'CodeIgniter\Session\Handlers\FileHandler' driver.
DEBUG - 2025-02-28 10:40:38 --> Session token: d80ce5967d384a489b441a9dbe867535906938e03f996c2b7cb2cf0f95ee40c4
DEBUG - 2025-02-28 10:40:38 --> Raw Authorization header: Bearer d80ce5967d384a489b441a9dbe867535906938e03f996c2b7cb2cf0f95ee40c4
DEBUG - 2025-02-28 10:40:38 --> Token dari header: d80ce5967d384a489b441a9dbe867535906938e03f996c2b7cb2cf0f95ee40c4
DEBUG - 2025-02-28 10:40:38 --> SQL: SELECT *
FROM `mahasiswa`
WHERE `token` = 'd80ce5967d384a489b441a9dbe867535906938e03f996c2b7cb2cf0f95ee40c4'
 LIMIT 1
DEBUG - 2025-02-28 10:40:38 --> Token yang dicari: d80ce5967d384a489b441a9dbe867535906938e03f996c2b7cb2cf0f95ee40c4
DEBUG - 2025-02-28 10:40:38 --> Hasil pencarian: {"id":"1","user_id":null,"npm":"1184097","nama":"Dika Dwi","email":"","password":"$2y$10$c769FHZxNhYZr.9SGsJCIOOXoyE2gLItzkS43DBWoVzVsPh46wYdm","point":"1951","gaya_belajar":"Kinestetik","created_at":"2024-12-13 02:29:49","updated_at":"2025-02-28 10:40:34","deleted_at":null,"token":"d80ce5967d384a489b441a9dbe867535906938e03f996c2b7cb2cf0f95ee40c4","last_login":"2025-02-24 10:49:22"}
INFO - 2025-02-28 10:40:38 --> Session: Class initialized using 'CodeIgniter\Session\Handlers\FileHandler' driver.
DEBUG - 2025-02-28 10:40:38 --> Session token: d80ce5967d384a489b441a9dbe867535906938e03f996c2b7cb2cf0f95ee40c4
DEBUG - 2025-02-28 10:40:38 --> Raw Authorization header: Bearer d80ce5967d384a489b441a9dbe867535906938e03f996c2b7cb2cf0f95ee40c4
DEBUG - 2025-02-28 10:40:38 --> Token dari header: d80ce5967d384a489b441a9dbe867535906938e03f996c2b7cb2cf0f95ee40c4
DEBUG - 2025-02-28 10:40:38 --> SQL: SELECT *
FROM `mahasiswa`
WHERE `token` = 'd80ce5967d384a489b441a9dbe867535906938e03f996c2b7cb2cf0f95ee40c4'
 LIMIT 1
DEBUG - 2025-02-28 10:40:38 --> Token yang dicari: d80ce5967d384a489b441a9dbe867535906938e03f996c2b7cb2cf0f95ee40c4
DEBUG - 2025-02-28 10:40:38 --> Hasil pencarian: {"id":"1","user_id":null,"npm":"1184097","nama":"Dika Dwi","email":"","password":"$2y$10$c769FHZxNhYZr.9SGsJCIOOXoyE2gLItzkS43DBWoVzVsPh46wYdm","point":"1951","gaya_belajar":"Kinestetik","created_at":"2024-12-13 02:29:49","updated_at":"2025-02-28 10:40:34","deleted_at":null,"token":"d80ce5967d384a489b441a9dbe867535906938e03f996c2b7cb2cf0f95ee40c4","last_login":"2025-02-24 10:49:22"}
INFO - 2025-02-28 10:40:41 --> Session: Class initialized using 'CodeIgniter\Session\Handlers\FileHandler' driver.
INFO - 2025-02-28 10:40:41 --> Session: Class initialized using 'CodeIgniter\Session\Handlers\FileHandler' driver.
INFO - 2025-02-28 10:40:43 --> Session: Class initialized using 'CodeIgniter\Session\Handlers\FileHandler' driver.
INFO - 2025-02-28 10:40:43 --> Session: Class initialized using 'CodeIgniter\Session\Handlers\FileHandler' driver.
INFO - 2025-02-28 10:40:43 --> Session: Class initialized using 'CodeIgniter\Session\Handlers\FileHandler' driver.
INFO - 2025-02-28 10:40:46 --> Session: Class initialized using 'CodeIgniter\Session\Handlers\FileHandler' driver.
INFO - 2025-02-28 10:40:46 --> Session: Class initialized using 'CodeIgniter\Session\Handlers\FileHandler' driver.
INFO - 2025-02-28 10:40:47 --> Session: Class initialized using 'CodeIgniter\Session\Handlers\FileHandler' driver.
DEBUG - 2025-02-28 10:40:47 --> Session token: d80ce5967d384a489b441a9dbe867535906938e03f996c2b7cb2cf0f95ee40c4
DEBUG - 2025-02-28 10:40:47 --> Raw Authorization header: Bearer d80ce5967d384a489b441a9dbe867535906938e03f996c2b7cb2cf0f95ee40c4
DEBUG - 2025-02-28 10:40:47 --> Token dari header: d80ce5967d384a489b441a9dbe867535906938e03f996c2b7cb2cf0f95ee40c4
DEBUG - 2025-02-28 10:40:47 --> SQL: SELECT *
FROM `mahasiswa`
WHERE `token` = 'd80ce5967d384a489b441a9dbe867535906938e03f996c2b7cb2cf0f95ee40c4'
 LIMIT 1
DEBUG - 2025-02-28 10:40:47 --> Token yang dicari: d80ce5967d384a489b441a9dbe867535906938e03f996c2b7cb2cf0f95ee40c4
DEBUG - 2025-02-28 10:40:47 --> Hasil pencarian: {"id":"1","user_id":null,"npm":"1184097","nama":"Dika Dwi","email":"","password":"$2y$10$c769FHZxNhYZr.9SGsJCIOOXoyE2gLItzkS43DBWoVzVsPh46wYdm","point":"2001","gaya_belajar":"Kinestetik","created_at":"2024-12-13 02:29:49","updated_at":"2025-02-28 10:40:43","deleted_at":null,"token":"d80ce5967d384a489b441a9dbe867535906938e03f996c2b7cb2cf0f95ee40c4","last_login":"2025-02-24 10:49:22"}
INFO - 2025-02-28 10:40:47 --> Session: Class initialized using 'CodeIgniter\Session\Handlers\FileHandler' driver.
DEBUG - 2025-02-28 10:40:47 --> Session token: d80ce5967d384a489b441a9dbe867535906938e03f996c2b7cb2cf0f95ee40c4
DEBUG - 2025-02-28 10:40:47 --> Raw Authorization header: Bearer d80ce5967d384a489b441a9dbe867535906938e03f996c2b7cb2cf0f95ee40c4
DEBUG - 2025-02-28 10:40:47 --> Token dari header: d80ce5967d384a489b441a9dbe867535906938e03f996c2b7cb2cf0f95ee40c4
DEBUG - 2025-02-28 10:40:47 --> SQL: SELECT *
FROM `mahasiswa`
WHERE `token` = 'd80ce5967d384a489b441a9dbe867535906938e03f996c2b7cb2cf0f95ee40c4'
 LIMIT 1
DEBUG - 2025-02-28 10:40:47 --> Token yang dicari: d80ce5967d384a489b441a9dbe867535906938e03f996c2b7cb2cf0f95ee40c4
DEBUG - 2025-02-28 10:40:47 --> Hasil pencarian: {"id":"1","user_id":null,"npm":"1184097","nama":"Dika Dwi","email":"","password":"$2y$10$c769FHZxNhYZr.9SGsJCIOOXoyE2gLItzkS43DBWoVzVsPh46wYdm","point":"2001","gaya_belajar":"Kinestetik","created_at":"2024-12-13 02:29:49","updated_at":"2025-02-28 10:40:43","deleted_at":null,"token":"d80ce5967d384a489b441a9dbe867535906938e03f996c2b7cb2cf0f95ee40c4","last_login":"2025-02-24 10:49:22"}
INFO - 2025-02-28 10:40:47 --> Session: Class initialized using 'CodeIgniter\Session\Handlers\FileHandler' driver.
DEBUG - 2025-02-28 10:40:47 --> Session token: d80ce5967d384a489b441a9dbe867535906938e03f996c2b7cb2cf0f95ee40c4
DEBUG - 2025-02-28 10:40:47 --> Raw Authorization header: Bearer d80ce5967d384a489b441a9dbe867535906938e03f996c2b7cb2cf0f95ee40c4
DEBUG - 2025-02-28 10:40:47 --> Token dari header: d80ce5967d384a489b441a9dbe867535906938e03f996c2b7cb2cf0f95ee40c4
DEBUG - 2025-02-28 10:40:47 --> SQL: SELECT *
FROM `mahasiswa`
WHERE `token` = 'd80ce5967d384a489b441a9dbe867535906938e03f996c2b7cb2cf0f95ee40c4'
 LIMIT 1
DEBUG - 2025-02-28 10:40:47 --> Token yang dicari: d80ce5967d384a489b441a9dbe867535906938e03f996c2b7cb2cf0f95ee40c4
DEBUG - 2025-02-28 10:40:47 --> Hasil pencarian: {"id":"1","user_id":null,"npm":"1184097","nama":"Dika Dwi","email":"","password":"$2y$10$c769FHZxNhYZr.9SGsJCIOOXoyE2gLItzkS43DBWoVzVsPh46wYdm","point":"2001","gaya_belajar":"Kinestetik","created_at":"2024-12-13 02:29:49","updated_at":"2025-02-28 10:40:43","deleted_at":null,"token":"d80ce5967d384a489b441a9dbe867535906938e03f996c2b7cb2cf0f95ee40c4","last_login":"2025-02-24 10:49:22"}
INFO - 2025-02-28 10:40:51 --> Session: Class initialized using 'CodeIgniter\Session\Handlers\FileHandler' driver.
INFO - 2025-02-28 10:40:52 --> Session: Class initialized using 'CodeIgniter\Session\Handlers\FileHandler' driver.
INFO - 2025-02-28 10:40:52 --> Session: Class initialized using 'CodeIgniter\Session\Handlers\FileHandler' driver.
INFO - 2025-02-28 10:40:53 --> Session: Class initialized using 'CodeIgniter\Session\Handlers\FileHandler' driver.
DEBUG - 2025-02-28 10:40:53 --> Session token: d80ce5967d384a489b441a9dbe867535906938e03f996c2b7cb2cf0f95ee40c4
DEBUG - 2025-02-28 10:40:53 --> Raw Authorization header: Bearer d80ce5967d384a489b441a9dbe867535906938e03f996c2b7cb2cf0f95ee40c4
DEBUG - 2025-02-28 10:40:53 --> Token dari header: d80ce5967d384a489b441a9dbe867535906938e03f996c2b7cb2cf0f95ee40c4
DEBUG - 2025-02-28 10:40:53 --> SQL: SELECT *
FROM `mahasiswa`
WHERE `token` = 'd80ce5967d384a489b441a9dbe867535906938e03f996c2b7cb2cf0f95ee40c4'
 LIMIT 1
DEBUG - 2025-02-28 10:40:53 --> Token yang dicari: d80ce5967d384a489b441a9dbe867535906938e03f996c2b7cb2cf0f95ee40c4
DEBUG - 2025-02-28 10:40:53 --> Hasil pencarian: {"id":"1","user_id":null,"npm":"1184097","nama":"Dika Dwi","email":"","password":"$2y$10$c769FHZxNhYZr.9SGsJCIOOXoyE2gLItzkS43DBWoVzVsPh46wYdm","point":"2001","gaya_belajar":"Kinestetik","created_at":"2024-12-13 02:29:49","updated_at":"2025-02-28 10:40:51","deleted_at":null,"token":"d80ce5967d384a489b441a9dbe867535906938e03f996c2b7cb2cf0f95ee40c4","last_login":"2025-02-24 10:49:22"}
INFO - 2025-02-28 10:40:53 --> Session: Class initialized using 'CodeIgniter\Session\Handlers\FileHandler' driver.
DEBUG - 2025-02-28 10:40:53 --> Session token: d80ce5967d384a489b441a9dbe867535906938e03f996c2b7cb2cf0f95ee40c4
DEBUG - 2025-02-28 10:40:53 --> Raw Authorization header: Bearer d80ce5967d384a489b441a9dbe867535906938e03f996c2b7cb2cf0f95ee40c4
DEBUG - 2025-02-28 10:40:53 --> Token dari header: d80ce5967d384a489b441a9dbe867535906938e03f996c2b7cb2cf0f95ee40c4
DEBUG - 2025-02-28 10:40:53 --> SQL: SELECT *
FROM `mahasiswa`
WHERE `token` = 'd80ce5967d384a489b441a9dbe867535906938e03f996c2b7cb2cf0f95ee40c4'
 LIMIT 1
DEBUG - 2025-02-28 10:40:53 --> Token yang dicari: d80ce5967d384a489b441a9dbe867535906938e03f996c2b7cb2cf0f95ee40c4
DEBUG - 2025-02-28 10:40:53 --> Hasil pencarian: {"id":"1","user_id":null,"npm":"1184097","nama":"Dika Dwi","email":"","password":"$2y$10$c769FHZxNhYZr.9SGsJCIOOXoyE2gLItzkS43DBWoVzVsPh46wYdm","point":"2001","gaya_belajar":"Kinestetik","created_at":"2024-12-13 02:29:49","updated_at":"2025-02-28 10:40:51","deleted_at":null,"token":"d80ce5967d384a489b441a9dbe867535906938e03f996c2b7cb2cf0f95ee40c4","last_login":"2025-02-24 10:49:22"}
INFO - 2025-02-28 10:40:53 --> Session: Class initialized using 'CodeIgniter\Session\Handlers\FileHandler' driver.
DEBUG - 2025-02-28 10:40:53 --> Session token: d80ce5967d384a489b441a9dbe867535906938e03f996c2b7cb2cf0f95ee40c4
DEBUG - 2025-02-28 10:40:53 --> Raw Authorization header: Bearer d80ce5967d384a489b441a9dbe867535906938e03f996c2b7cb2cf0f95ee40c4
DEBUG - 2025-02-28 10:40:53 --> Token dari header: d80ce5967d384a489b441a9dbe867535906938e03f996c2b7cb2cf0f95ee40c4
DEBUG - 2025-02-28 10:40:53 --> SQL: SELECT *
FROM `mahasiswa`
WHERE `token` = 'd80ce5967d384a489b441a9dbe867535906938e03f996c2b7cb2cf0f95ee40c4'
 LIMIT 1
DEBUG - 2025-02-28 10:40:53 --> Token yang dicari: d80ce5967d384a489b441a9dbe867535906938e03f996c2b7cb2cf0f95ee40c4
DEBUG - 2025-02-28 10:40:53 --> Hasil pencarian: {"id":"1","user_id":null,"npm":"1184097","nama":"Dika Dwi","email":"","password":"$2y$10$c769FHZxNhYZr.9SGsJCIOOXoyE2gLItzkS43DBWoVzVsPh46wYdm","point":"2001","gaya_belajar":"Kinestetik","created_at":"2024-12-13 02:29:49","updated_at":"2025-02-28 10:40:51","deleted_at":null,"token":"d80ce5967d384a489b441a9dbe867535906938e03f996c2b7cb2cf0f95ee40c4","last_login":"2025-02-24 10:49:22"}
INFO - 2025-02-28 10:40:55 --> Session: Class initialized using 'CodeIgniter\Session\Handlers\FileHandler' driver.
INFO - 2025-02-28 10:40:55 --> Session: Class initialized using 'CodeIgniter\Session\Handlers\FileHandler' driver.
INFO - 2025-02-28 10:40:57 --> Session: Class initialized using 'CodeIgniter\Session\Handlers\FileHandler' driver.
INFO - 2025-02-28 10:40:57 --> Session: Class initialized using 'CodeIgniter\Session\Handlers\FileHandler' driver.
INFO - 2025-02-28 10:41:01 --> Session: Class initialized using 'CodeIgniter\Session\Handlers\FileHandler' driver.
INFO - 2025-02-28 10:41:01 --> Session: Class initialized using 'CodeIgniter\Session\Handlers\FileHandler' driver.
INFO - 2025-02-28 10:41:02 --> Session: Class initialized using 'CodeIgniter\Session\Handlers\FileHandler' driver.
INFO - 2025-02-28 10:41:04 --> Session: Class initialized using 'CodeIgniter\Session\Handlers\FileHandler' driver.
INFO - 2025-02-28 10:41:05 --> Session: Class initialized using 'CodeIgniter\Session\Handlers\FileHandler' driver.
INFO - 2025-02-28 10:41:05 --> Session: Class initialized using 'CodeIgniter\Session\Handlers\FileHandler' driver.
DEBUG - 2025-02-28 10:41:05 --> Session token: d80ce5967d384a489b441a9dbe867535906938e03f996c2b7cb2cf0f95ee40c4
DEBUG - 2025-02-28 10:41:05 --> Raw Authorization header: Bearer d80ce5967d384a489b441a9dbe867535906938e03f996c2b7cb2cf0f95ee40c4
DEBUG - 2025-02-28 10:41:05 --> Token dari header: d80ce5967d384a489b441a9dbe867535906938e03f996c2b7cb2cf0f95ee40c4
DEBUG - 2025-02-28 10:41:05 --> SQL: SELECT *
FROM `mahasiswa`
WHERE `token` = 'd80ce5967d384a489b441a9dbe867535906938e03f996c2b7cb2cf0f95ee40c4'
 LIMIT 1
DEBUG - 2025-02-28 10:41:05 --> Token yang dicari: d80ce5967d384a489b441a9dbe867535906938e03f996c2b7cb2cf0f95ee40c4
DEBUG - 2025-02-28 10:41:05 --> Hasil pencarian: {"id":"1","user_id":null,"npm":"1184097","nama":"Dika Dwi","email":"","password":"$2y$10$c769FHZxNhYZr.9SGsJCIOOXoyE2gLItzkS43DBWoVzVsPh46wYdm","point":"2001","gaya_belajar":"Kinestetik","created_at":"2024-12-13 02:29:49","updated_at":"2025-02-28 10:40:51","deleted_at":null,"token":"d80ce5967d384a489b441a9dbe867535906938e03f996c2b7cb2cf0f95ee40c4","last_login":"2025-02-24 10:49:22"}
INFO - 2025-02-28 10:41:05 --> Session: Class initialized using 'CodeIgniter\Session\Handlers\FileHandler' driver.
DEBUG - 2025-02-28 10:41:05 --> Session token: d80ce5967d384a489b441a9dbe867535906938e03f996c2b7cb2cf0f95ee40c4
DEBUG - 2025-02-28 10:41:05 --> Raw Authorization header: Bearer d80ce5967d384a489b441a9dbe867535906938e03f996c2b7cb2cf0f95ee40c4
DEBUG - 2025-02-28 10:41:05 --> Token dari header: d80ce5967d384a489b441a9dbe867535906938e03f996c2b7cb2cf0f95ee40c4
DEBUG - 2025-02-28 10:41:05 --> SQL: SELECT *
FROM `mahasiswa`
WHERE `token` = 'd80ce5967d384a489b441a9dbe867535906938e03f996c2b7cb2cf0f95ee40c4'
 LIMIT 1
DEBUG - 2025-02-28 10:41:05 --> Token yang dicari: d80ce5967d384a489b441a9dbe867535906938e03f996c2b7cb2cf0f95ee40c4
DEBUG - 2025-02-28 10:41:05 --> Hasil pencarian: {"id":"1","user_id":null,"npm":"1184097","nama":"Dika Dwi","email":"","password":"$2y$10$c769FHZxNhYZr.9SGsJCIOOXoyE2gLItzkS43DBWoVzVsPh46wYdm","point":"2001","gaya_belajar":"Kinestetik","created_at":"2024-12-13 02:29:49","updated_at":"2025-02-28 10:40:51","deleted_at":null,"token":"d80ce5967d384a489b441a9dbe867535906938e03f996c2b7cb2cf0f95ee40c4","last_login":"2025-02-24 10:49:22"}
INFO - 2025-02-28 10:41:06 --> Session: Class initialized using 'CodeIgniter\Session\Handlers\FileHandler' driver.
DEBUG - 2025-02-28 10:41:06 --> Session token: d80ce5967d384a489b441a9dbe867535906938e03f996c2b7cb2cf0f95ee40c4
DEBUG - 2025-02-28 10:41:06 --> Raw Authorization header: Bearer d80ce5967d384a489b441a9dbe867535906938e03f996c2b7cb2cf0f95ee40c4
DEBUG - 2025-02-28 10:41:06 --> Token dari header: d80ce5967d384a489b441a9dbe867535906938e03f996c2b7cb2cf0f95ee40c4
DEBUG - 2025-02-28 10:41:06 --> SQL: SELECT *
FROM `mahasiswa`
WHERE `token` = 'd80ce5967d384a489b441a9dbe867535906938e03f996c2b7cb2cf0f95ee40c4'
 LIMIT 1
DEBUG - 2025-02-28 10:41:06 --> Token yang dicari: d80ce5967d384a489b441a9dbe867535906938e03f996c2b7cb2cf0f95ee40c4
DEBUG - 2025-02-28 10:41:06 --> Hasil pencarian: {"id":"1","user_id":null,"npm":"1184097","nama":"Dika Dwi","email":"","password":"$2y$10$c769FHZxNhYZr.9SGsJCIOOXoyE2gLItzkS43DBWoVzVsPh46wYdm","point":"2001","gaya_belajar":"Kinestetik","created_at":"2024-12-13 02:29:49","updated_at":"2025-02-28 10:40:51","deleted_at":null,"token":"d80ce5967d384a489b441a9dbe867535906938e03f996c2b7cb2cf0f95ee40c4","last_login":"2025-02-24 10:49:22"}
INFO - 2025-02-28 10:41:36 --> Session: Class initialized using 'CodeIgniter\Session\Handlers\FileHandler' driver.
INFO - 2025-02-28 10:41:37 --> Session: Class initialized using 'CodeIgniter\Session\Handlers\FileHandler' driver.
INFO - 2025-02-28 10:41:44 --> Session: Class initialized using 'CodeIgniter\Session\Handlers\FileHandler' driver.
INFO - 2025-02-28 10:41:44 --> Session: Class initialized using 'CodeIgniter\Session\Handlers\FileHandler' driver.
INFO - 2025-02-28 10:41:45 --> Session: Class initialized using 'CodeIgniter\Session\Handlers\FileHandler' driver.
DEBUG - 2025-02-28 10:41:45 --> Session token: d80ce5967d384a489b441a9dbe867535906938e03f996c2b7cb2cf0f95ee40c4
DEBUG - 2025-02-28 10:41:45 --> Raw Authorization header: Bearer d80ce5967d384a489b441a9dbe867535906938e03f996c2b7cb2cf0f95ee40c4
DEBUG - 2025-02-28 10:41:45 --> Token dari header: d80ce5967d384a489b441a9dbe867535906938e03f996c2b7cb2cf0f95ee40c4
DEBUG - 2025-02-28 10:41:45 --> SQL: SELECT *
FROM `mahasiswa`
WHERE `token` = 'd80ce5967d384a489b441a9dbe867535906938e03f996c2b7cb2cf0f95ee40c4'
 LIMIT 1
DEBUG - 2025-02-28 10:41:45 --> Token yang dicari: d80ce5967d384a489b441a9dbe867535906938e03f996c2b7cb2cf0f95ee40c4
DEBUG - 2025-02-28 10:41:45 --> Hasil pencarian: {"id":"1","user_id":null,"npm":"1184097","nama":"Dika Dwi","email":"","password":"$2y$10$c769FHZxNhYZr.9SGsJCIOOXoyE2gLItzkS43DBWoVzVsPh46wYdm","point":"2001","gaya_belajar":"Kinestetik","created_at":"2024-12-13 02:29:49","updated_at":"2025-02-28 10:40:51","deleted_at":null,"token":"d80ce5967d384a489b441a9dbe867535906938e03f996c2b7cb2cf0f95ee40c4","last_login":"2025-02-24 10:49:22"}
INFO - 2025-02-28 10:41:45 --> Session: Class initialized using 'CodeIgniter\Session\Handlers\FileHandler' driver.
DEBUG - 2025-02-28 10:41:45 --> Session token: d80ce5967d384a489b441a9dbe867535906938e03f996c2b7cb2cf0f95ee40c4
DEBUG - 2025-02-28 10:41:45 --> Raw Authorization header: Bearer d80ce5967d384a489b441a9dbe867535906938e03f996c2b7cb2cf0f95ee40c4
DEBUG - 2025-02-28 10:41:45 --> Token dari header: d80ce5967d384a489b441a9dbe867535906938e03f996c2b7cb2cf0f95ee40c4
DEBUG - 2025-02-28 10:41:45 --> SQL: SELECT *
FROM `mahasiswa`
WHERE `token` = 'd80ce5967d384a489b441a9dbe867535906938e03f996c2b7cb2cf0f95ee40c4'
 LIMIT 1
DEBUG - 2025-02-28 10:41:45 --> Token yang dicari: d80ce5967d384a489b441a9dbe867535906938e03f996c2b7cb2cf0f95ee40c4
DEBUG - 2025-02-28 10:41:45 --> Hasil pencarian: {"id":"1","user_id":null,"npm":"1184097","nama":"Dika Dwi","email":"","password":"$2y$10$c769FHZxNhYZr.9SGsJCIOOXoyE2gLItzkS43DBWoVzVsPh46wYdm","point":"2001","gaya_belajar":"Kinestetik","created_at":"2024-12-13 02:29:49","updated_at":"2025-02-28 10:40:51","deleted_at":null,"token":"d80ce5967d384a489b441a9dbe867535906938e03f996c2b7cb2cf0f95ee40c4","last_login":"2025-02-24 10:49:22"}
INFO - 2025-02-28 10:41:45 --> Session: Class initialized using 'CodeIgniter\Session\Handlers\FileHandler' driver.
DEBUG - 2025-02-28 10:41:45 --> Session token: d80ce5967d384a489b441a9dbe867535906938e03f996c2b7cb2cf0f95ee40c4
DEBUG - 2025-02-28 10:41:45 --> Raw Authorization header: Bearer d80ce5967d384a489b441a9dbe867535906938e03f996c2b7cb2cf0f95ee40c4
DEBUG - 2025-02-28 10:41:45 --> Token dari header: d80ce5967d384a489b441a9dbe867535906938e03f996c2b7cb2cf0f95ee40c4
DEBUG - 2025-02-28 10:41:45 --> SQL: SELECT *
FROM `mahasiswa`
WHERE `token` = 'd80ce5967d384a489b441a9dbe867535906938e03f996c2b7cb2cf0f95ee40c4'
 LIMIT 1
DEBUG - 2025-02-28 10:41:45 --> Token yang dicari: d80ce5967d384a489b441a9dbe867535906938e03f996c2b7cb2cf0f95ee40c4
DEBUG - 2025-02-28 10:41:45 --> Hasil pencarian: {"id":"1","user_id":null,"npm":"1184097","nama":"Dika Dwi","email":"","password":"$2y$10$c769FHZxNhYZr.9SGsJCIOOXoyE2gLItzkS43DBWoVzVsPh46wYdm","point":"2001","gaya_belajar":"Kinestetik","created_at":"2024-12-13 02:29:49","updated_at":"2025-02-28 10:40:51","deleted_at":null,"token":"d80ce5967d384a489b441a9dbe867535906938e03f996c2b7cb2cf0f95ee40c4","last_login":"2025-02-24 10:49:22"}
INFO - 2025-02-28 10:41:46 --> Session: Class initialized using 'CodeIgniter\Session\Handlers\FileHandler' driver.
INFO - 2025-02-28 10:41:46 --> Session: Class initialized using 'CodeIgniter\Session\Handlers\FileHandler' driver.
INFO - 2025-02-28 10:41:47 --> Session: Class initialized using 'CodeIgniter\Session\Handlers\FileHandler' driver.
INFO - 2025-02-28 10:41:47 --> Session: Class initialized using 'CodeIgniter\Session\Handlers\FileHandler' driver.
DEBUG - 2025-02-28 10:41:47 --> Session token: d80ce5967d384a489b441a9dbe867535906938e03f996c2b7cb2cf0f95ee40c4
DEBUG - 2025-02-28 10:41:47 --> Raw Authorization header: Bearer d80ce5967d384a489b441a9dbe867535906938e03f996c2b7cb2cf0f95ee40c4
DEBUG - 2025-02-28 10:41:47 --> Token dari header: d80ce5967d384a489b441a9dbe867535906938e03f996c2b7cb2cf0f95ee40c4
DEBUG - 2025-02-28 10:41:47 --> SQL: SELECT *
FROM `mahasiswa`
WHERE `token` = 'd80ce5967d384a489b441a9dbe867535906938e03f996c2b7cb2cf0f95ee40c4'
 LIMIT 1
DEBUG - 2025-02-28 10:41:47 --> Token yang dicari: d80ce5967d384a489b441a9dbe867535906938e03f996c2b7cb2cf0f95ee40c4
DEBUG - 2025-02-28 10:41:47 --> Hasil pencarian: {"id":"1","user_id":null,"npm":"1184097","nama":"Dika Dwi","email":"","password":"$2y$10$c769FHZxNhYZr.9SGsJCIOOXoyE2gLItzkS43DBWoVzVsPh46wYdm","point":"2001","gaya_belajar":"Kinestetik","created_at":"2024-12-13 02:29:49","updated_at":"2025-02-28 10:41:46","deleted_at":null,"token":"d80ce5967d384a489b441a9dbe867535906938e03f996c2b7cb2cf0f95ee40c4","last_login":"2025-02-24 10:49:22"}
INFO - 2025-02-28 10:41:48 --> Session: Class initialized using 'CodeIgniter\Session\Handlers\FileHandler' driver.
DEBUG - 2025-02-28 10:41:48 --> Session token: d80ce5967d384a489b441a9dbe867535906938e03f996c2b7cb2cf0f95ee40c4
DEBUG - 2025-02-28 10:41:48 --> Raw Authorization header: Bearer d80ce5967d384a489b441a9dbe867535906938e03f996c2b7cb2cf0f95ee40c4
DEBUG - 2025-02-28 10:41:48 --> Token dari header: d80ce5967d384a489b441a9dbe867535906938e03f996c2b7cb2cf0f95ee40c4
DEBUG - 2025-02-28 10:41:48 --> SQL: SELECT *
FROM `mahasiswa`
WHERE `token` = 'd80ce5967d384a489b441a9dbe867535906938e03f996c2b7cb2cf0f95ee40c4'
 LIMIT 1
DEBUG - 2025-02-28 10:41:48 --> Token yang dicari: d80ce5967d384a489b441a9dbe867535906938e03f996c2b7cb2cf0f95ee40c4
DEBUG - 2025-02-28 10:41:48 --> Hasil pencarian: {"id":"1","user_id":null,"npm":"1184097","nama":"Dika Dwi","email":"","password":"$2y$10$c769FHZxNhYZr.9SGsJCIOOXoyE2gLItzkS43DBWoVzVsPh46wYdm","point":"2001","gaya_belajar":"Kinestetik","created_at":"2024-12-13 02:29:49","updated_at":"2025-02-28 10:41:46","deleted_at":null,"token":"d80ce5967d384a489b441a9dbe867535906938e03f996c2b7cb2cf0f95ee40c4","last_login":"2025-02-24 10:49:22"}
INFO - 2025-02-28 10:41:48 --> Session: Class initialized using 'CodeIgniter\Session\Handlers\FileHandler' driver.
DEBUG - 2025-02-28 10:41:48 --> Session token: d80ce5967d384a489b441a9dbe867535906938e03f996c2b7cb2cf0f95ee40c4
DEBUG - 2025-02-28 10:41:48 --> Raw Authorization header: Bearer d80ce5967d384a489b441a9dbe867535906938e03f996c2b7cb2cf0f95ee40c4
DEBUG - 2025-02-28 10:41:48 --> Token dari header: d80ce5967d384a489b441a9dbe867535906938e03f996c2b7cb2cf0f95ee40c4
DEBUG - 2025-02-28 10:41:48 --> SQL: SELECT *
FROM `mahasiswa`
WHERE `token` = 'd80ce5967d384a489b441a9dbe867535906938e03f996c2b7cb2cf0f95ee40c4'
 LIMIT 1
DEBUG - 2025-02-28 10:41:48 --> Token yang dicari: d80ce5967d384a489b441a9dbe867535906938e03f996c2b7cb2cf0f95ee40c4
DEBUG - 2025-02-28 10:41:48 --> Hasil pencarian: {"id":"1","user_id":null,"npm":"1184097","nama":"Dika Dwi","email":"","password":"$2y$10$c769FHZxNhYZr.9SGsJCIOOXoyE2gLItzkS43DBWoVzVsPh46wYdm","point":"2001","gaya_belajar":"Kinestetik","created_at":"2024-12-13 02:29:49","updated_at":"2025-02-28 10:41:46","deleted_at":null,"token":"d80ce5967d384a489b441a9dbe867535906938e03f996c2b7cb2cf0f95ee40c4","last_login":"2025-02-24 10:49:22"}
INFO - 2025-02-28 10:41:50 --> Session: Class initialized using 'CodeIgniter\Session\Handlers\FileHandler' driver.
INFO - 2025-02-28 10:41:50 --> Session: Class initialized using 'CodeIgniter\Session\Handlers\FileHandler' driver.
INFO - 2025-02-28 10:41:52 --> Session: Class initialized using 'CodeIgniter\Session\Handlers\FileHandler' driver.
INFO - 2025-02-28 10:41:52 --> Session: Class initialized using 'CodeIgniter\Session\Handlers\FileHandler' driver.
INFO - 2025-02-28 10:41:53 --> Session: Class initialized using 'CodeIgniter\Session\Handlers\FileHandler' driver.
DEBUG - 2025-02-28 10:41:53 --> Session token: d80ce5967d384a489b441a9dbe867535906938e03f996c2b7cb2cf0f95ee40c4
DEBUG - 2025-02-28 10:41:53 --> Raw Authorization header: Bearer d80ce5967d384a489b441a9dbe867535906938e03f996c2b7cb2cf0f95ee40c4
DEBUG - 2025-02-28 10:41:53 --> Token dari header: d80ce5967d384a489b441a9dbe867535906938e03f996c2b7cb2cf0f95ee40c4
DEBUG - 2025-02-28 10:41:53 --> SQL: SELECT *
FROM `mahasiswa`
WHERE `token` = 'd80ce5967d384a489b441a9dbe867535906938e03f996c2b7cb2cf0f95ee40c4'
 LIMIT 1
DEBUG - 2025-02-28 10:41:53 --> Token yang dicari: d80ce5967d384a489b441a9dbe867535906938e03f996c2b7cb2cf0f95ee40c4
DEBUG - 2025-02-28 10:41:53 --> Hasil pencarian: {"id":"1","user_id":null,"npm":"1184097","nama":"Dika Dwi","email":"","password":"$2y$10$c769FHZxNhYZr.9SGsJCIOOXoyE2gLItzkS43DBWoVzVsPh46wYdm","point":"2001","gaya_belajar":"Kinestetik","created_at":"2024-12-13 02:29:49","updated_at":"2025-02-28 10:41:46","deleted_at":null,"token":"d80ce5967d384a489b441a9dbe867535906938e03f996c2b7cb2cf0f95ee40c4","last_login":"2025-02-24 10:49:22"}
INFO - 2025-02-28 10:41:53 --> Session: Class initialized using 'CodeIgniter\Session\Handlers\FileHandler' driver.
DEBUG - 2025-02-28 10:41:53 --> Session token: d80ce5967d384a489b441a9dbe867535906938e03f996c2b7cb2cf0f95ee40c4
DEBUG - 2025-02-28 10:41:53 --> Raw Authorization header: Bearer d80ce5967d384a489b441a9dbe867535906938e03f996c2b7cb2cf0f95ee40c4
DEBUG - 2025-02-28 10:41:53 --> Token dari header: d80ce5967d384a489b441a9dbe867535906938e03f996c2b7cb2cf0f95ee40c4
DEBUG - 2025-02-28 10:41:53 --> SQL: SELECT *
FROM `mahasiswa`
WHERE `token` = 'd80ce5967d384a489b441a9dbe867535906938e03f996c2b7cb2cf0f95ee40c4'
 LIMIT 1
DEBUG - 2025-02-28 10:41:53 --> Token yang dicari: d80ce5967d384a489b441a9dbe867535906938e03f996c2b7cb2cf0f95ee40c4
DEBUG - 2025-02-28 10:41:53 --> Hasil pencarian: {"id":"1","user_id":null,"npm":"1184097","nama":"Dika Dwi","email":"","password":"$2y$10$c769FHZxNhYZr.9SGsJCIOOXoyE2gLItzkS43DBWoVzVsPh46wYdm","point":"2001","gaya_belajar":"Kinestetik","created_at":"2024-12-13 02:29:49","updated_at":"2025-02-28 10:41:46","deleted_at":null,"token":"d80ce5967d384a489b441a9dbe867535906938e03f996c2b7cb2cf0f95ee40c4","last_login":"2025-02-24 10:49:22"}
INFO - 2025-02-28 10:41:53 --> Session: Class initialized using 'CodeIgniter\Session\Handlers\FileHandler' driver.
DEBUG - 2025-02-28 10:41:53 --> Session token: d80ce5967d384a489b441a9dbe867535906938e03f996c2b7cb2cf0f95ee40c4
DEBUG - 2025-02-28 10:41:53 --> Raw Authorization header: Bearer d80ce5967d384a489b441a9dbe867535906938e03f996c2b7cb2cf0f95ee40c4
DEBUG - 2025-02-28 10:41:53 --> Token dari header: d80ce5967d384a489b441a9dbe867535906938e03f996c2b7cb2cf0f95ee40c4
DEBUG - 2025-02-28 10:41:53 --> SQL: SELECT *
FROM `mahasiswa`
WHERE `token` = 'd80ce5967d384a489b441a9dbe867535906938e03f996c2b7cb2cf0f95ee40c4'
 LIMIT 1
DEBUG - 2025-02-28 10:41:53 --> Token yang dicari: d80ce5967d384a489b441a9dbe867535906938e03f996c2b7cb2cf0f95ee40c4
DEBUG - 2025-02-28 10:41:53 --> Hasil pencarian: {"id":"1","user_id":null,"npm":"1184097","nama":"Dika Dwi","email":"","password":"$2y$10$c769FHZxNhYZr.9SGsJCIOOXoyE2gLItzkS43DBWoVzVsPh46wYdm","point":"2001","gaya_belajar":"Kinestetik","created_at":"2024-12-13 02:29:49","updated_at":"2025-02-28 10:41:46","deleted_at":null,"token":"d80ce5967d384a489b441a9dbe867535906938e03f996c2b7cb2cf0f95ee40c4","last_login":"2025-02-24 10:49:22"}
INFO - 2025-02-28 10:41:54 --> Session: Class initialized using 'CodeIgniter\Session\Handlers\FileHandler' driver.
INFO - 2025-02-28 10:41:54 --> Session: Class initialized using 'CodeIgniter\Session\Handlers\FileHandler' driver.
INFO - 2025-02-28 10:43:40 --> Session: Class initialized using 'CodeIgniter\Session\Handlers\FileHandler' driver.
INFO - 2025-02-28 10:43:40 --> Session: Class initialized using 'CodeIgniter\Session\Handlers\FileHandler' driver.
INFO - 2025-02-28 10:46:20 --> Session: Class initialized using 'CodeIgniter\Session\Handlers\FileHandler' driver.
INFO - 2025-02-28 10:46:20 --> Session: Class initialized using 'CodeIgniter\Session\Handlers\FileHandler' driver.
INFO - 2025-02-28 10:46:21 --> Session: Class initialized using 'CodeIgniter\Session\Handlers\FileHandler' driver.
DEBUG - 2025-02-28 10:46:21 --> Session token: d80ce5967d384a489b441a9dbe867535906938e03f996c2b7cb2cf0f95ee40c4
DEBUG - 2025-02-28 10:46:21 --> Raw Authorization header: Bearer d80ce5967d384a489b441a9dbe867535906938e03f996c2b7cb2cf0f95ee40c4
DEBUG - 2025-02-28 10:46:21 --> Token dari header: d80ce5967d384a489b441a9dbe867535906938e03f996c2b7cb2cf0f95ee40c4
DEBUG - 2025-02-28 10:46:21 --> SQL: SELECT *
FROM `mahasiswa`
WHERE `token` = 'd80ce5967d384a489b441a9dbe867535906938e03f996c2b7cb2cf0f95ee40c4'
 LIMIT 1
DEBUG - 2025-02-28 10:46:21 --> Token yang dicari: d80ce5967d384a489b441a9dbe867535906938e03f996c2b7cb2cf0f95ee40c4
DEBUG - 2025-02-28 10:46:21 --> Hasil pencarian: {"id":"1","user_id":null,"npm":"1184097","nama":"Dika Dwi","email":"","password":"$2y$10$c769FHZxNhYZr.9SGsJCIOOXoyE2gLItzkS43DBWoVzVsPh46wYdm","point":"2001","gaya_belajar":"Kinestetik","created_at":"2024-12-13 02:29:49","updated_at":"2025-02-28 10:41:46","deleted_at":null,"token":"d80ce5967d384a489b441a9dbe867535906938e03f996c2b7cb2cf0f95ee40c4","last_login":"2025-02-24 10:49:22"}
INFO - 2025-02-28 10:46:21 --> Session: Class initialized using 'CodeIgniter\Session\Handlers\FileHandler' driver.
DEBUG - 2025-02-28 10:46:21 --> Session token: d80ce5967d384a489b441a9dbe867535906938e03f996c2b7cb2cf0f95ee40c4
DEBUG - 2025-02-28 10:46:21 --> Raw Authorization header: Bearer d80ce5967d384a489b441a9dbe867535906938e03f996c2b7cb2cf0f95ee40c4
DEBUG - 2025-02-28 10:46:21 --> Token dari header: d80ce5967d384a489b441a9dbe867535906938e03f996c2b7cb2cf0f95ee40c4
DEBUG - 2025-02-28 10:46:21 --> SQL: SELECT *
FROM `mahasiswa`
WHERE `token` = 'd80ce5967d384a489b441a9dbe867535906938e03f996c2b7cb2cf0f95ee40c4'
 LIMIT 1
DEBUG - 2025-02-28 10:46:21 --> Token yang dicari: d80ce5967d384a489b441a9dbe867535906938e03f996c2b7cb2cf0f95ee40c4
DEBUG - 2025-02-28 10:46:21 --> Hasil pencarian: {"id":"1","user_id":null,"npm":"1184097","nama":"Dika Dwi","email":"","password":"$2y$10$c769FHZxNhYZr.9SGsJCIOOXoyE2gLItzkS43DBWoVzVsPh46wYdm","point":"2001","gaya_belajar":"Kinestetik","created_at":"2024-12-13 02:29:49","updated_at":"2025-02-28 10:41:46","deleted_at":null,"token":"d80ce5967d384a489b441a9dbe867535906938e03f996c2b7cb2cf0f95ee40c4","last_login":"2025-02-24 10:49:22"}
INFO - 2025-02-28 10:46:21 --> Session: Class initialized using 'CodeIgniter\Session\Handlers\FileHandler' driver.
DEBUG - 2025-02-28 10:46:21 --> Session token: d80ce5967d384a489b441a9dbe867535906938e03f996c2b7cb2cf0f95ee40c4
DEBUG - 2025-02-28 10:46:21 --> Raw Authorization header: Bearer d80ce5967d384a489b441a9dbe867535906938e03f996c2b7cb2cf0f95ee40c4
DEBUG - 2025-02-28 10:46:21 --> Token dari header: d80ce5967d384a489b441a9dbe867535906938e03f996c2b7cb2cf0f95ee40c4
DEBUG - 2025-02-28 10:46:21 --> SQL: SELECT *
FROM `mahasiswa`
WHERE `token` = 'd80ce5967d384a489b441a9dbe867535906938e03f996c2b7cb2cf0f95ee40c4'
 LIMIT 1
DEBUG - 2025-02-28 10:46:21 --> Token yang dicari: d80ce5967d384a489b441a9dbe867535906938e03f996c2b7cb2cf0f95ee40c4
DEBUG - 2025-02-28 10:46:21 --> Hasil pencarian: {"id":"1","user_id":null,"npm":"1184097","nama":"Dika Dwi","email":"","password":"$2y$10$c769FHZxNhYZr.9SGsJCIOOXoyE2gLItzkS43DBWoVzVsPh46wYdm","point":"2001","gaya_belajar":"Kinestetik","created_at":"2024-12-13 02:29:49","updated_at":"2025-02-28 10:41:46","deleted_at":null,"token":"d80ce5967d384a489b441a9dbe867535906938e03f996c2b7cb2cf0f95ee40c4","last_login":"2025-02-24 10:49:22"}
INFO - 2025-02-28 10:46:28 --> Session: Class initialized using 'CodeIgniter\Session\Handlers\FileHandler' driver.
INFO - 2025-02-28 10:46:28 --> Session: Class initialized using 'CodeIgniter\Session\Handlers\FileHandler' driver.
INFO - 2025-02-28 10:46:29 --> Session: Class initialized using 'CodeIgniter\Session\Handlers\FileHandler' driver.
DEBUG - 2025-02-28 10:46:29 --> Session token: d80ce5967d384a489b441a9dbe867535906938e03f996c2b7cb2cf0f95ee40c4
DEBUG - 2025-02-28 10:46:29 --> Raw Authorization header: Bearer d80ce5967d384a489b441a9dbe867535906938e03f996c2b7cb2cf0f95ee40c4
DEBUG - 2025-02-28 10:46:29 --> Token dari header: d80ce5967d384a489b441a9dbe867535906938e03f996c2b7cb2cf0f95ee40c4
DEBUG - 2025-02-28 10:46:29 --> SQL: SELECT *
FROM `mahasiswa`
WHERE `token` = 'd80ce5967d384a489b441a9dbe867535906938e03f996c2b7cb2cf0f95ee40c4'
 LIMIT 1
DEBUG - 2025-02-28 10:46:29 --> Token yang dicari: d80ce5967d384a489b441a9dbe867535906938e03f996c2b7cb2cf0f95ee40c4
DEBUG - 2025-02-28 10:46:29 --> Hasil pencarian: {"id":"1","user_id":null,"npm":"1184097","nama":"Dika Dwi","email":"","password":"$2y$10$c769FHZxNhYZr.9SGsJCIOOXoyE2gLItzkS43DBWoVzVsPh46wYdm","point":"2001","gaya_belajar":"Kinestetik","created_at":"2024-12-13 02:29:49","updated_at":"2025-02-28 10:41:46","deleted_at":null,"token":"d80ce5967d384a489b441a9dbe867535906938e03f996c2b7cb2cf0f95ee40c4","last_login":"2025-02-24 10:49:22"}
INFO - 2025-02-28 10:46:29 --> Session: Class initialized using 'CodeIgniter\Session\Handlers\FileHandler' driver.
DEBUG - 2025-02-28 10:46:29 --> Session token: d80ce5967d384a489b441a9dbe867535906938e03f996c2b7cb2cf0f95ee40c4
DEBUG - 2025-02-28 10:46:29 --> Raw Authorization header: Bearer d80ce5967d384a489b441a9dbe867535906938e03f996c2b7cb2cf0f95ee40c4
DEBUG - 2025-02-28 10:46:29 --> Token dari header: d80ce5967d384a489b441a9dbe867535906938e03f996c2b7cb2cf0f95ee40c4
DEBUG - 2025-02-28 10:46:29 --> SQL: SELECT *
FROM `mahasiswa`
WHERE `token` = 'd80ce5967d384a489b441a9dbe867535906938e03f996c2b7cb2cf0f95ee40c4'
 LIMIT 1
DEBUG - 2025-02-28 10:46:29 --> Token yang dicari: d80ce5967d384a489b441a9dbe867535906938e03f996c2b7cb2cf0f95ee40c4
DEBUG - 2025-02-28 10:46:29 --> Hasil pencarian: {"id":"1","user_id":null,"npm":"1184097","nama":"Dika Dwi","email":"","password":"$2y$10$c769FHZxNhYZr.9SGsJCIOOXoyE2gLItzkS43DBWoVzVsPh46wYdm","point":"2001","gaya_belajar":"Kinestetik","created_at":"2024-12-13 02:29:49","updated_at":"2025-02-28 10:41:46","deleted_at":null,"token":"d80ce5967d384a489b441a9dbe867535906938e03f996c2b7cb2cf0f95ee40c4","last_login":"2025-02-24 10:49:22"}
INFO - 2025-02-28 10:46:29 --> Session: Class initialized using 'CodeIgniter\Session\Handlers\FileHandler' driver.
DEBUG - 2025-02-28 10:46:29 --> Session token: d80ce5967d384a489b441a9dbe867535906938e03f996c2b7cb2cf0f95ee40c4
DEBUG - 2025-02-28 10:46:29 --> Raw Authorization header: Bearer d80ce5967d384a489b441a9dbe867535906938e03f996c2b7cb2cf0f95ee40c4
DEBUG - 2025-02-28 10:46:29 --> Token dari header: d80ce5967d384a489b441a9dbe867535906938e03f996c2b7cb2cf0f95ee40c4
DEBUG - 2025-02-28 10:46:29 --> SQL: SELECT *
FROM `mahasiswa`
WHERE `token` = 'd80ce5967d384a489b441a9dbe867535906938e03f996c2b7cb2cf0f95ee40c4'
 LIMIT 1
DEBUG - 2025-02-28 10:46:29 --> Token yang dicari: d80ce5967d384a489b441a9dbe867535906938e03f996c2b7cb2cf0f95ee40c4
DEBUG - 2025-02-28 10:46:29 --> Hasil pencarian: {"id":"1","user_id":null,"npm":"1184097","nama":"Dika Dwi","email":"","password":"$2y$10$c769FHZxNhYZr.9SGsJCIOOXoyE2gLItzkS43DBWoVzVsPh46wYdm","point":"2001","gaya_belajar":"Kinestetik","created_at":"2024-12-13 02:29:49","updated_at":"2025-02-28 10:41:46","deleted_at":null,"token":"d80ce5967d384a489b441a9dbe867535906938e03f996c2b7cb2cf0f95ee40c4","last_login":"2025-02-24 10:49:22"}
INFO - 2025-02-28 10:46:31 --> Session: Class initialized using 'CodeIgniter\Session\Handlers\FileHandler' driver.
INFO - 2025-02-28 10:46:31 --> Session: Class initialized using 'CodeIgniter\Session\Handlers\FileHandler' driver.
INFO - 2025-02-28 10:49:45 --> Session: Class initialized using 'CodeIgniter\Session\Handlers\FileHandler' driver.
INFO - 2025-02-28 10:49:45 --> Session: Class initialized using 'CodeIgniter\Session\Handlers\FileHandler' driver.
INFO - 2025-02-28 10:49:46 --> Session: Class initialized using 'CodeIgniter\Session\Handlers\FileHandler' driver.
DEBUG - 2025-02-28 10:49:46 --> Session token: d80ce5967d384a489b441a9dbe867535906938e03f996c2b7cb2cf0f95ee40c4
DEBUG - 2025-02-28 10:49:46 --> Raw Authorization header: Bearer d80ce5967d384a489b441a9dbe867535906938e03f996c2b7cb2cf0f95ee40c4
DEBUG - 2025-02-28 10:49:46 --> Token dari header: d80ce5967d384a489b441a9dbe867535906938e03f996c2b7cb2cf0f95ee40c4
DEBUG - 2025-02-28 10:49:46 --> SQL: SELECT *
FROM `mahasiswa`
WHERE `token` = 'd80ce5967d384a489b441a9dbe867535906938e03f996c2b7cb2cf0f95ee40c4'
 LIMIT 1
DEBUG - 2025-02-28 10:49:46 --> Token yang dicari: d80ce5967d384a489b441a9dbe867535906938e03f996c2b7cb2cf0f95ee40c4
DEBUG - 2025-02-28 10:49:46 --> Hasil pencarian: {"id":"1","user_id":null,"npm":"1184097","nama":"Dika Dwi","email":"","password":"$2y$10$c769FHZxNhYZr.9SGsJCIOOXoyE2gLItzkS43DBWoVzVsPh46wYdm","point":"2001","gaya_belajar":"Kinestetik","created_at":"2024-12-13 02:29:49","updated_at":"2025-02-28 10:41:46","deleted_at":null,"token":"d80ce5967d384a489b441a9dbe867535906938e03f996c2b7cb2cf0f95ee40c4","last_login":"2025-02-24 10:49:22"}
INFO - 2025-02-28 10:49:46 --> Session: Class initialized using 'CodeIgniter\Session\Handlers\FileHandler' driver.
DEBUG - 2025-02-28 10:49:46 --> Session token: d80ce5967d384a489b441a9dbe867535906938e03f996c2b7cb2cf0f95ee40c4
DEBUG - 2025-02-28 10:49:46 --> Raw Authorization header: Bearer d80ce5967d384a489b441a9dbe867535906938e03f996c2b7cb2cf0f95ee40c4
DEBUG - 2025-02-28 10:49:46 --> Token dari header: d80ce5967d384a489b441a9dbe867535906938e03f996c2b7cb2cf0f95ee40c4
DEBUG - 2025-02-28 10:49:46 --> SQL: SELECT *
FROM `mahasiswa`
WHERE `token` = 'd80ce5967d384a489b441a9dbe867535906938e03f996c2b7cb2cf0f95ee40c4'
 LIMIT 1
DEBUG - 2025-02-28 10:49:46 --> Token yang dicari: d80ce5967d384a489b441a9dbe867535906938e03f996c2b7cb2cf0f95ee40c4
DEBUG - 2025-02-28 10:49:46 --> Hasil pencarian: {"id":"1","user_id":null,"npm":"1184097","nama":"Dika Dwi","email":"","password":"$2y$10$c769FHZxNhYZr.9SGsJCIOOXoyE2gLItzkS43DBWoVzVsPh46wYdm","point":"2001","gaya_belajar":"Kinestetik","created_at":"2024-12-13 02:29:49","updated_at":"2025-02-28 10:41:46","deleted_at":null,"token":"d80ce5967d384a489b441a9dbe867535906938e03f996c2b7cb2cf0f95ee40c4","last_login":"2025-02-24 10:49:22"}
INFO - 2025-02-28 10:49:46 --> Session: Class initialized using 'CodeIgniter\Session\Handlers\FileHandler' driver.
DEBUG - 2025-02-28 10:49:46 --> Session token: d80ce5967d384a489b441a9dbe867535906938e03f996c2b7cb2cf0f95ee40c4
DEBUG - 2025-02-28 10:49:46 --> Raw Authorization header: Bearer d80ce5967d384a489b441a9dbe867535906938e03f996c2b7cb2cf0f95ee40c4
DEBUG - 2025-02-28 10:49:46 --> Token dari header: d80ce5967d384a489b441a9dbe867535906938e03f996c2b7cb2cf0f95ee40c4
DEBUG - 2025-02-28 10:49:46 --> SQL: SELECT *
FROM `mahasiswa`
WHERE `token` = 'd80ce5967d384a489b441a9dbe867535906938e03f996c2b7cb2cf0f95ee40c4'
 LIMIT 1
DEBUG - 2025-02-28 10:49:46 --> Token yang dicari: d80ce5967d384a489b441a9dbe867535906938e03f996c2b7cb2cf0f95ee40c4
DEBUG - 2025-02-28 10:49:46 --> Hasil pencarian: {"id":"1","user_id":null,"npm":"1184097","nama":"Dika Dwi","email":"","password":"$2y$10$c769FHZxNhYZr.9SGsJCIOOXoyE2gLItzkS43DBWoVzVsPh46wYdm","point":"2001","gaya_belajar":"Kinestetik","created_at":"2024-12-13 02:29:49","updated_at":"2025-02-28 10:41:46","deleted_at":null,"token":"d80ce5967d384a489b441a9dbe867535906938e03f996c2b7cb2cf0f95ee40c4","last_login":"2025-02-24 10:49:22"}
INFO - 2025-02-28 10:49:51 --> Session: Class initialized using 'CodeIgniter\Session\Handlers\FileHandler' driver.
INFO - 2025-02-28 10:49:52 --> Session: Class initialized using 'CodeIgniter\Session\Handlers\FileHandler' driver.
INFO - 2025-02-28 10:49:53 --> Session: Class initialized using 'CodeIgniter\Session\Handlers\FileHandler' driver.
DEBUG - 2025-02-28 10:49:53 --> Session token: d80ce5967d384a489b441a9dbe867535906938e03f996c2b7cb2cf0f95ee40c4
DEBUG - 2025-02-28 10:49:53 --> Raw Authorization header: Bearer d80ce5967d384a489b441a9dbe867535906938e03f996c2b7cb2cf0f95ee40c4
DEBUG - 2025-02-28 10:49:53 --> Token dari header: d80ce5967d384a489b441a9dbe867535906938e03f996c2b7cb2cf0f95ee40c4
DEBUG - 2025-02-28 10:49:53 --> SQL: SELECT *
FROM `mahasiswa`
WHERE `token` = 'd80ce5967d384a489b441a9dbe867535906938e03f996c2b7cb2cf0f95ee40c4'
 LIMIT 1
DEBUG - 2025-02-28 10:49:53 --> Token yang dicari: d80ce5967d384a489b441a9dbe867535906938e03f996c2b7cb2cf0f95ee40c4
DEBUG - 2025-02-28 10:49:53 --> Hasil pencarian: {"id":"1","user_id":null,"npm":"1184097","nama":"Dika Dwi","email":"","password":"$2y$10$c769FHZxNhYZr.9SGsJCIOOXoyE2gLItzkS43DBWoVzVsPh46wYdm","point":"2001","gaya_belajar":"Kinestetik","created_at":"2024-12-13 02:29:49","updated_at":"2025-02-28 10:41:46","deleted_at":null,"token":"d80ce5967d384a489b441a9dbe867535906938e03f996c2b7cb2cf0f95ee40c4","last_login":"2025-02-24 10:49:22"}
INFO - 2025-02-28 10:49:53 --> Session: Class initialized using 'CodeIgniter\Session\Handlers\FileHandler' driver.
DEBUG - 2025-02-28 10:49:53 --> Session token: d80ce5967d384a489b441a9dbe867535906938e03f996c2b7cb2cf0f95ee40c4
DEBUG - 2025-02-28 10:49:53 --> Raw Authorization header: Bearer d80ce5967d384a489b441a9dbe867535906938e03f996c2b7cb2cf0f95ee40c4
DEBUG - 2025-02-28 10:49:53 --> Token dari header: d80ce5967d384a489b441a9dbe867535906938e03f996c2b7cb2cf0f95ee40c4
DEBUG - 2025-02-28 10:49:53 --> SQL: SELECT *
FROM `mahasiswa`
WHERE `token` = 'd80ce5967d384a489b441a9dbe867535906938e03f996c2b7cb2cf0f95ee40c4'
 LIMIT 1
DEBUG - 2025-02-28 10:49:53 --> Token yang dicari: d80ce5967d384a489b441a9dbe867535906938e03f996c2b7cb2cf0f95ee40c4
DEBUG - 2025-02-28 10:49:53 --> Hasil pencarian: {"id":"1","user_id":null,"npm":"1184097","nama":"Dika Dwi","email":"","password":"$2y$10$c769FHZxNhYZr.9SGsJCIOOXoyE2gLItzkS43DBWoVzVsPh46wYdm","point":"2001","gaya_belajar":"Kinestetik","created_at":"2024-12-13 02:29:49","updated_at":"2025-02-28 10:41:46","deleted_at":null,"token":"d80ce5967d384a489b441a9dbe867535906938e03f996c2b7cb2cf0f95ee40c4","last_login":"2025-02-24 10:49:22"}
INFO - 2025-02-28 10:49:53 --> Session: Class initialized using 'CodeIgniter\Session\Handlers\FileHandler' driver.
DEBUG - 2025-02-28 10:49:53 --> Session token: d80ce5967d384a489b441a9dbe867535906938e03f996c2b7cb2cf0f95ee40c4
DEBUG - 2025-02-28 10:49:53 --> Raw Authorization header: Bearer d80ce5967d384a489b441a9dbe867535906938e03f996c2b7cb2cf0f95ee40c4
DEBUG - 2025-02-28 10:49:53 --> Token dari header: d80ce5967d384a489b441a9dbe867535906938e03f996c2b7cb2cf0f95ee40c4
DEBUG - 2025-02-28 10:49:53 --> SQL: SELECT *
FROM `mahasiswa`
WHERE `token` = 'd80ce5967d384a489b441a9dbe867535906938e03f996c2b7cb2cf0f95ee40c4'
 LIMIT 1
DEBUG - 2025-02-28 10:49:53 --> Token yang dicari: d80ce5967d384a489b441a9dbe867535906938e03f996c2b7cb2cf0f95ee40c4
DEBUG - 2025-02-28 10:49:53 --> Hasil pencarian: {"id":"1","user_id":null,"npm":"1184097","nama":"Dika Dwi","email":"","password":"$2y$10$c769FHZxNhYZr.9SGsJCIOOXoyE2gLItzkS43DBWoVzVsPh46wYdm","point":"2001","gaya_belajar":"Kinestetik","created_at":"2024-12-13 02:29:49","updated_at":"2025-02-28 10:41:46","deleted_at":null,"token":"d80ce5967d384a489b441a9dbe867535906938e03f996c2b7cb2cf0f95ee40c4","last_login":"2025-02-24 10:49:22"}
INFO - 2025-02-28 10:49:54 --> Session: Class initialized using 'CodeIgniter\Session\Handlers\FileHandler' driver.
INFO - 2025-02-28 10:49:54 --> Session: Class initialized using 'CodeIgniter\Session\Handlers\FileHandler' driver.
INFO - 2025-02-28 10:49:57 --> Session: Class initialized using 'CodeIgniter\Session\Handlers\FileHandler' driver.
INFO - 2025-02-28 10:49:57 --> Session: Class initialized using 'CodeIgniter\Session\Handlers\FileHandler' driver.
INFO - 2025-02-28 10:50:03 --> Session: Class initialized using 'CodeIgniter\Session\Handlers\FileHandler' driver.
INFO - 2025-02-28 10:50:03 --> Session: Class initialized using 'CodeIgniter\Session\Handlers\FileHandler' driver.
INFO - 2025-02-28 10:50:03 --> Session: Class initialized using 'CodeIgniter\Session\Handlers\FileHandler' driver.
INFO - 2025-02-28 10:50:09 --> Session: Class initialized using 'CodeIgniter\Session\Handlers\FileHandler' driver.
INFO - 2025-02-28 10:50:10 --> Session: Class initialized using 'CodeIgniter\Session\Handlers\FileHandler' driver.
INFO - 2025-02-28 10:50:10 --> Session: Class initialized using 'CodeIgniter\Session\Handlers\FileHandler' driver.
DEBUG - 2025-02-28 10:50:10 --> Session token: d80ce5967d384a489b441a9dbe867535906938e03f996c2b7cb2cf0f95ee40c4
DEBUG - 2025-02-28 10:50:10 --> Raw Authorization header: Bearer d80ce5967d384a489b441a9dbe867535906938e03f996c2b7cb2cf0f95ee40c4
DEBUG - 2025-02-28 10:50:10 --> Token dari header: d80ce5967d384a489b441a9dbe867535906938e03f996c2b7cb2cf0f95ee40c4
DEBUG - 2025-02-28 10:50:10 --> SQL: SELECT *
FROM `mahasiswa`
WHERE `token` = 'd80ce5967d384a489b441a9dbe867535906938e03f996c2b7cb2cf0f95ee40c4'
 LIMIT 1
DEBUG - 2025-02-28 10:50:10 --> Token yang dicari: d80ce5967d384a489b441a9dbe867535906938e03f996c2b7cb2cf0f95ee40c4
DEBUG - 2025-02-28 10:50:10 --> Hasil pencarian: {"id":"1","user_id":null,"npm":"1184097","nama":"Dika Dwi","email":"","password":"$2y$10$c769FHZxNhYZr.9SGsJCIOOXoyE2gLItzkS43DBWoVzVsPh46wYdm","point":"1801","gaya_belajar":"Kinestetik","created_at":"2024-12-13 02:29:49","updated_at":"2025-02-28 10:50:03","deleted_at":null,"token":"d80ce5967d384a489b441a9dbe867535906938e03f996c2b7cb2cf0f95ee40c4","last_login":"2025-02-24 10:49:22"}
INFO - 2025-02-28 10:50:10 --> Session: Class initialized using 'CodeIgniter\Session\Handlers\FileHandler' driver.
DEBUG - 2025-02-28 10:50:10 --> Session token: d80ce5967d384a489b441a9dbe867535906938e03f996c2b7cb2cf0f95ee40c4
DEBUG - 2025-02-28 10:50:10 --> Raw Authorization header: Bearer d80ce5967d384a489b441a9dbe867535906938e03f996c2b7cb2cf0f95ee40c4
DEBUG - 2025-02-28 10:50:10 --> Token dari header: d80ce5967d384a489b441a9dbe867535906938e03f996c2b7cb2cf0f95ee40c4
DEBUG - 2025-02-28 10:50:10 --> SQL: SELECT *
FROM `mahasiswa`
WHERE `token` = 'd80ce5967d384a489b441a9dbe867535906938e03f996c2b7cb2cf0f95ee40c4'
 LIMIT 1
DEBUG - 2025-02-28 10:50:10 --> Token yang dicari: d80ce5967d384a489b441a9dbe867535906938e03f996c2b7cb2cf0f95ee40c4
DEBUG - 2025-02-28 10:50:10 --> Hasil pencarian: {"id":"1","user_id":null,"npm":"1184097","nama":"Dika Dwi","email":"","password":"$2y$10$c769FHZxNhYZr.9SGsJCIOOXoyE2gLItzkS43DBWoVzVsPh46wYdm","point":"1801","gaya_belajar":"Kinestetik","created_at":"2024-12-13 02:29:49","updated_at":"2025-02-28 10:50:03","deleted_at":null,"token":"d80ce5967d384a489b441a9dbe867535906938e03f996c2b7cb2cf0f95ee40c4","last_login":"2025-02-24 10:49:22"}
INFO - 2025-02-28 10:50:10 --> Session: Class initialized using 'CodeIgniter\Session\Handlers\FileHandler' driver.
DEBUG - 2025-02-28 10:50:10 --> Session token: d80ce5967d384a489b441a9dbe867535906938e03f996c2b7cb2cf0f95ee40c4
DEBUG - 2025-02-28 10:50:10 --> Raw Authorization header: Bearer d80ce5967d384a489b441a9dbe867535906938e03f996c2b7cb2cf0f95ee40c4
DEBUG - 2025-02-28 10:50:10 --> Token dari header: d80ce5967d384a489b441a9dbe867535906938e03f996c2b7cb2cf0f95ee40c4
DEBUG - 2025-02-28 10:50:10 --> SQL: SELECT *
FROM `mahasiswa`
WHERE `token` = 'd80ce5967d384a489b441a9dbe867535906938e03f996c2b7cb2cf0f95ee40c4'
 LIMIT 1
DEBUG - 2025-02-28 10:50:10 --> Token yang dicari: d80ce5967d384a489b441a9dbe867535906938e03f996c2b7cb2cf0f95ee40c4
DEBUG - 2025-02-28 10:50:10 --> Hasil pencarian: {"id":"1","user_id":null,"npm":"1184097","nama":"Dika Dwi","email":"","password":"$2y$10$c769FHZxNhYZr.9SGsJCIOOXoyE2gLItzkS43DBWoVzVsPh46wYdm","point":"1801","gaya_belajar":"Kinestetik","created_at":"2024-12-13 02:29:49","updated_at":"2025-02-28 10:50:03","deleted_at":null,"token":"d80ce5967d384a489b441a9dbe867535906938e03f996c2b7cb2cf0f95ee40c4","last_login":"2025-02-24 10:49:22"}
INFO - 2025-02-28 10:50:43 --> Session: Class initialized using 'CodeIgniter\Session\Handlers\FileHandler' driver.
INFO - 2025-02-28 10:50:44 --> Session: Class initialized using 'CodeIgniter\Session\Handlers\FileHandler' driver.
INFO - 2025-02-28 10:50:53 --> Session: Class initialized using 'CodeIgniter\Session\Handlers\FileHandler' driver.
INFO - 2025-02-28 10:50:53 --> Session: Class initialized using 'CodeIgniter\Session\Handlers\FileHandler' driver.
INFO - 2025-02-28 10:50:54 --> Session: Class initialized using 'CodeIgniter\Session\Handlers\FileHandler' driver.
INFO - 2025-02-28 10:51:12 --> Session: Class initialized using 'CodeIgniter\Session\Handlers\FileHandler' driver.
INFO - 2025-02-28 10:51:12 --> Session: Class initialized using 'CodeIgniter\Session\Handlers\FileHandler' driver.
INFO - 2025-02-28 10:51:14 --> Session: Class initialized using 'CodeIgniter\Session\Handlers\FileHandler' driver.
INFO - 2025-02-28 10:51:14 --> Session: Class initialized using 'CodeIgniter\Session\Handlers\FileHandler' driver.
INFO - 2025-02-28 10:51:15 --> Session: Class initialized using 'CodeIgniter\Session\Handlers\FileHandler' driver.
DEBUG - 2025-02-28 10:51:15 --> Session token: d80ce5967d384a489b441a9dbe867535906938e03f996c2b7cb2cf0f95ee40c4
DEBUG - 2025-02-28 10:51:15 --> Raw Authorization header: Bearer d80ce5967d384a489b441a9dbe867535906938e03f996c2b7cb2cf0f95ee40c4
DEBUG - 2025-02-28 10:51:15 --> Token dari header: d80ce5967d384a489b441a9dbe867535906938e03f996c2b7cb2cf0f95ee40c4
DEBUG - 2025-02-28 10:51:15 --> SQL: SELECT *
FROM `mahasiswa`
WHERE `token` = 'd80ce5967d384a489b441a9dbe867535906938e03f996c2b7cb2cf0f95ee40c4'
 LIMIT 1
DEBUG - 2025-02-28 10:51:15 --> Token yang dicari: d80ce5967d384a489b441a9dbe867535906938e03f996c2b7cb2cf0f95ee40c4
DEBUG - 2025-02-28 10:51:15 --> Hasil pencarian: {"id":"1","user_id":null,"npm":"1184097","nama":"Dika Dwi","email":"","password":"$2y$10$c769FHZxNhYZr.9SGsJCIOOXoyE2gLItzkS43DBWoVzVsPh46wYdm","point":"1731","gaya_belajar":"Kinestetik","created_at":"2024-12-13 02:29:49","updated_at":"2025-02-28 10:50:53","deleted_at":null,"token":"d80ce5967d384a489b441a9dbe867535906938e03f996c2b7cb2cf0f95ee40c4","last_login":"2025-02-24 10:49:22"}
INFO - 2025-02-28 10:51:15 --> Session: Class initialized using 'CodeIgniter\Session\Handlers\FileHandler' driver.
DEBUG - 2025-02-28 10:51:15 --> Session token: d80ce5967d384a489b441a9dbe867535906938e03f996c2b7cb2cf0f95ee40c4
DEBUG - 2025-02-28 10:51:15 --> Raw Authorization header: Bearer d80ce5967d384a489b441a9dbe867535906938e03f996c2b7cb2cf0f95ee40c4
DEBUG - 2025-02-28 10:51:15 --> Token dari header: d80ce5967d384a489b441a9dbe867535906938e03f996c2b7cb2cf0f95ee40c4
DEBUG - 2025-02-28 10:51:15 --> SQL: SELECT *
FROM `mahasiswa`
WHERE `token` = 'd80ce5967d384a489b441a9dbe867535906938e03f996c2b7cb2cf0f95ee40c4'
 LIMIT 1
DEBUG - 2025-02-28 10:51:15 --> Token yang dicari: d80ce5967d384a489b441a9dbe867535906938e03f996c2b7cb2cf0f95ee40c4
DEBUG - 2025-02-28 10:51:15 --> Hasil pencarian: {"id":"1","user_id":null,"npm":"1184097","nama":"Dika Dwi","email":"","password":"$2y$10$c769FHZxNhYZr.9SGsJCIOOXoyE2gLItzkS43DBWoVzVsPh46wYdm","point":"1731","gaya_belajar":"Kinestetik","created_at":"2024-12-13 02:29:49","updated_at":"2025-02-28 10:50:53","deleted_at":null,"token":"d80ce5967d384a489b441a9dbe867535906938e03f996c2b7cb2cf0f95ee40c4","last_login":"2025-02-24 10:49:22"}
INFO - 2025-02-28 10:51:15 --> Session: Class initialized using 'CodeIgniter\Session\Handlers\FileHandler' driver.
DEBUG - 2025-02-28 10:51:15 --> Session token: d80ce5967d384a489b441a9dbe867535906938e03f996c2b7cb2cf0f95ee40c4
DEBUG - 2025-02-28 10:51:15 --> Raw Authorization header: Bearer d80ce5967d384a489b441a9dbe867535906938e03f996c2b7cb2cf0f95ee40c4
DEBUG - 2025-02-28 10:51:15 --> Token dari header: d80ce5967d384a489b441a9dbe867535906938e03f996c2b7cb2cf0f95ee40c4
DEBUG - 2025-02-28 10:51:15 --> SQL: SELECT *
FROM `mahasiswa`
WHERE `token` = 'd80ce5967d384a489b441a9dbe867535906938e03f996c2b7cb2cf0f95ee40c4'
 LIMIT 1
DEBUG - 2025-02-28 10:51:15 --> Token yang dicari: d80ce5967d384a489b441a9dbe867535906938e03f996c2b7cb2cf0f95ee40c4
DEBUG - 2025-02-28 10:51:15 --> Hasil pencarian: {"id":"1","user_id":null,"npm":"1184097","nama":"Dika Dwi","email":"","password":"$2y$10$c769FHZxNhYZr.9SGsJCIOOXoyE2gLItzkS43DBWoVzVsPh46wYdm","point":"1731","gaya_belajar":"Kinestetik","created_at":"2024-12-13 02:29:49","updated_at":"2025-02-28 10:50:53","deleted_at":null,"token":"d80ce5967d384a489b441a9dbe867535906938e03f996c2b7cb2cf0f95ee40c4","last_login":"2025-02-24 10:49:22"}
INFO - 2025-02-28 10:51:18 --> Session: Class initialized using 'CodeIgniter\Session\Handlers\FileHandler' driver.
INFO - 2025-02-28 10:51:18 --> Session: Class initialized using 'CodeIgniter\Session\Handlers\FileHandler' driver.
INFO - 2025-02-28 10:51:22 --> Session: Class initialized using 'CodeIgniter\Session\Handlers\FileHandler' driver.
INFO - 2025-02-28 10:51:22 --> Session: Class initialized using 'CodeIgniter\Session\Handlers\FileHandler' driver.
INFO - 2025-02-28 10:51:22 --> Session: Class initialized using 'CodeIgniter\Session\Handlers\FileHandler' driver.
INFO - 2025-02-28 10:51:25 --> Session: Class initialized using 'CodeIgniter\Session\Handlers\FileHandler' driver.
INFO - 2025-02-28 10:51:25 --> Session: Class initialized using 'CodeIgniter\Session\Handlers\FileHandler' driver.
INFO - 2025-02-28 10:51:26 --> Session: Class initialized using 'CodeIgniter\Session\Handlers\FileHandler' driver.
DEBUG - 2025-02-28 10:51:26 --> Session token: d80ce5967d384a489b441a9dbe867535906938e03f996c2b7cb2cf0f95ee40c4
DEBUG - 2025-02-28 10:51:26 --> Raw Authorization header: Bearer d80ce5967d384a489b441a9dbe867535906938e03f996c2b7cb2cf0f95ee40c4
DEBUG - 2025-02-28 10:51:26 --> Token dari header: d80ce5967d384a489b441a9dbe867535906938e03f996c2b7cb2cf0f95ee40c4
DEBUG - 2025-02-28 10:51:26 --> SQL: SELECT *
FROM `mahasiswa`
WHERE `token` = 'd80ce5967d384a489b441a9dbe867535906938e03f996c2b7cb2cf0f95ee40c4'
 LIMIT 1
DEBUG - 2025-02-28 10:51:26 --> Token yang dicari: d80ce5967d384a489b441a9dbe867535906938e03f996c2b7cb2cf0f95ee40c4
DEBUG - 2025-02-28 10:51:26 --> Hasil pencarian: {"id":"1","user_id":null,"npm":"1184097","nama":"Dika Dwi","email":"","password":"$2y$10$c769FHZxNhYZr.9SGsJCIOOXoyE2gLItzkS43DBWoVzVsPh46wYdm","point":"1801","gaya_belajar":"Kinestetik","created_at":"2024-12-13 02:29:49","updated_at":"2025-02-28 10:51:22","deleted_at":null,"token":"d80ce5967d384a489b441a9dbe867535906938e03f996c2b7cb2cf0f95ee40c4","last_login":"2025-02-24 10:49:22"}
INFO - 2025-02-28 10:51:26 --> Session: Class initialized using 'CodeIgniter\Session\Handlers\FileHandler' driver.
DEBUG - 2025-02-28 10:51:26 --> Session token: d80ce5967d384a489b441a9dbe867535906938e03f996c2b7cb2cf0f95ee40c4
DEBUG - 2025-02-28 10:51:26 --> Raw Authorization header: Bearer d80ce5967d384a489b441a9dbe867535906938e03f996c2b7cb2cf0f95ee40c4
DEBUG - 2025-02-28 10:51:26 --> Token dari header: d80ce5967d384a489b441a9dbe867535906938e03f996c2b7cb2cf0f95ee40c4
DEBUG - 2025-02-28 10:51:26 --> SQL: SELECT *
FROM `mahasiswa`
WHERE `token` = 'd80ce5967d384a489b441a9dbe867535906938e03f996c2b7cb2cf0f95ee40c4'
 LIMIT 1
DEBUG - 2025-02-28 10:51:26 --> Token yang dicari: d80ce5967d384a489b441a9dbe867535906938e03f996c2b7cb2cf0f95ee40c4
DEBUG - 2025-02-28 10:51:26 --> Hasil pencarian: {"id":"1","user_id":null,"npm":"1184097","nama":"Dika Dwi","email":"","password":"$2y$10$c769FHZxNhYZr.9SGsJCIOOXoyE2gLItzkS43DBWoVzVsPh46wYdm","point":"1801","gaya_belajar":"Kinestetik","created_at":"2024-12-13 02:29:49","updated_at":"2025-02-28 10:51:22","deleted_at":null,"token":"d80ce5967d384a489b441a9dbe867535906938e03f996c2b7cb2cf0f95ee40c4","last_login":"2025-02-24 10:49:22"}
INFO - 2025-02-28 10:51:26 --> Session: Class initialized using 'CodeIgniter\Session\Handlers\FileHandler' driver.
DEBUG - 2025-02-28 10:51:26 --> Session token: d80ce5967d384a489b441a9dbe867535906938e03f996c2b7cb2cf0f95ee40c4
DEBUG - 2025-02-28 10:51:26 --> Raw Authorization header: Bearer d80ce5967d384a489b441a9dbe867535906938e03f996c2b7cb2cf0f95ee40c4
DEBUG - 2025-02-28 10:51:26 --> Token dari header: d80ce5967d384a489b441a9dbe867535906938e03f996c2b7cb2cf0f95ee40c4
DEBUG - 2025-02-28 10:51:26 --> SQL: SELECT *
FROM `mahasiswa`
WHERE `token` = 'd80ce5967d384a489b441a9dbe867535906938e03f996c2b7cb2cf0f95ee40c4'
 LIMIT 1
DEBUG - 2025-02-28 10:51:26 --> Token yang dicari: d80ce5967d384a489b441a9dbe867535906938e03f996c2b7cb2cf0f95ee40c4
DEBUG - 2025-02-28 10:51:26 --> Hasil pencarian: {"id":"1","user_id":null,"npm":"1184097","nama":"Dika Dwi","email":"","password":"$2y$10$c769FHZxNhYZr.9SGsJCIOOXoyE2gLItzkS43DBWoVzVsPh46wYdm","point":"1801","gaya_belajar":"Kinestetik","created_at":"2024-12-13 02:29:49","updated_at":"2025-02-28 10:51:22","deleted_at":null,"token":"d80ce5967d384a489b441a9dbe867535906938e03f996c2b7cb2cf0f95ee40c4","last_login":"2025-02-24 10:49:22"}
INFO - 2025-02-28 10:51:31 --> Session: Class initialized using 'CodeIgniter\Session\Handlers\FileHandler' driver.
INFO - 2025-02-28 10:51:31 --> Session: Class initialized using 'CodeIgniter\Session\Handlers\FileHandler' driver.
INFO - 2025-02-28 10:51:32 --> Session: Class initialized using 'CodeIgniter\Session\Handlers\FileHandler' driver.
INFO - 2025-02-28 10:51:32 --> Session: Class initialized using 'CodeIgniter\Session\Handlers\FileHandler' driver.
DEBUG - 2025-02-28 10:51:32 --> Session token: d80ce5967d384a489b441a9dbe867535906938e03f996c2b7cb2cf0f95ee40c4
DEBUG - 2025-02-28 10:51:32 --> Raw Authorization header: Bearer d80ce5967d384a489b441a9dbe867535906938e03f996c2b7cb2cf0f95ee40c4
DEBUG - 2025-02-28 10:51:32 --> Token dari header: d80ce5967d384a489b441a9dbe867535906938e03f996c2b7cb2cf0f95ee40c4
DEBUG - 2025-02-28 10:51:32 --> SQL: SELECT *
FROM `mahasiswa`
WHERE `token` = 'd80ce5967d384a489b441a9dbe867535906938e03f996c2b7cb2cf0f95ee40c4'
 LIMIT 1
DEBUG - 2025-02-28 10:51:32 --> Token yang dicari: d80ce5967d384a489b441a9dbe867535906938e03f996c2b7cb2cf0f95ee40c4
DEBUG - 2025-02-28 10:51:32 --> Hasil pencarian: {"id":"1","user_id":null,"npm":"1184097","nama":"Dika Dwi","email":"","password":"$2y$10$c769FHZxNhYZr.9SGsJCIOOXoyE2gLItzkS43DBWoVzVsPh46wYdm","point":"1601","gaya_belajar":"Kinestetik","created_at":"2024-12-13 02:29:49","updated_at":"2025-02-28 10:51:31","deleted_at":null,"token":"d80ce5967d384a489b441a9dbe867535906938e03f996c2b7cb2cf0f95ee40c4","last_login":"2025-02-24 10:49:22"}
INFO - 2025-02-28 10:51:32 --> Session: Class initialized using 'CodeIgniter\Session\Handlers\FileHandler' driver.
DEBUG - 2025-02-28 10:51:32 --> Session token: d80ce5967d384a489b441a9dbe867535906938e03f996c2b7cb2cf0f95ee40c4
DEBUG - 2025-02-28 10:51:32 --> Raw Authorization header: Bearer d80ce5967d384a489b441a9dbe867535906938e03f996c2b7cb2cf0f95ee40c4
DEBUG - 2025-02-28 10:51:32 --> Token dari header: d80ce5967d384a489b441a9dbe867535906938e03f996c2b7cb2cf0f95ee40c4
DEBUG - 2025-02-28 10:51:32 --> SQL: SELECT *
FROM `mahasiswa`
WHERE `token` = 'd80ce5967d384a489b441a9dbe867535906938e03f996c2b7cb2cf0f95ee40c4'
 LIMIT 1
DEBUG - 2025-02-28 10:51:32 --> Token yang dicari: d80ce5967d384a489b441a9dbe867535906938e03f996c2b7cb2cf0f95ee40c4
DEBUG - 2025-02-28 10:51:32 --> Hasil pencarian: {"id":"1","user_id":null,"npm":"1184097","nama":"Dika Dwi","email":"","password":"$2y$10$c769FHZxNhYZr.9SGsJCIOOXoyE2gLItzkS43DBWoVzVsPh46wYdm","point":"1601","gaya_belajar":"Kinestetik","created_at":"2024-12-13 02:29:49","updated_at":"2025-02-28 10:51:31","deleted_at":null,"token":"d80ce5967d384a489b441a9dbe867535906938e03f996c2b7cb2cf0f95ee40c4","last_login":"2025-02-24 10:49:22"}
INFO - 2025-02-28 10:51:32 --> Session: Class initialized using 'CodeIgniter\Session\Handlers\FileHandler' driver.
DEBUG - 2025-02-28 10:51:32 --> Session token: d80ce5967d384a489b441a9dbe867535906938e03f996c2b7cb2cf0f95ee40c4
DEBUG - 2025-02-28 10:51:32 --> Raw Authorization header: Bearer d80ce5967d384a489b441a9dbe867535906938e03f996c2b7cb2cf0f95ee40c4
DEBUG - 2025-02-28 10:51:32 --> Token dari header: d80ce5967d384a489b441a9dbe867535906938e03f996c2b7cb2cf0f95ee40c4
DEBUG - 2025-02-28 10:51:32 --> SQL: SELECT *
FROM `mahasiswa`
WHERE `token` = 'd80ce5967d384a489b441a9dbe867535906938e03f996c2b7cb2cf0f95ee40c4'
 LIMIT 1
DEBUG - 2025-02-28 10:51:32 --> Token yang dicari: d80ce5967d384a489b441a9dbe867535906938e03f996c2b7cb2cf0f95ee40c4
DEBUG - 2025-02-28 10:51:32 --> Hasil pencarian: {"id":"1","user_id":null,"npm":"1184097","nama":"Dika Dwi","email":"","password":"$2y$10$c769FHZxNhYZr.9SGsJCIOOXoyE2gLItzkS43DBWoVzVsPh46wYdm","point":"1601","gaya_belajar":"Kinestetik","created_at":"2024-12-13 02:29:49","updated_at":"2025-02-28 10:51:31","deleted_at":null,"token":"d80ce5967d384a489b441a9dbe867535906938e03f996c2b7cb2cf0f95ee40c4","last_login":"2025-02-24 10:49:22"}
INFO - 2025-02-28 10:51:38 --> Session: Class initialized using 'CodeIgniter\Session\Handlers\FileHandler' driver.
INFO - 2025-02-28 10:51:38 --> Session: Class initialized using 'CodeIgniter\Session\Handlers\FileHandler' driver.
INFO - 2025-02-28 10:53:02 --> Session: Class initialized using 'CodeIgniter\Session\Handlers\FileHandler' driver.
INFO - 2025-02-28 10:53:02 --> Session: Class initialized using 'CodeIgniter\Session\Handlers\FileHandler' driver.
INFO - 2025-02-28 10:53:03 --> Session: Class initialized using 'CodeIgniter\Session\Handlers\FileHandler' driver.
DEBUG - 2025-02-28 10:53:03 --> Session token: d80ce5967d384a489b441a9dbe867535906938e03f996c2b7cb2cf0f95ee40c4
DEBUG - 2025-02-28 10:53:03 --> Raw Authorization header: Bearer d80ce5967d384a489b441a9dbe867535906938e03f996c2b7cb2cf0f95ee40c4
DEBUG - 2025-02-28 10:53:03 --> Token dari header: d80ce5967d384a489b441a9dbe867535906938e03f996c2b7cb2cf0f95ee40c4
DEBUG - 2025-02-28 10:53:03 --> SQL: SELECT *
FROM `mahasiswa`
WHERE `token` = 'd80ce5967d384a489b441a9dbe867535906938e03f996c2b7cb2cf0f95ee40c4'
 LIMIT 1
DEBUG - 2025-02-28 10:53:03 --> Token yang dicari: d80ce5967d384a489b441a9dbe867535906938e03f996c2b7cb2cf0f95ee40c4
DEBUG - 2025-02-28 10:53:03 --> Hasil pencarian: {"id":"1","user_id":null,"npm":"1184097","nama":"Dika Dwi","email":"","password":"$2y$10$c769FHZxNhYZr.9SGsJCIOOXoyE2gLItzkS43DBWoVzVsPh46wYdm","point":"1601","gaya_belajar":"Kinestetik","created_at":"2024-12-13 02:29:49","updated_at":"2025-02-28 10:51:31","deleted_at":null,"token":"d80ce5967d384a489b441a9dbe867535906938e03f996c2b7cb2cf0f95ee40c4","last_login":"2025-02-24 10:49:22"}
INFO - 2025-02-28 10:53:03 --> Session: Class initialized using 'CodeIgniter\Session\Handlers\FileHandler' driver.
DEBUG - 2025-02-28 10:53:03 --> Session token: d80ce5967d384a489b441a9dbe867535906938e03f996c2b7cb2cf0f95ee40c4
DEBUG - 2025-02-28 10:53:03 --> Raw Authorization header: Bearer d80ce5967d384a489b441a9dbe867535906938e03f996c2b7cb2cf0f95ee40c4
DEBUG - 2025-02-28 10:53:03 --> Token dari header: d80ce5967d384a489b441a9dbe867535906938e03f996c2b7cb2cf0f95ee40c4
DEBUG - 2025-02-28 10:53:03 --> SQL: SELECT *
FROM `mahasiswa`
WHERE `token` = 'd80ce5967d384a489b441a9dbe867535906938e03f996c2b7cb2cf0f95ee40c4'
 LIMIT 1
DEBUG - 2025-02-28 10:53:03 --> Token yang dicari: d80ce5967d384a489b441a9dbe867535906938e03f996c2b7cb2cf0f95ee40c4
DEBUG - 2025-02-28 10:53:03 --> Hasil pencarian: {"id":"1","user_id":null,"npm":"1184097","nama":"Dika Dwi","email":"","password":"$2y$10$c769FHZxNhYZr.9SGsJCIOOXoyE2gLItzkS43DBWoVzVsPh46wYdm","point":"1601","gaya_belajar":"Kinestetik","created_at":"2024-12-13 02:29:49","updated_at":"2025-02-28 10:51:31","deleted_at":null,"token":"d80ce5967d384a489b441a9dbe867535906938e03f996c2b7cb2cf0f95ee40c4","last_login":"2025-02-24 10:49:22"}
INFO - 2025-02-28 10:53:03 --> Session: Class initialized using 'CodeIgniter\Session\Handlers\FileHandler' driver.
DEBUG - 2025-02-28 10:53:03 --> Session token: d80ce5967d384a489b441a9dbe867535906938e03f996c2b7cb2cf0f95ee40c4
DEBUG - 2025-02-28 10:53:03 --> Raw Authorization header: Bearer d80ce5967d384a489b441a9dbe867535906938e03f996c2b7cb2cf0f95ee40c4
DEBUG - 2025-02-28 10:53:03 --> Token dari header: d80ce5967d384a489b441a9dbe867535906938e03f996c2b7cb2cf0f95ee40c4
DEBUG - 2025-02-28 10:53:03 --> SQL: SELECT *
FROM `mahasiswa`
WHERE `token` = 'd80ce5967d384a489b441a9dbe867535906938e03f996c2b7cb2cf0f95ee40c4'
 LIMIT 1
DEBUG - 2025-02-28 10:53:03 --> Token yang dicari: d80ce5967d384a489b441a9dbe867535906938e03f996c2b7cb2cf0f95ee40c4
DEBUG - 2025-02-28 10:53:03 --> Hasil pencarian: {"id":"1","user_id":null,"npm":"1184097","nama":"Dika Dwi","email":"","password":"$2y$10$c769FHZxNhYZr.9SGsJCIOOXoyE2gLItzkS43DBWoVzVsPh46wYdm","point":"1601","gaya_belajar":"Kinestetik","created_at":"2024-12-13 02:29:49","updated_at":"2025-02-28 10:51:31","deleted_at":null,"token":"d80ce5967d384a489b441a9dbe867535906938e03f996c2b7cb2cf0f95ee40c4","last_login":"2025-02-24 10:49:22"}
INFO - 2025-02-28 10:53:07 --> Session: Class initialized using 'CodeIgniter\Session\Handlers\FileHandler' driver.
INFO - 2025-02-28 10:53:07 --> Session: Class initialized using 'CodeIgniter\Session\Handlers\FileHandler' driver.
INFO - 2025-02-28 10:53:10 --> Session: Class initialized using 'CodeIgniter\Session\Handlers\FileHandler' driver.
INFO - 2025-02-28 10:53:10 --> Session: Class initialized using 'CodeIgniter\Session\Handlers\FileHandler' driver.
INFO - 2025-02-28 10:53:10 --> Session: Class initialized using 'CodeIgniter\Session\Handlers\FileHandler' driver.
INFO - 2025-02-28 10:53:12 --> Session: Class initialized using 'CodeIgniter\Session\Handlers\FileHandler' driver.
INFO - 2025-02-28 10:53:13 --> Session: Class initialized using 'CodeIgniter\Session\Handlers\FileHandler' driver.
INFO - 2025-02-28 10:53:13 --> Session: Class initialized using 'CodeIgniter\Session\Handlers\FileHandler' driver.
DEBUG - 2025-02-28 10:53:13 --> Session token: d80ce5967d384a489b441a9dbe867535906938e03f996c2b7cb2cf0f95ee40c4
DEBUG - 2025-02-28 10:53:13 --> Raw Authorization header: Bearer d80ce5967d384a489b441a9dbe867535906938e03f996c2b7cb2cf0f95ee40c4
DEBUG - 2025-02-28 10:53:13 --> Token dari header: d80ce5967d384a489b441a9dbe867535906938e03f996c2b7cb2cf0f95ee40c4
DEBUG - 2025-02-28 10:53:13 --> SQL: SELECT *
FROM `mahasiswa`
WHERE `token` = 'd80ce5967d384a489b441a9dbe867535906938e03f996c2b7cb2cf0f95ee40c4'
 LIMIT 1
DEBUG - 2025-02-28 10:53:13 --> Token yang dicari: d80ce5967d384a489b441a9dbe867535906938e03f996c2b7cb2cf0f95ee40c4
DEBUG - 2025-02-28 10:53:13 --> Hasil pencarian: {"id":"1","user_id":null,"npm":"1184097","nama":"Dika Dwi","email":"","password":"$2y$10$c769FHZxNhYZr.9SGsJCIOOXoyE2gLItzkS43DBWoVzVsPh46wYdm","point":"1801","gaya_belajar":"Kinestetik","created_at":"2024-12-13 02:29:49","updated_at":"2025-02-28 10:53:10","deleted_at":null,"token":"d80ce5967d384a489b441a9dbe867535906938e03f996c2b7cb2cf0f95ee40c4","last_login":"2025-02-24 10:49:22"}
INFO - 2025-02-28 10:53:13 --> Session: Class initialized using 'CodeIgniter\Session\Handlers\FileHandler' driver.
DEBUG - 2025-02-28 10:53:13 --> Session token: d80ce5967d384a489b441a9dbe867535906938e03f996c2b7cb2cf0f95ee40c4
DEBUG - 2025-02-28 10:53:13 --> Raw Authorization header: Bearer d80ce5967d384a489b441a9dbe867535906938e03f996c2b7cb2cf0f95ee40c4
DEBUG - 2025-02-28 10:53:13 --> Token dari header: d80ce5967d384a489b441a9dbe867535906938e03f996c2b7cb2cf0f95ee40c4
DEBUG - 2025-02-28 10:53:13 --> SQL: SELECT *
FROM `mahasiswa`
WHERE `token` = 'd80ce5967d384a489b441a9dbe867535906938e03f996c2b7cb2cf0f95ee40c4'
 LIMIT 1
DEBUG - 2025-02-28 10:53:13 --> Token yang dicari: d80ce5967d384a489b441a9dbe867535906938e03f996c2b7cb2cf0f95ee40c4
DEBUG - 2025-02-28 10:53:13 --> Hasil pencarian: {"id":"1","user_id":null,"npm":"1184097","nama":"Dika Dwi","email":"","password":"$2y$10$c769FHZxNhYZr.9SGsJCIOOXoyE2gLItzkS43DBWoVzVsPh46wYdm","point":"1801","gaya_belajar":"Kinestetik","created_at":"2024-12-13 02:29:49","updated_at":"2025-02-28 10:53:10","deleted_at":null,"token":"d80ce5967d384a489b441a9dbe867535906938e03f996c2b7cb2cf0f95ee40c4","last_login":"2025-02-24 10:49:22"}
INFO - 2025-02-28 10:53:13 --> Session: Class initialized using 'CodeIgniter\Session\Handlers\FileHandler' driver.
DEBUG - 2025-02-28 10:53:13 --> Session token: d80ce5967d384a489b441a9dbe867535906938e03f996c2b7cb2cf0f95ee40c4
DEBUG - 2025-02-28 10:53:13 --> Raw Authorization header: Bearer d80ce5967d384a489b441a9dbe867535906938e03f996c2b7cb2cf0f95ee40c4
DEBUG - 2025-02-28 10:53:13 --> Token dari header: d80ce5967d384a489b441a9dbe867535906938e03f996c2b7cb2cf0f95ee40c4
DEBUG - 2025-02-28 10:53:13 --> SQL: SELECT *
FROM `mahasiswa`
WHERE `token` = 'd80ce5967d384a489b441a9dbe867535906938e03f996c2b7cb2cf0f95ee40c4'
 LIMIT 1
DEBUG - 2025-02-28 10:53:13 --> Token yang dicari: d80ce5967d384a489b441a9dbe867535906938e03f996c2b7cb2cf0f95ee40c4
DEBUG - 2025-02-28 10:53:13 --> Hasil pencarian: {"id":"1","user_id":null,"npm":"1184097","nama":"Dika Dwi","email":"","password":"$2y$10$c769FHZxNhYZr.9SGsJCIOOXoyE2gLItzkS43DBWoVzVsPh46wYdm","point":"1801","gaya_belajar":"Kinestetik","created_at":"2024-12-13 02:29:49","updated_at":"2025-02-28 10:53:10","deleted_at":null,"token":"d80ce5967d384a489b441a9dbe867535906938e03f996c2b7cb2cf0f95ee40c4","last_login":"2025-02-24 10:49:22"}
INFO - 2025-02-28 10:53:17 --> Session: Class initialized using 'CodeIgniter\Session\Handlers\FileHandler' driver.
INFO - 2025-02-28 10:53:18 --> Session: Class initialized using 'CodeIgniter\Session\Handlers\FileHandler' driver.
INFO - 2025-02-28 10:53:25 --> Session: Class initialized using 'CodeIgniter\Session\Handlers\FileHandler' driver.
INFO - 2025-02-28 10:53:25 --> Session: Class initialized using 'CodeIgniter\Session\Handlers\FileHandler' driver.
INFO - 2025-02-28 10:53:26 --> Session: Class initialized using 'CodeIgniter\Session\Handlers\FileHandler' driver.
INFO - 2025-02-28 10:53:55 --> Session: Class initialized using 'CodeIgniter\Session\Handlers\FileHandler' driver.
INFO - 2025-02-28 10:53:56 --> Session: Class initialized using 'CodeIgniter\Session\Handlers\FileHandler' driver.
INFO - 2025-02-28 10:53:59 --> Session: Class initialized using 'CodeIgniter\Session\Handlers\FileHandler' driver.
INFO - 2025-02-28 10:54:00 --> Session: Class initialized using 'CodeIgniter\Session\Handlers\FileHandler' driver.
INFO - 2025-02-28 10:54:00 --> Session: Class initialized using 'CodeIgniter\Session\Handlers\FileHandler' driver.
DEBUG - 2025-02-28 10:54:00 --> Session token: d80ce5967d384a489b441a9dbe867535906938e03f996c2b7cb2cf0f95ee40c4
DEBUG - 2025-02-28 10:54:00 --> Raw Authorization header: Bearer d80ce5967d384a489b441a9dbe867535906938e03f996c2b7cb2cf0f95ee40c4
DEBUG - 2025-02-28 10:54:00 --> Token dari header: d80ce5967d384a489b441a9dbe867535906938e03f996c2b7cb2cf0f95ee40c4
DEBUG - 2025-02-28 10:54:00 --> SQL: SELECT *
FROM `mahasiswa`
WHERE `token` = 'd80ce5967d384a489b441a9dbe867535906938e03f996c2b7cb2cf0f95ee40c4'
 LIMIT 1
DEBUG - 2025-02-28 10:54:00 --> Token yang dicari: d80ce5967d384a489b441a9dbe867535906938e03f996c2b7cb2cf0f95ee40c4
DEBUG - 2025-02-28 10:54:00 --> Hasil pencarian: {"id":"1","user_id":null,"npm":"1184097","nama":"Dika Dwi","email":"","password":"$2y$10$c769FHZxNhYZr.9SGsJCIOOXoyE2gLItzkS43DBWoVzVsPh46wYdm","point":"1751","gaya_belajar":"Kinestetik","created_at":"2024-12-13 02:29:49","updated_at":"2025-02-28 10:53:25","deleted_at":null,"token":"d80ce5967d384a489b441a9dbe867535906938e03f996c2b7cb2cf0f95ee40c4","last_login":"2025-02-24 10:49:22"}
INFO - 2025-02-28 10:54:00 --> Session: Class initialized using 'CodeIgniter\Session\Handlers\FileHandler' driver.
DEBUG - 2025-02-28 10:54:00 --> Session token: d80ce5967d384a489b441a9dbe867535906938e03f996c2b7cb2cf0f95ee40c4
DEBUG - 2025-02-28 10:54:00 --> Raw Authorization header: Bearer d80ce5967d384a489b441a9dbe867535906938e03f996c2b7cb2cf0f95ee40c4
DEBUG - 2025-02-28 10:54:00 --> Token dari header: d80ce5967d384a489b441a9dbe867535906938e03f996c2b7cb2cf0f95ee40c4
DEBUG - 2025-02-28 10:54:00 --> SQL: SELECT *
FROM `mahasiswa`
WHERE `token` = 'd80ce5967d384a489b441a9dbe867535906938e03f996c2b7cb2cf0f95ee40c4'
 LIMIT 1
DEBUG - 2025-02-28 10:54:00 --> Token yang dicari: d80ce5967d384a489b441a9dbe867535906938e03f996c2b7cb2cf0f95ee40c4
DEBUG - 2025-02-28 10:54:00 --> Hasil pencarian: {"id":"1","user_id":null,"npm":"1184097","nama":"Dika Dwi","email":"","password":"$2y$10$c769FHZxNhYZr.9SGsJCIOOXoyE2gLItzkS43DBWoVzVsPh46wYdm","point":"1751","gaya_belajar":"Kinestetik","created_at":"2024-12-13 02:29:49","updated_at":"2025-02-28 10:53:25","deleted_at":null,"token":"d80ce5967d384a489b441a9dbe867535906938e03f996c2b7cb2cf0f95ee40c4","last_login":"2025-02-24 10:49:22"}
INFO - 2025-02-28 10:54:00 --> Session: Class initialized using 'CodeIgniter\Session\Handlers\FileHandler' driver.
DEBUG - 2025-02-28 10:54:00 --> Session token: d80ce5967d384a489b441a9dbe867535906938e03f996c2b7cb2cf0f95ee40c4
DEBUG - 2025-02-28 10:54:00 --> Raw Authorization header: Bearer d80ce5967d384a489b441a9dbe867535906938e03f996c2b7cb2cf0f95ee40c4
DEBUG - 2025-02-28 10:54:00 --> Token dari header: d80ce5967d384a489b441a9dbe867535906938e03f996c2b7cb2cf0f95ee40c4
DEBUG - 2025-02-28 10:54:01 --> SQL: SELECT *
FROM `mahasiswa`
WHERE `token` = 'd80ce5967d384a489b441a9dbe867535906938e03f996c2b7cb2cf0f95ee40c4'
 LIMIT 1
DEBUG - 2025-02-28 10:54:01 --> Token yang dicari: d80ce5967d384a489b441a9dbe867535906938e03f996c2b7cb2cf0f95ee40c4
DEBUG - 2025-02-28 10:54:01 --> Hasil pencarian: {"id":"1","user_id":null,"npm":"1184097","nama":"Dika Dwi","email":"","password":"$2y$10$c769FHZxNhYZr.9SGsJCIOOXoyE2gLItzkS43DBWoVzVsPh46wYdm","point":"1751","gaya_belajar":"Kinestetik","created_at":"2024-12-13 02:29:49","updated_at":"2025-02-28 10:53:25","deleted_at":null,"token":"d80ce5967d384a489b441a9dbe867535906938e03f996c2b7cb2cf0f95ee40c4","last_login":"2025-02-24 10:49:22"}
INFO - 2025-02-28 10:54:02 --> Session: Class initialized using 'CodeIgniter\Session\Handlers\FileHandler' driver.
INFO - 2025-02-28 10:54:02 --> Session: Class initialized using 'CodeIgniter\Session\Handlers\FileHandler' driver.
INFO - 2025-02-28 10:54:05 --> Session: Class initialized using 'CodeIgniter\Session\Handlers\FileHandler' driver.
INFO - 2025-02-28 10:54:05 --> Session: Class initialized using 'CodeIgniter\Session\Handlers\FileHandler' driver.
INFO - 2025-02-28 10:54:06 --> Session: Class initialized using 'CodeIgniter\Session\Handlers\FileHandler' driver.
INFO - 2025-02-28 10:54:10 --> Session: Class initialized using 'CodeIgniter\Session\Handlers\FileHandler' driver.
INFO - 2025-02-28 10:54:11 --> Session: Class initialized using 'CodeIgniter\Session\Handlers\FileHandler' driver.
INFO - 2025-02-28 10:54:11 --> Session: Class initialized using 'CodeIgniter\Session\Handlers\FileHandler' driver.
DEBUG - 2025-02-28 10:54:11 --> Session token: d80ce5967d384a489b441a9dbe867535906938e03f996c2b7cb2cf0f95ee40c4
DEBUG - 2025-02-28 10:54:11 --> Raw Authorization header: Bearer d80ce5967d384a489b441a9dbe867535906938e03f996c2b7cb2cf0f95ee40c4
DEBUG - 2025-02-28 10:54:11 --> Token dari header: d80ce5967d384a489b441a9dbe867535906938e03f996c2b7cb2cf0f95ee40c4
DEBUG - 2025-02-28 10:54:11 --> SQL: SELECT *
FROM `mahasiswa`
WHERE `token` = 'd80ce5967d384a489b441a9dbe867535906938e03f996c2b7cb2cf0f95ee40c4'
 LIMIT 1
DEBUG - 2025-02-28 10:54:11 --> Token yang dicari: d80ce5967d384a489b441a9dbe867535906938e03f996c2b7cb2cf0f95ee40c4
DEBUG - 2025-02-28 10:54:11 --> Hasil pencarian: {"id":"1","user_id":null,"npm":"1184097","nama":"Dika Dwi","email":"","password":"$2y$10$c769FHZxNhYZr.9SGsJCIOOXoyE2gLItzkS43DBWoVzVsPh46wYdm","point":"1751","gaya_belajar":"Kinestetik","created_at":"2024-12-13 02:29:49","updated_at":"2025-02-28 10:53:25","deleted_at":null,"token":"d80ce5967d384a489b441a9dbe867535906938e03f996c2b7cb2cf0f95ee40c4","last_login":"2025-02-24 10:49:22"}
INFO - 2025-02-28 10:54:11 --> Session: Class initialized using 'CodeIgniter\Session\Handlers\FileHandler' driver.
DEBUG - 2025-02-28 10:54:11 --> Session token: d80ce5967d384a489b441a9dbe867535906938e03f996c2b7cb2cf0f95ee40c4
DEBUG - 2025-02-28 10:54:11 --> Raw Authorization header: Bearer d80ce5967d384a489b441a9dbe867535906938e03f996c2b7cb2cf0f95ee40c4
DEBUG - 2025-02-28 10:54:11 --> Token dari header: d80ce5967d384a489b441a9dbe867535906938e03f996c2b7cb2cf0f95ee40c4
DEBUG - 2025-02-28 10:54:11 --> SQL: SELECT *
FROM `mahasiswa`
WHERE `token` = 'd80ce5967d384a489b441a9dbe867535906938e03f996c2b7cb2cf0f95ee40c4'
 LIMIT 1
DEBUG - 2025-02-28 10:54:11 --> Token yang dicari: d80ce5967d384a489b441a9dbe867535906938e03f996c2b7cb2cf0f95ee40c4
DEBUG - 2025-02-28 10:54:11 --> Hasil pencarian: {"id":"1","user_id":null,"npm":"1184097","nama":"Dika Dwi","email":"","password":"$2y$10$c769FHZxNhYZr.9SGsJCIOOXoyE2gLItzkS43DBWoVzVsPh46wYdm","point":"1751","gaya_belajar":"Kinestetik","created_at":"2024-12-13 02:29:49","updated_at":"2025-02-28 10:53:25","deleted_at":null,"token":"d80ce5967d384a489b441a9dbe867535906938e03f996c2b7cb2cf0f95ee40c4","last_login":"2025-02-24 10:49:22"}
INFO - 2025-02-28 10:54:11 --> Session: Class initialized using 'CodeIgniter\Session\Handlers\FileHandler' driver.
DEBUG - 2025-02-28 10:54:11 --> Session token: d80ce5967d384a489b441a9dbe867535906938e03f996c2b7cb2cf0f95ee40c4
DEBUG - 2025-02-28 10:54:11 --> Raw Authorization header: Bearer d80ce5967d384a489b441a9dbe867535906938e03f996c2b7cb2cf0f95ee40c4
DEBUG - 2025-02-28 10:54:11 --> Token dari header: d80ce5967d384a489b441a9dbe867535906938e03f996c2b7cb2cf0f95ee40c4
DEBUG - 2025-02-28 10:54:11 --> SQL: SELECT *
FROM `mahasiswa`
WHERE `token` = 'd80ce5967d384a489b441a9dbe867535906938e03f996c2b7cb2cf0f95ee40c4'
 LIMIT 1
DEBUG - 2025-02-28 10:54:11 --> Token yang dicari: d80ce5967d384a489b441a9dbe867535906938e03f996c2b7cb2cf0f95ee40c4
DEBUG - 2025-02-28 10:54:11 --> Hasil pencarian: {"id":"1","user_id":null,"npm":"1184097","nama":"Dika Dwi","email":"","password":"$2y$10$c769FHZxNhYZr.9SGsJCIOOXoyE2gLItzkS43DBWoVzVsPh46wYdm","point":"1751","gaya_belajar":"Kinestetik","created_at":"2024-12-13 02:29:49","updated_at":"2025-02-28 10:53:25","deleted_at":null,"token":"d80ce5967d384a489b441a9dbe867535906938e03f996c2b7cb2cf0f95ee40c4","last_login":"2025-02-24 10:49:22"}
INFO - 2025-02-28 10:54:34 --> Session: Class initialized using 'CodeIgniter\Session\Handlers\FileHandler' driver.
INFO - 2025-02-28 10:54:34 --> Session: Class initialized using 'CodeIgniter\Session\Handlers\FileHandler' driver.
INFO - 2025-02-28 10:54:36 --> Session: Class initialized using 'CodeIgniter\Session\Handlers\FileHandler' driver.
INFO - 2025-02-28 10:54:36 --> Session: Class initialized using 'CodeIgniter\Session\Handlers\FileHandler' driver.
INFO - 2025-02-28 10:55:09 --> Session: Class initialized using 'CodeIgniter\Session\Handlers\FileHandler' driver.
INFO - 2025-02-28 10:55:09 --> Session: Class initialized using 'CodeIgniter\Session\Handlers\FileHandler' driver.
INFO - 2025-02-28 10:55:09 --> Session: Class initialized using 'CodeIgniter\Session\Handlers\FileHandler' driver.
INFO - 2025-02-28 10:55:12 --> Session: Class initialized using 'CodeIgniter\Session\Handlers\FileHandler' driver.
INFO - 2025-02-28 10:55:12 --> Session: Class initialized using 'CodeIgniter\Session\Handlers\FileHandler' driver.
INFO - 2025-02-28 10:55:13 --> Session: Class initialized using 'CodeIgniter\Session\Handlers\FileHandler' driver.
DEBUG - 2025-02-28 10:55:13 --> Session token: d80ce5967d384a489b441a9dbe867535906938e03f996c2b7cb2cf0f95ee40c4
DEBUG - 2025-02-28 10:55:13 --> Raw Authorization header: Bearer d80ce5967d384a489b441a9dbe867535906938e03f996c2b7cb2cf0f95ee40c4
DEBUG - 2025-02-28 10:55:13 --> Token dari header: d80ce5967d384a489b441a9dbe867535906938e03f996c2b7cb2cf0f95ee40c4
DEBUG - 2025-02-28 10:55:13 --> SQL: SELECT *
FROM `mahasiswa`
WHERE `token` = 'd80ce5967d384a489b441a9dbe867535906938e03f996c2b7cb2cf0f95ee40c4'
 LIMIT 1
DEBUG - 2025-02-28 10:55:13 --> Token yang dicari: d80ce5967d384a489b441a9dbe867535906938e03f996c2b7cb2cf0f95ee40c4
DEBUG - 2025-02-28 10:55:13 --> Hasil pencarian: {"id":"1","user_id":null,"npm":"1184097","nama":"Dika Dwi","email":"","password":"$2y$10$c769FHZxNhYZr.9SGsJCIOOXoyE2gLItzkS43DBWoVzVsPh46wYdm","point":"1801","gaya_belajar":"Kinestetik","created_at":"2024-12-13 02:29:49","updated_at":"2025-02-28 10:55:09","deleted_at":null,"token":"d80ce5967d384a489b441a9dbe867535906938e03f996c2b7cb2cf0f95ee40c4","last_login":"2025-02-24 10:49:22"}
INFO - 2025-02-28 10:55:13 --> Session: Class initialized using 'CodeIgniter\Session\Handlers\FileHandler' driver.
DEBUG - 2025-02-28 10:55:13 --> Session token: d80ce5967d384a489b441a9dbe867535906938e03f996c2b7cb2cf0f95ee40c4
DEBUG - 2025-02-28 10:55:13 --> Raw Authorization header: Bearer d80ce5967d384a489b441a9dbe867535906938e03f996c2b7cb2cf0f95ee40c4
DEBUG - 2025-02-28 10:55:13 --> Token dari header: d80ce5967d384a489b441a9dbe867535906938e03f996c2b7cb2cf0f95ee40c4
DEBUG - 2025-02-28 10:55:13 --> SQL: SELECT *
FROM `mahasiswa`
WHERE `token` = 'd80ce5967d384a489b441a9dbe867535906938e03f996c2b7cb2cf0f95ee40c4'
 LIMIT 1
DEBUG - 2025-02-28 10:55:13 --> Token yang dicari: d80ce5967d384a489b441a9dbe867535906938e03f996c2b7cb2cf0f95ee40c4
DEBUG - 2025-02-28 10:55:13 --> Hasil pencarian: {"id":"1","user_id":null,"npm":"1184097","nama":"Dika Dwi","email":"","password":"$2y$10$c769FHZxNhYZr.9SGsJCIOOXoyE2gLItzkS43DBWoVzVsPh46wYdm","point":"1801","gaya_belajar":"Kinestetik","created_at":"2024-12-13 02:29:49","updated_at":"2025-02-28 10:55:09","deleted_at":null,"token":"d80ce5967d384a489b441a9dbe867535906938e03f996c2b7cb2cf0f95ee40c4","last_login":"2025-02-24 10:49:22"}
INFO - 2025-02-28 10:55:13 --> Session: Class initialized using 'CodeIgniter\Session\Handlers\FileHandler' driver.
DEBUG - 2025-02-28 10:55:13 --> Session token: d80ce5967d384a489b441a9dbe867535906938e03f996c2b7cb2cf0f95ee40c4
DEBUG - 2025-02-28 10:55:13 --> Raw Authorization header: Bearer d80ce5967d384a489b441a9dbe867535906938e03f996c2b7cb2cf0f95ee40c4
DEBUG - 2025-02-28 10:55:13 --> Token dari header: d80ce5967d384a489b441a9dbe867535906938e03f996c2b7cb2cf0f95ee40c4
DEBUG - 2025-02-28 10:55:13 --> SQL: SELECT *
FROM `mahasiswa`
WHERE `token` = 'd80ce5967d384a489b441a9dbe867535906938e03f996c2b7cb2cf0f95ee40c4'
 LIMIT 1
DEBUG - 2025-02-28 10:55:13 --> Token yang dicari: d80ce5967d384a489b441a9dbe867535906938e03f996c2b7cb2cf0f95ee40c4
DEBUG - 2025-02-28 10:55:13 --> Hasil pencarian: {"id":"1","user_id":null,"npm":"1184097","nama":"Dika Dwi","email":"","password":"$2y$10$c769FHZxNhYZr.9SGsJCIOOXoyE2gLItzkS43DBWoVzVsPh46wYdm","point":"1801","gaya_belajar":"Kinestetik","created_at":"2024-12-13 02:29:49","updated_at":"2025-02-28 10:55:09","deleted_at":null,"token":"d80ce5967d384a489b441a9dbe867535906938e03f996c2b7cb2cf0f95ee40c4","last_login":"2025-02-24 10:49:22"}
INFO - 2025-02-28 10:55:16 --> Session: Class initialized using 'CodeIgniter\Session\Handlers\FileHandler' driver.
INFO - 2025-02-28 10:55:16 --> Session: Class initialized using 'CodeIgniter\Session\Handlers\FileHandler' driver.
INFO - 2025-02-28 10:55:20 --> Session: Class initialized using 'CodeIgniter\Session\Handlers\FileHandler' driver.
INFO - 2025-02-28 10:55:21 --> Session: Class initialized using 'CodeIgniter\Session\Handlers\FileHandler' driver.
INFO - 2025-02-28 10:55:21 --> Session: Class initialized using 'CodeIgniter\Session\Handlers\FileHandler' driver.
INFO - 2025-02-28 10:55:24 --> Session: Class initialized using 'CodeIgniter\Session\Handlers\FileHandler' driver.
INFO - 2025-02-28 10:55:24 --> Session: Class initialized using 'CodeIgniter\Session\Handlers\FileHandler' driver.
INFO - 2025-02-28 10:55:25 --> Session: Class initialized using 'CodeIgniter\Session\Handlers\FileHandler' driver.
DEBUG - 2025-02-28 10:55:25 --> Session token: d80ce5967d384a489b441a9dbe867535906938e03f996c2b7cb2cf0f95ee40c4
DEBUG - 2025-02-28 10:55:25 --> Raw Authorization header: Bearer d80ce5967d384a489b441a9dbe867535906938e03f996c2b7cb2cf0f95ee40c4
DEBUG - 2025-02-28 10:55:25 --> Token dari header: d80ce5967d384a489b441a9dbe867535906938e03f996c2b7cb2cf0f95ee40c4
DEBUG - 2025-02-28 10:55:25 --> SQL: SELECT *
FROM `mahasiswa`
WHERE `token` = 'd80ce5967d384a489b441a9dbe867535906938e03f996c2b7cb2cf0f95ee40c4'
 LIMIT 1
DEBUG - 2025-02-28 10:55:25 --> Token yang dicari: d80ce5967d384a489b441a9dbe867535906938e03f996c2b7cb2cf0f95ee40c4
DEBUG - 2025-02-28 10:55:25 --> Hasil pencarian: {"id":"1","user_id":null,"npm":"1184097","nama":"Dika Dwi","email":"","password":"$2y$10$c769FHZxNhYZr.9SGsJCIOOXoyE2gLItzkS43DBWoVzVsPh46wYdm","point":"1801","gaya_belajar":"Kinestetik","created_at":"2024-12-13 02:29:49","updated_at":"2025-02-28 10:55:20","deleted_at":null,"token":"d80ce5967d384a489b441a9dbe867535906938e03f996c2b7cb2cf0f95ee40c4","last_login":"2025-02-24 10:49:22"}
INFO - 2025-02-28 10:55:25 --> Session: Class initialized using 'CodeIgniter\Session\Handlers\FileHandler' driver.
DEBUG - 2025-02-28 10:55:25 --> Session token: d80ce5967d384a489b441a9dbe867535906938e03f996c2b7cb2cf0f95ee40c4
DEBUG - 2025-02-28 10:55:25 --> Raw Authorization header: Bearer d80ce5967d384a489b441a9dbe867535906938e03f996c2b7cb2cf0f95ee40c4
DEBUG - 2025-02-28 10:55:25 --> Token dari header: d80ce5967d384a489b441a9dbe867535906938e03f996c2b7cb2cf0f95ee40c4
DEBUG - 2025-02-28 10:55:25 --> SQL: SELECT *
FROM `mahasiswa`
WHERE `token` = 'd80ce5967d384a489b441a9dbe867535906938e03f996c2b7cb2cf0f95ee40c4'
 LIMIT 1
DEBUG - 2025-02-28 10:55:25 --> Token yang dicari: d80ce5967d384a489b441a9dbe867535906938e03f996c2b7cb2cf0f95ee40c4
DEBUG - 2025-02-28 10:55:25 --> Hasil pencarian: {"id":"1","user_id":null,"npm":"1184097","nama":"Dika Dwi","email":"","password":"$2y$10$c769FHZxNhYZr.9SGsJCIOOXoyE2gLItzkS43DBWoVzVsPh46wYdm","point":"1801","gaya_belajar":"Kinestetik","created_at":"2024-12-13 02:29:49","updated_at":"2025-02-28 10:55:20","deleted_at":null,"token":"d80ce5967d384a489b441a9dbe867535906938e03f996c2b7cb2cf0f95ee40c4","last_login":"2025-02-24 10:49:22"}
INFO - 2025-02-28 10:55:25 --> Session: Class initialized using 'CodeIgniter\Session\Handlers\FileHandler' driver.
DEBUG - 2025-02-28 10:55:25 --> Session token: d80ce5967d384a489b441a9dbe867535906938e03f996c2b7cb2cf0f95ee40c4
DEBUG - 2025-02-28 10:55:25 --> Raw Authorization header: Bearer d80ce5967d384a489b441a9dbe867535906938e03f996c2b7cb2cf0f95ee40c4
DEBUG - 2025-02-28 10:55:25 --> Token dari header: d80ce5967d384a489b441a9dbe867535906938e03f996c2b7cb2cf0f95ee40c4
DEBUG - 2025-02-28 10:55:25 --> SQL: SELECT *
FROM `mahasiswa`
WHERE `token` = 'd80ce5967d384a489b441a9dbe867535906938e03f996c2b7cb2cf0f95ee40c4'
 LIMIT 1
DEBUG - 2025-02-28 10:55:25 --> Token yang dicari: d80ce5967d384a489b441a9dbe867535906938e03f996c2b7cb2cf0f95ee40c4
DEBUG - 2025-02-28 10:55:25 --> Hasil pencarian: {"id":"1","user_id":null,"npm":"1184097","nama":"Dika Dwi","email":"","password":"$2y$10$c769FHZxNhYZr.9SGsJCIOOXoyE2gLItzkS43DBWoVzVsPh46wYdm","point":"1801","gaya_belajar":"Kinestetik","created_at":"2024-12-13 02:29:49","updated_at":"2025-02-28 10:55:20","deleted_at":null,"token":"d80ce5967d384a489b441a9dbe867535906938e03f996c2b7cb2cf0f95ee40c4","last_login":"2025-02-24 10:49:22"}
INFO - 2025-02-28 10:56:36 --> Session: Class initialized using 'CodeIgniter\Session\Handlers\FileHandler' driver.
INFO - 2025-02-28 10:56:36 --> Session: Class initialized using 'CodeIgniter\Session\Handlers\FileHandler' driver.
INFO - 2025-02-28 10:56:37 --> Session: Class initialized using 'CodeIgniter\Session\Handlers\FileHandler' driver.
DEBUG - 2025-02-28 10:56:37 --> Session token: d80ce5967d384a489b441a9dbe867535906938e03f996c2b7cb2cf0f95ee40c4
DEBUG - 2025-02-28 10:56:37 --> Raw Authorization header: Bearer d80ce5967d384a489b441a9dbe867535906938e03f996c2b7cb2cf0f95ee40c4
DEBUG - 2025-02-28 10:56:37 --> Token dari header: d80ce5967d384a489b441a9dbe867535906938e03f996c2b7cb2cf0f95ee40c4
DEBUG - 2025-02-28 10:56:37 --> SQL: SELECT *
FROM `mahasiswa`
WHERE `token` = 'd80ce5967d384a489b441a9dbe867535906938e03f996c2b7cb2cf0f95ee40c4'
 LIMIT 1
DEBUG - 2025-02-28 10:56:37 --> Token yang dicari: d80ce5967d384a489b441a9dbe867535906938e03f996c2b7cb2cf0f95ee40c4
DEBUG - 2025-02-28 10:56:37 --> Hasil pencarian: {"id":"1","user_id":null,"npm":"1184097","nama":"Dika Dwi","email":"","password":"$2y$10$c769FHZxNhYZr.9SGsJCIOOXoyE2gLItzkS43DBWoVzVsPh46wYdm","point":"1801","gaya_belajar":"Kinestetik","created_at":"2024-12-13 02:29:49","updated_at":"2025-02-28 10:55:20","deleted_at":null,"token":"d80ce5967d384a489b441a9dbe867535906938e03f996c2b7cb2cf0f95ee40c4","last_login":"2025-02-24 10:49:22"}
INFO - 2025-02-28 10:56:37 --> Session: Class initialized using 'CodeIgniter\Session\Handlers\FileHandler' driver.
DEBUG - 2025-02-28 10:56:37 --> Session token: d80ce5967d384a489b441a9dbe867535906938e03f996c2b7cb2cf0f95ee40c4
DEBUG - 2025-02-28 10:56:37 --> Raw Authorization header: Bearer d80ce5967d384a489b441a9dbe867535906938e03f996c2b7cb2cf0f95ee40c4
DEBUG - 2025-02-28 10:56:37 --> Token dari header: d80ce5967d384a489b441a9dbe867535906938e03f996c2b7cb2cf0f95ee40c4
DEBUG - 2025-02-28 10:56:37 --> SQL: SELECT *
FROM `mahasiswa`
WHERE `token` = 'd80ce5967d384a489b441a9dbe867535906938e03f996c2b7cb2cf0f95ee40c4'
 LIMIT 1
DEBUG - 2025-02-28 10:56:37 --> Token yang dicari: d80ce5967d384a489b441a9dbe867535906938e03f996c2b7cb2cf0f95ee40c4
DEBUG - 2025-02-28 10:56:37 --> Hasil pencarian: {"id":"1","user_id":null,"npm":"1184097","nama":"Dika Dwi","email":"","password":"$2y$10$c769FHZxNhYZr.9SGsJCIOOXoyE2gLItzkS43DBWoVzVsPh46wYdm","point":"1801","gaya_belajar":"Kinestetik","created_at":"2024-12-13 02:29:49","updated_at":"2025-02-28 10:55:20","deleted_at":null,"token":"d80ce5967d384a489b441a9dbe867535906938e03f996c2b7cb2cf0f95ee40c4","last_login":"2025-02-24 10:49:22"}
INFO - 2025-02-28 10:56:37 --> Session: Class initialized using 'CodeIgniter\Session\Handlers\FileHandler' driver.
DEBUG - 2025-02-28 10:56:37 --> Session token: d80ce5967d384a489b441a9dbe867535906938e03f996c2b7cb2cf0f95ee40c4
DEBUG - 2025-02-28 10:56:37 --> Raw Authorization header: Bearer d80ce5967d384a489b441a9dbe867535906938e03f996c2b7cb2cf0f95ee40c4
DEBUG - 2025-02-28 10:56:37 --> Token dari header: d80ce5967d384a489b441a9dbe867535906938e03f996c2b7cb2cf0f95ee40c4
DEBUG - 2025-02-28 10:56:37 --> SQL: SELECT *
FROM `mahasiswa`
WHERE `token` = 'd80ce5967d384a489b441a9dbe867535906938e03f996c2b7cb2cf0f95ee40c4'
 LIMIT 1
DEBUG - 2025-02-28 10:56:37 --> Token yang dicari: d80ce5967d384a489b441a9dbe867535906938e03f996c2b7cb2cf0f95ee40c4
DEBUG - 2025-02-28 10:56:37 --> Hasil pencarian: {"id":"1","user_id":null,"npm":"1184097","nama":"Dika Dwi","email":"","password":"$2y$10$c769FHZxNhYZr.9SGsJCIOOXoyE2gLItzkS43DBWoVzVsPh46wYdm","point":"1801","gaya_belajar":"Kinestetik","created_at":"2024-12-13 02:29:49","updated_at":"2025-02-28 10:55:20","deleted_at":null,"token":"d80ce5967d384a489b441a9dbe867535906938e03f996c2b7cb2cf0f95ee40c4","last_login":"2025-02-24 10:49:22"}
INFO - 2025-02-28 10:56:38 --> Session: Class initialized using 'CodeIgniter\Session\Handlers\FileHandler' driver.
INFO - 2025-02-28 10:56:38 --> Session: Class initialized using 'CodeIgniter\Session\Handlers\FileHandler' driver.
INFO - 2025-02-28 10:56:48 --> Session: Class initialized using 'CodeIgniter\Session\Handlers\FileHandler' driver.
INFO - 2025-02-28 10:56:48 --> Session: Class initialized using 'CodeIgniter\Session\Handlers\FileHandler' driver.
INFO - 2025-02-28 10:56:50 --> Session: Class initialized using 'CodeIgniter\Session\Handlers\FileHandler' driver.
INFO - 2025-02-28 10:56:50 --> Session: Class initialized using 'CodeIgniter\Session\Handlers\FileHandler' driver.
INFO - 2025-02-28 10:56:51 --> Session: Class initialized using 'CodeIgniter\Session\Handlers\FileHandler' driver.
DEBUG - 2025-02-28 10:56:51 --> Session token: d80ce5967d384a489b441a9dbe867535906938e03f996c2b7cb2cf0f95ee40c4
DEBUG - 2025-02-28 10:56:51 --> Raw Authorization header: Bearer d80ce5967d384a489b441a9dbe867535906938e03f996c2b7cb2cf0f95ee40c4
DEBUG - 2025-02-28 10:56:51 --> Token dari header: d80ce5967d384a489b441a9dbe867535906938e03f996c2b7cb2cf0f95ee40c4
DEBUG - 2025-02-28 10:56:51 --> SQL: SELECT *
FROM `mahasiswa`
WHERE `token` = 'd80ce5967d384a489b441a9dbe867535906938e03f996c2b7cb2cf0f95ee40c4'
 LIMIT 1
DEBUG - 2025-02-28 10:56:51 --> Token yang dicari: d80ce5967d384a489b441a9dbe867535906938e03f996c2b7cb2cf0f95ee40c4
DEBUG - 2025-02-28 10:56:51 --> Hasil pencarian: {"id":"1","user_id":null,"npm":"1184097","nama":"Dika Dwi","email":"","password":"$2y$10$c769FHZxNhYZr.9SGsJCIOOXoyE2gLItzkS43DBWoVzVsPh46wYdm","point":"1801","gaya_belajar":"Kinestetik","created_at":"2024-12-13 02:29:49","updated_at":"2025-02-28 10:55:20","deleted_at":null,"token":"d80ce5967d384a489b441a9dbe867535906938e03f996c2b7cb2cf0f95ee40c4","last_login":"2025-02-24 10:49:22"}
INFO - 2025-02-28 10:56:51 --> Session: Class initialized using 'CodeIgniter\Session\Handlers\FileHandler' driver.
DEBUG - 2025-02-28 10:56:51 --> Session token: d80ce5967d384a489b441a9dbe867535906938e03f996c2b7cb2cf0f95ee40c4
DEBUG - 2025-02-28 10:56:51 --> Raw Authorization header: Bearer d80ce5967d384a489b441a9dbe867535906938e03f996c2b7cb2cf0f95ee40c4
DEBUG - 2025-02-28 10:56:51 --> Token dari header: d80ce5967d384a489b441a9dbe867535906938e03f996c2b7cb2cf0f95ee40c4
DEBUG - 2025-02-28 10:56:51 --> SQL: SELECT *
FROM `mahasiswa`
WHERE `token` = 'd80ce5967d384a489b441a9dbe867535906938e03f996c2b7cb2cf0f95ee40c4'
 LIMIT 1
DEBUG - 2025-02-28 10:56:51 --> Token yang dicari: d80ce5967d384a489b441a9dbe867535906938e03f996c2b7cb2cf0f95ee40c4
DEBUG - 2025-02-28 10:56:51 --> Hasil pencarian: {"id":"1","user_id":null,"npm":"1184097","nama":"Dika Dwi","email":"","password":"$2y$10$c769FHZxNhYZr.9SGsJCIOOXoyE2gLItzkS43DBWoVzVsPh46wYdm","point":"1801","gaya_belajar":"Kinestetik","created_at":"2024-12-13 02:29:49","updated_at":"2025-02-28 10:55:20","deleted_at":null,"token":"d80ce5967d384a489b441a9dbe867535906938e03f996c2b7cb2cf0f95ee40c4","last_login":"2025-02-24 10:49:22"}
INFO - 2025-02-28 10:56:51 --> Session: Class initialized using 'CodeIgniter\Session\Handlers\FileHandler' driver.
DEBUG - 2025-02-28 10:56:51 --> Session token: d80ce5967d384a489b441a9dbe867535906938e03f996c2b7cb2cf0f95ee40c4
DEBUG - 2025-02-28 10:56:51 --> Raw Authorization header: Bearer d80ce5967d384a489b441a9dbe867535906938e03f996c2b7cb2cf0f95ee40c4
DEBUG - 2025-02-28 10:56:51 --> Token dari header: d80ce5967d384a489b441a9dbe867535906938e03f996c2b7cb2cf0f95ee40c4
DEBUG - 2025-02-28 10:56:51 --> SQL: SELECT *
FROM `mahasiswa`
WHERE `token` = 'd80ce5967d384a489b441a9dbe867535906938e03f996c2b7cb2cf0f95ee40c4'
 LIMIT 1
DEBUG - 2025-02-28 10:56:51 --> Token yang dicari: d80ce5967d384a489b441a9dbe867535906938e03f996c2b7cb2cf0f95ee40c4
DEBUG - 2025-02-28 10:56:51 --> Hasil pencarian: {"id":"1","user_id":null,"npm":"1184097","nama":"Dika Dwi","email":"","password":"$2y$10$c769FHZxNhYZr.9SGsJCIOOXoyE2gLItzkS43DBWoVzVsPh46wYdm","point":"1801","gaya_belajar":"Kinestetik","created_at":"2024-12-13 02:29:49","updated_at":"2025-02-28 10:55:20","deleted_at":null,"token":"d80ce5967d384a489b441a9dbe867535906938e03f996c2b7cb2cf0f95ee40c4","last_login":"2025-02-24 10:49:22"}
INFO - 2025-02-28 10:56:55 --> Session: Class initialized using 'CodeIgniter\Session\Handlers\FileHandler' driver.
INFO - 2025-02-28 10:56:55 --> Session: Class initialized using 'CodeIgniter\Session\Handlers\FileHandler' driver.
INFO - 2025-02-28 10:56:55 --> Session: Class initialized using 'CodeIgniter\Session\Handlers\FileHandler' driver.
INFO - 2025-02-28 10:56:56 --> Session: Class initialized using 'CodeIgniter\Session\Handlers\FileHandler' driver.
DEBUG - 2025-02-28 10:56:56 --> Session token: d80ce5967d384a489b441a9dbe867535906938e03f996c2b7cb2cf0f95ee40c4
DEBUG - 2025-02-28 10:56:56 --> Raw Authorization header: Bearer d80ce5967d384a489b441a9dbe867535906938e03f996c2b7cb2cf0f95ee40c4
DEBUG - 2025-02-28 10:56:56 --> Token dari header: d80ce5967d384a489b441a9dbe867535906938e03f996c2b7cb2cf0f95ee40c4
DEBUG - 2025-02-28 10:56:56 --> SQL: SELECT *
FROM `mahasiswa`
WHERE `token` = 'd80ce5967d384a489b441a9dbe867535906938e03f996c2b7cb2cf0f95ee40c4'
 LIMIT 1
DEBUG - 2025-02-28 10:56:56 --> Token yang dicari: d80ce5967d384a489b441a9dbe867535906938e03f996c2b7cb2cf0f95ee40c4
DEBUG - 2025-02-28 10:56:56 --> Hasil pencarian: {"id":"1","user_id":null,"npm":"1184097","nama":"Dika Dwi","email":"","password":"$2y$10$c769FHZxNhYZr.9SGsJCIOOXoyE2gLItzkS43DBWoVzVsPh46wYdm","point":"1801","gaya_belajar":"Kinestetik","created_at":"2024-12-13 02:29:49","updated_at":"2025-02-28 10:56:55","deleted_at":null,"token":"d80ce5967d384a489b441a9dbe867535906938e03f996c2b7cb2cf0f95ee40c4","last_login":"2025-02-24 10:49:22"}
INFO - 2025-02-28 10:56:56 --> Session: Class initialized using 'CodeIgniter\Session\Handlers\FileHandler' driver.
DEBUG - 2025-02-28 10:56:56 --> Session token: d80ce5967d384a489b441a9dbe867535906938e03f996c2b7cb2cf0f95ee40c4
DEBUG - 2025-02-28 10:56:56 --> Raw Authorization header: Bearer d80ce5967d384a489b441a9dbe867535906938e03f996c2b7cb2cf0f95ee40c4
DEBUG - 2025-02-28 10:56:56 --> Token dari header: d80ce5967d384a489b441a9dbe867535906938e03f996c2b7cb2cf0f95ee40c4
DEBUG - 2025-02-28 10:56:56 --> SQL: SELECT *
FROM `mahasiswa`
WHERE `token` = 'd80ce5967d384a489b441a9dbe867535906938e03f996c2b7cb2cf0f95ee40c4'
 LIMIT 1
DEBUG - 2025-02-28 10:56:56 --> Token yang dicari: d80ce5967d384a489b441a9dbe867535906938e03f996c2b7cb2cf0f95ee40c4
DEBUG - 2025-02-28 10:56:56 --> Hasil pencarian: {"id":"1","user_id":null,"npm":"1184097","nama":"Dika Dwi","email":"","password":"$2y$10$c769FHZxNhYZr.9SGsJCIOOXoyE2gLItzkS43DBWoVzVsPh46wYdm","point":"1801","gaya_belajar":"Kinestetik","created_at":"2024-12-13 02:29:49","updated_at":"2025-02-28 10:56:55","deleted_at":null,"token":"d80ce5967d384a489b441a9dbe867535906938e03f996c2b7cb2cf0f95ee40c4","last_login":"2025-02-24 10:49:22"}
INFO - 2025-02-28 10:56:56 --> Session: Class initialized using 'CodeIgniter\Session\Handlers\FileHandler' driver.
DEBUG - 2025-02-28 10:56:56 --> Session token: d80ce5967d384a489b441a9dbe867535906938e03f996c2b7cb2cf0f95ee40c4
DEBUG - 2025-02-28 10:56:56 --> Raw Authorization header: Bearer d80ce5967d384a489b441a9dbe867535906938e03f996c2b7cb2cf0f95ee40c4
DEBUG - 2025-02-28 10:56:56 --> Token dari header: d80ce5967d384a489b441a9dbe867535906938e03f996c2b7cb2cf0f95ee40c4
DEBUG - 2025-02-28 10:56:56 --> SQL: SELECT *
FROM `mahasiswa`
WHERE `token` = 'd80ce5967d384a489b441a9dbe867535906938e03f996c2b7cb2cf0f95ee40c4'
 LIMIT 1
DEBUG - 2025-02-28 10:56:56 --> Token yang dicari: d80ce5967d384a489b441a9dbe867535906938e03f996c2b7cb2cf0f95ee40c4
DEBUG - 2025-02-28 10:56:56 --> Hasil pencarian: {"id":"1","user_id":null,"npm":"1184097","nama":"Dika Dwi","email":"","password":"$2y$10$c769FHZxNhYZr.9SGsJCIOOXoyE2gLItzkS43DBWoVzVsPh46wYdm","point":"1801","gaya_belajar":"Kinestetik","created_at":"2024-12-13 02:29:49","updated_at":"2025-02-28 10:56:55","deleted_at":null,"token":"d80ce5967d384a489b441a9dbe867535906938e03f996c2b7cb2cf0f95ee40c4","last_login":"2025-02-24 10:49:22"}
INFO - 2025-02-28 10:56:58 --> Session: Class initialized using 'CodeIgniter\Session\Handlers\FileHandler' driver.
INFO - 2025-02-28 10:56:59 --> Session: Class initialized using 'CodeIgniter\Session\Handlers\FileHandler' driver.
INFO - 2025-02-28 10:56:59 --> Session: Class initialized using 'CodeIgniter\Session\Handlers\FileHandler' driver.
DEBUG - 2025-02-28 10:56:59 --> Session token: d80ce5967d384a489b441a9dbe867535906938e03f996c2b7cb2cf0f95ee40c4
DEBUG - 2025-02-28 10:56:59 --> Raw Authorization header: Bearer d80ce5967d384a489b441a9dbe867535906938e03f996c2b7cb2cf0f95ee40c4
DEBUG - 2025-02-28 10:56:59 --> Token dari header: d80ce5967d384a489b441a9dbe867535906938e03f996c2b7cb2cf0f95ee40c4
DEBUG - 2025-02-28 10:56:59 --> SQL: SELECT *
FROM `mahasiswa`
WHERE `token` = 'd80ce5967d384a489b441a9dbe867535906938e03f996c2b7cb2cf0f95ee40c4'
 LIMIT 1
DEBUG - 2025-02-28 10:56:59 --> Token yang dicari: d80ce5967d384a489b441a9dbe867535906938e03f996c2b7cb2cf0f95ee40c4
DEBUG - 2025-02-28 10:56:59 --> Hasil pencarian: {"id":"1","user_id":null,"npm":"1184097","nama":"Dika Dwi","email":"","password":"$2y$10$c769FHZxNhYZr.9SGsJCIOOXoyE2gLItzkS43DBWoVzVsPh46wYdm","point":"1801","gaya_belajar":"Kinestetik","created_at":"2024-12-13 02:29:49","updated_at":"2025-02-28 10:56:55","deleted_at":null,"token":"d80ce5967d384a489b441a9dbe867535906938e03f996c2b7cb2cf0f95ee40c4","last_login":"2025-02-24 10:49:22"}
INFO - 2025-02-28 10:56:59 --> Session: Class initialized using 'CodeIgniter\Session\Handlers\FileHandler' driver.
DEBUG - 2025-02-28 10:56:59 --> Session token: d80ce5967d384a489b441a9dbe867535906938e03f996c2b7cb2cf0f95ee40c4
DEBUG - 2025-02-28 10:56:59 --> Raw Authorization header: Bearer d80ce5967d384a489b441a9dbe867535906938e03f996c2b7cb2cf0f95ee40c4
DEBUG - 2025-02-28 10:56:59 --> Token dari header: d80ce5967d384a489b441a9dbe867535906938e03f996c2b7cb2cf0f95ee40c4
DEBUG - 2025-02-28 10:56:59 --> SQL: SELECT *
FROM `mahasiswa`
WHERE `token` = 'd80ce5967d384a489b441a9dbe867535906938e03f996c2b7cb2cf0f95ee40c4'
 LIMIT 1
DEBUG - 2025-02-28 10:56:59 --> Token yang dicari: d80ce5967d384a489b441a9dbe867535906938e03f996c2b7cb2cf0f95ee40c4
DEBUG - 2025-02-28 10:56:59 --> Hasil pencarian: {"id":"1","user_id":null,"npm":"1184097","nama":"Dika Dwi","email":"","password":"$2y$10$c769FHZxNhYZr.9SGsJCIOOXoyE2gLItzkS43DBWoVzVsPh46wYdm","point":"1801","gaya_belajar":"Kinestetik","created_at":"2024-12-13 02:29:49","updated_at":"2025-02-28 10:56:55","deleted_at":null,"token":"d80ce5967d384a489b441a9dbe867535906938e03f996c2b7cb2cf0f95ee40c4","last_login":"2025-02-24 10:49:22"}
INFO - 2025-02-28 10:57:00 --> Session: Class initialized using 'CodeIgniter\Session\Handlers\FileHandler' driver.
DEBUG - 2025-02-28 10:57:00 --> Session token: d80ce5967d384a489b441a9dbe867535906938e03f996c2b7cb2cf0f95ee40c4
DEBUG - 2025-02-28 10:57:00 --> Raw Authorization header: Bearer d80ce5967d384a489b441a9dbe867535906938e03f996c2b7cb2cf0f95ee40c4
DEBUG - 2025-02-28 10:57:00 --> Token dari header: d80ce5967d384a489b441a9dbe867535906938e03f996c2b7cb2cf0f95ee40c4
DEBUG - 2025-02-28 10:57:00 --> SQL: SELECT *
FROM `mahasiswa`
WHERE `token` = 'd80ce5967d384a489b441a9dbe867535906938e03f996c2b7cb2cf0f95ee40c4'
 LIMIT 1
DEBUG - 2025-02-28 10:57:00 --> Token yang dicari: d80ce5967d384a489b441a9dbe867535906938e03f996c2b7cb2cf0f95ee40c4
DEBUG - 2025-02-28 10:57:00 --> Hasil pencarian: {"id":"1","user_id":null,"npm":"1184097","nama":"Dika Dwi","email":"","password":"$2y$10$c769FHZxNhYZr.9SGsJCIOOXoyE2gLItzkS43DBWoVzVsPh46wYdm","point":"1801","gaya_belajar":"Kinestetik","created_at":"2024-12-13 02:29:49","updated_at":"2025-02-28 10:56:55","deleted_at":null,"token":"d80ce5967d384a489b441a9dbe867535906938e03f996c2b7cb2cf0f95ee40c4","last_login":"2025-02-24 10:49:22"}
INFO - 2025-02-28 10:57:00 --> Session: Class initialized using 'CodeIgniter\Session\Handlers\FileHandler' driver.
INFO - 2025-02-28 10:57:00 --> Session: Class initialized using 'CodeIgniter\Session\Handlers\FileHandler' driver.
INFO - 2025-02-28 10:57:40 --> Session: Class initialized using 'CodeIgniter\Session\Handlers\FileHandler' driver.
INFO - 2025-02-28 10:57:40 --> Session: Class initialized using 'CodeIgniter\Session\Handlers\FileHandler' driver.
INFO - 2025-02-28 10:57:44 --> Session: Class initialized using 'CodeIgniter\Session\Handlers\FileHandler' driver.
INFO - 2025-02-28 10:57:44 --> Session: Class initialized using 'CodeIgniter\Session\Handlers\FileHandler' driver.
INFO - 2025-02-28 10:57:45 --> Session: Class initialized using 'CodeIgniter\Session\Handlers\FileHandler' driver.
DEBUG - 2025-02-28 10:57:45 --> Session token: d80ce5967d384a489b441a9dbe867535906938e03f996c2b7cb2cf0f95ee40c4
DEBUG - 2025-02-28 10:57:45 --> Raw Authorization header: Bearer d80ce5967d384a489b441a9dbe867535906938e03f996c2b7cb2cf0f95ee40c4
DEBUG - 2025-02-28 10:57:45 --> Token dari header: d80ce5967d384a489b441a9dbe867535906938e03f996c2b7cb2cf0f95ee40c4
DEBUG - 2025-02-28 10:57:45 --> SQL: SELECT *
FROM `mahasiswa`
WHERE `token` = 'd80ce5967d384a489b441a9dbe867535906938e03f996c2b7cb2cf0f95ee40c4'
 LIMIT 1
DEBUG - 2025-02-28 10:57:45 --> Token yang dicari: d80ce5967d384a489b441a9dbe867535906938e03f996c2b7cb2cf0f95ee40c4
DEBUG - 2025-02-28 10:57:45 --> Hasil pencarian: {"id":"1","user_id":null,"npm":"1184097","nama":"Dika Dwi","email":"","password":"$2y$10$c769FHZxNhYZr.9SGsJCIOOXoyE2gLItzkS43DBWoVzVsPh46wYdm","point":"1801","gaya_belajar":"Kinestetik","created_at":"2024-12-13 02:29:49","updated_at":"2025-02-28 10:56:55","deleted_at":null,"token":"d80ce5967d384a489b441a9dbe867535906938e03f996c2b7cb2cf0f95ee40c4","last_login":"2025-02-24 10:49:22"}
INFO - 2025-02-28 10:57:45 --> Session: Class initialized using 'CodeIgniter\Session\Handlers\FileHandler' driver.
DEBUG - 2025-02-28 10:57:45 --> Session token: d80ce5967d384a489b441a9dbe867535906938e03f996c2b7cb2cf0f95ee40c4
DEBUG - 2025-02-28 10:57:45 --> Raw Authorization header: Bearer d80ce5967d384a489b441a9dbe867535906938e03f996c2b7cb2cf0f95ee40c4
DEBUG - 2025-02-28 10:57:45 --> Token dari header: d80ce5967d384a489b441a9dbe867535906938e03f996c2b7cb2cf0f95ee40c4
DEBUG - 2025-02-28 10:57:45 --> SQL: SELECT *
FROM `mahasiswa`
WHERE `token` = 'd80ce5967d384a489b441a9dbe867535906938e03f996c2b7cb2cf0f95ee40c4'
 LIMIT 1
DEBUG - 2025-02-28 10:57:45 --> Token yang dicari: d80ce5967d384a489b441a9dbe867535906938e03f996c2b7cb2cf0f95ee40c4
DEBUG - 2025-02-28 10:57:45 --> Hasil pencarian: {"id":"1","user_id":null,"npm":"1184097","nama":"Dika Dwi","email":"","password":"$2y$10$c769FHZxNhYZr.9SGsJCIOOXoyE2gLItzkS43DBWoVzVsPh46wYdm","point":"1801","gaya_belajar":"Kinestetik","created_at":"2024-12-13 02:29:49","updated_at":"2025-02-28 10:56:55","deleted_at":null,"token":"d80ce5967d384a489b441a9dbe867535906938e03f996c2b7cb2cf0f95ee40c4","last_login":"2025-02-24 10:49:22"}
INFO - 2025-02-28 10:57:45 --> Session: Class initialized using 'CodeIgniter\Session\Handlers\FileHandler' driver.
DEBUG - 2025-02-28 10:57:45 --> Session token: d80ce5967d384a489b441a9dbe867535906938e03f996c2b7cb2cf0f95ee40c4
DEBUG - 2025-02-28 10:57:45 --> Raw Authorization header: Bearer d80ce5967d384a489b441a9dbe867535906938e03f996c2b7cb2cf0f95ee40c4
DEBUG - 2025-02-28 10:57:45 --> Token dari header: d80ce5967d384a489b441a9dbe867535906938e03f996c2b7cb2cf0f95ee40c4
DEBUG - 2025-02-28 10:57:45 --> SQL: SELECT *
FROM `mahasiswa`
WHERE `token` = 'd80ce5967d384a489b441a9dbe867535906938e03f996c2b7cb2cf0f95ee40c4'
 LIMIT 1
DEBUG - 2025-02-28 10:57:45 --> Token yang dicari: d80ce5967d384a489b441a9dbe867535906938e03f996c2b7cb2cf0f95ee40c4
DEBUG - 2025-02-28 10:57:45 --> Hasil pencarian: {"id":"1","user_id":null,"npm":"1184097","nama":"Dika Dwi","email":"","password":"$2y$10$c769FHZxNhYZr.9SGsJCIOOXoyE2gLItzkS43DBWoVzVsPh46wYdm","point":"1801","gaya_belajar":"Kinestetik","created_at":"2024-12-13 02:29:49","updated_at":"2025-02-28 10:56:55","deleted_at":null,"token":"d80ce5967d384a489b441a9dbe867535906938e03f996c2b7cb2cf0f95ee40c4","last_login":"2025-02-24 10:49:22"}
INFO - 2025-02-28 10:57:51 --> Session: Class initialized using 'CodeIgniter\Session\Handlers\FileHandler' driver.
INFO - 2025-02-28 10:57:51 --> Session: Class initialized using 'CodeIgniter\Session\Handlers\FileHandler' driver.
INFO - 2025-02-28 10:57:52 --> Session: Class initialized using 'CodeIgniter\Session\Handlers\FileHandler' driver.
DEBUG - 2025-02-28 10:57:52 --> Session token: d80ce5967d384a489b441a9dbe867535906938e03f996c2b7cb2cf0f95ee40c4
DEBUG - 2025-02-28 10:57:52 --> Raw Authorization header: Bearer d80ce5967d384a489b441a9dbe867535906938e03f996c2b7cb2cf0f95ee40c4
DEBUG - 2025-02-28 10:57:52 --> Token dari header: d80ce5967d384a489b441a9dbe867535906938e03f996c2b7cb2cf0f95ee40c4
DEBUG - 2025-02-28 10:57:52 --> SQL: SELECT *
FROM `mahasiswa`
WHERE `token` = 'd80ce5967d384a489b441a9dbe867535906938e03f996c2b7cb2cf0f95ee40c4'
 LIMIT 1
DEBUG - 2025-02-28 10:57:52 --> Token yang dicari: d80ce5967d384a489b441a9dbe867535906938e03f996c2b7cb2cf0f95ee40c4
DEBUG - 2025-02-28 10:57:52 --> Hasil pencarian: {"id":"1","user_id":null,"npm":"1184097","nama":"Dika Dwi","email":"","password":"$2y$10$c769FHZxNhYZr.9SGsJCIOOXoyE2gLItzkS43DBWoVzVsPh46wYdm","point":"1801","gaya_belajar":"Kinestetik","created_at":"2024-12-13 02:29:49","updated_at":"2025-02-28 10:56:55","deleted_at":null,"token":"d80ce5967d384a489b441a9dbe867535906938e03f996c2b7cb2cf0f95ee40c4","last_login":"2025-02-24 10:49:22"}
INFO - 2025-02-28 10:57:52 --> Session: Class initialized using 'CodeIgniter\Session\Handlers\FileHandler' driver.
DEBUG - 2025-02-28 10:57:52 --> Session token: d80ce5967d384a489b441a9dbe867535906938e03f996c2b7cb2cf0f95ee40c4
DEBUG - 2025-02-28 10:57:52 --> Raw Authorization header: Bearer d80ce5967d384a489b441a9dbe867535906938e03f996c2b7cb2cf0f95ee40c4
DEBUG - 2025-02-28 10:57:52 --> Token dari header: d80ce5967d384a489b441a9dbe867535906938e03f996c2b7cb2cf0f95ee40c4
DEBUG - 2025-02-28 10:57:52 --> SQL: SELECT *
FROM `mahasiswa`
WHERE `token` = 'd80ce5967d384a489b441a9dbe867535906938e03f996c2b7cb2cf0f95ee40c4'
 LIMIT 1
DEBUG - 2025-02-28 10:57:52 --> Token yang dicari: d80ce5967d384a489b441a9dbe867535906938e03f996c2b7cb2cf0f95ee40c4
DEBUG - 2025-02-28 10:57:52 --> Hasil pencarian: {"id":"1","user_id":null,"npm":"1184097","nama":"Dika Dwi","email":"","password":"$2y$10$c769FHZxNhYZr.9SGsJCIOOXoyE2gLItzkS43DBWoVzVsPh46wYdm","point":"1801","gaya_belajar":"Kinestetik","created_at":"2024-12-13 02:29:49","updated_at":"2025-02-28 10:56:55","deleted_at":null,"token":"d80ce5967d384a489b441a9dbe867535906938e03f996c2b7cb2cf0f95ee40c4","last_login":"2025-02-24 10:49:22"}
INFO - 2025-02-28 10:57:52 --> Session: Class initialized using 'CodeIgniter\Session\Handlers\FileHandler' driver.
DEBUG - 2025-02-28 10:57:52 --> Session token: d80ce5967d384a489b441a9dbe867535906938e03f996c2b7cb2cf0f95ee40c4
DEBUG - 2025-02-28 10:57:52 --> Raw Authorization header: Bearer d80ce5967d384a489b441a9dbe867535906938e03f996c2b7cb2cf0f95ee40c4
DEBUG - 2025-02-28 10:57:52 --> Token dari header: d80ce5967d384a489b441a9dbe867535906938e03f996c2b7cb2cf0f95ee40c4
DEBUG - 2025-02-28 10:57:52 --> SQL: SELECT *
FROM `mahasiswa`
WHERE `token` = 'd80ce5967d384a489b441a9dbe867535906938e03f996c2b7cb2cf0f95ee40c4'
 LIMIT 1
DEBUG - 2025-02-28 10:57:52 --> Token yang dicari: d80ce5967d384a489b441a9dbe867535906938e03f996c2b7cb2cf0f95ee40c4
DEBUG - 2025-02-28 10:57:52 --> Hasil pencarian: {"id":"1","user_id":null,"npm":"1184097","nama":"Dika Dwi","email":"","password":"$2y$10$c769FHZxNhYZr.9SGsJCIOOXoyE2gLItzkS43DBWoVzVsPh46wYdm","point":"1801","gaya_belajar":"Kinestetik","created_at":"2024-12-13 02:29:49","updated_at":"2025-02-28 10:56:55","deleted_at":null,"token":"d80ce5967d384a489b441a9dbe867535906938e03f996c2b7cb2cf0f95ee40c4","last_login":"2025-02-24 10:49:22"}
INFO - 2025-02-28 10:57:53 --> Session: Class initialized using 'CodeIgniter\Session\Handlers\FileHandler' driver.
INFO - 2025-02-28 10:57:53 --> Session: Class initialized using 'CodeIgniter\Session\Handlers\FileHandler' driver.
INFO - 2025-02-28 10:58:20 --> Session: Class initialized using 'CodeIgniter\Session\Handlers\FileHandler' driver.
INFO - 2025-02-28 10:58:20 --> Session: Class initialized using 'CodeIgniter\Session\Handlers\FileHandler' driver.
INFO - 2025-02-28 10:58:25 --> Session: Class initialized using 'CodeIgniter\Session\Handlers\FileHandler' driver.
INFO - 2025-02-28 10:58:25 --> Session: Class initialized using 'CodeIgniter\Session\Handlers\FileHandler' driver.
INFO - 2025-02-28 10:58:26 --> Session: Class initialized using 'CodeIgniter\Session\Handlers\FileHandler' driver.
DEBUG - 2025-02-28 10:58:26 --> Session token: d80ce5967d384a489b441a9dbe867535906938e03f996c2b7cb2cf0f95ee40c4
DEBUG - 2025-02-28 10:58:26 --> Raw Authorization header: Bearer d80ce5967d384a489b441a9dbe867535906938e03f996c2b7cb2cf0f95ee40c4
DEBUG - 2025-02-28 10:58:26 --> Token dari header: d80ce5967d384a489b441a9dbe867535906938e03f996c2b7cb2cf0f95ee40c4
DEBUG - 2025-02-28 10:58:26 --> SQL: SELECT *
FROM `mahasiswa`
WHERE `token` = 'd80ce5967d384a489b441a9dbe867535906938e03f996c2b7cb2cf0f95ee40c4'
 LIMIT 1
DEBUG - 2025-02-28 10:58:26 --> Token yang dicari: d80ce5967d384a489b441a9dbe867535906938e03f996c2b7cb2cf0f95ee40c4
DEBUG - 2025-02-28 10:58:26 --> Hasil pencarian: {"id":"1","user_id":null,"npm":"1184097","nama":"Dika Dwi","email":"","password":"$2y$10$c769FHZxNhYZr.9SGsJCIOOXoyE2gLItzkS43DBWoVzVsPh46wYdm","point":"1801","gaya_belajar":"Kinestetik","created_at":"2024-12-13 02:29:49","updated_at":"2025-02-28 10:56:55","deleted_at":null,"token":"d80ce5967d384a489b441a9dbe867535906938e03f996c2b7cb2cf0f95ee40c4","last_login":"2025-02-24 10:49:22"}
INFO - 2025-02-28 10:58:26 --> Session: Class initialized using 'CodeIgniter\Session\Handlers\FileHandler' driver.
DEBUG - 2025-02-28 10:58:26 --> Session token: d80ce5967d384a489b441a9dbe867535906938e03f996c2b7cb2cf0f95ee40c4
DEBUG - 2025-02-28 10:58:26 --> Raw Authorization header: Bearer d80ce5967d384a489b441a9dbe867535906938e03f996c2b7cb2cf0f95ee40c4
DEBUG - 2025-02-28 10:58:26 --> Token dari header: d80ce5967d384a489b441a9dbe867535906938e03f996c2b7cb2cf0f95ee40c4
DEBUG - 2025-02-28 10:58:26 --> SQL: SELECT *
FROM `mahasiswa`
WHERE `token` = 'd80ce5967d384a489b441a9dbe867535906938e03f996c2b7cb2cf0f95ee40c4'
 LIMIT 1
DEBUG - 2025-02-28 10:58:26 --> Token yang dicari: d80ce5967d384a489b441a9dbe867535906938e03f996c2b7cb2cf0f95ee40c4
DEBUG - 2025-02-28 10:58:26 --> Hasil pencarian: {"id":"1","user_id":null,"npm":"1184097","nama":"Dika Dwi","email":"","password":"$2y$10$c769FHZxNhYZr.9SGsJCIOOXoyE2gLItzkS43DBWoVzVsPh46wYdm","point":"1801","gaya_belajar":"Kinestetik","created_at":"2024-12-13 02:29:49","updated_at":"2025-02-28 10:56:55","deleted_at":null,"token":"d80ce5967d384a489b441a9dbe867535906938e03f996c2b7cb2cf0f95ee40c4","last_login":"2025-02-24 10:49:22"}
INFO - 2025-02-28 10:58:26 --> Session: Class initialized using 'CodeIgniter\Session\Handlers\FileHandler' driver.
DEBUG - 2025-02-28 10:58:26 --> Session token: d80ce5967d384a489b441a9dbe867535906938e03f996c2b7cb2cf0f95ee40c4
DEBUG - 2025-02-28 10:58:26 --> Raw Authorization header: Bearer d80ce5967d384a489b441a9dbe867535906938e03f996c2b7cb2cf0f95ee40c4
DEBUG - 2025-02-28 10:58:26 --> Token dari header: d80ce5967d384a489b441a9dbe867535906938e03f996c2b7cb2cf0f95ee40c4
DEBUG - 2025-02-28 10:58:26 --> SQL: SELECT *
FROM `mahasiswa`
WHERE `token` = 'd80ce5967d384a489b441a9dbe867535906938e03f996c2b7cb2cf0f95ee40c4'
 LIMIT 1
DEBUG - 2025-02-28 10:58:26 --> Token yang dicari: d80ce5967d384a489b441a9dbe867535906938e03f996c2b7cb2cf0f95ee40c4
DEBUG - 2025-02-28 10:58:26 --> Hasil pencarian: {"id":"1","user_id":null,"npm":"1184097","nama":"Dika Dwi","email":"","password":"$2y$10$c769FHZxNhYZr.9SGsJCIOOXoyE2gLItzkS43DBWoVzVsPh46wYdm","point":"1801","gaya_belajar":"Kinestetik","created_at":"2024-12-13 02:29:49","updated_at":"2025-02-28 10:56:55","deleted_at":null,"token":"d80ce5967d384a489b441a9dbe867535906938e03f996c2b7cb2cf0f95ee40c4","last_login":"2025-02-24 10:49:22"}
INFO - 2025-02-28 10:58:31 --> Session: Class initialized using 'CodeIgniter\Session\Handlers\FileHandler' driver.
INFO - 2025-02-28 10:58:31 --> Session: Class initialized using 'CodeIgniter\Session\Handlers\FileHandler' driver.
INFO - 2025-02-28 10:58:32 --> Session: Class initialized using 'CodeIgniter\Session\Handlers\FileHandler' driver.
INFO - 2025-02-28 10:58:32 --> Session: Class initialized using 'CodeIgniter\Session\Handlers\FileHandler' driver.
DEBUG - 2025-02-28 10:58:32 --> Session token: d80ce5967d384a489b441a9dbe867535906938e03f996c2b7cb2cf0f95ee40c4
DEBUG - 2025-02-28 10:58:32 --> Raw Authorization header: Bearer d80ce5967d384a489b441a9dbe867535906938e03f996c2b7cb2cf0f95ee40c4
DEBUG - 2025-02-28 10:58:32 --> Token dari header: d80ce5967d384a489b441a9dbe867535906938e03f996c2b7cb2cf0f95ee40c4
DEBUG - 2025-02-28 10:58:32 --> SQL: SELECT *
FROM `mahasiswa`
WHERE `token` = 'd80ce5967d384a489b441a9dbe867535906938e03f996c2b7cb2cf0f95ee40c4'
 LIMIT 1
DEBUG - 2025-02-28 10:58:32 --> Token yang dicari: d80ce5967d384a489b441a9dbe867535906938e03f996c2b7cb2cf0f95ee40c4
DEBUG - 2025-02-28 10:58:32 --> Hasil pencarian: {"id":"1","user_id":null,"npm":"1184097","nama":"Dika Dwi","email":"","password":"$2y$10$c769FHZxNhYZr.9SGsJCIOOXoyE2gLItzkS43DBWoVzVsPh46wYdm","point":"1801","gaya_belajar":"Kinestetik","created_at":"2024-12-13 02:29:49","updated_at":"2025-02-28 10:58:31","deleted_at":null,"token":"d80ce5967d384a489b441a9dbe867535906938e03f996c2b7cb2cf0f95ee40c4","last_login":"2025-02-24 10:49:22"}
INFO - 2025-02-28 10:58:32 --> Session: Class initialized using 'CodeIgniter\Session\Handlers\FileHandler' driver.
DEBUG - 2025-02-28 10:58:32 --> Session token: d80ce5967d384a489b441a9dbe867535906938e03f996c2b7cb2cf0f95ee40c4
DEBUG - 2025-02-28 10:58:32 --> Raw Authorization header: Bearer d80ce5967d384a489b441a9dbe867535906938e03f996c2b7cb2cf0f95ee40c4
DEBUG - 2025-02-28 10:58:32 --> Token dari header: d80ce5967d384a489b441a9dbe867535906938e03f996c2b7cb2cf0f95ee40c4
DEBUG - 2025-02-28 10:58:32 --> SQL: SELECT *
FROM `mahasiswa`
WHERE `token` = 'd80ce5967d384a489b441a9dbe867535906938e03f996c2b7cb2cf0f95ee40c4'
 LIMIT 1
DEBUG - 2025-02-28 10:58:32 --> Token yang dicari: d80ce5967d384a489b441a9dbe867535906938e03f996c2b7cb2cf0f95ee40c4
DEBUG - 2025-02-28 10:58:32 --> Hasil pencarian: {"id":"1","user_id":null,"npm":"1184097","nama":"Dika Dwi","email":"","password":"$2y$10$c769FHZxNhYZr.9SGsJCIOOXoyE2gLItzkS43DBWoVzVsPh46wYdm","point":"1801","gaya_belajar":"Kinestetik","created_at":"2024-12-13 02:29:49","updated_at":"2025-02-28 10:58:31","deleted_at":null,"token":"d80ce5967d384a489b441a9dbe867535906938e03f996c2b7cb2cf0f95ee40c4","last_login":"2025-02-24 10:49:22"}
INFO - 2025-02-28 10:58:32 --> Session: Class initialized using 'CodeIgniter\Session\Handlers\FileHandler' driver.
DEBUG - 2025-02-28 10:58:32 --> Session token: d80ce5967d384a489b441a9dbe867535906938e03f996c2b7cb2cf0f95ee40c4
DEBUG - 2025-02-28 10:58:32 --> Raw Authorization header: Bearer d80ce5967d384a489b441a9dbe867535906938e03f996c2b7cb2cf0f95ee40c4
DEBUG - 2025-02-28 10:58:32 --> Token dari header: d80ce5967d384a489b441a9dbe867535906938e03f996c2b7cb2cf0f95ee40c4
DEBUG - 2025-02-28 10:58:32 --> SQL: SELECT *
FROM `mahasiswa`
WHERE `token` = 'd80ce5967d384a489b441a9dbe867535906938e03f996c2b7cb2cf0f95ee40c4'
 LIMIT 1
DEBUG - 2025-02-28 10:58:32 --> Token yang dicari: d80ce5967d384a489b441a9dbe867535906938e03f996c2b7cb2cf0f95ee40c4
DEBUG - 2025-02-28 10:58:32 --> Hasil pencarian: {"id":"1","user_id":null,"npm":"1184097","nama":"Dika Dwi","email":"","password":"$2y$10$c769FHZxNhYZr.9SGsJCIOOXoyE2gLItzkS43DBWoVzVsPh46wYdm","point":"1801","gaya_belajar":"Kinestetik","created_at":"2024-12-13 02:29:49","updated_at":"2025-02-28 10:58:31","deleted_at":null,"token":"d80ce5967d384a489b441a9dbe867535906938e03f996c2b7cb2cf0f95ee40c4","last_login":"2025-02-24 10:49:22"}
INFO - 2025-02-28 10:58:35 --> Session: Class initialized using 'CodeIgniter\Session\Handlers\FileHandler' driver.
INFO - 2025-02-28 10:58:35 --> Session: Class initialized using 'CodeIgniter\Session\Handlers\FileHandler' driver.
INFO - 2025-02-28 10:58:36 --> Session: Class initialized using 'CodeIgniter\Session\Handlers\FileHandler' driver.
DEBUG - 2025-02-28 10:58:36 --> Session token: d80ce5967d384a489b441a9dbe867535906938e03f996c2b7cb2cf0f95ee40c4
DEBUG - 2025-02-28 10:58:36 --> Raw Authorization header: Bearer d80ce5967d384a489b441a9dbe867535906938e03f996c2b7cb2cf0f95ee40c4
DEBUG - 2025-02-28 10:58:36 --> Token dari header: d80ce5967d384a489b441a9dbe867535906938e03f996c2b7cb2cf0f95ee40c4
DEBUG - 2025-02-28 10:58:36 --> SQL: SELECT *
FROM `mahasiswa`
WHERE `token` = 'd80ce5967d384a489b441a9dbe867535906938e03f996c2b7cb2cf0f95ee40c4'
 LIMIT 1
DEBUG - 2025-02-28 10:58:36 --> Token yang dicari: d80ce5967d384a489b441a9dbe867535906938e03f996c2b7cb2cf0f95ee40c4
DEBUG - 2025-02-28 10:58:36 --> Hasil pencarian: {"id":"1","user_id":null,"npm":"1184097","nama":"Dika Dwi","email":"","password":"$2y$10$c769FHZxNhYZr.9SGsJCIOOXoyE2gLItzkS43DBWoVzVsPh46wYdm","point":"1801","gaya_belajar":"Kinestetik","created_at":"2024-12-13 02:29:49","updated_at":"2025-02-28 10:58:31","deleted_at":null,"token":"d80ce5967d384a489b441a9dbe867535906938e03f996c2b7cb2cf0f95ee40c4","last_login":"2025-02-24 10:49:22"}
INFO - 2025-02-28 10:58:36 --> Session: Class initialized using 'CodeIgniter\Session\Handlers\FileHandler' driver.
DEBUG - 2025-02-28 10:58:36 --> Session token: d80ce5967d384a489b441a9dbe867535906938e03f996c2b7cb2cf0f95ee40c4
DEBUG - 2025-02-28 10:58:36 --> Raw Authorization header: Bearer d80ce5967d384a489b441a9dbe867535906938e03f996c2b7cb2cf0f95ee40c4
DEBUG - 2025-02-28 10:58:36 --> Token dari header: d80ce5967d384a489b441a9dbe867535906938e03f996c2b7cb2cf0f95ee40c4
DEBUG - 2025-02-28 10:58:36 --> SQL: SELECT *
FROM `mahasiswa`
WHERE `token` = 'd80ce5967d384a489b441a9dbe867535906938e03f996c2b7cb2cf0f95ee40c4'
 LIMIT 1
DEBUG - 2025-02-28 10:58:36 --> Token yang dicari: d80ce5967d384a489b441a9dbe867535906938e03f996c2b7cb2cf0f95ee40c4
DEBUG - 2025-02-28 10:58:36 --> Hasil pencarian: {"id":"1","user_id":null,"npm":"1184097","nama":"Dika Dwi","email":"","password":"$2y$10$c769FHZxNhYZr.9SGsJCIOOXoyE2gLItzkS43DBWoVzVsPh46wYdm","point":"1801","gaya_belajar":"Kinestetik","created_at":"2024-12-13 02:29:49","updated_at":"2025-02-28 10:58:31","deleted_at":null,"token":"d80ce5967d384a489b441a9dbe867535906938e03f996c2b7cb2cf0f95ee40c4","last_login":"2025-02-24 10:49:22"}
INFO - 2025-02-28 10:58:36 --> Session: Class initialized using 'CodeIgniter\Session\Handlers\FileHandler' driver.
DEBUG - 2025-02-28 10:58:36 --> Session token: d80ce5967d384a489b441a9dbe867535906938e03f996c2b7cb2cf0f95ee40c4
DEBUG - 2025-02-28 10:58:36 --> Raw Authorization header: Bearer d80ce5967d384a489b441a9dbe867535906938e03f996c2b7cb2cf0f95ee40c4
DEBUG - 2025-02-28 10:58:36 --> Token dari header: d80ce5967d384a489b441a9dbe867535906938e03f996c2b7cb2cf0f95ee40c4
DEBUG - 2025-02-28 10:58:36 --> SQL: SELECT *
FROM `mahasiswa`
WHERE `token` = 'd80ce5967d384a489b441a9dbe867535906938e03f996c2b7cb2cf0f95ee40c4'
 LIMIT 1
DEBUG - 2025-02-28 10:58:36 --> Token yang dicari: d80ce5967d384a489b441a9dbe867535906938e03f996c2b7cb2cf0f95ee40c4
DEBUG - 2025-02-28 10:58:36 --> Hasil pencarian: {"id":"1","user_id":null,"npm":"1184097","nama":"Dika Dwi","email":"","password":"$2y$10$c769FHZxNhYZr.9SGsJCIOOXoyE2gLItzkS43DBWoVzVsPh46wYdm","point":"1801","gaya_belajar":"Kinestetik","created_at":"2024-12-13 02:29:49","updated_at":"2025-02-28 10:58:31","deleted_at":null,"token":"d80ce5967d384a489b441a9dbe867535906938e03f996c2b7cb2cf0f95ee40c4","last_login":"2025-02-24 10:49:22"}
INFO - 2025-02-28 10:58:36 --> Session: Class initialized using 'CodeIgniter\Session\Handlers\FileHandler' driver.
INFO - 2025-02-28 10:58:36 --> Session: Class initialized using 'CodeIgniter\Session\Handlers\FileHandler' driver.
INFO - 2025-02-28 10:58:38 --> Session: Class initialized using 'CodeIgniter\Session\Handlers\FileHandler' driver.
INFO - 2025-02-28 10:58:38 --> Session: Class initialized using 'CodeIgniter\Session\Handlers\FileHandler' driver.
INFO - 2025-02-28 10:59:38 --> Session: Class initialized using 'CodeIgniter\Session\Handlers\FileHandler' driver.
INFO - 2025-02-28 10:59:39 --> Session: Class initialized using 'CodeIgniter\Session\Handlers\FileHandler' driver.
INFO - 2025-02-28 10:59:39 --> Session: Class initialized using 'CodeIgniter\Session\Handlers\FileHandler' driver.
INFO - 2025-02-28 10:59:40 --> Session: Class initialized using 'CodeIgniter\Session\Handlers\FileHandler' driver.
DEBUG - 2025-02-28 10:59:40 --> Session token: d80ce5967d384a489b441a9dbe867535906938e03f996c2b7cb2cf0f95ee40c4
DEBUG - 2025-02-28 10:59:40 --> Raw Authorization header: Bearer d80ce5967d384a489b441a9dbe867535906938e03f996c2b7cb2cf0f95ee40c4
DEBUG - 2025-02-28 10:59:40 --> Token dari header: d80ce5967d384a489b441a9dbe867535906938e03f996c2b7cb2cf0f95ee40c4
DEBUG - 2025-02-28 10:59:40 --> SQL: SELECT *
FROM `mahasiswa`
WHERE `token` = 'd80ce5967d384a489b441a9dbe867535906938e03f996c2b7cb2cf0f95ee40c4'
 LIMIT 1
DEBUG - 2025-02-28 10:59:40 --> Token yang dicari: d80ce5967d384a489b441a9dbe867535906938e03f996c2b7cb2cf0f95ee40c4
DEBUG - 2025-02-28 10:59:40 --> Hasil pencarian: {"id":"1","user_id":null,"npm":"1184097","nama":"Dika Dwi","email":"","password":"$2y$10$c769FHZxNhYZr.9SGsJCIOOXoyE2gLItzkS43DBWoVzVsPh46wYdm","point":"1801","gaya_belajar":"Kinestetik","created_at":"2024-12-13 02:29:49","updated_at":"2025-02-28 10:58:31","deleted_at":null,"token":"d80ce5967d384a489b441a9dbe867535906938e03f996c2b7cb2cf0f95ee40c4","last_login":"2025-02-24 10:49:22"}
INFO - 2025-02-28 10:59:40 --> Session: Class initialized using 'CodeIgniter\Session\Handlers\FileHandler' driver.
DEBUG - 2025-02-28 10:59:40 --> Session token: d80ce5967d384a489b441a9dbe867535906938e03f996c2b7cb2cf0f95ee40c4
DEBUG - 2025-02-28 10:59:40 --> Raw Authorization header: Bearer d80ce5967d384a489b441a9dbe867535906938e03f996c2b7cb2cf0f95ee40c4
DEBUG - 2025-02-28 10:59:40 --> Token dari header: d80ce5967d384a489b441a9dbe867535906938e03f996c2b7cb2cf0f95ee40c4
DEBUG - 2025-02-28 10:59:40 --> SQL: SELECT *
FROM `mahasiswa`
WHERE `token` = 'd80ce5967d384a489b441a9dbe867535906938e03f996c2b7cb2cf0f95ee40c4'
 LIMIT 1
DEBUG - 2025-02-28 10:59:40 --> Token yang dicari: d80ce5967d384a489b441a9dbe867535906938e03f996c2b7cb2cf0f95ee40c4
DEBUG - 2025-02-28 10:59:40 --> Hasil pencarian: {"id":"1","user_id":null,"npm":"1184097","nama":"Dika Dwi","email":"","password":"$2y$10$c769FHZxNhYZr.9SGsJCIOOXoyE2gLItzkS43DBWoVzVsPh46wYdm","point":"1801","gaya_belajar":"Kinestetik","created_at":"2024-12-13 02:29:49","updated_at":"2025-02-28 10:58:31","deleted_at":null,"token":"d80ce5967d384a489b441a9dbe867535906938e03f996c2b7cb2cf0f95ee40c4","last_login":"2025-02-24 10:49:22"}
INFO - 2025-02-28 10:59:40 --> Session: Class initialized using 'CodeIgniter\Session\Handlers\FileHandler' driver.
DEBUG - 2025-02-28 10:59:40 --> Session token: d80ce5967d384a489b441a9dbe867535906938e03f996c2b7cb2cf0f95ee40c4
DEBUG - 2025-02-28 10:59:40 --> Raw Authorization header: Bearer d80ce5967d384a489b441a9dbe867535906938e03f996c2b7cb2cf0f95ee40c4
DEBUG - 2025-02-28 10:59:40 --> Token dari header: d80ce5967d384a489b441a9dbe867535906938e03f996c2b7cb2cf0f95ee40c4
DEBUG - 2025-02-28 10:59:40 --> SQL: SELECT *
FROM `mahasiswa`
WHERE `token` = 'd80ce5967d384a489b441a9dbe867535906938e03f996c2b7cb2cf0f95ee40c4'
 LIMIT 1
DEBUG - 2025-02-28 10:59:40 --> Token yang dicari: d80ce5967d384a489b441a9dbe867535906938e03f996c2b7cb2cf0f95ee40c4
DEBUG - 2025-02-28 10:59:40 --> Hasil pencarian: {"id":"1","user_id":null,"npm":"1184097","nama":"Dika Dwi","email":"","password":"$2y$10$c769FHZxNhYZr.9SGsJCIOOXoyE2gLItzkS43DBWoVzVsPh46wYdm","point":"1801","gaya_belajar":"Kinestetik","created_at":"2024-12-13 02:29:49","updated_at":"2025-02-28 10:58:31","deleted_at":null,"token":"d80ce5967d384a489b441a9dbe867535906938e03f996c2b7cb2cf0f95ee40c4","last_login":"2025-02-24 10:49:22"}
INFO - 2025-02-28 10:59:40 --> Session: Class initialized using 'CodeIgniter\Session\Handlers\FileHandler' driver.
INFO - 2025-02-28 10:59:44 --> Session: Class initialized using 'CodeIgniter\Session\Handlers\FileHandler' driver.
INFO - 2025-02-28 10:59:44 --> Session: Class initialized using 'CodeIgniter\Session\Handlers\FileHandler' driver.
INFO - 2025-02-28 10:59:45 --> Session: Class initialized using 'CodeIgniter\Session\Handlers\FileHandler' driver.
INFO - 2025-02-28 10:59:47 --> Session: Class initialized using 'CodeIgniter\Session\Handlers\FileHandler' driver.
INFO - 2025-02-28 10:59:47 --> Session: Class initialized using 'CodeIgniter\Session\Handlers\FileHandler' driver.
INFO - 2025-02-28 10:59:48 --> Session: Class initialized using 'CodeIgniter\Session\Handlers\FileHandler' driver.
DEBUG - 2025-02-28 10:59:48 --> Session token: d80ce5967d384a489b441a9dbe867535906938e03f996c2b7cb2cf0f95ee40c4
DEBUG - 2025-02-28 10:59:48 --> Raw Authorization header: Bearer d80ce5967d384a489b441a9dbe867535906938e03f996c2b7cb2cf0f95ee40c4
DEBUG - 2025-02-28 10:59:48 --> Token dari header: d80ce5967d384a489b441a9dbe867535906938e03f996c2b7cb2cf0f95ee40c4
DEBUG - 2025-02-28 10:59:48 --> SQL: SELECT *
FROM `mahasiswa`
WHERE `token` = 'd80ce5967d384a489b441a9dbe867535906938e03f996c2b7cb2cf0f95ee40c4'
 LIMIT 1
DEBUG - 2025-02-28 10:59:48 --> Token yang dicari: d80ce5967d384a489b441a9dbe867535906938e03f996c2b7cb2cf0f95ee40c4
DEBUG - 2025-02-28 10:59:48 --> Hasil pencarian: {"id":"1","user_id":null,"npm":"1184097","nama":"Dika Dwi","email":"","password":"$2y$10$c769FHZxNhYZr.9SGsJCIOOXoyE2gLItzkS43DBWoVzVsPh46wYdm","point":"1751","gaya_belajar":"Kinestetik","created_at":"2024-12-13 02:29:49","updated_at":"2025-02-28 10:59:44","deleted_at":null,"token":"d80ce5967d384a489b441a9dbe867535906938e03f996c2b7cb2cf0f95ee40c4","last_login":"2025-02-24 10:49:22"}
INFO - 2025-02-28 10:59:48 --> Session: Class initialized using 'CodeIgniter\Session\Handlers\FileHandler' driver.
DEBUG - 2025-02-28 10:59:48 --> Session token: d80ce5967d384a489b441a9dbe867535906938e03f996c2b7cb2cf0f95ee40c4
DEBUG - 2025-02-28 10:59:48 --> Raw Authorization header: Bearer d80ce5967d384a489b441a9dbe867535906938e03f996c2b7cb2cf0f95ee40c4
DEBUG - 2025-02-28 10:59:48 --> Token dari header: d80ce5967d384a489b441a9dbe867535906938e03f996c2b7cb2cf0f95ee40c4
DEBUG - 2025-02-28 10:59:48 --> SQL: SELECT *
FROM `mahasiswa`
WHERE `token` = 'd80ce5967d384a489b441a9dbe867535906938e03f996c2b7cb2cf0f95ee40c4'
 LIMIT 1
DEBUG - 2025-02-28 10:59:48 --> Token yang dicari: d80ce5967d384a489b441a9dbe867535906938e03f996c2b7cb2cf0f95ee40c4
DEBUG - 2025-02-28 10:59:48 --> Hasil pencarian: {"id":"1","user_id":null,"npm":"1184097","nama":"Dika Dwi","email":"","password":"$2y$10$c769FHZxNhYZr.9SGsJCIOOXoyE2gLItzkS43DBWoVzVsPh46wYdm","point":"1751","gaya_belajar":"Kinestetik","created_at":"2024-12-13 02:29:49","updated_at":"2025-02-28 10:59:44","deleted_at":null,"token":"d80ce5967d384a489b441a9dbe867535906938e03f996c2b7cb2cf0f95ee40c4","last_login":"2025-02-24 10:49:22"}
INFO - 2025-02-28 10:59:48 --> Session: Class initialized using 'CodeIgniter\Session\Handlers\FileHandler' driver.
DEBUG - 2025-02-28 10:59:48 --> Session token: d80ce5967d384a489b441a9dbe867535906938e03f996c2b7cb2cf0f95ee40c4
DEBUG - 2025-02-28 10:59:48 --> Raw Authorization header: Bearer d80ce5967d384a489b441a9dbe867535906938e03f996c2b7cb2cf0f95ee40c4
DEBUG - 2025-02-28 10:59:48 --> Token dari header: d80ce5967d384a489b441a9dbe867535906938e03f996c2b7cb2cf0f95ee40c4
DEBUG - 2025-02-28 10:59:48 --> SQL: SELECT *
FROM `mahasiswa`
WHERE `token` = 'd80ce5967d384a489b441a9dbe867535906938e03f996c2b7cb2cf0f95ee40c4'
 LIMIT 1
DEBUG - 2025-02-28 10:59:48 --> Token yang dicari: d80ce5967d384a489b441a9dbe867535906938e03f996c2b7cb2cf0f95ee40c4
DEBUG - 2025-02-28 10:59:48 --> Hasil pencarian: {"id":"1","user_id":null,"npm":"1184097","nama":"Dika Dwi","email":"","password":"$2y$10$c769FHZxNhYZr.9SGsJCIOOXoyE2gLItzkS43DBWoVzVsPh46wYdm","point":"1751","gaya_belajar":"Kinestetik","created_at":"2024-12-13 02:29:49","updated_at":"2025-02-28 10:59:44","deleted_at":null,"token":"d80ce5967d384a489b441a9dbe867535906938e03f996c2b7cb2cf0f95ee40c4","last_login":"2025-02-24 10:49:22"}
INFO - 2025-02-28 10:59:50 --> Session: Class initialized using 'CodeIgniter\Session\Handlers\FileHandler' driver.
INFO - 2025-02-28 10:59:50 --> Session: Class initialized using 'CodeIgniter\Session\Handlers\FileHandler' driver.
INFO - 2025-02-28 10:59:53 --> Session: Class initialized using 'CodeIgniter\Session\Handlers\FileHandler' driver.
INFO - 2025-02-28 10:59:54 --> Session: Class initialized using 'CodeIgniter\Session\Handlers\FileHandler' driver.
INFO - 2025-02-28 11:00:38 --> Session: Class initialized using 'CodeIgniter\Session\Handlers\FileHandler' driver.
INFO - 2025-02-28 11:00:38 --> Session: Class initialized using 'CodeIgniter\Session\Handlers\FileHandler' driver.
INFO - 2025-02-28 11:00:40 --> Session: Class initialized using 'CodeIgniter\Session\Handlers\FileHandler' driver.
INFO - 2025-02-28 11:00:40 --> Session: Class initialized using 'CodeIgniter\Session\Handlers\FileHandler' driver.
INFO - 2025-02-28 11:00:41 --> Session: Class initialized using 'CodeIgniter\Session\Handlers\FileHandler' driver.
DEBUG - 2025-02-28 11:00:41 --> Session token: d80ce5967d384a489b441a9dbe867535906938e03f996c2b7cb2cf0f95ee40c4
DEBUG - 2025-02-28 11:00:41 --> Raw Authorization header: Bearer d80ce5967d384a489b441a9dbe867535906938e03f996c2b7cb2cf0f95ee40c4
DEBUG - 2025-02-28 11:00:41 --> Token dari header: d80ce5967d384a489b441a9dbe867535906938e03f996c2b7cb2cf0f95ee40c4
DEBUG - 2025-02-28 11:00:41 --> SQL: SELECT *
FROM `mahasiswa`
WHERE `token` = 'd80ce5967d384a489b441a9dbe867535906938e03f996c2b7cb2cf0f95ee40c4'
 LIMIT 1
DEBUG - 2025-02-28 11:00:41 --> Token yang dicari: d80ce5967d384a489b441a9dbe867535906938e03f996c2b7cb2cf0f95ee40c4
DEBUG - 2025-02-28 11:00:41 --> Hasil pencarian: {"id":"1","user_id":null,"npm":"1184097","nama":"Dika Dwi","email":"","password":"$2y$10$c769FHZxNhYZr.9SGsJCIOOXoyE2gLItzkS43DBWoVzVsPh46wYdm","point":"1751","gaya_belajar":"Kinestetik","created_at":"2024-12-13 02:29:49","updated_at":"2025-02-28 10:59:44","deleted_at":null,"token":"d80ce5967d384a489b441a9dbe867535906938e03f996c2b7cb2cf0f95ee40c4","last_login":"2025-02-24 10:49:22"}
INFO - 2025-02-28 11:00:41 --> Session: Class initialized using 'CodeIgniter\Session\Handlers\FileHandler' driver.
DEBUG - 2025-02-28 11:00:41 --> Session token: d80ce5967d384a489b441a9dbe867535906938e03f996c2b7cb2cf0f95ee40c4
DEBUG - 2025-02-28 11:00:41 --> Raw Authorization header: Bearer d80ce5967d384a489b441a9dbe867535906938e03f996c2b7cb2cf0f95ee40c4
DEBUG - 2025-02-28 11:00:41 --> Token dari header: d80ce5967d384a489b441a9dbe867535906938e03f996c2b7cb2cf0f95ee40c4
DEBUG - 2025-02-28 11:00:41 --> SQL: SELECT *
FROM `mahasiswa`
WHERE `token` = 'd80ce5967d384a489b441a9dbe867535906938e03f996c2b7cb2cf0f95ee40c4'
 LIMIT 1
DEBUG - 2025-02-28 11:00:41 --> Token yang dicari: d80ce5967d384a489b441a9dbe867535906938e03f996c2b7cb2cf0f95ee40c4
DEBUG - 2025-02-28 11:00:41 --> Hasil pencarian: {"id":"1","user_id":null,"npm":"1184097","nama":"Dika Dwi","email":"","password":"$2y$10$c769FHZxNhYZr.9SGsJCIOOXoyE2gLItzkS43DBWoVzVsPh46wYdm","point":"1751","gaya_belajar":"Kinestetik","created_at":"2024-12-13 02:29:49","updated_at":"2025-02-28 10:59:44","deleted_at":null,"token":"d80ce5967d384a489b441a9dbe867535906938e03f996c2b7cb2cf0f95ee40c4","last_login":"2025-02-24 10:49:22"}
INFO - 2025-02-28 11:00:41 --> Session: Class initialized using 'CodeIgniter\Session\Handlers\FileHandler' driver.
DEBUG - 2025-02-28 11:00:41 --> Session token: d80ce5967d384a489b441a9dbe867535906938e03f996c2b7cb2cf0f95ee40c4
DEBUG - 2025-02-28 11:00:41 --> Raw Authorization header: Bearer d80ce5967d384a489b441a9dbe867535906938e03f996c2b7cb2cf0f95ee40c4
DEBUG - 2025-02-28 11:00:41 --> Token dari header: d80ce5967d384a489b441a9dbe867535906938e03f996c2b7cb2cf0f95ee40c4
DEBUG - 2025-02-28 11:00:41 --> SQL: SELECT *
FROM `mahasiswa`
WHERE `token` = 'd80ce5967d384a489b441a9dbe867535906938e03f996c2b7cb2cf0f95ee40c4'
 LIMIT 1
DEBUG - 2025-02-28 11:00:41 --> Token yang dicari: d80ce5967d384a489b441a9dbe867535906938e03f996c2b7cb2cf0f95ee40c4
DEBUG - 2025-02-28 11:00:41 --> Hasil pencarian: {"id":"1","user_id":null,"npm":"1184097","nama":"Dika Dwi","email":"","password":"$2y$10$c769FHZxNhYZr.9SGsJCIOOXoyE2gLItzkS43DBWoVzVsPh46wYdm","point":"1751","gaya_belajar":"Kinestetik","created_at":"2024-12-13 02:29:49","updated_at":"2025-02-28 10:59:44","deleted_at":null,"token":"d80ce5967d384a489b441a9dbe867535906938e03f996c2b7cb2cf0f95ee40c4","last_login":"2025-02-24 10:49:22"}
INFO - 2025-02-28 11:00:43 --> Session: Class initialized using 'CodeIgniter\Session\Handlers\FileHandler' driver.
INFO - 2025-02-28 11:00:43 --> Session: Class initialized using 'CodeIgniter\Session\Handlers\FileHandler' driver.
INFO - 2025-02-28 11:00:43 --> Session: Class initialized using 'CodeIgniter\Session\Handlers\FileHandler' driver.
INFO - 2025-02-28 11:00:44 --> Session: Class initialized using 'CodeIgniter\Session\Handlers\FileHandler' driver.
DEBUG - 2025-02-28 11:00:44 --> Session token: d80ce5967d384a489b441a9dbe867535906938e03f996c2b7cb2cf0f95ee40c4
DEBUG - 2025-02-28 11:00:44 --> Raw Authorization header: Bearer d80ce5967d384a489b441a9dbe867535906938e03f996c2b7cb2cf0f95ee40c4
DEBUG - 2025-02-28 11:00:44 --> Token dari header: d80ce5967d384a489b441a9dbe867535906938e03f996c2b7cb2cf0f95ee40c4
DEBUG - 2025-02-28 11:00:44 --> SQL: SELECT *
FROM `mahasiswa`
WHERE `token` = 'd80ce5967d384a489b441a9dbe867535906938e03f996c2b7cb2cf0f95ee40c4'
 LIMIT 1
DEBUG - 2025-02-28 11:00:44 --> Token yang dicari: d80ce5967d384a489b441a9dbe867535906938e03f996c2b7cb2cf0f95ee40c4
DEBUG - 2025-02-28 11:00:44 --> Hasil pencarian: {"id":"1","user_id":null,"npm":"1184097","nama":"Dika Dwi","email":"","password":"$2y$10$c769FHZxNhYZr.9SGsJCIOOXoyE2gLItzkS43DBWoVzVsPh46wYdm","point":"1801","gaya_belajar":"Kinestetik","created_at":"2024-12-13 02:29:49","updated_at":"2025-02-28 11:00:43","deleted_at":null,"token":"d80ce5967d384a489b441a9dbe867535906938e03f996c2b7cb2cf0f95ee40c4","last_login":"2025-02-24 10:49:22"}
INFO - 2025-02-28 11:00:44 --> Session: Class initialized using 'CodeIgniter\Session\Handlers\FileHandler' driver.
DEBUG - 2025-02-28 11:00:44 --> Session token: d80ce5967d384a489b441a9dbe867535906938e03f996c2b7cb2cf0f95ee40c4
DEBUG - 2025-02-28 11:00:44 --> Raw Authorization header: Bearer d80ce5967d384a489b441a9dbe867535906938e03f996c2b7cb2cf0f95ee40c4
DEBUG - 2025-02-28 11:00:44 --> Token dari header: d80ce5967d384a489b441a9dbe867535906938e03f996c2b7cb2cf0f95ee40c4
DEBUG - 2025-02-28 11:00:44 --> SQL: SELECT *
FROM `mahasiswa`
WHERE `token` = 'd80ce5967d384a489b441a9dbe867535906938e03f996c2b7cb2cf0f95ee40c4'
 LIMIT 1
DEBUG - 2025-02-28 11:00:44 --> Token yang dicari: d80ce5967d384a489b441a9dbe867535906938e03f996c2b7cb2cf0f95ee40c4
DEBUG - 2025-02-28 11:00:44 --> Hasil pencarian: {"id":"1","user_id":null,"npm":"1184097","nama":"Dika Dwi","email":"","password":"$2y$10$c769FHZxNhYZr.9SGsJCIOOXoyE2gLItzkS43DBWoVzVsPh46wYdm","point":"1801","gaya_belajar":"Kinestetik","created_at":"2024-12-13 02:29:49","updated_at":"2025-02-28 11:00:43","deleted_at":null,"token":"d80ce5967d384a489b441a9dbe867535906938e03f996c2b7cb2cf0f95ee40c4","last_login":"2025-02-24 10:49:22"}
INFO - 2025-02-28 11:00:44 --> Session: Class initialized using 'CodeIgniter\Session\Handlers\FileHandler' driver.
DEBUG - 2025-02-28 11:00:44 --> Session token: d80ce5967d384a489b441a9dbe867535906938e03f996c2b7cb2cf0f95ee40c4
DEBUG - 2025-02-28 11:00:44 --> Raw Authorization header: Bearer d80ce5967d384a489b441a9dbe867535906938e03f996c2b7cb2cf0f95ee40c4
DEBUG - 2025-02-28 11:00:44 --> Token dari header: d80ce5967d384a489b441a9dbe867535906938e03f996c2b7cb2cf0f95ee40c4
DEBUG - 2025-02-28 11:00:44 --> SQL: SELECT *
FROM `mahasiswa`
WHERE `token` = 'd80ce5967d384a489b441a9dbe867535906938e03f996c2b7cb2cf0f95ee40c4'
 LIMIT 1
DEBUG - 2025-02-28 11:00:44 --> Token yang dicari: d80ce5967d384a489b441a9dbe867535906938e03f996c2b7cb2cf0f95ee40c4
DEBUG - 2025-02-28 11:00:44 --> Hasil pencarian: {"id":"1","user_id":null,"npm":"1184097","nama":"Dika Dwi","email":"","password":"$2y$10$c769FHZxNhYZr.9SGsJCIOOXoyE2gLItzkS43DBWoVzVsPh46wYdm","point":"1801","gaya_belajar":"Kinestetik","created_at":"2024-12-13 02:29:49","updated_at":"2025-02-28 11:00:43","deleted_at":null,"token":"d80ce5967d384a489b441a9dbe867535906938e03f996c2b7cb2cf0f95ee40c4","last_login":"2025-02-24 10:49:22"}
INFO - 2025-02-28 11:00:46 --> Session: Class initialized using 'CodeIgniter\Session\Handlers\FileHandler' driver.
INFO - 2025-02-28 11:00:47 --> Session: Class initialized using 'CodeIgniter\Session\Handlers\FileHandler' driver.
INFO - 2025-02-28 11:00:49 --> Session: Class initialized using 'CodeIgniter\Session\Handlers\FileHandler' driver.
INFO - 2025-02-28 11:00:49 --> Session: Class initialized using 'CodeIgniter\Session\Handlers\FileHandler' driver.
INFO - 2025-02-28 11:00:53 --> Session: Class initialized using 'CodeIgniter\Session\Handlers\FileHandler' driver.
INFO - 2025-02-28 11:00:53 --> Session: Class initialized using 'CodeIgniter\Session\Handlers\FileHandler' driver.
INFO - 2025-02-28 11:00:54 --> Session: Class initialized using 'CodeIgniter\Session\Handlers\FileHandler' driver.
INFO - 2025-02-28 11:00:56 --> Session: Class initialized using 'CodeIgniter\Session\Handlers\FileHandler' driver.
INFO - 2025-02-28 11:00:56 --> Session: Class initialized using 'CodeIgniter\Session\Handlers\FileHandler' driver.
INFO - 2025-02-28 11:00:58 --> Session: Class initialized using 'CodeIgniter\Session\Handlers\FileHandler' driver.
INFO - 2025-02-28 11:00:59 --> Session: Class initialized using 'CodeIgniter\Session\Handlers\FileHandler' driver.
INFO - 2025-02-28 11:00:59 --> Session: Class initialized using 'CodeIgniter\Session\Handlers\FileHandler' driver.
DEBUG - 2025-02-28 11:00:59 --> Session token: d80ce5967d384a489b441a9dbe867535906938e03f996c2b7cb2cf0f95ee40c4
DEBUG - 2025-02-28 11:00:59 --> Raw Authorization header: Bearer d80ce5967d384a489b441a9dbe867535906938e03f996c2b7cb2cf0f95ee40c4
DEBUG - 2025-02-28 11:00:59 --> Token dari header: d80ce5967d384a489b441a9dbe867535906938e03f996c2b7cb2cf0f95ee40c4
DEBUG - 2025-02-28 11:00:59 --> SQL: SELECT *
FROM `mahasiswa`
WHERE `token` = 'd80ce5967d384a489b441a9dbe867535906938e03f996c2b7cb2cf0f95ee40c4'
 LIMIT 1
DEBUG - 2025-02-28 11:00:59 --> Token yang dicari: d80ce5967d384a489b441a9dbe867535906938e03f996c2b7cb2cf0f95ee40c4
DEBUG - 2025-02-28 11:00:59 --> Hasil pencarian: {"id":"1","user_id":null,"npm":"1184097","nama":"Dika Dwi","email":"","password":"$2y$10$c769FHZxNhYZr.9SGsJCIOOXoyE2gLItzkS43DBWoVzVsPh46wYdm","point":"1751","gaya_belajar":"Kinestetik","created_at":"2024-12-13 02:29:49","updated_at":"2025-02-28 11:00:53","deleted_at":null,"token":"d80ce5967d384a489b441a9dbe867535906938e03f996c2b7cb2cf0f95ee40c4","last_login":"2025-02-24 10:49:22"}
INFO - 2025-02-28 11:00:59 --> Session: Class initialized using 'CodeIgniter\Session\Handlers\FileHandler' driver.
DEBUG - 2025-02-28 11:00:59 --> Session token: d80ce5967d384a489b441a9dbe867535906938e03f996c2b7cb2cf0f95ee40c4
DEBUG - 2025-02-28 11:00:59 --> Raw Authorization header: Bearer d80ce5967d384a489b441a9dbe867535906938e03f996c2b7cb2cf0f95ee40c4
DEBUG - 2025-02-28 11:00:59 --> Token dari header: d80ce5967d384a489b441a9dbe867535906938e03f996c2b7cb2cf0f95ee40c4
DEBUG - 2025-02-28 11:00:59 --> SQL: SELECT *
FROM `mahasiswa`
WHERE `token` = 'd80ce5967d384a489b441a9dbe867535906938e03f996c2b7cb2cf0f95ee40c4'
 LIMIT 1
DEBUG - 2025-02-28 11:00:59 --> Token yang dicari: d80ce5967d384a489b441a9dbe867535906938e03f996c2b7cb2cf0f95ee40c4
DEBUG - 2025-02-28 11:00:59 --> Hasil pencarian: {"id":"1","user_id":null,"npm":"1184097","nama":"Dika Dwi","email":"","password":"$2y$10$c769FHZxNhYZr.9SGsJCIOOXoyE2gLItzkS43DBWoVzVsPh46wYdm","point":"1751","gaya_belajar":"Kinestetik","created_at":"2024-12-13 02:29:49","updated_at":"2025-02-28 11:00:53","deleted_at":null,"token":"d80ce5967d384a489b441a9dbe867535906938e03f996c2b7cb2cf0f95ee40c4","last_login":"2025-02-24 10:49:22"}
INFO - 2025-02-28 11:01:00 --> Session: Class initialized using 'CodeIgniter\Session\Handlers\FileHandler' driver.
DEBUG - 2025-02-28 11:01:00 --> Session token: d80ce5967d384a489b441a9dbe867535906938e03f996c2b7cb2cf0f95ee40c4
DEBUG - 2025-02-28 11:01:00 --> Raw Authorization header: Bearer d80ce5967d384a489b441a9dbe867535906938e03f996c2b7cb2cf0f95ee40c4
DEBUG - 2025-02-28 11:01:00 --> Token dari header: d80ce5967d384a489b441a9dbe867535906938e03f996c2b7cb2cf0f95ee40c4
DEBUG - 2025-02-28 11:01:00 --> SQL: SELECT *
FROM `mahasiswa`
WHERE `token` = 'd80ce5967d384a489b441a9dbe867535906938e03f996c2b7cb2cf0f95ee40c4'
 LIMIT 1
DEBUG - 2025-02-28 11:01:00 --> Token yang dicari: d80ce5967d384a489b441a9dbe867535906938e03f996c2b7cb2cf0f95ee40c4
DEBUG - 2025-02-28 11:01:00 --> Hasil pencarian: {"id":"1","user_id":null,"npm":"1184097","nama":"Dika Dwi","email":"","password":"$2y$10$c769FHZxNhYZr.9SGsJCIOOXoyE2gLItzkS43DBWoVzVsPh46wYdm","point":"1751","gaya_belajar":"Kinestetik","created_at":"2024-12-13 02:29:49","updated_at":"2025-02-28 11:00:53","deleted_at":null,"token":"d80ce5967d384a489b441a9dbe867535906938e03f996c2b7cb2cf0f95ee40c4","last_login":"2025-02-24 10:49:22"}
INFO - 2025-02-28 11:01:03 --> Session: Class initialized using 'CodeIgniter\Session\Handlers\FileHandler' driver.
INFO - 2025-02-28 11:01:03 --> Session: Class initialized using 'CodeIgniter\Session\Handlers\FileHandler' driver.
INFO - 2025-02-28 11:01:03 --> Session: Class initialized using 'CodeIgniter\Session\Handlers\FileHandler' driver.
INFO - 2025-02-28 11:01:04 --> Session: Class initialized using 'CodeIgniter\Session\Handlers\FileHandler' driver.
DEBUG - 2025-02-28 11:01:04 --> Session token: d80ce5967d384a489b441a9dbe867535906938e03f996c2b7cb2cf0f95ee40c4
DEBUG - 2025-02-28 11:01:04 --> Raw Authorization header: Bearer d80ce5967d384a489b441a9dbe867535906938e03f996c2b7cb2cf0f95ee40c4
DEBUG - 2025-02-28 11:01:04 --> Token dari header: d80ce5967d384a489b441a9dbe867535906938e03f996c2b7cb2cf0f95ee40c4
DEBUG - 2025-02-28 11:01:04 --> SQL: SELECT *
FROM `mahasiswa`
WHERE `token` = 'd80ce5967d384a489b441a9dbe867535906938e03f996c2b7cb2cf0f95ee40c4'
 LIMIT 1
DEBUG - 2025-02-28 11:01:04 --> Token yang dicari: d80ce5967d384a489b441a9dbe867535906938e03f996c2b7cb2cf0f95ee40c4
DEBUG - 2025-02-28 11:01:04 --> Hasil pencarian: {"id":"1","user_id":null,"npm":"1184097","nama":"Dika Dwi","email":"","password":"$2y$10$c769FHZxNhYZr.9SGsJCIOOXoyE2gLItzkS43DBWoVzVsPh46wYdm","point":"1751","gaya_belajar":"Kinestetik","created_at":"2024-12-13 02:29:49","updated_at":"2025-02-28 11:00:53","deleted_at":null,"token":"d80ce5967d384a489b441a9dbe867535906938e03f996c2b7cb2cf0f95ee40c4","last_login":"2025-02-24 10:49:22"}
INFO - 2025-02-28 11:01:04 --> Session: Class initialized using 'CodeIgniter\Session\Handlers\FileHandler' driver.
DEBUG - 2025-02-28 11:01:04 --> Session token: d80ce5967d384a489b441a9dbe867535906938e03f996c2b7cb2cf0f95ee40c4
DEBUG - 2025-02-28 11:01:04 --> Raw Authorization header: Bearer d80ce5967d384a489b441a9dbe867535906938e03f996c2b7cb2cf0f95ee40c4
DEBUG - 2025-02-28 11:01:04 --> Token dari header: d80ce5967d384a489b441a9dbe867535906938e03f996c2b7cb2cf0f95ee40c4
DEBUG - 2025-02-28 11:01:04 --> SQL: SELECT *
FROM `mahasiswa`
WHERE `token` = 'd80ce5967d384a489b441a9dbe867535906938e03f996c2b7cb2cf0f95ee40c4'
 LIMIT 1
DEBUG - 2025-02-28 11:01:04 --> Token yang dicari: d80ce5967d384a489b441a9dbe867535906938e03f996c2b7cb2cf0f95ee40c4
DEBUG - 2025-02-28 11:01:04 --> Hasil pencarian: {"id":"1","user_id":null,"npm":"1184097","nama":"Dika Dwi","email":"","password":"$2y$10$c769FHZxNhYZr.9SGsJCIOOXoyE2gLItzkS43DBWoVzVsPh46wYdm","point":"1751","gaya_belajar":"Kinestetik","created_at":"2024-12-13 02:29:49","updated_at":"2025-02-28 11:00:53","deleted_at":null,"token":"d80ce5967d384a489b441a9dbe867535906938e03f996c2b7cb2cf0f95ee40c4","last_login":"2025-02-24 10:49:22"}
INFO - 2025-02-28 11:01:04 --> Session: Class initialized using 'CodeIgniter\Session\Handlers\FileHandler' driver.
DEBUG - 2025-02-28 11:01:04 --> Session token: d80ce5967d384a489b441a9dbe867535906938e03f996c2b7cb2cf0f95ee40c4
DEBUG - 2025-02-28 11:01:04 --> Raw Authorization header: Bearer d80ce5967d384a489b441a9dbe867535906938e03f996c2b7cb2cf0f95ee40c4
DEBUG - 2025-02-28 11:01:04 --> Token dari header: d80ce5967d384a489b441a9dbe867535906938e03f996c2b7cb2cf0f95ee40c4
DEBUG - 2025-02-28 11:01:04 --> SQL: SELECT *
FROM `mahasiswa`
WHERE `token` = 'd80ce5967d384a489b441a9dbe867535906938e03f996c2b7cb2cf0f95ee40c4'
 LIMIT 1
DEBUG - 2025-02-28 11:01:04 --> Token yang dicari: d80ce5967d384a489b441a9dbe867535906938e03f996c2b7cb2cf0f95ee40c4
DEBUG - 2025-02-28 11:01:04 --> Hasil pencarian: {"id":"1","user_id":null,"npm":"1184097","nama":"Dika Dwi","email":"","password":"$2y$10$c769FHZxNhYZr.9SGsJCIOOXoyE2gLItzkS43DBWoVzVsPh46wYdm","point":"1751","gaya_belajar":"Kinestetik","created_at":"2024-12-13 02:29:49","updated_at":"2025-02-28 11:00:53","deleted_at":null,"token":"d80ce5967d384a489b441a9dbe867535906938e03f996c2b7cb2cf0f95ee40c4","last_login":"2025-02-24 10:49:22"}
INFO - 2025-02-28 11:02:53 --> Session: Class initialized using 'CodeIgniter\Session\Handlers\FileHandler' driver.
INFO - 2025-02-28 11:02:53 --> Session: Class initialized using 'CodeIgniter\Session\Handlers\FileHandler' driver.
INFO - 2025-02-28 11:02:54 --> Session: Class initialized using 'CodeIgniter\Session\Handlers\FileHandler' driver.
DEBUG - 2025-02-28 11:02:54 --> Session token: d80ce5967d384a489b441a9dbe867535906938e03f996c2b7cb2cf0f95ee40c4
DEBUG - 2025-02-28 11:02:54 --> Raw Authorization header: Bearer d80ce5967d384a489b441a9dbe867535906938e03f996c2b7cb2cf0f95ee40c4
DEBUG - 2025-02-28 11:02:54 --> Token dari header: d80ce5967d384a489b441a9dbe867535906938e03f996c2b7cb2cf0f95ee40c4
DEBUG - 2025-02-28 11:02:54 --> SQL: SELECT *
FROM `mahasiswa`
WHERE `token` = 'd80ce5967d384a489b441a9dbe867535906938e03f996c2b7cb2cf0f95ee40c4'
 LIMIT 1
DEBUG - 2025-02-28 11:02:54 --> Token yang dicari: d80ce5967d384a489b441a9dbe867535906938e03f996c2b7cb2cf0f95ee40c4
DEBUG - 2025-02-28 11:02:54 --> Hasil pencarian: {"id":"1","user_id":null,"npm":"1184097","nama":"Dika Dwi","email":"","password":"$2y$10$c769FHZxNhYZr.9SGsJCIOOXoyE2gLItzkS43DBWoVzVsPh46wYdm","point":"1751","gaya_belajar":"Kinestetik","created_at":"2024-12-13 02:29:49","updated_at":"2025-02-28 11:00:53","deleted_at":null,"token":"d80ce5967d384a489b441a9dbe867535906938e03f996c2b7cb2cf0f95ee40c4","last_login":"2025-02-24 10:49:22"}
INFO - 2025-02-28 11:02:54 --> Session: Class initialized using 'CodeIgniter\Session\Handlers\FileHandler' driver.
DEBUG - 2025-02-28 11:02:54 --> Session token: d80ce5967d384a489b441a9dbe867535906938e03f996c2b7cb2cf0f95ee40c4
DEBUG - 2025-02-28 11:02:54 --> Raw Authorization header: Bearer d80ce5967d384a489b441a9dbe867535906938e03f996c2b7cb2cf0f95ee40c4
DEBUG - 2025-02-28 11:02:54 --> Token dari header: d80ce5967d384a489b441a9dbe867535906938e03f996c2b7cb2cf0f95ee40c4
DEBUG - 2025-02-28 11:02:54 --> SQL: SELECT *
FROM `mahasiswa`
WHERE `token` = 'd80ce5967d384a489b441a9dbe867535906938e03f996c2b7cb2cf0f95ee40c4'
 LIMIT 1
DEBUG - 2025-02-28 11:02:54 --> Token yang dicari: d80ce5967d384a489b441a9dbe867535906938e03f996c2b7cb2cf0f95ee40c4
DEBUG - 2025-02-28 11:02:54 --> Hasil pencarian: {"id":"1","user_id":null,"npm":"1184097","nama":"Dika Dwi","email":"","password":"$2y$10$c769FHZxNhYZr.9SGsJCIOOXoyE2gLItzkS43DBWoVzVsPh46wYdm","point":"1751","gaya_belajar":"Kinestetik","created_at":"2024-12-13 02:29:49","updated_at":"2025-02-28 11:00:53","deleted_at":null,"token":"d80ce5967d384a489b441a9dbe867535906938e03f996c2b7cb2cf0f95ee40c4","last_login":"2025-02-24 10:49:22"}
INFO - 2025-02-28 11:02:54 --> Session: Class initialized using 'CodeIgniter\Session\Handlers\FileHandler' driver.
DEBUG - 2025-02-28 11:02:54 --> Session token: d80ce5967d384a489b441a9dbe867535906938e03f996c2b7cb2cf0f95ee40c4
DEBUG - 2025-02-28 11:02:54 --> Raw Authorization header: Bearer d80ce5967d384a489b441a9dbe867535906938e03f996c2b7cb2cf0f95ee40c4
DEBUG - 2025-02-28 11:02:54 --> Token dari header: d80ce5967d384a489b441a9dbe867535906938e03f996c2b7cb2cf0f95ee40c4
DEBUG - 2025-02-28 11:02:54 --> SQL: SELECT *
FROM `mahasiswa`
WHERE `token` = 'd80ce5967d384a489b441a9dbe867535906938e03f996c2b7cb2cf0f95ee40c4'
 LIMIT 1
DEBUG - 2025-02-28 11:02:54 --> Token yang dicari: d80ce5967d384a489b441a9dbe867535906938e03f996c2b7cb2cf0f95ee40c4
DEBUG - 2025-02-28 11:02:54 --> Hasil pencarian: {"id":"1","user_id":null,"npm":"1184097","nama":"Dika Dwi","email":"","password":"$2y$10$c769FHZxNhYZr.9SGsJCIOOXoyE2gLItzkS43DBWoVzVsPh46wYdm","point":"1751","gaya_belajar":"Kinestetik","created_at":"2024-12-13 02:29:49","updated_at":"2025-02-28 11:00:53","deleted_at":null,"token":"d80ce5967d384a489b441a9dbe867535906938e03f996c2b7cb2cf0f95ee40c4","last_login":"2025-02-24 10:49:22"}
INFO - 2025-02-28 11:02:56 --> Session: Class initialized using 'CodeIgniter\Session\Handlers\FileHandler' driver.
INFO - 2025-02-28 11:02:57 --> Session: Class initialized using 'CodeIgniter\Session\Handlers\FileHandler' driver.
INFO - 2025-02-28 11:02:57 --> Session: Class initialized using 'CodeIgniter\Session\Handlers\FileHandler' driver.
DEBUG - 2025-02-28 11:02:57 --> Session token: d80ce5967d384a489b441a9dbe867535906938e03f996c2b7cb2cf0f95ee40c4
DEBUG - 2025-02-28 11:02:57 --> Raw Authorization header: Bearer d80ce5967d384a489b441a9dbe867535906938e03f996c2b7cb2cf0f95ee40c4
DEBUG - 2025-02-28 11:02:57 --> Token dari header: d80ce5967d384a489b441a9dbe867535906938e03f996c2b7cb2cf0f95ee40c4
DEBUG - 2025-02-28 11:02:57 --> SQL: SELECT *
FROM `mahasiswa`
WHERE `token` = 'd80ce5967d384a489b441a9dbe867535906938e03f996c2b7cb2cf0f95ee40c4'
 LIMIT 1
DEBUG - 2025-02-28 11:02:57 --> Token yang dicari: d80ce5967d384a489b441a9dbe867535906938e03f996c2b7cb2cf0f95ee40c4
DEBUG - 2025-02-28 11:02:57 --> Hasil pencarian: {"id":"1","user_id":null,"npm":"1184097","nama":"Dika Dwi","email":"","password":"$2y$10$c769FHZxNhYZr.9SGsJCIOOXoyE2gLItzkS43DBWoVzVsPh46wYdm","point":"1751","gaya_belajar":"Kinestetik","created_at":"2024-12-13 02:29:49","updated_at":"2025-02-28 11:00:53","deleted_at":null,"token":"d80ce5967d384a489b441a9dbe867535906938e03f996c2b7cb2cf0f95ee40c4","last_login":"2025-02-24 10:49:22"}
INFO - 2025-02-28 11:02:57 --> Session: Class initialized using 'CodeIgniter\Session\Handlers\FileHandler' driver.
DEBUG - 2025-02-28 11:02:57 --> Session token: d80ce5967d384a489b441a9dbe867535906938e03f996c2b7cb2cf0f95ee40c4
DEBUG - 2025-02-28 11:02:57 --> Raw Authorization header: Bearer d80ce5967d384a489b441a9dbe867535906938e03f996c2b7cb2cf0f95ee40c4
DEBUG - 2025-02-28 11:02:57 --> Token dari header: d80ce5967d384a489b441a9dbe867535906938e03f996c2b7cb2cf0f95ee40c4
DEBUG - 2025-02-28 11:02:57 --> SQL: SELECT *
FROM `mahasiswa`
WHERE `token` = 'd80ce5967d384a489b441a9dbe867535906938e03f996c2b7cb2cf0f95ee40c4'
 LIMIT 1
DEBUG - 2025-02-28 11:02:57 --> Token yang dicari: d80ce5967d384a489b441a9dbe867535906938e03f996c2b7cb2cf0f95ee40c4
DEBUG - 2025-02-28 11:02:57 --> Hasil pencarian: {"id":"1","user_id":null,"npm":"1184097","nama":"Dika Dwi","email":"","password":"$2y$10$c769FHZxNhYZr.9SGsJCIOOXoyE2gLItzkS43DBWoVzVsPh46wYdm","point":"1751","gaya_belajar":"Kinestetik","created_at":"2024-12-13 02:29:49","updated_at":"2025-02-28 11:00:53","deleted_at":null,"token":"d80ce5967d384a489b441a9dbe867535906938e03f996c2b7cb2cf0f95ee40c4","last_login":"2025-02-24 10:49:22"}
INFO - 2025-02-28 11:02:57 --> Session: Class initialized using 'CodeIgniter\Session\Handlers\FileHandler' driver.
DEBUG - 2025-02-28 11:02:57 --> Session token: d80ce5967d384a489b441a9dbe867535906938e03f996c2b7cb2cf0f95ee40c4
DEBUG - 2025-02-28 11:02:57 --> Raw Authorization header: Bearer d80ce5967d384a489b441a9dbe867535906938e03f996c2b7cb2cf0f95ee40c4
DEBUG - 2025-02-28 11:02:57 --> Token dari header: d80ce5967d384a489b441a9dbe867535906938e03f996c2b7cb2cf0f95ee40c4
DEBUG - 2025-02-28 11:02:57 --> SQL: SELECT *
FROM `mahasiswa`
WHERE `token` = 'd80ce5967d384a489b441a9dbe867535906938e03f996c2b7cb2cf0f95ee40c4'
 LIMIT 1
DEBUG - 2025-02-28 11:02:57 --> Token yang dicari: d80ce5967d384a489b441a9dbe867535906938e03f996c2b7cb2cf0f95ee40c4
DEBUG - 2025-02-28 11:02:57 --> Hasil pencarian: {"id":"1","user_id":null,"npm":"1184097","nama":"Dika Dwi","email":"","password":"$2y$10$c769FHZxNhYZr.9SGsJCIOOXoyE2gLItzkS43DBWoVzVsPh46wYdm","point":"1751","gaya_belajar":"Kinestetik","created_at":"2024-12-13 02:29:49","updated_at":"2025-02-28 11:00:53","deleted_at":null,"token":"d80ce5967d384a489b441a9dbe867535906938e03f996c2b7cb2cf0f95ee40c4","last_login":"2025-02-24 10:49:22"}
INFO - 2025-02-28 11:02:58 --> Session: Class initialized using 'CodeIgniter\Session\Handlers\FileHandler' driver.
INFO - 2025-02-28 11:02:59 --> Session: Class initialized using 'CodeIgniter\Session\Handlers\FileHandler' driver.
INFO - 2025-02-28 11:02:59 --> Session: Class initialized using 'CodeIgniter\Session\Handlers\FileHandler' driver.
DEBUG - 2025-02-28 11:02:59 --> Session token: d80ce5967d384a489b441a9dbe867535906938e03f996c2b7cb2cf0f95ee40c4
DEBUG - 2025-02-28 11:02:59 --> Raw Authorization header: Bearer d80ce5967d384a489b441a9dbe867535906938e03f996c2b7cb2cf0f95ee40c4
DEBUG - 2025-02-28 11:02:59 --> Token dari header: d80ce5967d384a489b441a9dbe867535906938e03f996c2b7cb2cf0f95ee40c4
DEBUG - 2025-02-28 11:02:59 --> SQL: SELECT *
FROM `mahasiswa`
WHERE `token` = 'd80ce5967d384a489b441a9dbe867535906938e03f996c2b7cb2cf0f95ee40c4'
 LIMIT 1
DEBUG - 2025-02-28 11:02:59 --> Token yang dicari: d80ce5967d384a489b441a9dbe867535906938e03f996c2b7cb2cf0f95ee40c4
DEBUG - 2025-02-28 11:02:59 --> Hasil pencarian: {"id":"1","user_id":null,"npm":"1184097","nama":"Dika Dwi","email":"","password":"$2y$10$c769FHZxNhYZr.9SGsJCIOOXoyE2gLItzkS43DBWoVzVsPh46wYdm","point":"1751","gaya_belajar":"Kinestetik","created_at":"2024-12-13 02:29:49","updated_at":"2025-02-28 11:00:53","deleted_at":null,"token":"d80ce5967d384a489b441a9dbe867535906938e03f996c2b7cb2cf0f95ee40c4","last_login":"2025-02-24 10:49:22"}
INFO - 2025-02-28 11:02:59 --> Session: Class initialized using 'CodeIgniter\Session\Handlers\FileHandler' driver.
DEBUG - 2025-02-28 11:02:59 --> Session token: d80ce5967d384a489b441a9dbe867535906938e03f996c2b7cb2cf0f95ee40c4
DEBUG - 2025-02-28 11:02:59 --> Raw Authorization header: Bearer d80ce5967d384a489b441a9dbe867535906938e03f996c2b7cb2cf0f95ee40c4
DEBUG - 2025-02-28 11:02:59 --> Token dari header: d80ce5967d384a489b441a9dbe867535906938e03f996c2b7cb2cf0f95ee40c4
DEBUG - 2025-02-28 11:02:59 --> SQL: SELECT *
FROM `mahasiswa`
WHERE `token` = 'd80ce5967d384a489b441a9dbe867535906938e03f996c2b7cb2cf0f95ee40c4'
 LIMIT 1
DEBUG - 2025-02-28 11:02:59 --> Token yang dicari: d80ce5967d384a489b441a9dbe867535906938e03f996c2b7cb2cf0f95ee40c4
DEBUG - 2025-02-28 11:02:59 --> Hasil pencarian: {"id":"1","user_id":null,"npm":"1184097","nama":"Dika Dwi","email":"","password":"$2y$10$c769FHZxNhYZr.9SGsJCIOOXoyE2gLItzkS43DBWoVzVsPh46wYdm","point":"1751","gaya_belajar":"Kinestetik","created_at":"2024-12-13 02:29:49","updated_at":"2025-02-28 11:00:53","deleted_at":null,"token":"d80ce5967d384a489b441a9dbe867535906938e03f996c2b7cb2cf0f95ee40c4","last_login":"2025-02-24 10:49:22"}
INFO - 2025-02-28 11:02:59 --> Session: Class initialized using 'CodeIgniter\Session\Handlers\FileHandler' driver.
DEBUG - 2025-02-28 11:02:59 --> Session token: d80ce5967d384a489b441a9dbe867535906938e03f996c2b7cb2cf0f95ee40c4
DEBUG - 2025-02-28 11:02:59 --> Raw Authorization header: Bearer d80ce5967d384a489b441a9dbe867535906938e03f996c2b7cb2cf0f95ee40c4
DEBUG - 2025-02-28 11:02:59 --> Token dari header: d80ce5967d384a489b441a9dbe867535906938e03f996c2b7cb2cf0f95ee40c4
DEBUG - 2025-02-28 11:02:59 --> SQL: SELECT *
FROM `mahasiswa`
WHERE `token` = 'd80ce5967d384a489b441a9dbe867535906938e03f996c2b7cb2cf0f95ee40c4'
 LIMIT 1
DEBUG - 2025-02-28 11:02:59 --> Token yang dicari: d80ce5967d384a489b441a9dbe867535906938e03f996c2b7cb2cf0f95ee40c4
DEBUG - 2025-02-28 11:02:59 --> Hasil pencarian: {"id":"1","user_id":null,"npm":"1184097","nama":"Dika Dwi","email":"","password":"$2y$10$c769FHZxNhYZr.9SGsJCIOOXoyE2gLItzkS43DBWoVzVsPh46wYdm","point":"1751","gaya_belajar":"Kinestetik","created_at":"2024-12-13 02:29:49","updated_at":"2025-02-28 11:00:53","deleted_at":null,"token":"d80ce5967d384a489b441a9dbe867535906938e03f996c2b7cb2cf0f95ee40c4","last_login":"2025-02-24 10:49:22"}
INFO - 2025-02-28 11:03:00 --> Session: Class initialized using 'CodeIgniter\Session\Handlers\FileHandler' driver.
INFO - 2025-02-28 11:03:00 --> Session: Class initialized using 'CodeIgniter\Session\Handlers\FileHandler' driver.
INFO - 2025-02-28 11:03:01 --> Session: Class initialized using 'CodeIgniter\Session\Handlers\FileHandler' driver.
INFO - 2025-02-28 11:03:01 --> Session: Class initialized using 'CodeIgniter\Session\Handlers\FileHandler' driver.
INFO - 2025-02-28 11:03:01 --> Session: Class initialized using 'CodeIgniter\Session\Handlers\FileHandler' driver.
DEBUG - 2025-02-28 11:03:01 --> Session token: d80ce5967d384a489b441a9dbe867535906938e03f996c2b7cb2cf0f95ee40c4
DEBUG - 2025-02-28 11:03:01 --> Raw Authorization header: Bearer d80ce5967d384a489b441a9dbe867535906938e03f996c2b7cb2cf0f95ee40c4
DEBUG - 2025-02-28 11:03:01 --> Token dari header: d80ce5967d384a489b441a9dbe867535906938e03f996c2b7cb2cf0f95ee40c4
DEBUG - 2025-02-28 11:03:01 --> SQL: SELECT *
FROM `mahasiswa`
WHERE `token` = 'd80ce5967d384a489b441a9dbe867535906938e03f996c2b7cb2cf0f95ee40c4'
 LIMIT 1
DEBUG - 2025-02-28 11:03:01 --> Token yang dicari: d80ce5967d384a489b441a9dbe867535906938e03f996c2b7cb2cf0f95ee40c4
DEBUG - 2025-02-28 11:03:01 --> Hasil pencarian: {"id":"1","user_id":null,"npm":"1184097","nama":"Dika Dwi","email":"","password":"$2y$10$c769FHZxNhYZr.9SGsJCIOOXoyE2gLItzkS43DBWoVzVsPh46wYdm","point":"1751","gaya_belajar":"Kinestetik","created_at":"2024-12-13 02:29:49","updated_at":"2025-02-28 11:00:53","deleted_at":null,"token":"d80ce5967d384a489b441a9dbe867535906938e03f996c2b7cb2cf0f95ee40c4","last_login":"2025-02-24 10:49:22"}
INFO - 2025-02-28 11:03:01 --> Session: Class initialized using 'CodeIgniter\Session\Handlers\FileHandler' driver.
DEBUG - 2025-02-28 11:03:01 --> Session token: d80ce5967d384a489b441a9dbe867535906938e03f996c2b7cb2cf0f95ee40c4
DEBUG - 2025-02-28 11:03:01 --> Raw Authorization header: Bearer d80ce5967d384a489b441a9dbe867535906938e03f996c2b7cb2cf0f95ee40c4
DEBUG - 2025-02-28 11:03:01 --> Token dari header: d80ce5967d384a489b441a9dbe867535906938e03f996c2b7cb2cf0f95ee40c4
DEBUG - 2025-02-28 11:03:01 --> SQL: SELECT *
FROM `mahasiswa`
WHERE `token` = 'd80ce5967d384a489b441a9dbe867535906938e03f996c2b7cb2cf0f95ee40c4'
 LIMIT 1
DEBUG - 2025-02-28 11:03:01 --> Token yang dicari: d80ce5967d384a489b441a9dbe867535906938e03f996c2b7cb2cf0f95ee40c4
DEBUG - 2025-02-28 11:03:01 --> Hasil pencarian: {"id":"1","user_id":null,"npm":"1184097","nama":"Dika Dwi","email":"","password":"$2y$10$c769FHZxNhYZr.9SGsJCIOOXoyE2gLItzkS43DBWoVzVsPh46wYdm","point":"1751","gaya_belajar":"Kinestetik","created_at":"2024-12-13 02:29:49","updated_at":"2025-02-28 11:00:53","deleted_at":null,"token":"d80ce5967d384a489b441a9dbe867535906938e03f996c2b7cb2cf0f95ee40c4","last_login":"2025-02-24 10:49:22"}
INFO - 2025-02-28 11:03:01 --> Session: Class initialized using 'CodeIgniter\Session\Handlers\FileHandler' driver.
INFO - 2025-02-28 11:03:03 --> Session: Class initialized using 'CodeIgniter\Session\Handlers\FileHandler' driver.
INFO - 2025-02-28 11:03:03 --> Session: Class initialized using 'CodeIgniter\Session\Handlers\FileHandler' driver.
INFO - 2025-02-28 11:03:05 --> Session: Class initialized using 'CodeIgniter\Session\Handlers\FileHandler' driver.
INFO - 2025-02-28 11:03:05 --> Session: Class initialized using 'CodeIgniter\Session\Handlers\FileHandler' driver.
INFO - 2025-02-28 11:03:07 --> Session: Class initialized using 'CodeIgniter\Session\Handlers\FileHandler' driver.
INFO - 2025-02-28 11:03:07 --> Session: Class initialized using 'CodeIgniter\Session\Handlers\FileHandler' driver.
INFO - 2025-02-28 11:03:10 --> Session: Class initialized using 'CodeIgniter\Session\Handlers\FileHandler' driver.
INFO - 2025-02-28 11:03:11 --> Session: Class initialized using 'CodeIgniter\Session\Handlers\FileHandler' driver.
INFO - 2025-02-28 11:03:13 --> Session: Class initialized using 'CodeIgniter\Session\Handlers\FileHandler' driver.
INFO - 2025-02-28 11:03:13 --> Session: Class initialized using 'CodeIgniter\Session\Handlers\FileHandler' driver.
INFO - 2025-02-28 11:03:15 --> Session: Class initialized using 'CodeIgniter\Session\Handlers\FileHandler' driver.
INFO - 2025-02-28 11:03:15 --> Session: Class initialized using 'CodeIgniter\Session\Handlers\FileHandler' driver.
INFO - 2025-02-28 11:03:31 --> Session: Class initialized using 'CodeIgniter\Session\Handlers\FileHandler' driver.
INFO - 2025-02-28 11:03:32 --> Session: Class initialized using 'CodeIgniter\Session\Handlers\FileHandler' driver.
INFO - 2025-02-28 11:03:37 --> Session: Class initialized using 'CodeIgniter\Session\Handlers\FileHandler' driver.
INFO - 2025-02-28 11:03:37 --> Session: Class initialized using 'CodeIgniter\Session\Handlers\FileHandler' driver.
INFO - 2025-02-28 11:03:37 --> Session: Class initialized using 'CodeIgniter\Session\Handlers\FileHandler' driver.
INFO - 2025-02-28 11:03:40 --> Session: Class initialized using 'CodeIgniter\Session\Handlers\FileHandler' driver.
INFO - 2025-02-28 11:03:41 --> Session: Class initialized using 'CodeIgniter\Session\Handlers\FileHandler' driver.
INFO - 2025-02-28 11:03:41 --> Session: Class initialized using 'CodeIgniter\Session\Handlers\FileHandler' driver.
DEBUG - 2025-02-28 11:03:41 --> Session token: d80ce5967d384a489b441a9dbe867535906938e03f996c2b7cb2cf0f95ee40c4
DEBUG - 2025-02-28 11:03:41 --> Raw Authorization header: Bearer d80ce5967d384a489b441a9dbe867535906938e03f996c2b7cb2cf0f95ee40c4
DEBUG - 2025-02-28 11:03:41 --> Token dari header: d80ce5967d384a489b441a9dbe867535906938e03f996c2b7cb2cf0f95ee40c4
DEBUG - 2025-02-28 11:03:41 --> SQL: SELECT *
FROM `mahasiswa`
WHERE `token` = 'd80ce5967d384a489b441a9dbe867535906938e03f996c2b7cb2cf0f95ee40c4'
 LIMIT 1
DEBUG - 2025-02-28 11:03:41 --> Token yang dicari: d80ce5967d384a489b441a9dbe867535906938e03f996c2b7cb2cf0f95ee40c4
DEBUG - 2025-02-28 11:03:41 --> Hasil pencarian: {"id":"1","user_id":null,"npm":"1184097","nama":"Dika Dwi","email":"","password":"$2y$10$c769FHZxNhYZr.9SGsJCIOOXoyE2gLItzkS43DBWoVzVsPh46wYdm","point":"1801","gaya_belajar":"Kinestetik","created_at":"2024-12-13 02:29:49","updated_at":"2025-02-28 11:03:37","deleted_at":null,"token":"d80ce5967d384a489b441a9dbe867535906938e03f996c2b7cb2cf0f95ee40c4","last_login":"2025-02-24 10:49:22"}
INFO - 2025-02-28 11:03:41 --> Session: Class initialized using 'CodeIgniter\Session\Handlers\FileHandler' driver.
DEBUG - 2025-02-28 11:03:41 --> Session token: d80ce5967d384a489b441a9dbe867535906938e03f996c2b7cb2cf0f95ee40c4
DEBUG - 2025-02-28 11:03:41 --> Raw Authorization header: Bearer d80ce5967d384a489b441a9dbe867535906938e03f996c2b7cb2cf0f95ee40c4
DEBUG - 2025-02-28 11:03:41 --> Token dari header: d80ce5967d384a489b441a9dbe867535906938e03f996c2b7cb2cf0f95ee40c4
DEBUG - 2025-02-28 11:03:41 --> SQL: SELECT *
FROM `mahasiswa`
WHERE `token` = 'd80ce5967d384a489b441a9dbe867535906938e03f996c2b7cb2cf0f95ee40c4'
 LIMIT 1
DEBUG - 2025-02-28 11:03:41 --> Token yang dicari: d80ce5967d384a489b441a9dbe867535906938e03f996c2b7cb2cf0f95ee40c4
DEBUG - 2025-02-28 11:03:41 --> Hasil pencarian: {"id":"1","user_id":null,"npm":"1184097","nama":"Dika Dwi","email":"","password":"$2y$10$c769FHZxNhYZr.9SGsJCIOOXoyE2gLItzkS43DBWoVzVsPh46wYdm","point":"1801","gaya_belajar":"Kinestetik","created_at":"2024-12-13 02:29:49","updated_at":"2025-02-28 11:03:37","deleted_at":null,"token":"d80ce5967d384a489b441a9dbe867535906938e03f996c2b7cb2cf0f95ee40c4","last_login":"2025-02-24 10:49:22"}
INFO - 2025-02-28 11:03:41 --> Session: Class initialized using 'CodeIgniter\Session\Handlers\FileHandler' driver.
DEBUG - 2025-02-28 11:03:41 --> Session token: d80ce5967d384a489b441a9dbe867535906938e03f996c2b7cb2cf0f95ee40c4
DEBUG - 2025-02-28 11:03:41 --> Raw Authorization header: Bearer d80ce5967d384a489b441a9dbe867535906938e03f996c2b7cb2cf0f95ee40c4
DEBUG - 2025-02-28 11:03:41 --> Token dari header: d80ce5967d384a489b441a9dbe867535906938e03f996c2b7cb2cf0f95ee40c4
DEBUG - 2025-02-28 11:03:41 --> SQL: SELECT *
FROM `mahasiswa`
WHERE `token` = 'd80ce5967d384a489b441a9dbe867535906938e03f996c2b7cb2cf0f95ee40c4'
 LIMIT 1
DEBUG - 2025-02-28 11:03:41 --> Token yang dicari: d80ce5967d384a489b441a9dbe867535906938e03f996c2b7cb2cf0f95ee40c4
DEBUG - 2025-02-28 11:03:41 --> Hasil pencarian: {"id":"1","user_id":null,"npm":"1184097","nama":"Dika Dwi","email":"","password":"$2y$10$c769FHZxNhYZr.9SGsJCIOOXoyE2gLItzkS43DBWoVzVsPh46wYdm","point":"1801","gaya_belajar":"Kinestetik","created_at":"2024-12-13 02:29:49","updated_at":"2025-02-28 11:03:37","deleted_at":null,"token":"d80ce5967d384a489b441a9dbe867535906938e03f996c2b7cb2cf0f95ee40c4","last_login":"2025-02-24 10:49:22"}
INFO - 2025-02-28 11:04:05 --> Session: Class initialized using 'CodeIgniter\Session\Handlers\FileHandler' driver.
INFO - 2025-02-28 11:04:05 --> Session: Class initialized using 'CodeIgniter\Session\Handlers\FileHandler' driver.
INFO - 2025-02-28 11:04:10 --> Session: Class initialized using 'CodeIgniter\Session\Handlers\FileHandler' driver.
INFO - 2025-02-28 11:04:10 --> Session: Class initialized using 'CodeIgniter\Session\Handlers\FileHandler' driver.
INFO - 2025-02-28 11:04:10 --> Session: Class initialized using 'CodeIgniter\Session\Handlers\FileHandler' driver.
INFO - 2025-02-28 11:04:13 --> Session: Class initialized using 'CodeIgniter\Session\Handlers\FileHandler' driver.
INFO - 2025-02-28 11:04:13 --> Session: Class initialized using 'CodeIgniter\Session\Handlers\FileHandler' driver.
INFO - 2025-02-28 11:04:17 --> Session: Class initialized using 'CodeIgniter\Session\Handlers\FileHandler' driver.
INFO - 2025-02-28 11:04:17 --> Session: Class initialized using 'CodeIgniter\Session\Handlers\FileHandler' driver.
INFO - 2025-02-28 11:04:17 --> Session: Class initialized using 'CodeIgniter\Session\Handlers\FileHandler' driver.
INFO - 2025-02-28 11:04:22 --> Session: Class initialized using 'CodeIgniter\Session\Handlers\FileHandler' driver.
INFO - 2025-02-28 11:04:22 --> Session: Class initialized using 'CodeIgniter\Session\Handlers\FileHandler' driver.
INFO - 2025-02-28 11:04:23 --> Session: Class initialized using 'CodeIgniter\Session\Handlers\FileHandler' driver.
DEBUG - 2025-02-28 11:04:23 --> Session token: d80ce5967d384a489b441a9dbe867535906938e03f996c2b7cb2cf0f95ee40c4
DEBUG - 2025-02-28 11:04:23 --> Raw Authorization header: Bearer d80ce5967d384a489b441a9dbe867535906938e03f996c2b7cb2cf0f95ee40c4
DEBUG - 2025-02-28 11:04:23 --> Token dari header: d80ce5967d384a489b441a9dbe867535906938e03f996c2b7cb2cf0f95ee40c4
DEBUG - 2025-02-28 11:04:23 --> SQL: SELECT *
FROM `mahasiswa`
WHERE `token` = 'd80ce5967d384a489b441a9dbe867535906938e03f996c2b7cb2cf0f95ee40c4'
 LIMIT 1
DEBUG - 2025-02-28 11:04:23 --> Token yang dicari: d80ce5967d384a489b441a9dbe867535906938e03f996c2b7cb2cf0f95ee40c4
DEBUG - 2025-02-28 11:04:23 --> Hasil pencarian: {"id":"1","user_id":null,"npm":"1184097","nama":"Dika Dwi","email":"","password":"$2y$10$c769FHZxNhYZr.9SGsJCIOOXoyE2gLItzkS43DBWoVzVsPh46wYdm","point":"1801","gaya_belajar":"Kinestetik","created_at":"2024-12-13 02:29:49","updated_at":"2025-02-28 11:04:17","deleted_at":null,"token":"d80ce5967d384a489b441a9dbe867535906938e03f996c2b7cb2cf0f95ee40c4","last_login":"2025-02-24 10:49:22"}
INFO - 2025-02-28 11:04:23 --> Session: Class initialized using 'CodeIgniter\Session\Handlers\FileHandler' driver.
DEBUG - 2025-02-28 11:04:23 --> Session token: d80ce5967d384a489b441a9dbe867535906938e03f996c2b7cb2cf0f95ee40c4
DEBUG - 2025-02-28 11:04:23 --> Raw Authorization header: Bearer d80ce5967d384a489b441a9dbe867535906938e03f996c2b7cb2cf0f95ee40c4
DEBUG - 2025-02-28 11:04:23 --> Token dari header: d80ce5967d384a489b441a9dbe867535906938e03f996c2b7cb2cf0f95ee40c4
DEBUG - 2025-02-28 11:04:23 --> SQL: SELECT *
FROM `mahasiswa`
WHERE `token` = 'd80ce5967d384a489b441a9dbe867535906938e03f996c2b7cb2cf0f95ee40c4'
 LIMIT 1
DEBUG - 2025-02-28 11:04:23 --> Token yang dicari: d80ce5967d384a489b441a9dbe867535906938e03f996c2b7cb2cf0f95ee40c4
DEBUG - 2025-02-28 11:04:23 --> Hasil pencarian: {"id":"1","user_id":null,"npm":"1184097","nama":"Dika Dwi","email":"","password":"$2y$10$c769FHZxNhYZr.9SGsJCIOOXoyE2gLItzkS43DBWoVzVsPh46wYdm","point":"1801","gaya_belajar":"Kinestetik","created_at":"2024-12-13 02:29:49","updated_at":"2025-02-28 11:04:17","deleted_at":null,"token":"d80ce5967d384a489b441a9dbe867535906938e03f996c2b7cb2cf0f95ee40c4","last_login":"2025-02-24 10:49:22"}
INFO - 2025-02-28 11:04:23 --> Session: Class initialized using 'CodeIgniter\Session\Handlers\FileHandler' driver.
DEBUG - 2025-02-28 11:04:23 --> Session token: d80ce5967d384a489b441a9dbe867535906938e03f996c2b7cb2cf0f95ee40c4
DEBUG - 2025-02-28 11:04:23 --> Raw Authorization header: Bearer d80ce5967d384a489b441a9dbe867535906938e03f996c2b7cb2cf0f95ee40c4
DEBUG - 2025-02-28 11:04:23 --> Token dari header: d80ce5967d384a489b441a9dbe867535906938e03f996c2b7cb2cf0f95ee40c4
DEBUG - 2025-02-28 11:04:23 --> SQL: SELECT *
FROM `mahasiswa`
WHERE `token` = 'd80ce5967d384a489b441a9dbe867535906938e03f996c2b7cb2cf0f95ee40c4'
 LIMIT 1
DEBUG - 2025-02-28 11:04:23 --> Token yang dicari: d80ce5967d384a489b441a9dbe867535906938e03f996c2b7cb2cf0f95ee40c4
DEBUG - 2025-02-28 11:04:23 --> Hasil pencarian: {"id":"1","user_id":null,"npm":"1184097","nama":"Dika Dwi","email":"","password":"$2y$10$c769FHZxNhYZr.9SGsJCIOOXoyE2gLItzkS43DBWoVzVsPh46wYdm","point":"1801","gaya_belajar":"Kinestetik","created_at":"2024-12-13 02:29:49","updated_at":"2025-02-28 11:04:17","deleted_at":null,"token":"d80ce5967d384a489b441a9dbe867535906938e03f996c2b7cb2cf0f95ee40c4","last_login":"2025-02-24 10:49:22"}
INFO - 2025-02-28 11:04:45 --> Session: Class initialized using 'CodeIgniter\Session\Handlers\FileHandler' driver.
INFO - 2025-02-28 11:04:45 --> Session: Class initialized using 'CodeIgniter\Session\Handlers\FileHandler' driver.
INFO - 2025-02-28 11:04:46 --> Session: Class initialized using 'CodeIgniter\Session\Handlers\FileHandler' driver.
DEBUG - 2025-02-28 11:04:46 --> Session token: d80ce5967d384a489b441a9dbe867535906938e03f996c2b7cb2cf0f95ee40c4
DEBUG - 2025-02-28 11:04:46 --> Raw Authorization header: Bearer d80ce5967d384a489b441a9dbe867535906938e03f996c2b7cb2cf0f95ee40c4
DEBUG - 2025-02-28 11:04:46 --> Token dari header: d80ce5967d384a489b441a9dbe867535906938e03f996c2b7cb2cf0f95ee40c4
DEBUG - 2025-02-28 11:04:46 --> SQL: SELECT *
FROM `mahasiswa`
WHERE `token` = 'd80ce5967d384a489b441a9dbe867535906938e03f996c2b7cb2cf0f95ee40c4'
 LIMIT 1
DEBUG - 2025-02-28 11:04:46 --> Token yang dicari: d80ce5967d384a489b441a9dbe867535906938e03f996c2b7cb2cf0f95ee40c4
DEBUG - 2025-02-28 11:04:46 --> Hasil pencarian: {"id":"1","user_id":null,"npm":"1184097","nama":"Dika Dwi","email":"","password":"$2y$10$c769FHZxNhYZr.9SGsJCIOOXoyE2gLItzkS43DBWoVzVsPh46wYdm","point":"1801","gaya_belajar":"Kinestetik","created_at":"2024-12-13 02:29:49","updated_at":"2025-02-28 11:04:17","deleted_at":null,"token":"d80ce5967d384a489b441a9dbe867535906938e03f996c2b7cb2cf0f95ee40c4","last_login":"2025-02-24 10:49:22"}
INFO - 2025-02-28 11:04:46 --> Session: Class initialized using 'CodeIgniter\Session\Handlers\FileHandler' driver.
DEBUG - 2025-02-28 11:04:46 --> Session token: d80ce5967d384a489b441a9dbe867535906938e03f996c2b7cb2cf0f95ee40c4
DEBUG - 2025-02-28 11:04:46 --> Raw Authorization header: Bearer d80ce5967d384a489b441a9dbe867535906938e03f996c2b7cb2cf0f95ee40c4
DEBUG - 2025-02-28 11:04:46 --> Token dari header: d80ce5967d384a489b441a9dbe867535906938e03f996c2b7cb2cf0f95ee40c4
DEBUG - 2025-02-28 11:04:46 --> SQL: SELECT *
FROM `mahasiswa`
WHERE `token` = 'd80ce5967d384a489b441a9dbe867535906938e03f996c2b7cb2cf0f95ee40c4'
 LIMIT 1
DEBUG - 2025-02-28 11:04:46 --> Token yang dicari: d80ce5967d384a489b441a9dbe867535906938e03f996c2b7cb2cf0f95ee40c4
DEBUG - 2025-02-28 11:04:46 --> Hasil pencarian: {"id":"1","user_id":null,"npm":"1184097","nama":"Dika Dwi","email":"","password":"$2y$10$c769FHZxNhYZr.9SGsJCIOOXoyE2gLItzkS43DBWoVzVsPh46wYdm","point":"1801","gaya_belajar":"Kinestetik","created_at":"2024-12-13 02:29:49","updated_at":"2025-02-28 11:04:17","deleted_at":null,"token":"d80ce5967d384a489b441a9dbe867535906938e03f996c2b7cb2cf0f95ee40c4","last_login":"2025-02-24 10:49:22"}
INFO - 2025-02-28 11:04:46 --> Session: Class initialized using 'CodeIgniter\Session\Handlers\FileHandler' driver.
DEBUG - 2025-02-28 11:04:46 --> Session token: d80ce5967d384a489b441a9dbe867535906938e03f996c2b7cb2cf0f95ee40c4
DEBUG - 2025-02-28 11:04:46 --> Raw Authorization header: Bearer d80ce5967d384a489b441a9dbe867535906938e03f996c2b7cb2cf0f95ee40c4
DEBUG - 2025-02-28 11:04:46 --> Token dari header: d80ce5967d384a489b441a9dbe867535906938e03f996c2b7cb2cf0f95ee40c4
DEBUG - 2025-02-28 11:04:46 --> SQL: SELECT *
FROM `mahasiswa`
WHERE `token` = 'd80ce5967d384a489b441a9dbe867535906938e03f996c2b7cb2cf0f95ee40c4'
 LIMIT 1
DEBUG - 2025-02-28 11:04:46 --> Token yang dicari: d80ce5967d384a489b441a9dbe867535906938e03f996c2b7cb2cf0f95ee40c4
DEBUG - 2025-02-28 11:04:46 --> Hasil pencarian: {"id":"1","user_id":null,"npm":"1184097","nama":"Dika Dwi","email":"","password":"$2y$10$c769FHZxNhYZr.9SGsJCIOOXoyE2gLItzkS43DBWoVzVsPh46wYdm","point":"1801","gaya_belajar":"Kinestetik","created_at":"2024-12-13 02:29:49","updated_at":"2025-02-28 11:04:17","deleted_at":null,"token":"d80ce5967d384a489b441a9dbe867535906938e03f996c2b7cb2cf0f95ee40c4","last_login":"2025-02-24 10:49:22"}
INFO - 2025-02-28 11:04:48 --> Session: Class initialized using 'CodeIgniter\Session\Handlers\FileHandler' driver.
WARNING - 2025-02-28 11:04:48 --> [DEPRECATED] strtotime(): Passing null to parameter #1 ($datetime) of type string is deprecated in APPPATH\Views\PoinMarket_Admin\Tabel\tabel_user.php on line 92.
 1 APPPATH\Views\PoinMarket_Admin\Tabel\tabel_user.php(92): strtotime(null)
 2 SYSTEMPATH\View\View.php(224): include('C:\\xampp\\htdocs\\PoinMarket\\app\\Views\\PoinMarket_Admin\\Tabel\\tabel_user.php')
 3 SYSTEMPATH\View\View.php(227): CodeIgniter\View\View->CodeIgniter\View\{closure}()
 4 SYSTEMPATH\View\View.php(452): CodeIgniter\View\View->render('PoinMarket_Admin/Tabel/tabel_user', null, true)
 5 APPPATH\Views\PoinMarket_Admin\Page\user.php(66): CodeIgniter\View\View->include('PoinMarket_Admin/Tabel/tabel_user')
 6 SYSTEMPATH\View\View.php(224): include('C:\\xampp\\htdocs\\PoinMarket\\app\\Views\\PoinMarket_Admin\\Page\\user.php')
 7 SYSTEMPATH\View\View.php(227): CodeIgniter\View\View->CodeIgniter\View\{closure}()
 8 SYSTEMPATH\Common.php(1180): CodeIgniter\View\View->render('PoinMarket_Admin/Page/user', [], true)
 9 APPPATH\Controllers\PoinMarket_Admin\User.php(73): view('PoinMarket_Admin/Page/user', [...])
10 SYSTEMPATH\CodeIgniter.php(932): App\Controllers\PoinMarket_Admin\User->index()
11 SYSTEMPATH\CodeIgniter.php(497): CodeIgniter\CodeIgniter->runController(Object(App\Controllers\PoinMarket_Admin\User))
12 SYSTEMPATH\CodeIgniter.php(366): CodeIgniter\CodeIgniter->handleRequest(null, Object(Config\Cache), false)
13 FCPATH\index.php(67): CodeIgniter\CodeIgniter->run()
14 SYSTEMPATH\Commands\Server\rewrite.php(47): require_once('C:\\xampp\\htdocs\\PoinMarket\\public\\index.php')
WARNING - 2025-02-28 11:04:48 --> [DEPRECATED] strtotime(): Passing null to parameter #1 ($datetime) of type string is deprecated in APPPATH\Views\PoinMarket_Admin\Tabel\tabel_user.php on line 92.
 1 APPPATH\Views\PoinMarket_Admin\Tabel\tabel_user.php(92): strtotime(null)
 2 SYSTEMPATH\View\View.php(224): include('C:\\xampp\\htdocs\\PoinMarket\\app\\Views\\PoinMarket_Admin\\Tabel\\tabel_user.php')
 3 SYSTEMPATH\View\View.php(227): CodeIgniter\View\View->CodeIgniter\View\{closure}()
 4 SYSTEMPATH\View\View.php(452): CodeIgniter\View\View->render('PoinMarket_Admin/Tabel/tabel_user', null, true)
 5 APPPATH\Views\PoinMarket_Admin\Page\user.php(66): CodeIgniter\View\View->include('PoinMarket_Admin/Tabel/tabel_user')
 6 SYSTEMPATH\View\View.php(224): include('C:\\xampp\\htdocs\\PoinMarket\\app\\Views\\PoinMarket_Admin\\Page\\user.php')
 7 SYSTEMPATH\View\View.php(227): CodeIgniter\View\View->CodeIgniter\View\{closure}()
 8 SYSTEMPATH\Common.php(1180): CodeIgniter\View\View->render('PoinMarket_Admin/Page/user', [], true)
 9 APPPATH\Controllers\PoinMarket_Admin\User.php(73): view('PoinMarket_Admin/Page/user', [...])
10 SYSTEMPATH\CodeIgniter.php(932): App\Controllers\PoinMarket_Admin\User->index()
11 SYSTEMPATH\CodeIgniter.php(497): CodeIgniter\CodeIgniter->runController(Object(App\Controllers\PoinMarket_Admin\User))
12 SYSTEMPATH\CodeIgniter.php(366): CodeIgniter\CodeIgniter->handleRequest(null, Object(Config\Cache), false)
13 FCPATH\index.php(67): CodeIgniter\CodeIgniter->run()
14 SYSTEMPATH\Commands\Server\rewrite.php(47): require_once('C:\\xampp\\htdocs\\PoinMarket\\public\\index.php')
INFO - 2025-02-28 11:04:49 --> Session: Class initialized using 'CodeIgniter\Session\Handlers\FileHandler' driver.
WARNING - 2025-02-28 11:04:49 --> [DEPRECATED] strtotime(): Passing null to parameter #1 ($datetime) of type string is deprecated in APPPATH\Views\PoinMarket_Admin\Tabel\tabel_user.php on line 92.
 1 APPPATH\Views\PoinMarket_Admin\Tabel\tabel_user.php(92): strtotime(null)
 2 SYSTEMPATH\View\View.php(224): include('C:\\xampp\\htdocs\\PoinMarket\\app\\Views\\PoinMarket_Admin\\Tabel\\tabel_user.php')
 3 SYSTEMPATH\View\View.php(227): CodeIgniter\View\View->CodeIgniter\View\{closure}()
 4 SYSTEMPATH\View\View.php(452): CodeIgniter\View\View->render('PoinMarket_Admin/Tabel/tabel_user', null, true)
 5 APPPATH\Views\PoinMarket_Admin\Page\user.php(66): CodeIgniter\View\View->include('PoinMarket_Admin/Tabel/tabel_user')
 6 SYSTEMPATH\View\View.php(224): include('C:\\xampp\\htdocs\\PoinMarket\\app\\Views\\PoinMarket_Admin\\Page\\user.php')
 7 SYSTEMPATH\View\View.php(227): CodeIgniter\View\View->CodeIgniter\View\{closure}()
 8 SYSTEMPATH\Common.php(1180): CodeIgniter\View\View->render('PoinMarket_Admin/Page/user', [], true)
 9 APPPATH\Controllers\PoinMarket_Admin\User.php(73): view('PoinMarket_Admin/Page/user', [...])
10 SYSTEMPATH\CodeIgniter.php(932): App\Controllers\PoinMarket_Admin\User->index()
11 SYSTEMPATH\CodeIgniter.php(497): CodeIgniter\CodeIgniter->runController(Object(App\Controllers\PoinMarket_Admin\User))
12 SYSTEMPATH\CodeIgniter.php(366): CodeIgniter\CodeIgniter->handleRequest(null, Object(Config\Cache), false)
13 FCPATH\index.php(67): CodeIgniter\CodeIgniter->run()
14 SYSTEMPATH\Commands\Server\rewrite.php(47): require_once('C:\\xampp\\htdocs\\PoinMarket\\public\\index.php')
WARNING - 2025-02-28 11:04:49 --> [DEPRECATED] strtotime(): Passing null to parameter #1 ($datetime) of type string is deprecated in APPPATH\Views\PoinMarket_Admin\Tabel\tabel_user.php on line 92.
 1 APPPATH\Views\PoinMarket_Admin\Tabel\tabel_user.php(92): strtotime(null)
 2 SYSTEMPATH\View\View.php(224): include('C:\\xampp\\htdocs\\PoinMarket\\app\\Views\\PoinMarket_Admin\\Tabel\\tabel_user.php')
 3 SYSTEMPATH\View\View.php(227): CodeIgniter\View\View->CodeIgniter\View\{closure}()
 4 SYSTEMPATH\View\View.php(452): CodeIgniter\View\View->render('PoinMarket_Admin/Tabel/tabel_user', null, true)
 5 APPPATH\Views\PoinMarket_Admin\Page\user.php(66): CodeIgniter\View\View->include('PoinMarket_Admin/Tabel/tabel_user')
 6 SYSTEMPATH\View\View.php(224): include('C:\\xampp\\htdocs\\PoinMarket\\app\\Views\\PoinMarket_Admin\\Page\\user.php')
 7 SYSTEMPATH\View\View.php(227): CodeIgniter\View\View->CodeIgniter\View\{closure}()
 8 SYSTEMPATH\Common.php(1180): CodeIgniter\View\View->render('PoinMarket_Admin/Page/user', [], true)
 9 APPPATH\Controllers\PoinMarket_Admin\User.php(73): view('PoinMarket_Admin/Page/user', [...])
10 SYSTEMPATH\CodeIgniter.php(932): App\Controllers\PoinMarket_Admin\User->index()
11 SYSTEMPATH\CodeIgniter.php(497): CodeIgniter\CodeIgniter->runController(Object(App\Controllers\PoinMarket_Admin\User))
12 SYSTEMPATH\CodeIgniter.php(366): CodeIgniter\CodeIgniter->handleRequest(null, Object(Config\Cache), false)
13 FCPATH\index.php(67): CodeIgniter\CodeIgniter->run()
14 SYSTEMPATH\Commands\Server\rewrite.php(47): require_once('C:\\xampp\\htdocs\\PoinMarket\\public\\index.php')
INFO - 2025-02-28 11:04:53 --> Session: Class initialized using 'CodeIgniter\Session\Handlers\FileHandler' driver.
INFO - 2025-02-28 11:04:53 --> Session: Class initialized using 'CodeIgniter\Session\Handlers\FileHandler' driver.
INFO - 2025-02-28 11:04:55 --> Session: Class initialized using 'CodeIgniter\Session\Handlers\FileHandler' driver.
INFO - 2025-02-28 11:04:56 --> Session: Class initialized using 'CodeIgniter\Session\Handlers\FileHandler' driver.
INFO - 2025-02-28 11:04:56 --> Session: Class initialized using 'CodeIgniter\Session\Handlers\FileHandler' driver.
DEBUG - 2025-02-28 11:04:56 --> Session token: d80ce5967d384a489b441a9dbe867535906938e03f996c2b7cb2cf0f95ee40c4
DEBUG - 2025-02-28 11:04:56 --> Raw Authorization header: Bearer d80ce5967d384a489b441a9dbe867535906938e03f996c2b7cb2cf0f95ee40c4
DEBUG - 2025-02-28 11:04:56 --> Token dari header: d80ce5967d384a489b441a9dbe867535906938e03f996c2b7cb2cf0f95ee40c4
DEBUG - 2025-02-28 11:04:56 --> SQL: SELECT *
FROM `mahasiswa`
WHERE `token` = 'd80ce5967d384a489b441a9dbe867535906938e03f996c2b7cb2cf0f95ee40c4'
 LIMIT 1
DEBUG - 2025-02-28 11:04:56 --> Token yang dicari: d80ce5967d384a489b441a9dbe867535906938e03f996c2b7cb2cf0f95ee40c4
DEBUG - 2025-02-28 11:04:56 --> Hasil pencarian: {"id":"1","user_id":null,"npm":"1184097","nama":"Dika Dwi","email":"","password":"$2y$10$c769FHZxNhYZr.9SGsJCIOOXoyE2gLItzkS43DBWoVzVsPh46wYdm","point":"1801","gaya_belajar":"Kinestetik","created_at":"2024-12-13 02:29:49","updated_at":"2025-02-28 11:04:17","deleted_at":null,"token":"d80ce5967d384a489b441a9dbe867535906938e03f996c2b7cb2cf0f95ee40c4","last_login":"2025-02-24 10:49:22"}
INFO - 2025-02-28 11:04:57 --> Session: Class initialized using 'CodeIgniter\Session\Handlers\FileHandler' driver.
DEBUG - 2025-02-28 11:04:57 --> Session token: d80ce5967d384a489b441a9dbe867535906938e03f996c2b7cb2cf0f95ee40c4
DEBUG - 2025-02-28 11:04:57 --> Raw Authorization header: Bearer d80ce5967d384a489b441a9dbe867535906938e03f996c2b7cb2cf0f95ee40c4
DEBUG - 2025-02-28 11:04:57 --> Token dari header: d80ce5967d384a489b441a9dbe867535906938e03f996c2b7cb2cf0f95ee40c4
DEBUG - 2025-02-28 11:04:57 --> SQL: SELECT *
FROM `mahasiswa`
WHERE `token` = 'd80ce5967d384a489b441a9dbe867535906938e03f996c2b7cb2cf0f95ee40c4'
 LIMIT 1
DEBUG - 2025-02-28 11:04:57 --> Token yang dicari: d80ce5967d384a489b441a9dbe867535906938e03f996c2b7cb2cf0f95ee40c4
DEBUG - 2025-02-28 11:04:57 --> Hasil pencarian: {"id":"1","user_id":null,"npm":"1184097","nama":"Dika Dwi","email":"","password":"$2y$10$c769FHZxNhYZr.9SGsJCIOOXoyE2gLItzkS43DBWoVzVsPh46wYdm","point":"1801","gaya_belajar":"Kinestetik","created_at":"2024-12-13 02:29:49","updated_at":"2025-02-28 11:04:17","deleted_at":null,"token":"d80ce5967d384a489b441a9dbe867535906938e03f996c2b7cb2cf0f95ee40c4","last_login":"2025-02-24 10:49:22"}
INFO - 2025-02-28 11:04:57 --> Session: Class initialized using 'CodeIgniter\Session\Handlers\FileHandler' driver.
DEBUG - 2025-02-28 11:04:57 --> Session token: d80ce5967d384a489b441a9dbe867535906938e03f996c2b7cb2cf0f95ee40c4
DEBUG - 2025-02-28 11:04:57 --> Raw Authorization header: Bearer d80ce5967d384a489b441a9dbe867535906938e03f996c2b7cb2cf0f95ee40c4
DEBUG - 2025-02-28 11:04:57 --> Token dari header: d80ce5967d384a489b441a9dbe867535906938e03f996c2b7cb2cf0f95ee40c4
DEBUG - 2025-02-28 11:04:57 --> SQL: SELECT *
FROM `mahasiswa`
WHERE `token` = 'd80ce5967d384a489b441a9dbe867535906938e03f996c2b7cb2cf0f95ee40c4'
 LIMIT 1
DEBUG - 2025-02-28 11:04:57 --> Token yang dicari: d80ce5967d384a489b441a9dbe867535906938e03f996c2b7cb2cf0f95ee40c4
DEBUG - 2025-02-28 11:04:57 --> Hasil pencarian: {"id":"1","user_id":null,"npm":"1184097","nama":"Dika Dwi","email":"","password":"$2y$10$c769FHZxNhYZr.9SGsJCIOOXoyE2gLItzkS43DBWoVzVsPh46wYdm","point":"1801","gaya_belajar":"Kinestetik","created_at":"2024-12-13 02:29:49","updated_at":"2025-02-28 11:04:17","deleted_at":null,"token":"d80ce5967d384a489b441a9dbe867535906938e03f996c2b7cb2cf0f95ee40c4","last_login":"2025-02-24 10:49:22"}
INFO - 2025-02-28 11:05:01 --> Session: Class initialized using 'CodeIgniter\Session\Handlers\FileHandler' driver.
INFO - 2025-02-28 11:05:01 --> Session: Class initialized using 'CodeIgniter\Session\Handlers\FileHandler' driver.
INFO - 2025-02-28 11:05:02 --> Session: Class initialized using 'CodeIgniter\Session\Handlers\FileHandler' driver.
INFO - 2025-02-28 11:05:03 --> Session: Class initialized using 'CodeIgniter\Session\Handlers\FileHandler' driver.
DEBUG - 2025-02-28 11:05:03 --> Session token: d80ce5967d384a489b441a9dbe867535906938e03f996c2b7cb2cf0f95ee40c4
DEBUG - 2025-02-28 11:05:03 --> Raw Authorization header: Bearer d80ce5967d384a489b441a9dbe867535906938e03f996c2b7cb2cf0f95ee40c4
DEBUG - 2025-02-28 11:05:03 --> Token dari header: d80ce5967d384a489b441a9dbe867535906938e03f996c2b7cb2cf0f95ee40c4
DEBUG - 2025-02-28 11:05:03 --> SQL: SELECT *
FROM `mahasiswa`
WHERE `token` = 'd80ce5967d384a489b441a9dbe867535906938e03f996c2b7cb2cf0f95ee40c4'
 LIMIT 1
DEBUG - 2025-02-28 11:05:03 --> Token yang dicari: d80ce5967d384a489b441a9dbe867535906938e03f996c2b7cb2cf0f95ee40c4
DEBUG - 2025-02-28 11:05:03 --> Hasil pencarian: {"id":"1","user_id":null,"npm":"1184097","nama":"Dika Dwi","email":"","password":"$2y$10$c769FHZxNhYZr.9SGsJCIOOXoyE2gLItzkS43DBWoVzVsPh46wYdm","point":"1801","gaya_belajar":"Kinestetik","created_at":"2024-12-13 02:29:49","updated_at":"2025-02-28 11:05:01","deleted_at":null,"token":"d80ce5967d384a489b441a9dbe867535906938e03f996c2b7cb2cf0f95ee40c4","last_login":"2025-02-24 10:49:22"}
INFO - 2025-02-28 11:05:03 --> Session: Class initialized using 'CodeIgniter\Session\Handlers\FileHandler' driver.
DEBUG - 2025-02-28 11:05:03 --> Session token: d80ce5967d384a489b441a9dbe867535906938e03f996c2b7cb2cf0f95ee40c4
DEBUG - 2025-02-28 11:05:03 --> Raw Authorization header: Bearer d80ce5967d384a489b441a9dbe867535906938e03f996c2b7cb2cf0f95ee40c4
DEBUG - 2025-02-28 11:05:03 --> Token dari header: d80ce5967d384a489b441a9dbe867535906938e03f996c2b7cb2cf0f95ee40c4
DEBUG - 2025-02-28 11:05:03 --> SQL: SELECT *
FROM `mahasiswa`
WHERE `token` = 'd80ce5967d384a489b441a9dbe867535906938e03f996c2b7cb2cf0f95ee40c4'
 LIMIT 1
DEBUG - 2025-02-28 11:05:03 --> Token yang dicari: d80ce5967d384a489b441a9dbe867535906938e03f996c2b7cb2cf0f95ee40c4
DEBUG - 2025-02-28 11:05:03 --> Hasil pencarian: {"id":"1","user_id":null,"npm":"1184097","nama":"Dika Dwi","email":"","password":"$2y$10$c769FHZxNhYZr.9SGsJCIOOXoyE2gLItzkS43DBWoVzVsPh46wYdm","point":"1801","gaya_belajar":"Kinestetik","created_at":"2024-12-13 02:29:49","updated_at":"2025-02-28 11:05:01","deleted_at":null,"token":"d80ce5967d384a489b441a9dbe867535906938e03f996c2b7cb2cf0f95ee40c4","last_login":"2025-02-24 10:49:22"}
INFO - 2025-02-28 11:05:03 --> Session: Class initialized using 'CodeIgniter\Session\Handlers\FileHandler' driver.
DEBUG - 2025-02-28 11:05:03 --> Session token: d80ce5967d384a489b441a9dbe867535906938e03f996c2b7cb2cf0f95ee40c4
DEBUG - 2025-02-28 11:05:03 --> Raw Authorization header: Bearer d80ce5967d384a489b441a9dbe867535906938e03f996c2b7cb2cf0f95ee40c4
DEBUG - 2025-02-28 11:05:03 --> Token dari header: d80ce5967d384a489b441a9dbe867535906938e03f996c2b7cb2cf0f95ee40c4
DEBUG - 2025-02-28 11:05:03 --> SQL: SELECT *
FROM `mahasiswa`
WHERE `token` = 'd80ce5967d384a489b441a9dbe867535906938e03f996c2b7cb2cf0f95ee40c4'
 LIMIT 1
DEBUG - 2025-02-28 11:05:03 --> Token yang dicari: d80ce5967d384a489b441a9dbe867535906938e03f996c2b7cb2cf0f95ee40c4
DEBUG - 2025-02-28 11:05:03 --> Hasil pencarian: {"id":"1","user_id":null,"npm":"1184097","nama":"Dika Dwi","email":"","password":"$2y$10$c769FHZxNhYZr.9SGsJCIOOXoyE2gLItzkS43DBWoVzVsPh46wYdm","point":"1801","gaya_belajar":"Kinestetik","created_at":"2024-12-13 02:29:49","updated_at":"2025-02-28 11:05:01","deleted_at":null,"token":"d80ce5967d384a489b441a9dbe867535906938e03f996c2b7cb2cf0f95ee40c4","last_login":"2025-02-24 10:49:22"}
INFO - 2025-02-28 11:05:06 --> Session: Class initialized using 'CodeIgniter\Session\Handlers\FileHandler' driver.
INFO - 2025-02-28 11:05:06 --> Session: Class initialized using 'CodeIgniter\Session\Handlers\FileHandler' driver.
INFO - 2025-02-28 11:05:07 --> Session: Class initialized using 'CodeIgniter\Session\Handlers\FileHandler' driver.
DEBUG - 2025-02-28 11:05:07 --> Session token: d80ce5967d384a489b441a9dbe867535906938e03f996c2b7cb2cf0f95ee40c4
DEBUG - 2025-02-28 11:05:07 --> Raw Authorization header: Bearer d80ce5967d384a489b441a9dbe867535906938e03f996c2b7cb2cf0f95ee40c4
DEBUG - 2025-02-28 11:05:07 --> Token dari header: d80ce5967d384a489b441a9dbe867535906938e03f996c2b7cb2cf0f95ee40c4
DEBUG - 2025-02-28 11:05:07 --> SQL: SELECT *
FROM `mahasiswa`
WHERE `token` = 'd80ce5967d384a489b441a9dbe867535906938e03f996c2b7cb2cf0f95ee40c4'
 LIMIT 1
DEBUG - 2025-02-28 11:05:07 --> Token yang dicari: d80ce5967d384a489b441a9dbe867535906938e03f996c2b7cb2cf0f95ee40c4
DEBUG - 2025-02-28 11:05:07 --> Hasil pencarian: {"id":"1","user_id":null,"npm":"1184097","nama":"Dika Dwi","email":"","password":"$2y$10$c769FHZxNhYZr.9SGsJCIOOXoyE2gLItzkS43DBWoVzVsPh46wYdm","point":"1801","gaya_belajar":"Kinestetik","created_at":"2024-12-13 02:29:49","updated_at":"2025-02-28 11:05:01","deleted_at":null,"token":"d80ce5967d384a489b441a9dbe867535906938e03f996c2b7cb2cf0f95ee40c4","last_login":"2025-02-24 10:49:22"}
INFO - 2025-02-28 11:05:07 --> Session: Class initialized using 'CodeIgniter\Session\Handlers\FileHandler' driver.
DEBUG - 2025-02-28 11:05:07 --> Session token: d80ce5967d384a489b441a9dbe867535906938e03f996c2b7cb2cf0f95ee40c4
DEBUG - 2025-02-28 11:05:07 --> Raw Authorization header: Bearer d80ce5967d384a489b441a9dbe867535906938e03f996c2b7cb2cf0f95ee40c4
DEBUG - 2025-02-28 11:05:07 --> Token dari header: d80ce5967d384a489b441a9dbe867535906938e03f996c2b7cb2cf0f95ee40c4
DEBUG - 2025-02-28 11:05:07 --> SQL: SELECT *
FROM `mahasiswa`
WHERE `token` = 'd80ce5967d384a489b441a9dbe867535906938e03f996c2b7cb2cf0f95ee40c4'
 LIMIT 1
DEBUG - 2025-02-28 11:05:07 --> Token yang dicari: d80ce5967d384a489b441a9dbe867535906938e03f996c2b7cb2cf0f95ee40c4
DEBUG - 2025-02-28 11:05:07 --> Hasil pencarian: {"id":"1","user_id":null,"npm":"1184097","nama":"Dika Dwi","email":"","password":"$2y$10$c769FHZxNhYZr.9SGsJCIOOXoyE2gLItzkS43DBWoVzVsPh46wYdm","point":"1801","gaya_belajar":"Kinestetik","created_at":"2024-12-13 02:29:49","updated_at":"2025-02-28 11:05:01","deleted_at":null,"token":"d80ce5967d384a489b441a9dbe867535906938e03f996c2b7cb2cf0f95ee40c4","last_login":"2025-02-24 10:49:22"}
INFO - 2025-02-28 11:05:07 --> Session: Class initialized using 'CodeIgniter\Session\Handlers\FileHandler' driver.
DEBUG - 2025-02-28 11:05:07 --> Session token: d80ce5967d384a489b441a9dbe867535906938e03f996c2b7cb2cf0f95ee40c4
DEBUG - 2025-02-28 11:05:07 --> Raw Authorization header: Bearer d80ce5967d384a489b441a9dbe867535906938e03f996c2b7cb2cf0f95ee40c4
DEBUG - 2025-02-28 11:05:07 --> Token dari header: d80ce5967d384a489b441a9dbe867535906938e03f996c2b7cb2cf0f95ee40c4
DEBUG - 2025-02-28 11:05:07 --> SQL: SELECT *
FROM `mahasiswa`
WHERE `token` = 'd80ce5967d384a489b441a9dbe867535906938e03f996c2b7cb2cf0f95ee40c4'
 LIMIT 1
DEBUG - 2025-02-28 11:05:07 --> Token yang dicari: d80ce5967d384a489b441a9dbe867535906938e03f996c2b7cb2cf0f95ee40c4
DEBUG - 2025-02-28 11:05:07 --> Hasil pencarian: {"id":"1","user_id":null,"npm":"1184097","nama":"Dika Dwi","email":"","password":"$2y$10$c769FHZxNhYZr.9SGsJCIOOXoyE2gLItzkS43DBWoVzVsPh46wYdm","point":"1801","gaya_belajar":"Kinestetik","created_at":"2024-12-13 02:29:49","updated_at":"2025-02-28 11:05:01","deleted_at":null,"token":"d80ce5967d384a489b441a9dbe867535906938e03f996c2b7cb2cf0f95ee40c4","last_login":"2025-02-24 10:49:22"}
INFO - 2025-02-28 11:05:08 --> Session: Class initialized using 'CodeIgniter\Session\Handlers\FileHandler' driver.
INFO - 2025-02-28 11:05:08 --> Session: Class initialized using 'CodeIgniter\Session\Handlers\FileHandler' driver.
INFO - 2025-02-28 11:05:09 --> Session: Class initialized using 'CodeIgniter\Session\Handlers\FileHandler' driver.
INFO - 2025-02-28 11:05:10 --> Session: Class initialized using 'CodeIgniter\Session\Handlers\FileHandler' driver.
INFO - 2025-02-28 11:05:13 --> Session: Class initialized using 'CodeIgniter\Session\Handlers\FileHandler' driver.
INFO - 2025-02-28 11:05:13 --> Session: Class initialized using 'CodeIgniter\Session\Handlers\FileHandler' driver.
INFO - 2025-02-28 11:10:36 --> Session: Class initialized using 'CodeIgniter\Session\Handlers\FileHandler' driver.
INFO - 2025-02-28 11:10:37 --> Session: Class initialized using 'CodeIgniter\Session\Handlers\FileHandler' driver.
INFO - 2025-02-28 11:10:39 --> Session: Class initialized using 'CodeIgniter\Session\Handlers\FileHandler' driver.
INFO - 2025-02-28 11:10:40 --> Session: Class initialized using 'CodeIgniter\Session\Handlers\FileHandler' driver.
INFO - 2025-02-28 11:10:40 --> Session: Class initialized using 'CodeIgniter\Session\Handlers\FileHandler' driver.
DEBUG - 2025-02-28 11:10:40 --> Session token: d80ce5967d384a489b441a9dbe867535906938e03f996c2b7cb2cf0f95ee40c4
DEBUG - 2025-02-28 11:10:40 --> Raw Authorization header: Bearer d80ce5967d384a489b441a9dbe867535906938e03f996c2b7cb2cf0f95ee40c4
DEBUG - 2025-02-28 11:10:40 --> Token dari header: d80ce5967d384a489b441a9dbe867535906938e03f996c2b7cb2cf0f95ee40c4
DEBUG - 2025-02-28 11:10:40 --> SQL: SELECT *
FROM `mahasiswa`
WHERE `token` = 'd80ce5967d384a489b441a9dbe867535906938e03f996c2b7cb2cf0f95ee40c4'
 LIMIT 1
DEBUG - 2025-02-28 11:10:40 --> Token yang dicari: d80ce5967d384a489b441a9dbe867535906938e03f996c2b7cb2cf0f95ee40c4
DEBUG - 2025-02-28 11:10:40 --> Hasil pencarian: {"id":"1","user_id":null,"npm":"1184097","nama":"Dika Dwi","email":"","password":"$2y$10$c769FHZxNhYZr.9SGsJCIOOXoyE2gLItzkS43DBWoVzVsPh46wYdm","point":"1801","gaya_belajar":"Kinestetik","created_at":"2024-12-13 02:29:49","updated_at":"2025-02-28 11:05:01","deleted_at":null,"token":"d80ce5967d384a489b441a9dbe867535906938e03f996c2b7cb2cf0f95ee40c4","last_login":"2025-02-24 10:49:22"}
INFO - 2025-02-28 11:10:40 --> Session: Class initialized using 'CodeIgniter\Session\Handlers\FileHandler' driver.
DEBUG - 2025-02-28 11:10:40 --> Session token: d80ce5967d384a489b441a9dbe867535906938e03f996c2b7cb2cf0f95ee40c4
DEBUG - 2025-02-28 11:10:40 --> Raw Authorization header: Bearer d80ce5967d384a489b441a9dbe867535906938e03f996c2b7cb2cf0f95ee40c4
DEBUG - 2025-02-28 11:10:40 --> Token dari header: d80ce5967d384a489b441a9dbe867535906938e03f996c2b7cb2cf0f95ee40c4
DEBUG - 2025-02-28 11:10:40 --> SQL: SELECT *
FROM `mahasiswa`
WHERE `token` = 'd80ce5967d384a489b441a9dbe867535906938e03f996c2b7cb2cf0f95ee40c4'
 LIMIT 1
DEBUG - 2025-02-28 11:10:40 --> Token yang dicari: d80ce5967d384a489b441a9dbe867535906938e03f996c2b7cb2cf0f95ee40c4
DEBUG - 2025-02-28 11:10:40 --> Hasil pencarian: {"id":"1","user_id":null,"npm":"1184097","nama":"Dika Dwi","email":"","password":"$2y$10$c769FHZxNhYZr.9SGsJCIOOXoyE2gLItzkS43DBWoVzVsPh46wYdm","point":"1801","gaya_belajar":"Kinestetik","created_at":"2024-12-13 02:29:49","updated_at":"2025-02-28 11:05:01","deleted_at":null,"token":"d80ce5967d384a489b441a9dbe867535906938e03f996c2b7cb2cf0f95ee40c4","last_login":"2025-02-24 10:49:22"}
INFO - 2025-02-28 11:10:40 --> Session: Class initialized using 'CodeIgniter\Session\Handlers\FileHandler' driver.
DEBUG - 2025-02-28 11:10:40 --> Session token: d80ce5967d384a489b441a9dbe867535906938e03f996c2b7cb2cf0f95ee40c4
DEBUG - 2025-02-28 11:10:40 --> Raw Authorization header: Bearer d80ce5967d384a489b441a9dbe867535906938e03f996c2b7cb2cf0f95ee40c4
DEBUG - 2025-02-28 11:10:40 --> Token dari header: d80ce5967d384a489b441a9dbe867535906938e03f996c2b7cb2cf0f95ee40c4
DEBUG - 2025-02-28 11:10:40 --> SQL: SELECT *
FROM `mahasiswa`
WHERE `token` = 'd80ce5967d384a489b441a9dbe867535906938e03f996c2b7cb2cf0f95ee40c4'
 LIMIT 1
DEBUG - 2025-02-28 11:10:40 --> Token yang dicari: d80ce5967d384a489b441a9dbe867535906938e03f996c2b7cb2cf0f95ee40c4
DEBUG - 2025-02-28 11:10:40 --> Hasil pencarian: {"id":"1","user_id":null,"npm":"1184097","nama":"Dika Dwi","email":"","password":"$2y$10$c769FHZxNhYZr.9SGsJCIOOXoyE2gLItzkS43DBWoVzVsPh46wYdm","point":"1801","gaya_belajar":"Kinestetik","created_at":"2024-12-13 02:29:49","updated_at":"2025-02-28 11:05:01","deleted_at":null,"token":"d80ce5967d384a489b441a9dbe867535906938e03f996c2b7cb2cf0f95ee40c4","last_login":"2025-02-24 10:49:22"}
INFO - 2025-02-28 11:10:45 --> Session: Class initialized using 'CodeIgniter\Session\Handlers\FileHandler' driver.
INFO - 2025-02-28 11:10:45 --> Session: Class initialized using 'CodeIgniter\Session\Handlers\FileHandler' driver.
INFO - 2025-02-28 11:10:46 --> Session: Class initialized using 'CodeIgniter\Session\Handlers\FileHandler' driver.
INFO - 2025-02-28 11:10:46 --> Session: Class initialized using 'CodeIgniter\Session\Handlers\FileHandler' driver.
DEBUG - 2025-02-28 11:10:46 --> Session token: d80ce5967d384a489b441a9dbe867535906938e03f996c2b7cb2cf0f95ee40c4
DEBUG - 2025-02-28 11:10:46 --> Raw Authorization header: Bearer d80ce5967d384a489b441a9dbe867535906938e03f996c2b7cb2cf0f95ee40c4
DEBUG - 2025-02-28 11:10:46 --> Token dari header: d80ce5967d384a489b441a9dbe867535906938e03f996c2b7cb2cf0f95ee40c4
DEBUG - 2025-02-28 11:10:46 --> SQL: SELECT *
FROM `mahasiswa`
WHERE `token` = 'd80ce5967d384a489b441a9dbe867535906938e03f996c2b7cb2cf0f95ee40c4'
 LIMIT 1
DEBUG - 2025-02-28 11:10:46 --> Token yang dicari: d80ce5967d384a489b441a9dbe867535906938e03f996c2b7cb2cf0f95ee40c4
DEBUG - 2025-02-28 11:10:46 --> Hasil pencarian: {"id":"1","user_id":null,"npm":"1184097","nama":"Dika Dwi","email":"","password":"$2y$10$c769FHZxNhYZr.9SGsJCIOOXoyE2gLItzkS43DBWoVzVsPh46wYdm","point":"1801","gaya_belajar":"Kinestetik","created_at":"2024-12-13 02:29:49","updated_at":"2025-02-28 11:05:01","deleted_at":null,"token":"d80ce5967d384a489b441a9dbe867535906938e03f996c2b7cb2cf0f95ee40c4","last_login":"2025-02-24 10:49:22"}
INFO - 2025-02-28 11:10:46 --> Session: Class initialized using 'CodeIgniter\Session\Handlers\FileHandler' driver.
DEBUG - 2025-02-28 11:10:46 --> Session token: d80ce5967d384a489b441a9dbe867535906938e03f996c2b7cb2cf0f95ee40c4
DEBUG - 2025-02-28 11:10:46 --> Raw Authorization header: Bearer d80ce5967d384a489b441a9dbe867535906938e03f996c2b7cb2cf0f95ee40c4
DEBUG - 2025-02-28 11:10:46 --> Token dari header: d80ce5967d384a489b441a9dbe867535906938e03f996c2b7cb2cf0f95ee40c4
DEBUG - 2025-02-28 11:10:46 --> SQL: SELECT *
FROM `mahasiswa`
WHERE `token` = 'd80ce5967d384a489b441a9dbe867535906938e03f996c2b7cb2cf0f95ee40c4'
 LIMIT 1
DEBUG - 2025-02-28 11:10:46 --> Token yang dicari: d80ce5967d384a489b441a9dbe867535906938e03f996c2b7cb2cf0f95ee40c4
DEBUG - 2025-02-28 11:10:46 --> Hasil pencarian: {"id":"1","user_id":null,"npm":"1184097","nama":"Dika Dwi","email":"","password":"$2y$10$c769FHZxNhYZr.9SGsJCIOOXoyE2gLItzkS43DBWoVzVsPh46wYdm","point":"1801","gaya_belajar":"Kinestetik","created_at":"2024-12-13 02:29:49","updated_at":"2025-02-28 11:05:01","deleted_at":null,"token":"d80ce5967d384a489b441a9dbe867535906938e03f996c2b7cb2cf0f95ee40c4","last_login":"2025-02-24 10:49:22"}
INFO - 2025-02-28 11:10:46 --> Session: Class initialized using 'CodeIgniter\Session\Handlers\FileHandler' driver.
DEBUG - 2025-02-28 11:10:46 --> Session token: d80ce5967d384a489b441a9dbe867535906938e03f996c2b7cb2cf0f95ee40c4
DEBUG - 2025-02-28 11:10:46 --> Raw Authorization header: Bearer d80ce5967d384a489b441a9dbe867535906938e03f996c2b7cb2cf0f95ee40c4
DEBUG - 2025-02-28 11:10:46 --> Token dari header: d80ce5967d384a489b441a9dbe867535906938e03f996c2b7cb2cf0f95ee40c4
DEBUG - 2025-02-28 11:10:47 --> SQL: SELECT *
FROM `mahasiswa`
WHERE `token` = 'd80ce5967d384a489b441a9dbe867535906938e03f996c2b7cb2cf0f95ee40c4'
 LIMIT 1
DEBUG - 2025-02-28 11:10:47 --> Token yang dicari: d80ce5967d384a489b441a9dbe867535906938e03f996c2b7cb2cf0f95ee40c4
DEBUG - 2025-02-28 11:10:47 --> Hasil pencarian: {"id":"1","user_id":null,"npm":"1184097","nama":"Dika Dwi","email":"","password":"$2y$10$c769FHZxNhYZr.9SGsJCIOOXoyE2gLItzkS43DBWoVzVsPh46wYdm","point":"1801","gaya_belajar":"Kinestetik","created_at":"2024-12-13 02:29:49","updated_at":"2025-02-28 11:05:01","deleted_at":null,"token":"d80ce5967d384a489b441a9dbe867535906938e03f996c2b7cb2cf0f95ee40c4","last_login":"2025-02-24 10:49:22"}
INFO - 2025-02-28 11:10:48 --> Session: Class initialized using 'CodeIgniter\Session\Handlers\FileHandler' driver.
INFO - 2025-02-28 11:10:48 --> Session: Class initialized using 'CodeIgniter\Session\Handlers\FileHandler' driver.
INFO - 2025-02-28 11:10:51 --> Session: Class initialized using 'CodeIgniter\Session\Handlers\FileHandler' driver.
INFO - 2025-02-28 11:10:51 --> Session: Class initialized using 'CodeIgniter\Session\Handlers\FileHandler' driver.
INFO - 2025-02-28 11:11:01 --> Session: Class initialized using 'CodeIgniter\Session\Handlers\FileHandler' driver.
INFO - 2025-02-28 11:11:01 --> Session: Class initialized using 'CodeIgniter\Session\Handlers\FileHandler' driver.
INFO - 2025-02-28 11:11:02 --> Session: Class initialized using 'CodeIgniter\Session\Handlers\FileHandler' driver.
DEBUG - 2025-02-28 11:11:02 --> Session token: d80ce5967d384a489b441a9dbe867535906938e03f996c2b7cb2cf0f95ee40c4
DEBUG - 2025-02-28 11:11:02 --> Raw Authorization header: Bearer d80ce5967d384a489b441a9dbe867535906938e03f996c2b7cb2cf0f95ee40c4
DEBUG - 2025-02-28 11:11:02 --> Token dari header: d80ce5967d384a489b441a9dbe867535906938e03f996c2b7cb2cf0f95ee40c4
DEBUG - 2025-02-28 11:11:02 --> SQL: SELECT *
FROM `mahasiswa`
WHERE `token` = 'd80ce5967d384a489b441a9dbe867535906938e03f996c2b7cb2cf0f95ee40c4'
 LIMIT 1
DEBUG - 2025-02-28 11:11:02 --> Token yang dicari: d80ce5967d384a489b441a9dbe867535906938e03f996c2b7cb2cf0f95ee40c4
DEBUG - 2025-02-28 11:11:02 --> Hasil pencarian: {"id":"1","user_id":null,"npm":"1184097","nama":"Dika Dwi","email":"","password":"$2y$10$c769FHZxNhYZr.9SGsJCIOOXoyE2gLItzkS43DBWoVzVsPh46wYdm","point":"1801","gaya_belajar":"Kinestetik","created_at":"2024-12-13 02:29:49","updated_at":"2025-02-28 11:05:01","deleted_at":null,"token":"d80ce5967d384a489b441a9dbe867535906938e03f996c2b7cb2cf0f95ee40c4","last_login":"2025-02-24 10:49:22"}
INFO - 2025-02-28 11:11:02 --> Session: Class initialized using 'CodeIgniter\Session\Handlers\FileHandler' driver.
DEBUG - 2025-02-28 11:11:02 --> Session token: d80ce5967d384a489b441a9dbe867535906938e03f996c2b7cb2cf0f95ee40c4
DEBUG - 2025-02-28 11:11:02 --> Raw Authorization header: Bearer d80ce5967d384a489b441a9dbe867535906938e03f996c2b7cb2cf0f95ee40c4
DEBUG - 2025-02-28 11:11:02 --> Token dari header: d80ce5967d384a489b441a9dbe867535906938e03f996c2b7cb2cf0f95ee40c4
DEBUG - 2025-02-28 11:11:02 --> SQL: SELECT *
FROM `mahasiswa`
WHERE `token` = 'd80ce5967d384a489b441a9dbe867535906938e03f996c2b7cb2cf0f95ee40c4'
 LIMIT 1
DEBUG - 2025-02-28 11:11:02 --> Token yang dicari: d80ce5967d384a489b441a9dbe867535906938e03f996c2b7cb2cf0f95ee40c4
DEBUG - 2025-02-28 11:11:02 --> Hasil pencarian: {"id":"1","user_id":null,"npm":"1184097","nama":"Dika Dwi","email":"","password":"$2y$10$c769FHZxNhYZr.9SGsJCIOOXoyE2gLItzkS43DBWoVzVsPh46wYdm","point":"1801","gaya_belajar":"Kinestetik","created_at":"2024-12-13 02:29:49","updated_at":"2025-02-28 11:05:01","deleted_at":null,"token":"d80ce5967d384a489b441a9dbe867535906938e03f996c2b7cb2cf0f95ee40c4","last_login":"2025-02-24 10:49:22"}
INFO - 2025-02-28 11:11:02 --> Session: Class initialized using 'CodeIgniter\Session\Handlers\FileHandler' driver.
DEBUG - 2025-02-28 11:11:02 --> Session token: d80ce5967d384a489b441a9dbe867535906938e03f996c2b7cb2cf0f95ee40c4
DEBUG - 2025-02-28 11:11:02 --> Raw Authorization header: Bearer d80ce5967d384a489b441a9dbe867535906938e03f996c2b7cb2cf0f95ee40c4
DEBUG - 2025-02-28 11:11:02 --> Token dari header: d80ce5967d384a489b441a9dbe867535906938e03f996c2b7cb2cf0f95ee40c4
DEBUG - 2025-02-28 11:11:02 --> SQL: SELECT *
FROM `mahasiswa`
WHERE `token` = 'd80ce5967d384a489b441a9dbe867535906938e03f996c2b7cb2cf0f95ee40c4'
 LIMIT 1
DEBUG - 2025-02-28 11:11:02 --> Token yang dicari: d80ce5967d384a489b441a9dbe867535906938e03f996c2b7cb2cf0f95ee40c4
DEBUG - 2025-02-28 11:11:02 --> Hasil pencarian: {"id":"1","user_id":null,"npm":"1184097","nama":"Dika Dwi","email":"","password":"$2y$10$c769FHZxNhYZr.9SGsJCIOOXoyE2gLItzkS43DBWoVzVsPh46wYdm","point":"1801","gaya_belajar":"Kinestetik","created_at":"2024-12-13 02:29:49","updated_at":"2025-02-28 11:05:01","deleted_at":null,"token":"d80ce5967d384a489b441a9dbe867535906938e03f996c2b7cb2cf0f95ee40c4","last_login":"2025-02-24 10:49:22"}
INFO - 2025-02-28 11:11:06 --> Session: Class initialized using 'CodeIgniter\Session\Handlers\FileHandler' driver.
INFO - 2025-02-28 11:11:06 --> Session: Class initialized using 'CodeIgniter\Session\Handlers\FileHandler' driver.
INFO - 2025-02-28 11:11:07 --> Session: Class initialized using 'CodeIgniter\Session\Handlers\FileHandler' driver.
DEBUG - 2025-02-28 11:11:07 --> Session token: d80ce5967d384a489b441a9dbe867535906938e03f996c2b7cb2cf0f95ee40c4
DEBUG - 2025-02-28 11:11:07 --> Raw Authorization header: Bearer d80ce5967d384a489b441a9dbe867535906938e03f996c2b7cb2cf0f95ee40c4
DEBUG - 2025-02-28 11:11:07 --> Token dari header: d80ce5967d384a489b441a9dbe867535906938e03f996c2b7cb2cf0f95ee40c4
DEBUG - 2025-02-28 11:11:07 --> SQL: SELECT *
FROM `mahasiswa`
WHERE `token` = 'd80ce5967d384a489b441a9dbe867535906938e03f996c2b7cb2cf0f95ee40c4'
 LIMIT 1
DEBUG - 2025-02-28 11:11:07 --> Token yang dicari: d80ce5967d384a489b441a9dbe867535906938e03f996c2b7cb2cf0f95ee40c4
DEBUG - 2025-02-28 11:11:07 --> Hasil pencarian: {"id":"1","user_id":null,"npm":"1184097","nama":"Dika Dwi","email":"","password":"$2y$10$c769FHZxNhYZr.9SGsJCIOOXoyE2gLItzkS43DBWoVzVsPh46wYdm","point":"1801","gaya_belajar":"Kinestetik","created_at":"2024-12-13 02:29:49","updated_at":"2025-02-28 11:05:01","deleted_at":null,"token":"d80ce5967d384a489b441a9dbe867535906938e03f996c2b7cb2cf0f95ee40c4","last_login":"2025-02-24 10:49:22"}
INFO - 2025-02-28 11:11:07 --> Session: Class initialized using 'CodeIgniter\Session\Handlers\FileHandler' driver.
DEBUG - 2025-02-28 11:11:07 --> Session token: d80ce5967d384a489b441a9dbe867535906938e03f996c2b7cb2cf0f95ee40c4
DEBUG - 2025-02-28 11:11:07 --> Raw Authorization header: Bearer d80ce5967d384a489b441a9dbe867535906938e03f996c2b7cb2cf0f95ee40c4
DEBUG - 2025-02-28 11:11:07 --> Token dari header: d80ce5967d384a489b441a9dbe867535906938e03f996c2b7cb2cf0f95ee40c4
DEBUG - 2025-02-28 11:11:07 --> SQL: SELECT *
FROM `mahasiswa`
WHERE `token` = 'd80ce5967d384a489b441a9dbe867535906938e03f996c2b7cb2cf0f95ee40c4'
 LIMIT 1
DEBUG - 2025-02-28 11:11:07 --> Token yang dicari: d80ce5967d384a489b441a9dbe867535906938e03f996c2b7cb2cf0f95ee40c4
DEBUG - 2025-02-28 11:11:07 --> Hasil pencarian: {"id":"1","user_id":null,"npm":"1184097","nama":"Dika Dwi","email":"","password":"$2y$10$c769FHZxNhYZr.9SGsJCIOOXoyE2gLItzkS43DBWoVzVsPh46wYdm","point":"1801","gaya_belajar":"Kinestetik","created_at":"2024-12-13 02:29:49","updated_at":"2025-02-28 11:05:01","deleted_at":null,"token":"d80ce5967d384a489b441a9dbe867535906938e03f996c2b7cb2cf0f95ee40c4","last_login":"2025-02-24 10:49:22"}
INFO - 2025-02-28 11:11:07 --> Session: Class initialized using 'CodeIgniter\Session\Handlers\FileHandler' driver.
DEBUG - 2025-02-28 11:11:07 --> Session token: d80ce5967d384a489b441a9dbe867535906938e03f996c2b7cb2cf0f95ee40c4
DEBUG - 2025-02-28 11:11:07 --> Raw Authorization header: Bearer d80ce5967d384a489b441a9dbe867535906938e03f996c2b7cb2cf0f95ee40c4
DEBUG - 2025-02-28 11:11:07 --> Token dari header: d80ce5967d384a489b441a9dbe867535906938e03f996c2b7cb2cf0f95ee40c4
DEBUG - 2025-02-28 11:11:07 --> SQL: SELECT *
FROM `mahasiswa`
WHERE `token` = 'd80ce5967d384a489b441a9dbe867535906938e03f996c2b7cb2cf0f95ee40c4'
 LIMIT 1
DEBUG - 2025-02-28 11:11:07 --> Token yang dicari: d80ce5967d384a489b441a9dbe867535906938e03f996c2b7cb2cf0f95ee40c4
DEBUG - 2025-02-28 11:11:07 --> Hasil pencarian: {"id":"1","user_id":null,"npm":"1184097","nama":"Dika Dwi","email":"","password":"$2y$10$c769FHZxNhYZr.9SGsJCIOOXoyE2gLItzkS43DBWoVzVsPh46wYdm","point":"1801","gaya_belajar":"Kinestetik","created_at":"2024-12-13 02:29:49","updated_at":"2025-02-28 11:05:01","deleted_at":null,"token":"d80ce5967d384a489b441a9dbe867535906938e03f996c2b7cb2cf0f95ee40c4","last_login":"2025-02-24 10:49:22"}
INFO - 2025-02-28 11:11:08 --> Session: Class initialized using 'CodeIgniter\Session\Handlers\FileHandler' driver.
INFO - 2025-02-28 11:11:08 --> Session: Class initialized using 'CodeIgniter\Session\Handlers\FileHandler' driver.
INFO - 2025-02-28 11:11:08 --> Session: Class initialized using 'CodeIgniter\Session\Handlers\FileHandler' driver.
DEBUG - 2025-02-28 11:11:08 --> Session token: d80ce5967d384a489b441a9dbe867535906938e03f996c2b7cb2cf0f95ee40c4
DEBUG - 2025-02-28 11:11:08 --> Raw Authorization header: Bearer d80ce5967d384a489b441a9dbe867535906938e03f996c2b7cb2cf0f95ee40c4
DEBUG - 2025-02-28 11:11:08 --> Token dari header: d80ce5967d384a489b441a9dbe867535906938e03f996c2b7cb2cf0f95ee40c4
DEBUG - 2025-02-28 11:11:08 --> SQL: SELECT *
FROM `mahasiswa`
WHERE `token` = 'd80ce5967d384a489b441a9dbe867535906938e03f996c2b7cb2cf0f95ee40c4'
 LIMIT 1
DEBUG - 2025-02-28 11:11:08 --> Token yang dicari: d80ce5967d384a489b441a9dbe867535906938e03f996c2b7cb2cf0f95ee40c4
DEBUG - 2025-02-28 11:11:08 --> Hasil pencarian: {"id":"1","user_id":null,"npm":"1184097","nama":"Dika Dwi","email":"","password":"$2y$10$c769FHZxNhYZr.9SGsJCIOOXoyE2gLItzkS43DBWoVzVsPh46wYdm","point":"1801","gaya_belajar":"Kinestetik","created_at":"2024-12-13 02:29:49","updated_at":"2025-02-28 11:05:01","deleted_at":null,"token":"d80ce5967d384a489b441a9dbe867535906938e03f996c2b7cb2cf0f95ee40c4","last_login":"2025-02-24 10:49:22"}
INFO - 2025-02-28 11:11:09 --> Session: Class initialized using 'CodeIgniter\Session\Handlers\FileHandler' driver.
DEBUG - 2025-02-28 11:11:09 --> Session token: d80ce5967d384a489b441a9dbe867535906938e03f996c2b7cb2cf0f95ee40c4
DEBUG - 2025-02-28 11:11:09 --> Raw Authorization header: Bearer d80ce5967d384a489b441a9dbe867535906938e03f996c2b7cb2cf0f95ee40c4
DEBUG - 2025-02-28 11:11:09 --> Token dari header: d80ce5967d384a489b441a9dbe867535906938e03f996c2b7cb2cf0f95ee40c4
DEBUG - 2025-02-28 11:11:09 --> SQL: SELECT *
FROM `mahasiswa`
WHERE `token` = 'd80ce5967d384a489b441a9dbe867535906938e03f996c2b7cb2cf0f95ee40c4'
 LIMIT 1
DEBUG - 2025-02-28 11:11:09 --> Token yang dicari: d80ce5967d384a489b441a9dbe867535906938e03f996c2b7cb2cf0f95ee40c4
DEBUG - 2025-02-28 11:11:09 --> Hasil pencarian: {"id":"1","user_id":null,"npm":"1184097","nama":"Dika Dwi","email":"","password":"$2y$10$c769FHZxNhYZr.9SGsJCIOOXoyE2gLItzkS43DBWoVzVsPh46wYdm","point":"1801","gaya_belajar":"Kinestetik","created_at":"2024-12-13 02:29:49","updated_at":"2025-02-28 11:05:01","deleted_at":null,"token":"d80ce5967d384a489b441a9dbe867535906938e03f996c2b7cb2cf0f95ee40c4","last_login":"2025-02-24 10:49:22"}
INFO - 2025-02-28 11:11:09 --> Session: Class initialized using 'CodeIgniter\Session\Handlers\FileHandler' driver.
DEBUG - 2025-02-28 11:11:09 --> Session token: d80ce5967d384a489b441a9dbe867535906938e03f996c2b7cb2cf0f95ee40c4
DEBUG - 2025-02-28 11:11:09 --> Raw Authorization header: Bearer d80ce5967d384a489b441a9dbe867535906938e03f996c2b7cb2cf0f95ee40c4
DEBUG - 2025-02-28 11:11:09 --> Token dari header: d80ce5967d384a489b441a9dbe867535906938e03f996c2b7cb2cf0f95ee40c4
DEBUG - 2025-02-28 11:11:09 --> SQL: SELECT *
FROM `mahasiswa`
WHERE `token` = 'd80ce5967d384a489b441a9dbe867535906938e03f996c2b7cb2cf0f95ee40c4'
 LIMIT 1
DEBUG - 2025-02-28 11:11:09 --> Token yang dicari: d80ce5967d384a489b441a9dbe867535906938e03f996c2b7cb2cf0f95ee40c4
DEBUG - 2025-02-28 11:11:09 --> Hasil pencarian: {"id":"1","user_id":null,"npm":"1184097","nama":"Dika Dwi","email":"","password":"$2y$10$c769FHZxNhYZr.9SGsJCIOOXoyE2gLItzkS43DBWoVzVsPh46wYdm","point":"1801","gaya_belajar":"Kinestetik","created_at":"2024-12-13 02:29:49","updated_at":"2025-02-28 11:05:01","deleted_at":null,"token":"d80ce5967d384a489b441a9dbe867535906938e03f996c2b7cb2cf0f95ee40c4","last_login":"2025-02-24 10:49:22"}
INFO - 2025-02-28 11:11:10 --> Session: Class initialized using 'CodeIgniter\Session\Handlers\FileHandler' driver.
INFO - 2025-02-28 11:11:10 --> Session: Class initialized using 'CodeIgniter\Session\Handlers\FileHandler' driver.
INFO - 2025-02-28 11:11:11 --> Session: Class initialized using 'CodeIgniter\Session\Handlers\FileHandler' driver.
INFO - 2025-02-28 11:11:11 --> Session: Class initialized using 'CodeIgniter\Session\Handlers\FileHandler' driver.
DEBUG - 2025-02-28 11:11:11 --> Session token: d80ce5967d384a489b441a9dbe867535906938e03f996c2b7cb2cf0f95ee40c4
DEBUG - 2025-02-28 11:11:11 --> Raw Authorization header: Bearer d80ce5967d384a489b441a9dbe867535906938e03f996c2b7cb2cf0f95ee40c4
DEBUG - 2025-02-28 11:11:11 --> Token dari header: d80ce5967d384a489b441a9dbe867535906938e03f996c2b7cb2cf0f95ee40c4
DEBUG - 2025-02-28 11:11:11 --> SQL: SELECT *
FROM `mahasiswa`
WHERE `token` = 'd80ce5967d384a489b441a9dbe867535906938e03f996c2b7cb2cf0f95ee40c4'
 LIMIT 1
DEBUG - 2025-02-28 11:11:11 --> Token yang dicari: d80ce5967d384a489b441a9dbe867535906938e03f996c2b7cb2cf0f95ee40c4
DEBUG - 2025-02-28 11:11:11 --> Hasil pencarian: {"id":"1","user_id":null,"npm":"1184097","nama":"Dika Dwi","email":"","password":"$2y$10$c769FHZxNhYZr.9SGsJCIOOXoyE2gLItzkS43DBWoVzVsPh46wYdm","point":"1881","gaya_belajar":"Kinestetik","created_at":"2024-12-13 02:29:49","updated_at":"2025-02-28 11:11:10","deleted_at":null,"token":"d80ce5967d384a489b441a9dbe867535906938e03f996c2b7cb2cf0f95ee40c4","last_login":"2025-02-24 10:49:22"}
INFO - 2025-02-28 11:11:11 --> Session: Class initialized using 'CodeIgniter\Session\Handlers\FileHandler' driver.
DEBUG - 2025-02-28 11:11:11 --> Session token: d80ce5967d384a489b441a9dbe867535906938e03f996c2b7cb2cf0f95ee40c4
DEBUG - 2025-02-28 11:11:11 --> Raw Authorization header: Bearer d80ce5967d384a489b441a9dbe867535906938e03f996c2b7cb2cf0f95ee40c4
DEBUG - 2025-02-28 11:11:11 --> Token dari header: d80ce5967d384a489b441a9dbe867535906938e03f996c2b7cb2cf0f95ee40c4
DEBUG - 2025-02-28 11:11:11 --> SQL: SELECT *
FROM `mahasiswa`
WHERE `token` = 'd80ce5967d384a489b441a9dbe867535906938e03f996c2b7cb2cf0f95ee40c4'
 LIMIT 1
DEBUG - 2025-02-28 11:11:11 --> Token yang dicari: d80ce5967d384a489b441a9dbe867535906938e03f996c2b7cb2cf0f95ee40c4
DEBUG - 2025-02-28 11:11:11 --> Hasil pencarian: {"id":"1","user_id":null,"npm":"1184097","nama":"Dika Dwi","email":"","password":"$2y$10$c769FHZxNhYZr.9SGsJCIOOXoyE2gLItzkS43DBWoVzVsPh46wYdm","point":"1881","gaya_belajar":"Kinestetik","created_at":"2024-12-13 02:29:49","updated_at":"2025-02-28 11:11:10","deleted_at":null,"token":"d80ce5967d384a489b441a9dbe867535906938e03f996c2b7cb2cf0f95ee40c4","last_login":"2025-02-24 10:49:22"}
INFO - 2025-02-28 11:11:12 --> Session: Class initialized using 'CodeIgniter\Session\Handlers\FileHandler' driver.
DEBUG - 2025-02-28 11:11:12 --> Session token: d80ce5967d384a489b441a9dbe867535906938e03f996c2b7cb2cf0f95ee40c4
DEBUG - 2025-02-28 11:11:12 --> Raw Authorization header: Bearer d80ce5967d384a489b441a9dbe867535906938e03f996c2b7cb2cf0f95ee40c4
DEBUG - 2025-02-28 11:11:12 --> Token dari header: d80ce5967d384a489b441a9dbe867535906938e03f996c2b7cb2cf0f95ee40c4
DEBUG - 2025-02-28 11:11:12 --> SQL: SELECT *
FROM `mahasiswa`
WHERE `token` = 'd80ce5967d384a489b441a9dbe867535906938e03f996c2b7cb2cf0f95ee40c4'
 LIMIT 1
DEBUG - 2025-02-28 11:11:12 --> Token yang dicari: d80ce5967d384a489b441a9dbe867535906938e03f996c2b7cb2cf0f95ee40c4
DEBUG - 2025-02-28 11:11:12 --> Hasil pencarian: {"id":"1","user_id":null,"npm":"1184097","nama":"Dika Dwi","email":"","password":"$2y$10$c769FHZxNhYZr.9SGsJCIOOXoyE2gLItzkS43DBWoVzVsPh46wYdm","point":"1881","gaya_belajar":"Kinestetik","created_at":"2024-12-13 02:29:49","updated_at":"2025-02-28 11:11:10","deleted_at":null,"token":"d80ce5967d384a489b441a9dbe867535906938e03f996c2b7cb2cf0f95ee40c4","last_login":"2025-02-24 10:49:22"}
INFO - 2025-02-28 11:11:13 --> Session: Class initialized using 'CodeIgniter\Session\Handlers\FileHandler' driver.
INFO - 2025-02-28 11:11:14 --> Session: Class initialized using 'CodeIgniter\Session\Handlers\FileHandler' driver.
INFO - 2025-02-28 11:11:14 --> Session: Class initialized using 'CodeIgniter\Session\Handlers\FileHandler' driver.
DEBUG - 2025-02-28 11:11:14 --> Session token: d80ce5967d384a489b441a9dbe867535906938e03f996c2b7cb2cf0f95ee40c4
DEBUG - 2025-02-28 11:11:14 --> Raw Authorization header: Bearer d80ce5967d384a489b441a9dbe867535906938e03f996c2b7cb2cf0f95ee40c4
DEBUG - 2025-02-28 11:11:14 --> Token dari header: d80ce5967d384a489b441a9dbe867535906938e03f996c2b7cb2cf0f95ee40c4
DEBUG - 2025-02-28 11:11:14 --> SQL: SELECT *
FROM `mahasiswa`
WHERE `token` = 'd80ce5967d384a489b441a9dbe867535906938e03f996c2b7cb2cf0f95ee40c4'
 LIMIT 1
DEBUG - 2025-02-28 11:11:14 --> Token yang dicari: d80ce5967d384a489b441a9dbe867535906938e03f996c2b7cb2cf0f95ee40c4
DEBUG - 2025-02-28 11:11:14 --> Hasil pencarian: {"id":"1","user_id":null,"npm":"1184097","nama":"Dika Dwi","email":"","password":"$2y$10$c769FHZxNhYZr.9SGsJCIOOXoyE2gLItzkS43DBWoVzVsPh46wYdm","point":"1881","gaya_belajar":"Kinestetik","created_at":"2024-12-13 02:29:49","updated_at":"2025-02-28 11:11:10","deleted_at":null,"token":"d80ce5967d384a489b441a9dbe867535906938e03f996c2b7cb2cf0f95ee40c4","last_login":"2025-02-24 10:49:22"}
INFO - 2025-02-28 11:11:14 --> Session: Class initialized using 'CodeIgniter\Session\Handlers\FileHandler' driver.
DEBUG - 2025-02-28 11:11:14 --> Session token: d80ce5967d384a489b441a9dbe867535906938e03f996c2b7cb2cf0f95ee40c4
DEBUG - 2025-02-28 11:11:14 --> Raw Authorization header: Bearer d80ce5967d384a489b441a9dbe867535906938e03f996c2b7cb2cf0f95ee40c4
DEBUG - 2025-02-28 11:11:14 --> Token dari header: d80ce5967d384a489b441a9dbe867535906938e03f996c2b7cb2cf0f95ee40c4
DEBUG - 2025-02-28 11:11:14 --> SQL: SELECT *
FROM `mahasiswa`
WHERE `token` = 'd80ce5967d384a489b441a9dbe867535906938e03f996c2b7cb2cf0f95ee40c4'
 LIMIT 1
DEBUG - 2025-02-28 11:11:14 --> Token yang dicari: d80ce5967d384a489b441a9dbe867535906938e03f996c2b7cb2cf0f95ee40c4
DEBUG - 2025-02-28 11:11:14 --> Hasil pencarian: {"id":"1","user_id":null,"npm":"1184097","nama":"Dika Dwi","email":"","password":"$2y$10$c769FHZxNhYZr.9SGsJCIOOXoyE2gLItzkS43DBWoVzVsPh46wYdm","point":"1881","gaya_belajar":"Kinestetik","created_at":"2024-12-13 02:29:49","updated_at":"2025-02-28 11:11:10","deleted_at":null,"token":"d80ce5967d384a489b441a9dbe867535906938e03f996c2b7cb2cf0f95ee40c4","last_login":"2025-02-24 10:49:22"}
INFO - 2025-02-28 11:11:15 --> Session: Class initialized using 'CodeIgniter\Session\Handlers\FileHandler' driver.
DEBUG - 2025-02-28 11:11:15 --> Session token: d80ce5967d384a489b441a9dbe867535906938e03f996c2b7cb2cf0f95ee40c4
DEBUG - 2025-02-28 11:11:15 --> Raw Authorization header: Bearer d80ce5967d384a489b441a9dbe867535906938e03f996c2b7cb2cf0f95ee40c4
DEBUG - 2025-02-28 11:11:15 --> Token dari header: d80ce5967d384a489b441a9dbe867535906938e03f996c2b7cb2cf0f95ee40c4
DEBUG - 2025-02-28 11:11:15 --> SQL: SELECT *
FROM `mahasiswa`
WHERE `token` = 'd80ce5967d384a489b441a9dbe867535906938e03f996c2b7cb2cf0f95ee40c4'
 LIMIT 1
DEBUG - 2025-02-28 11:11:15 --> Token yang dicari: d80ce5967d384a489b441a9dbe867535906938e03f996c2b7cb2cf0f95ee40c4
DEBUG - 2025-02-28 11:11:15 --> Hasil pencarian: {"id":"1","user_id":null,"npm":"1184097","nama":"Dika Dwi","email":"","password":"$2y$10$c769FHZxNhYZr.9SGsJCIOOXoyE2gLItzkS43DBWoVzVsPh46wYdm","point":"1881","gaya_belajar":"Kinestetik","created_at":"2024-12-13 02:29:49","updated_at":"2025-02-28 11:11:10","deleted_at":null,"token":"d80ce5967d384a489b441a9dbe867535906938e03f996c2b7cb2cf0f95ee40c4","last_login":"2025-02-24 10:49:22"}
INFO - 2025-02-28 11:11:27 --> Session: Class initialized using 'CodeIgniter\Session\Handlers\FileHandler' driver.
INFO - 2025-02-28 11:11:27 --> Session: Class initialized using 'CodeIgniter\Session\Handlers\FileHandler' driver.
INFO - 2025-02-28 11:11:36 --> Session: Class initialized using 'CodeIgniter\Session\Handlers\FileHandler' driver.
INFO - 2025-02-28 11:11:36 --> Session: Class initialized using 'CodeIgniter\Session\Handlers\FileHandler' driver.
INFO - 2025-02-28 11:11:37 --> Session: Class initialized using 'CodeIgniter\Session\Handlers\FileHandler' driver.
INFO - 2025-02-28 11:11:41 --> Session: Class initialized using 'CodeIgniter\Session\Handlers\FileHandler' driver.
INFO - 2025-02-28 11:11:41 --> Session: Class initialized using 'CodeIgniter\Session\Handlers\FileHandler' driver.
INFO - 2025-02-28 11:11:42 --> Session: Class initialized using 'CodeIgniter\Session\Handlers\FileHandler' driver.
DEBUG - 2025-02-28 11:11:42 --> Session token: d80ce5967d384a489b441a9dbe867535906938e03f996c2b7cb2cf0f95ee40c4
DEBUG - 2025-02-28 11:11:42 --> Raw Authorization header: Bearer d80ce5967d384a489b441a9dbe867535906938e03f996c2b7cb2cf0f95ee40c4
DEBUG - 2025-02-28 11:11:42 --> Token dari header: d80ce5967d384a489b441a9dbe867535906938e03f996c2b7cb2cf0f95ee40c4
DEBUG - 2025-02-28 11:11:42 --> SQL: SELECT *
FROM `mahasiswa`
WHERE `token` = 'd80ce5967d384a489b441a9dbe867535906938e03f996c2b7cb2cf0f95ee40c4'
 LIMIT 1
DEBUG - 2025-02-28 11:11:42 --> Token yang dicari: d80ce5967d384a489b441a9dbe867535906938e03f996c2b7cb2cf0f95ee40c4
DEBUG - 2025-02-28 11:11:42 --> Hasil pencarian: {"id":"1","user_id":null,"npm":"1184097","nama":"Dika Dwi","email":"","password":"$2y$10$c769FHZxNhYZr.9SGsJCIOOXoyE2gLItzkS43DBWoVzVsPh46wYdm","point":"1881","gaya_belajar":"Kinestetik","created_at":"2024-12-13 02:29:49","updated_at":"2025-02-28 11:11:36","deleted_at":null,"token":"d80ce5967d384a489b441a9dbe867535906938e03f996c2b7cb2cf0f95ee40c4","last_login":"2025-02-24 10:49:22"}
INFO - 2025-02-28 11:11:42 --> Session: Class initialized using 'CodeIgniter\Session\Handlers\FileHandler' driver.
DEBUG - 2025-02-28 11:11:42 --> Session token: d80ce5967d384a489b441a9dbe867535906938e03f996c2b7cb2cf0f95ee40c4
DEBUG - 2025-02-28 11:11:42 --> Raw Authorization header: Bearer d80ce5967d384a489b441a9dbe867535906938e03f996c2b7cb2cf0f95ee40c4
DEBUG - 2025-02-28 11:11:42 --> Token dari header: d80ce5967d384a489b441a9dbe867535906938e03f996c2b7cb2cf0f95ee40c4
DEBUG - 2025-02-28 11:11:42 --> SQL: SELECT *
FROM `mahasiswa`
WHERE `token` = 'd80ce5967d384a489b441a9dbe867535906938e03f996c2b7cb2cf0f95ee40c4'
 LIMIT 1
DEBUG - 2025-02-28 11:11:42 --> Token yang dicari: d80ce5967d384a489b441a9dbe867535906938e03f996c2b7cb2cf0f95ee40c4
DEBUG - 2025-02-28 11:11:42 --> Hasil pencarian: {"id":"1","user_id":null,"npm":"1184097","nama":"Dika Dwi","email":"","password":"$2y$10$c769FHZxNhYZr.9SGsJCIOOXoyE2gLItzkS43DBWoVzVsPh46wYdm","point":"1881","gaya_belajar":"Kinestetik","created_at":"2024-12-13 02:29:49","updated_at":"2025-02-28 11:11:36","deleted_at":null,"token":"d80ce5967d384a489b441a9dbe867535906938e03f996c2b7cb2cf0f95ee40c4","last_login":"2025-02-24 10:49:22"}
INFO - 2025-02-28 11:11:42 --> Session: Class initialized using 'CodeIgniter\Session\Handlers\FileHandler' driver.
DEBUG - 2025-02-28 11:11:42 --> Session token: d80ce5967d384a489b441a9dbe867535906938e03f996c2b7cb2cf0f95ee40c4
DEBUG - 2025-02-28 11:11:42 --> Raw Authorization header: Bearer d80ce5967d384a489b441a9dbe867535906938e03f996c2b7cb2cf0f95ee40c4
DEBUG - 2025-02-28 11:11:42 --> Token dari header: d80ce5967d384a489b441a9dbe867535906938e03f996c2b7cb2cf0f95ee40c4
DEBUG - 2025-02-28 11:11:42 --> SQL: SELECT *
FROM `mahasiswa`
WHERE `token` = 'd80ce5967d384a489b441a9dbe867535906938e03f996c2b7cb2cf0f95ee40c4'
 LIMIT 1
DEBUG - 2025-02-28 11:11:42 --> Token yang dicari: d80ce5967d384a489b441a9dbe867535906938e03f996c2b7cb2cf0f95ee40c4
DEBUG - 2025-02-28 11:11:42 --> Hasil pencarian: {"id":"1","user_id":null,"npm":"1184097","nama":"Dika Dwi","email":"","password":"$2y$10$c769FHZxNhYZr.9SGsJCIOOXoyE2gLItzkS43DBWoVzVsPh46wYdm","point":"1881","gaya_belajar":"Kinestetik","created_at":"2024-12-13 02:29:49","updated_at":"2025-02-28 11:11:36","deleted_at":null,"token":"d80ce5967d384a489b441a9dbe867535906938e03f996c2b7cb2cf0f95ee40c4","last_login":"2025-02-24 10:49:22"}
INFO - 2025-02-28 11:12:11 --> Session: Class initialized using 'CodeIgniter\Session\Handlers\FileHandler' driver.
INFO - 2025-02-28 11:12:11 --> Session: Class initialized using 'CodeIgniter\Session\Handlers\FileHandler' driver.
INFO - 2025-02-28 11:12:14 --> Session: Class initialized using 'CodeIgniter\Session\Handlers\FileHandler' driver.
INFO - 2025-02-28 11:12:14 --> Session: Class initialized using 'CodeIgniter\Session\Handlers\FileHandler' driver.
INFO - 2025-02-28 11:12:15 --> Session: Class initialized using 'CodeIgniter\Session\Handlers\FileHandler' driver.
DEBUG - 2025-02-28 11:12:15 --> Session token: d80ce5967d384a489b441a9dbe867535906938e03f996c2b7cb2cf0f95ee40c4
DEBUG - 2025-02-28 11:12:15 --> Raw Authorization header: Bearer d80ce5967d384a489b441a9dbe867535906938e03f996c2b7cb2cf0f95ee40c4
DEBUG - 2025-02-28 11:12:15 --> Token dari header: d80ce5967d384a489b441a9dbe867535906938e03f996c2b7cb2cf0f95ee40c4
DEBUG - 2025-02-28 11:12:15 --> SQL: SELECT *
FROM `mahasiswa`
WHERE `token` = 'd80ce5967d384a489b441a9dbe867535906938e03f996c2b7cb2cf0f95ee40c4'
 LIMIT 1
DEBUG - 2025-02-28 11:12:15 --> Token yang dicari: d80ce5967d384a489b441a9dbe867535906938e03f996c2b7cb2cf0f95ee40c4
DEBUG - 2025-02-28 11:12:15 --> Hasil pencarian: {"id":"1","user_id":null,"npm":"1184097","nama":"Dika Dwi","email":"","password":"$2y$10$c769FHZxNhYZr.9SGsJCIOOXoyE2gLItzkS43DBWoVzVsPh46wYdm","point":"1881","gaya_belajar":"Kinestetik","created_at":"2024-12-13 02:29:49","updated_at":"2025-02-28 11:11:36","deleted_at":null,"token":"d80ce5967d384a489b441a9dbe867535906938e03f996c2b7cb2cf0f95ee40c4","last_login":"2025-02-24 10:49:22"}
INFO - 2025-02-28 11:12:15 --> Session: Class initialized using 'CodeIgniter\Session\Handlers\FileHandler' driver.
DEBUG - 2025-02-28 11:12:15 --> Session token: d80ce5967d384a489b441a9dbe867535906938e03f996c2b7cb2cf0f95ee40c4
DEBUG - 2025-02-28 11:12:15 --> Raw Authorization header: Bearer d80ce5967d384a489b441a9dbe867535906938e03f996c2b7cb2cf0f95ee40c4
DEBUG - 2025-02-28 11:12:15 --> Token dari header: d80ce5967d384a489b441a9dbe867535906938e03f996c2b7cb2cf0f95ee40c4
DEBUG - 2025-02-28 11:12:15 --> SQL: SELECT *
FROM `mahasiswa`
WHERE `token` = 'd80ce5967d384a489b441a9dbe867535906938e03f996c2b7cb2cf0f95ee40c4'
 LIMIT 1
DEBUG - 2025-02-28 11:12:15 --> Token yang dicari: d80ce5967d384a489b441a9dbe867535906938e03f996c2b7cb2cf0f95ee40c4
DEBUG - 2025-02-28 11:12:15 --> Hasil pencarian: {"id":"1","user_id":null,"npm":"1184097","nama":"Dika Dwi","email":"","password":"$2y$10$c769FHZxNhYZr.9SGsJCIOOXoyE2gLItzkS43DBWoVzVsPh46wYdm","point":"1881","gaya_belajar":"Kinestetik","created_at":"2024-12-13 02:29:49","updated_at":"2025-02-28 11:11:36","deleted_at":null,"token":"d80ce5967d384a489b441a9dbe867535906938e03f996c2b7cb2cf0f95ee40c4","last_login":"2025-02-24 10:49:22"}
INFO - 2025-02-28 11:12:15 --> Session: Class initialized using 'CodeIgniter\Session\Handlers\FileHandler' driver.
DEBUG - 2025-02-28 11:12:15 --> Session token: d80ce5967d384a489b441a9dbe867535906938e03f996c2b7cb2cf0f95ee40c4
DEBUG - 2025-02-28 11:12:15 --> Raw Authorization header: Bearer d80ce5967d384a489b441a9dbe867535906938e03f996c2b7cb2cf0f95ee40c4
DEBUG - 2025-02-28 11:12:15 --> Token dari header: d80ce5967d384a489b441a9dbe867535906938e03f996c2b7cb2cf0f95ee40c4
DEBUG - 2025-02-28 11:12:15 --> SQL: SELECT *
FROM `mahasiswa`
WHERE `token` = 'd80ce5967d384a489b441a9dbe867535906938e03f996c2b7cb2cf0f95ee40c4'
 LIMIT 1
DEBUG - 2025-02-28 11:12:15 --> Token yang dicari: d80ce5967d384a489b441a9dbe867535906938e03f996c2b7cb2cf0f95ee40c4
DEBUG - 2025-02-28 11:12:15 --> Hasil pencarian: {"id":"1","user_id":null,"npm":"1184097","nama":"Dika Dwi","email":"","password":"$2y$10$c769FHZxNhYZr.9SGsJCIOOXoyE2gLItzkS43DBWoVzVsPh46wYdm","point":"1881","gaya_belajar":"Kinestetik","created_at":"2024-12-13 02:29:49","updated_at":"2025-02-28 11:11:36","deleted_at":null,"token":"d80ce5967d384a489b441a9dbe867535906938e03f996c2b7cb2cf0f95ee40c4","last_login":"2025-02-24 10:49:22"}
INFO - 2025-02-28 11:12:18 --> Session: Class initialized using 'CodeIgniter\Session\Handlers\FileHandler' driver.
INFO - 2025-02-28 11:12:18 --> Session: Class initialized using 'CodeIgniter\Session\Handlers\FileHandler' driver.
INFO - 2025-02-28 11:12:19 --> Session: Class initialized using 'CodeIgniter\Session\Handlers\FileHandler' driver.
INFO - 2025-02-28 11:12:19 --> Session: Class initialized using 'CodeIgniter\Session\Handlers\FileHandler' driver.
DEBUG - 2025-02-28 11:12:19 --> Session token: d80ce5967d384a489b441a9dbe867535906938e03f996c2b7cb2cf0f95ee40c4
DEBUG - 2025-02-28 11:12:19 --> Raw Authorization header: Bearer d80ce5967d384a489b441a9dbe867535906938e03f996c2b7cb2cf0f95ee40c4
DEBUG - 2025-02-28 11:12:19 --> Token dari header: d80ce5967d384a489b441a9dbe867535906938e03f996c2b7cb2cf0f95ee40c4
DEBUG - 2025-02-28 11:12:19 --> SQL: SELECT *
FROM `mahasiswa`
WHERE `token` = 'd80ce5967d384a489b441a9dbe867535906938e03f996c2b7cb2cf0f95ee40c4'
 LIMIT 1
DEBUG - 2025-02-28 11:12:19 --> Token yang dicari: d80ce5967d384a489b441a9dbe867535906938e03f996c2b7cb2cf0f95ee40c4
DEBUG - 2025-02-28 11:12:19 --> Hasil pencarian: {"id":"1","user_id":null,"npm":"1184097","nama":"Dika Dwi","email":"","password":"$2y$10$c769FHZxNhYZr.9SGsJCIOOXoyE2gLItzkS43DBWoVzVsPh46wYdm","point":"1881","gaya_belajar":"Kinestetik","created_at":"2024-12-13 02:29:49","updated_at":"2025-02-28 11:11:36","deleted_at":null,"token":"d80ce5967d384a489b441a9dbe867535906938e03f996c2b7cb2cf0f95ee40c4","last_login":"2025-02-24 10:49:22"}
INFO - 2025-02-28 11:12:19 --> Session: Class initialized using 'CodeIgniter\Session\Handlers\FileHandler' driver.
DEBUG - 2025-02-28 11:12:19 --> Session token: d80ce5967d384a489b441a9dbe867535906938e03f996c2b7cb2cf0f95ee40c4
DEBUG - 2025-02-28 11:12:19 --> Raw Authorization header: Bearer d80ce5967d384a489b441a9dbe867535906938e03f996c2b7cb2cf0f95ee40c4
DEBUG - 2025-02-28 11:12:19 --> Token dari header: d80ce5967d384a489b441a9dbe867535906938e03f996c2b7cb2cf0f95ee40c4
DEBUG - 2025-02-28 11:12:20 --> SQL: SELECT *
FROM `mahasiswa`
WHERE `token` = 'd80ce5967d384a489b441a9dbe867535906938e03f996c2b7cb2cf0f95ee40c4'
 LIMIT 1
DEBUG - 2025-02-28 11:12:20 --> Token yang dicari: d80ce5967d384a489b441a9dbe867535906938e03f996c2b7cb2cf0f95ee40c4
DEBUG - 2025-02-28 11:12:20 --> Hasil pencarian: {"id":"1","user_id":null,"npm":"1184097","nama":"Dika Dwi","email":"","password":"$2y$10$c769FHZxNhYZr.9SGsJCIOOXoyE2gLItzkS43DBWoVzVsPh46wYdm","point":"1881","gaya_belajar":"Kinestetik","created_at":"2024-12-13 02:29:49","updated_at":"2025-02-28 11:11:36","deleted_at":null,"token":"d80ce5967d384a489b441a9dbe867535906938e03f996c2b7cb2cf0f95ee40c4","last_login":"2025-02-24 10:49:22"}
INFO - 2025-02-28 11:12:20 --> Session: Class initialized using 'CodeIgniter\Session\Handlers\FileHandler' driver.
DEBUG - 2025-02-28 11:12:20 --> Session token: d80ce5967d384a489b441a9dbe867535906938e03f996c2b7cb2cf0f95ee40c4
DEBUG - 2025-02-28 11:12:20 --> Raw Authorization header: Bearer d80ce5967d384a489b441a9dbe867535906938e03f996c2b7cb2cf0f95ee40c4
DEBUG - 2025-02-28 11:12:20 --> Token dari header: d80ce5967d384a489b441a9dbe867535906938e03f996c2b7cb2cf0f95ee40c4
DEBUG - 2025-02-28 11:12:20 --> SQL: SELECT *
FROM `mahasiswa`
WHERE `token` = 'd80ce5967d384a489b441a9dbe867535906938e03f996c2b7cb2cf0f95ee40c4'
 LIMIT 1
DEBUG - 2025-02-28 11:12:20 --> Token yang dicari: d80ce5967d384a489b441a9dbe867535906938e03f996c2b7cb2cf0f95ee40c4
DEBUG - 2025-02-28 11:12:20 --> Hasil pencarian: {"id":"1","user_id":null,"npm":"1184097","nama":"Dika Dwi","email":"","password":"$2y$10$c769FHZxNhYZr.9SGsJCIOOXoyE2gLItzkS43DBWoVzVsPh46wYdm","point":"1881","gaya_belajar":"Kinestetik","created_at":"2024-12-13 02:29:49","updated_at":"2025-02-28 11:11:36","deleted_at":null,"token":"d80ce5967d384a489b441a9dbe867535906938e03f996c2b7cb2cf0f95ee40c4","last_login":"2025-02-24 10:49:22"}
INFO - 2025-02-28 11:12:21 --> Session: Class initialized using 'CodeIgniter\Session\Handlers\FileHandler' driver.
INFO - 2025-02-28 11:12:22 --> Session: Class initialized using 'CodeIgniter\Session\Handlers\FileHandler' driver.
INFO - 2025-02-28 11:12:22 --> Session: Class initialized using 'CodeIgniter\Session\Handlers\FileHandler' driver.
DEBUG - 2025-02-28 11:12:22 --> Session token: d80ce5967d384a489b441a9dbe867535906938e03f996c2b7cb2cf0f95ee40c4
DEBUG - 2025-02-28 11:12:22 --> Raw Authorization header: Bearer d80ce5967d384a489b441a9dbe867535906938e03f996c2b7cb2cf0f95ee40c4
DEBUG - 2025-02-28 11:12:22 --> Token dari header: d80ce5967d384a489b441a9dbe867535906938e03f996c2b7cb2cf0f95ee40c4
DEBUG - 2025-02-28 11:12:22 --> SQL: SELECT *
FROM `mahasiswa`
WHERE `token` = 'd80ce5967d384a489b441a9dbe867535906938e03f996c2b7cb2cf0f95ee40c4'
 LIMIT 1
DEBUG - 2025-02-28 11:12:22 --> Token yang dicari: d80ce5967d384a489b441a9dbe867535906938e03f996c2b7cb2cf0f95ee40c4
DEBUG - 2025-02-28 11:12:22 --> Hasil pencarian: {"id":"1","user_id":null,"npm":"1184097","nama":"Dika Dwi","email":"","password":"$2y$10$c769FHZxNhYZr.9SGsJCIOOXoyE2gLItzkS43DBWoVzVsPh46wYdm","point":"1881","gaya_belajar":"Kinestetik","created_at":"2024-12-13 02:29:49","updated_at":"2025-02-28 11:11:36","deleted_at":null,"token":"d80ce5967d384a489b441a9dbe867535906938e03f996c2b7cb2cf0f95ee40c4","last_login":"2025-02-24 10:49:22"}
INFO - 2025-02-28 11:12:22 --> Session: Class initialized using 'CodeIgniter\Session\Handlers\FileHandler' driver.
DEBUG - 2025-02-28 11:12:22 --> Session token: d80ce5967d384a489b441a9dbe867535906938e03f996c2b7cb2cf0f95ee40c4
DEBUG - 2025-02-28 11:12:22 --> Raw Authorization header: Bearer d80ce5967d384a489b441a9dbe867535906938e03f996c2b7cb2cf0f95ee40c4
DEBUG - 2025-02-28 11:12:22 --> Token dari header: d80ce5967d384a489b441a9dbe867535906938e03f996c2b7cb2cf0f95ee40c4
DEBUG - 2025-02-28 11:12:22 --> SQL: SELECT *
FROM `mahasiswa`
WHERE `token` = 'd80ce5967d384a489b441a9dbe867535906938e03f996c2b7cb2cf0f95ee40c4'
 LIMIT 1
DEBUG - 2025-02-28 11:12:22 --> Token yang dicari: d80ce5967d384a489b441a9dbe867535906938e03f996c2b7cb2cf0f95ee40c4
DEBUG - 2025-02-28 11:12:22 --> Hasil pencarian: {"id":"1","user_id":null,"npm":"1184097","nama":"Dika Dwi","email":"","password":"$2y$10$c769FHZxNhYZr.9SGsJCIOOXoyE2gLItzkS43DBWoVzVsPh46wYdm","point":"1881","gaya_belajar":"Kinestetik","created_at":"2024-12-13 02:29:49","updated_at":"2025-02-28 11:11:36","deleted_at":null,"token":"d80ce5967d384a489b441a9dbe867535906938e03f996c2b7cb2cf0f95ee40c4","last_login":"2025-02-24 10:49:22"}
INFO - 2025-02-28 11:12:23 --> Session: Class initialized using 'CodeIgniter\Session\Handlers\FileHandler' driver.
DEBUG - 2025-02-28 11:12:23 --> Session token: d80ce5967d384a489b441a9dbe867535906938e03f996c2b7cb2cf0f95ee40c4
DEBUG - 2025-02-28 11:12:23 --> Raw Authorization header: Bearer d80ce5967d384a489b441a9dbe867535906938e03f996c2b7cb2cf0f95ee40c4
DEBUG - 2025-02-28 11:12:23 --> Token dari header: d80ce5967d384a489b441a9dbe867535906938e03f996c2b7cb2cf0f95ee40c4
DEBUG - 2025-02-28 11:12:23 --> SQL: SELECT *
FROM `mahasiswa`
WHERE `token` = 'd80ce5967d384a489b441a9dbe867535906938e03f996c2b7cb2cf0f95ee40c4'
 LIMIT 1
DEBUG - 2025-02-28 11:12:23 --> Token yang dicari: d80ce5967d384a489b441a9dbe867535906938e03f996c2b7cb2cf0f95ee40c4
DEBUG - 2025-02-28 11:12:23 --> Hasil pencarian: {"id":"1","user_id":null,"npm":"1184097","nama":"Dika Dwi","email":"","password":"$2y$10$c769FHZxNhYZr.9SGsJCIOOXoyE2gLItzkS43DBWoVzVsPh46wYdm","point":"1881","gaya_belajar":"Kinestetik","created_at":"2024-12-13 02:29:49","updated_at":"2025-02-28 11:11:36","deleted_at":null,"token":"d80ce5967d384a489b441a9dbe867535906938e03f996c2b7cb2cf0f95ee40c4","last_login":"2025-02-24 10:49:22"}
INFO - 2025-02-28 11:12:24 --> Session: Class initialized using 'CodeIgniter\Session\Handlers\FileHandler' driver.
INFO - 2025-02-28 11:12:25 --> Session: Class initialized using 'CodeIgniter\Session\Handlers\FileHandler' driver.
INFO - 2025-02-28 11:12:25 --> Session: Class initialized using 'CodeIgniter\Session\Handlers\FileHandler' driver.
DEBUG - 2025-02-28 11:12:25 --> Session token: d80ce5967d384a489b441a9dbe867535906938e03f996c2b7cb2cf0f95ee40c4
DEBUG - 2025-02-28 11:12:25 --> Raw Authorization header: Bearer d80ce5967d384a489b441a9dbe867535906938e03f996c2b7cb2cf0f95ee40c4
DEBUG - 2025-02-28 11:12:25 --> Token dari header: d80ce5967d384a489b441a9dbe867535906938e03f996c2b7cb2cf0f95ee40c4
DEBUG - 2025-02-28 11:12:25 --> SQL: SELECT *
FROM `mahasiswa`
WHERE `token` = 'd80ce5967d384a489b441a9dbe867535906938e03f996c2b7cb2cf0f95ee40c4'
 LIMIT 1
DEBUG - 2025-02-28 11:12:25 --> Token yang dicari: d80ce5967d384a489b441a9dbe867535906938e03f996c2b7cb2cf0f95ee40c4
DEBUG - 2025-02-28 11:12:25 --> Hasil pencarian: {"id":"1","user_id":null,"npm":"1184097","nama":"Dika Dwi","email":"","password":"$2y$10$c769FHZxNhYZr.9SGsJCIOOXoyE2gLItzkS43DBWoVzVsPh46wYdm","point":"1881","gaya_belajar":"Kinestetik","created_at":"2024-12-13 02:29:49","updated_at":"2025-02-28 11:11:36","deleted_at":null,"token":"d80ce5967d384a489b441a9dbe867535906938e03f996c2b7cb2cf0f95ee40c4","last_login":"2025-02-24 10:49:22"}
INFO - 2025-02-28 11:12:25 --> Session: Class initialized using 'CodeIgniter\Session\Handlers\FileHandler' driver.
DEBUG - 2025-02-28 11:12:25 --> Session token: d80ce5967d384a489b441a9dbe867535906938e03f996c2b7cb2cf0f95ee40c4
DEBUG - 2025-02-28 11:12:25 --> Raw Authorization header: Bearer d80ce5967d384a489b441a9dbe867535906938e03f996c2b7cb2cf0f95ee40c4
DEBUG - 2025-02-28 11:12:25 --> Token dari header: d80ce5967d384a489b441a9dbe867535906938e03f996c2b7cb2cf0f95ee40c4
DEBUG - 2025-02-28 11:12:25 --> SQL: SELECT *
FROM `mahasiswa`
WHERE `token` = 'd80ce5967d384a489b441a9dbe867535906938e03f996c2b7cb2cf0f95ee40c4'
 LIMIT 1
DEBUG - 2025-02-28 11:12:25 --> Token yang dicari: d80ce5967d384a489b441a9dbe867535906938e03f996c2b7cb2cf0f95ee40c4
DEBUG - 2025-02-28 11:12:25 --> Hasil pencarian: {"id":"1","user_id":null,"npm":"1184097","nama":"Dika Dwi","email":"","password":"$2y$10$c769FHZxNhYZr.9SGsJCIOOXoyE2gLItzkS43DBWoVzVsPh46wYdm","point":"1881","gaya_belajar":"Kinestetik","created_at":"2024-12-13 02:29:49","updated_at":"2025-02-28 11:11:36","deleted_at":null,"token":"d80ce5967d384a489b441a9dbe867535906938e03f996c2b7cb2cf0f95ee40c4","last_login":"2025-02-24 10:49:22"}
INFO - 2025-02-28 11:12:25 --> Session: Class initialized using 'CodeIgniter\Session\Handlers\FileHandler' driver.
DEBUG - 2025-02-28 11:12:25 --> Session token: d80ce5967d384a489b441a9dbe867535906938e03f996c2b7cb2cf0f95ee40c4
DEBUG - 2025-02-28 11:12:25 --> Raw Authorization header: Bearer d80ce5967d384a489b441a9dbe867535906938e03f996c2b7cb2cf0f95ee40c4
DEBUG - 2025-02-28 11:12:25 --> Token dari header: d80ce5967d384a489b441a9dbe867535906938e03f996c2b7cb2cf0f95ee40c4
DEBUG - 2025-02-28 11:12:25 --> SQL: SELECT *
FROM `mahasiswa`
WHERE `token` = 'd80ce5967d384a489b441a9dbe867535906938e03f996c2b7cb2cf0f95ee40c4'
 LIMIT 1
DEBUG - 2025-02-28 11:12:25 --> Token yang dicari: d80ce5967d384a489b441a9dbe867535906938e03f996c2b7cb2cf0f95ee40c4
DEBUG - 2025-02-28 11:12:25 --> Hasil pencarian: {"id":"1","user_id":null,"npm":"1184097","nama":"Dika Dwi","email":"","password":"$2y$10$c769FHZxNhYZr.9SGsJCIOOXoyE2gLItzkS43DBWoVzVsPh46wYdm","point":"1881","gaya_belajar":"Kinestetik","created_at":"2024-12-13 02:29:49","updated_at":"2025-02-28 11:11:36","deleted_at":null,"token":"d80ce5967d384a489b441a9dbe867535906938e03f996c2b7cb2cf0f95ee40c4","last_login":"2025-02-24 10:49:22"}
INFO - 2025-02-28 11:12:27 --> Session: Class initialized using 'CodeIgniter\Session\Handlers\FileHandler' driver.
INFO - 2025-02-28 11:12:28 --> Session: Class initialized using 'CodeIgniter\Session\Handlers\FileHandler' driver.
INFO - 2025-02-28 11:12:28 --> Session: Class initialized using 'CodeIgniter\Session\Handlers\FileHandler' driver.
INFO - 2025-02-28 11:12:28 --> Session: Class initialized using 'CodeIgniter\Session\Handlers\FileHandler' driver.
DEBUG - 2025-02-28 11:12:28 --> Session token: d80ce5967d384a489b441a9dbe867535906938e03f996c2b7cb2cf0f95ee40c4
DEBUG - 2025-02-28 11:12:28 --> Raw Authorization header: Bearer d80ce5967d384a489b441a9dbe867535906938e03f996c2b7cb2cf0f95ee40c4
DEBUG - 2025-02-28 11:12:28 --> Token dari header: d80ce5967d384a489b441a9dbe867535906938e03f996c2b7cb2cf0f95ee40c4
DEBUG - 2025-02-28 11:12:29 --> SQL: SELECT *
FROM `mahasiswa`
WHERE `token` = 'd80ce5967d384a489b441a9dbe867535906938e03f996c2b7cb2cf0f95ee40c4'
 LIMIT 1
DEBUG - 2025-02-28 11:12:29 --> Token yang dicari: d80ce5967d384a489b441a9dbe867535906938e03f996c2b7cb2cf0f95ee40c4
DEBUG - 2025-02-28 11:12:29 --> Hasil pencarian: {"id":"1","user_id":null,"npm":"1184097","nama":"Dika Dwi","email":"","password":"$2y$10$c769FHZxNhYZr.9SGsJCIOOXoyE2gLItzkS43DBWoVzVsPh46wYdm","point":"1981","gaya_belajar":"Kinestetik","created_at":"2024-12-13 02:29:49","updated_at":"2025-02-28 11:12:27","deleted_at":null,"token":"d80ce5967d384a489b441a9dbe867535906938e03f996c2b7cb2cf0f95ee40c4","last_login":"2025-02-24 10:49:22"}
INFO - 2025-02-28 11:12:29 --> Session: Class initialized using 'CodeIgniter\Session\Handlers\FileHandler' driver.
DEBUG - 2025-02-28 11:12:29 --> Session token: d80ce5967d384a489b441a9dbe867535906938e03f996c2b7cb2cf0f95ee40c4
DEBUG - 2025-02-28 11:12:29 --> Raw Authorization header: Bearer d80ce5967d384a489b441a9dbe867535906938e03f996c2b7cb2cf0f95ee40c4
DEBUG - 2025-02-28 11:12:29 --> Token dari header: d80ce5967d384a489b441a9dbe867535906938e03f996c2b7cb2cf0f95ee40c4
DEBUG - 2025-02-28 11:12:29 --> SQL: SELECT *
FROM `mahasiswa`
WHERE `token` = 'd80ce5967d384a489b441a9dbe867535906938e03f996c2b7cb2cf0f95ee40c4'
 LIMIT 1
DEBUG - 2025-02-28 11:12:29 --> Token yang dicari: d80ce5967d384a489b441a9dbe867535906938e03f996c2b7cb2cf0f95ee40c4
DEBUG - 2025-02-28 11:12:29 --> Hasil pencarian: {"id":"1","user_id":null,"npm":"1184097","nama":"Dika Dwi","email":"","password":"$2y$10$c769FHZxNhYZr.9SGsJCIOOXoyE2gLItzkS43DBWoVzVsPh46wYdm","point":"1981","gaya_belajar":"Kinestetik","created_at":"2024-12-13 02:29:49","updated_at":"2025-02-28 11:12:27","deleted_at":null,"token":"d80ce5967d384a489b441a9dbe867535906938e03f996c2b7cb2cf0f95ee40c4","last_login":"2025-02-24 10:49:22"}
INFO - 2025-02-28 11:12:29 --> Session: Class initialized using 'CodeIgniter\Session\Handlers\FileHandler' driver.
DEBUG - 2025-02-28 11:12:29 --> Session token: d80ce5967d384a489b441a9dbe867535906938e03f996c2b7cb2cf0f95ee40c4
DEBUG - 2025-02-28 11:12:29 --> Raw Authorization header: Bearer d80ce5967d384a489b441a9dbe867535906938e03f996c2b7cb2cf0f95ee40c4
DEBUG - 2025-02-28 11:12:29 --> Token dari header: d80ce5967d384a489b441a9dbe867535906938e03f996c2b7cb2cf0f95ee40c4
DEBUG - 2025-02-28 11:12:29 --> SQL: SELECT *
FROM `mahasiswa`
WHERE `token` = 'd80ce5967d384a489b441a9dbe867535906938e03f996c2b7cb2cf0f95ee40c4'
 LIMIT 1
DEBUG - 2025-02-28 11:12:29 --> Token yang dicari: d80ce5967d384a489b441a9dbe867535906938e03f996c2b7cb2cf0f95ee40c4
DEBUG - 2025-02-28 11:12:29 --> Hasil pencarian: {"id":"1","user_id":null,"npm":"1184097","nama":"Dika Dwi","email":"","password":"$2y$10$c769FHZxNhYZr.9SGsJCIOOXoyE2gLItzkS43DBWoVzVsPh46wYdm","point":"1981","gaya_belajar":"Kinestetik","created_at":"2024-12-13 02:29:49","updated_at":"2025-02-28 11:12:27","deleted_at":null,"token":"d80ce5967d384a489b441a9dbe867535906938e03f996c2b7cb2cf0f95ee40c4","last_login":"2025-02-24 10:49:22"}
INFO - 2025-02-28 11:12:30 --> Session: Class initialized using 'CodeIgniter\Session\Handlers\FileHandler' driver.
INFO - 2025-02-28 11:12:31 --> Session: Class initialized using 'CodeIgniter\Session\Handlers\FileHandler' driver.
INFO - 2025-02-28 11:12:31 --> Session: Class initialized using 'CodeIgniter\Session\Handlers\FileHandler' driver.
DEBUG - 2025-02-28 11:12:31 --> Session token: d80ce5967d384a489b441a9dbe867535906938e03f996c2b7cb2cf0f95ee40c4
DEBUG - 2025-02-28 11:12:31 --> Raw Authorization header: Bearer d80ce5967d384a489b441a9dbe867535906938e03f996c2b7cb2cf0f95ee40c4
DEBUG - 2025-02-28 11:12:31 --> Token dari header: d80ce5967d384a489b441a9dbe867535906938e03f996c2b7cb2cf0f95ee40c4
DEBUG - 2025-02-28 11:12:31 --> SQL: SELECT *
FROM `mahasiswa`
WHERE `token` = 'd80ce5967d384a489b441a9dbe867535906938e03f996c2b7cb2cf0f95ee40c4'
 LIMIT 1
DEBUG - 2025-02-28 11:12:31 --> Token yang dicari: d80ce5967d384a489b441a9dbe867535906938e03f996c2b7cb2cf0f95ee40c4
DEBUG - 2025-02-28 11:12:31 --> Hasil pencarian: {"id":"1","user_id":null,"npm":"1184097","nama":"Dika Dwi","email":"","password":"$2y$10$c769FHZxNhYZr.9SGsJCIOOXoyE2gLItzkS43DBWoVzVsPh46wYdm","point":"1981","gaya_belajar":"Kinestetik","created_at":"2024-12-13 02:29:49","updated_at":"2025-02-28 11:12:27","deleted_at":null,"token":"d80ce5967d384a489b441a9dbe867535906938e03f996c2b7cb2cf0f95ee40c4","last_login":"2025-02-24 10:49:22"}
INFO - 2025-02-28 11:12:31 --> Session: Class initialized using 'CodeIgniter\Session\Handlers\FileHandler' driver.
DEBUG - 2025-02-28 11:12:31 --> Session token: d80ce5967d384a489b441a9dbe867535906938e03f996c2b7cb2cf0f95ee40c4
DEBUG - 2025-02-28 11:12:31 --> Raw Authorization header: Bearer d80ce5967d384a489b441a9dbe867535906938e03f996c2b7cb2cf0f95ee40c4
DEBUG - 2025-02-28 11:12:31 --> Token dari header: d80ce5967d384a489b441a9dbe867535906938e03f996c2b7cb2cf0f95ee40c4
DEBUG - 2025-02-28 11:12:31 --> SQL: SELECT *
FROM `mahasiswa`
WHERE `token` = 'd80ce5967d384a489b441a9dbe867535906938e03f996c2b7cb2cf0f95ee40c4'
 LIMIT 1
DEBUG - 2025-02-28 11:12:31 --> Token yang dicari: d80ce5967d384a489b441a9dbe867535906938e03f996c2b7cb2cf0f95ee40c4
DEBUG - 2025-02-28 11:12:31 --> Hasil pencarian: {"id":"1","user_id":null,"npm":"1184097","nama":"Dika Dwi","email":"","password":"$2y$10$c769FHZxNhYZr.9SGsJCIOOXoyE2gLItzkS43DBWoVzVsPh46wYdm","point":"1981","gaya_belajar":"Kinestetik","created_at":"2024-12-13 02:29:49","updated_at":"2025-02-28 11:12:27","deleted_at":null,"token":"d80ce5967d384a489b441a9dbe867535906938e03f996c2b7cb2cf0f95ee40c4","last_login":"2025-02-24 10:49:22"}
INFO - 2025-02-28 11:12:31 --> Session: Class initialized using 'CodeIgniter\Session\Handlers\FileHandler' driver.
DEBUG - 2025-02-28 11:12:31 --> Session token: d80ce5967d384a489b441a9dbe867535906938e03f996c2b7cb2cf0f95ee40c4
DEBUG - 2025-02-28 11:12:31 --> Raw Authorization header: Bearer d80ce5967d384a489b441a9dbe867535906938e03f996c2b7cb2cf0f95ee40c4
DEBUG - 2025-02-28 11:12:31 --> Token dari header: d80ce5967d384a489b441a9dbe867535906938e03f996c2b7cb2cf0f95ee40c4
DEBUG - 2025-02-28 11:12:31 --> SQL: SELECT *
FROM `mahasiswa`
WHERE `token` = 'd80ce5967d384a489b441a9dbe867535906938e03f996c2b7cb2cf0f95ee40c4'
 LIMIT 1
DEBUG - 2025-02-28 11:12:31 --> Token yang dicari: d80ce5967d384a489b441a9dbe867535906938e03f996c2b7cb2cf0f95ee40c4
DEBUG - 2025-02-28 11:12:31 --> Hasil pencarian: {"id":"1","user_id":null,"npm":"1184097","nama":"Dika Dwi","email":"","password":"$2y$10$c769FHZxNhYZr.9SGsJCIOOXoyE2gLItzkS43DBWoVzVsPh46wYdm","point":"1981","gaya_belajar":"Kinestetik","created_at":"2024-12-13 02:29:49","updated_at":"2025-02-28 11:12:27","deleted_at":null,"token":"d80ce5967d384a489b441a9dbe867535906938e03f996c2b7cb2cf0f95ee40c4","last_login":"2025-02-24 10:49:22"}
INFO - 2025-02-28 11:12:33 --> Session: Class initialized using 'CodeIgniter\Session\Handlers\FileHandler' driver.
INFO - 2025-02-28 11:12:34 --> Session: Class initialized using 'CodeIgniter\Session\Handlers\FileHandler' driver.
INFO - 2025-02-28 11:12:34 --> Session: Class initialized using 'CodeIgniter\Session\Handlers\FileHandler' driver.
DEBUG - 2025-02-28 11:12:34 --> Session token: d80ce5967d384a489b441a9dbe867535906938e03f996c2b7cb2cf0f95ee40c4
DEBUG - 2025-02-28 11:12:34 --> Raw Authorization header: Bearer d80ce5967d384a489b441a9dbe867535906938e03f996c2b7cb2cf0f95ee40c4
DEBUG - 2025-02-28 11:12:34 --> Token dari header: d80ce5967d384a489b441a9dbe867535906938e03f996c2b7cb2cf0f95ee40c4
DEBUG - 2025-02-28 11:12:34 --> SQL: SELECT *
FROM `mahasiswa`
WHERE `token` = 'd80ce5967d384a489b441a9dbe867535906938e03f996c2b7cb2cf0f95ee40c4'
 LIMIT 1
DEBUG - 2025-02-28 11:12:34 --> Token yang dicari: d80ce5967d384a489b441a9dbe867535906938e03f996c2b7cb2cf0f95ee40c4
DEBUG - 2025-02-28 11:12:34 --> Hasil pencarian: {"id":"1","user_id":null,"npm":"1184097","nama":"Dika Dwi","email":"","password":"$2y$10$c769FHZxNhYZr.9SGsJCIOOXoyE2gLItzkS43DBWoVzVsPh46wYdm","point":"1981","gaya_belajar":"Kinestetik","created_at":"2024-12-13 02:29:49","updated_at":"2025-02-28 11:12:27","deleted_at":null,"token":"d80ce5967d384a489b441a9dbe867535906938e03f996c2b7cb2cf0f95ee40c4","last_login":"2025-02-24 10:49:22"}
INFO - 2025-02-28 11:12:34 --> Session: Class initialized using 'CodeIgniter\Session\Handlers\FileHandler' driver.
DEBUG - 2025-02-28 11:12:34 --> Session token: d80ce5967d384a489b441a9dbe867535906938e03f996c2b7cb2cf0f95ee40c4
DEBUG - 2025-02-28 11:12:34 --> Raw Authorization header: Bearer d80ce5967d384a489b441a9dbe867535906938e03f996c2b7cb2cf0f95ee40c4
DEBUG - 2025-02-28 11:12:34 --> Token dari header: d80ce5967d384a489b441a9dbe867535906938e03f996c2b7cb2cf0f95ee40c4
DEBUG - 2025-02-28 11:12:34 --> SQL: SELECT *
FROM `mahasiswa`
WHERE `token` = 'd80ce5967d384a489b441a9dbe867535906938e03f996c2b7cb2cf0f95ee40c4'
 LIMIT 1
DEBUG - 2025-02-28 11:12:34 --> Token yang dicari: d80ce5967d384a489b441a9dbe867535906938e03f996c2b7cb2cf0f95ee40c4
DEBUG - 2025-02-28 11:12:34 --> Hasil pencarian: {"id":"1","user_id":null,"npm":"1184097","nama":"Dika Dwi","email":"","password":"$2y$10$c769FHZxNhYZr.9SGsJCIOOXoyE2gLItzkS43DBWoVzVsPh46wYdm","point":"1981","gaya_belajar":"Kinestetik","created_at":"2024-12-13 02:29:49","updated_at":"2025-02-28 11:12:27","deleted_at":null,"token":"d80ce5967d384a489b441a9dbe867535906938e03f996c2b7cb2cf0f95ee40c4","last_login":"2025-02-24 10:49:22"}
INFO - 2025-02-28 11:12:34 --> Session: Class initialized using 'CodeIgniter\Session\Handlers\FileHandler' driver.
DEBUG - 2025-02-28 11:12:34 --> Session token: d80ce5967d384a489b441a9dbe867535906938e03f996c2b7cb2cf0f95ee40c4
DEBUG - 2025-02-28 11:12:34 --> Raw Authorization header: Bearer d80ce5967d384a489b441a9dbe867535906938e03f996c2b7cb2cf0f95ee40c4
DEBUG - 2025-02-28 11:12:34 --> Token dari header: d80ce5967d384a489b441a9dbe867535906938e03f996c2b7cb2cf0f95ee40c4
DEBUG - 2025-02-28 11:12:34 --> SQL: SELECT *
FROM `mahasiswa`
WHERE `token` = 'd80ce5967d384a489b441a9dbe867535906938e03f996c2b7cb2cf0f95ee40c4'
 LIMIT 1
DEBUG - 2025-02-28 11:12:34 --> Token yang dicari: d80ce5967d384a489b441a9dbe867535906938e03f996c2b7cb2cf0f95ee40c4
DEBUG - 2025-02-28 11:12:34 --> Hasil pencarian: {"id":"1","user_id":null,"npm":"1184097","nama":"Dika Dwi","email":"","password":"$2y$10$c769FHZxNhYZr.9SGsJCIOOXoyE2gLItzkS43DBWoVzVsPh46wYdm","point":"1981","gaya_belajar":"Kinestetik","created_at":"2024-12-13 02:29:49","updated_at":"2025-02-28 11:12:27","deleted_at":null,"token":"d80ce5967d384a489b441a9dbe867535906938e03f996c2b7cb2cf0f95ee40c4","last_login":"2025-02-24 10:49:22"}
INFO - 2025-02-28 11:12:34 --> Session: Class initialized using 'CodeIgniter\Session\Handlers\FileHandler' driver.
INFO - 2025-02-28 11:12:35 --> Session: Class initialized using 'CodeIgniter\Session\Handlers\FileHandler' driver.
INFO - 2025-02-28 11:12:35 --> Session: Class initialized using 'CodeIgniter\Session\Handlers\FileHandler' driver.
DEBUG - 2025-02-28 11:12:35 --> Session token: d80ce5967d384a489b441a9dbe867535906938e03f996c2b7cb2cf0f95ee40c4
DEBUG - 2025-02-28 11:12:35 --> Raw Authorization header: Bearer d80ce5967d384a489b441a9dbe867535906938e03f996c2b7cb2cf0f95ee40c4
DEBUG - 2025-02-28 11:12:35 --> Token dari header: d80ce5967d384a489b441a9dbe867535906938e03f996c2b7cb2cf0f95ee40c4
DEBUG - 2025-02-28 11:12:35 --> SQL: SELECT *
FROM `mahasiswa`
WHERE `token` = 'd80ce5967d384a489b441a9dbe867535906938e03f996c2b7cb2cf0f95ee40c4'
 LIMIT 1
DEBUG - 2025-02-28 11:12:35 --> Token yang dicari: d80ce5967d384a489b441a9dbe867535906938e03f996c2b7cb2cf0f95ee40c4
DEBUG - 2025-02-28 11:12:35 --> Hasil pencarian: {"id":"1","user_id":null,"npm":"1184097","nama":"Dika Dwi","email":"","password":"$2y$10$c769FHZxNhYZr.9SGsJCIOOXoyE2gLItzkS43DBWoVzVsPh46wYdm","point":"1981","gaya_belajar":"Kinestetik","created_at":"2024-12-13 02:29:49","updated_at":"2025-02-28 11:12:27","deleted_at":null,"token":"d80ce5967d384a489b441a9dbe867535906938e03f996c2b7cb2cf0f95ee40c4","last_login":"2025-02-24 10:49:22"}
INFO - 2025-02-28 11:12:35 --> Session: Class initialized using 'CodeIgniter\Session\Handlers\FileHandler' driver.
DEBUG - 2025-02-28 11:12:35 --> Session token: d80ce5967d384a489b441a9dbe867535906938e03f996c2b7cb2cf0f95ee40c4
DEBUG - 2025-02-28 11:12:35 --> Raw Authorization header: Bearer d80ce5967d384a489b441a9dbe867535906938e03f996c2b7cb2cf0f95ee40c4
DEBUG - 2025-02-28 11:12:35 --> Token dari header: d80ce5967d384a489b441a9dbe867535906938e03f996c2b7cb2cf0f95ee40c4
DEBUG - 2025-02-28 11:12:35 --> SQL: SELECT *
FROM `mahasiswa`
WHERE `token` = 'd80ce5967d384a489b441a9dbe867535906938e03f996c2b7cb2cf0f95ee40c4'
 LIMIT 1
DEBUG - 2025-02-28 11:12:35 --> Token yang dicari: d80ce5967d384a489b441a9dbe867535906938e03f996c2b7cb2cf0f95ee40c4
DEBUG - 2025-02-28 11:12:35 --> Hasil pencarian: {"id":"1","user_id":null,"npm":"1184097","nama":"Dika Dwi","email":"","password":"$2y$10$c769FHZxNhYZr.9SGsJCIOOXoyE2gLItzkS43DBWoVzVsPh46wYdm","point":"1981","gaya_belajar":"Kinestetik","created_at":"2024-12-13 02:29:49","updated_at":"2025-02-28 11:12:27","deleted_at":null,"token":"d80ce5967d384a489b441a9dbe867535906938e03f996c2b7cb2cf0f95ee40c4","last_login":"2025-02-24 10:49:22"}
INFO - 2025-02-28 11:12:35 --> Session: Class initialized using 'CodeIgniter\Session\Handlers\FileHandler' driver.
DEBUG - 2025-02-28 11:12:35 --> Session token: d80ce5967d384a489b441a9dbe867535906938e03f996c2b7cb2cf0f95ee40c4
DEBUG - 2025-02-28 11:12:35 --> Raw Authorization header: Bearer d80ce5967d384a489b441a9dbe867535906938e03f996c2b7cb2cf0f95ee40c4
DEBUG - 2025-02-28 11:12:35 --> Token dari header: d80ce5967d384a489b441a9dbe867535906938e03f996c2b7cb2cf0f95ee40c4
DEBUG - 2025-02-28 11:12:35 --> SQL: SELECT *
FROM `mahasiswa`
WHERE `token` = 'd80ce5967d384a489b441a9dbe867535906938e03f996c2b7cb2cf0f95ee40c4'
 LIMIT 1
DEBUG - 2025-02-28 11:12:35 --> Token yang dicari: d80ce5967d384a489b441a9dbe867535906938e03f996c2b7cb2cf0f95ee40c4
DEBUG - 2025-02-28 11:12:35 --> Hasil pencarian: {"id":"1","user_id":null,"npm":"1184097","nama":"Dika Dwi","email":"","password":"$2y$10$c769FHZxNhYZr.9SGsJCIOOXoyE2gLItzkS43DBWoVzVsPh46wYdm","point":"1981","gaya_belajar":"Kinestetik","created_at":"2024-12-13 02:29:49","updated_at":"2025-02-28 11:12:27","deleted_at":null,"token":"d80ce5967d384a489b441a9dbe867535906938e03f996c2b7cb2cf0f95ee40c4","last_login":"2025-02-24 10:49:22"}
INFO - 2025-02-28 11:12:36 --> Session: Class initialized using 'CodeIgniter\Session\Handlers\FileHandler' driver.
INFO - 2025-02-28 11:12:36 --> Session: Class initialized using 'CodeIgniter\Session\Handlers\FileHandler' driver.
INFO - 2025-02-28 11:12:37 --> Session: Class initialized using 'CodeIgniter\Session\Handlers\FileHandler' driver.
DEBUG - 2025-02-28 11:12:37 --> Session token: d80ce5967d384a489b441a9dbe867535906938e03f996c2b7cb2cf0f95ee40c4
DEBUG - 2025-02-28 11:12:37 --> Raw Authorization header: Bearer d80ce5967d384a489b441a9dbe867535906938e03f996c2b7cb2cf0f95ee40c4
DEBUG - 2025-02-28 11:12:37 --> Token dari header: d80ce5967d384a489b441a9dbe867535906938e03f996c2b7cb2cf0f95ee40c4
DEBUG - 2025-02-28 11:12:37 --> SQL: SELECT *
FROM `mahasiswa`
WHERE `token` = 'd80ce5967d384a489b441a9dbe867535906938e03f996c2b7cb2cf0f95ee40c4'
 LIMIT 1
DEBUG - 2025-02-28 11:12:37 --> Token yang dicari: d80ce5967d384a489b441a9dbe867535906938e03f996c2b7cb2cf0f95ee40c4
DEBUG - 2025-02-28 11:12:37 --> Hasil pencarian: {"id":"1","user_id":null,"npm":"1184097","nama":"Dika Dwi","email":"","password":"$2y$10$c769FHZxNhYZr.9SGsJCIOOXoyE2gLItzkS43DBWoVzVsPh46wYdm","point":"1981","gaya_belajar":"Kinestetik","created_at":"2024-12-13 02:29:49","updated_at":"2025-02-28 11:12:27","deleted_at":null,"token":"d80ce5967d384a489b441a9dbe867535906938e03f996c2b7cb2cf0f95ee40c4","last_login":"2025-02-24 10:49:22"}
INFO - 2025-02-28 11:12:37 --> Session: Class initialized using 'CodeIgniter\Session\Handlers\FileHandler' driver.
DEBUG - 2025-02-28 11:12:37 --> Session token: d80ce5967d384a489b441a9dbe867535906938e03f996c2b7cb2cf0f95ee40c4
DEBUG - 2025-02-28 11:12:37 --> Raw Authorization header: Bearer d80ce5967d384a489b441a9dbe867535906938e03f996c2b7cb2cf0f95ee40c4
DEBUG - 2025-02-28 11:12:37 --> Token dari header: d80ce5967d384a489b441a9dbe867535906938e03f996c2b7cb2cf0f95ee40c4
DEBUG - 2025-02-28 11:12:37 --> SQL: SELECT *
FROM `mahasiswa`
WHERE `token` = 'd80ce5967d384a489b441a9dbe867535906938e03f996c2b7cb2cf0f95ee40c4'
 LIMIT 1
DEBUG - 2025-02-28 11:12:37 --> Token yang dicari: d80ce5967d384a489b441a9dbe867535906938e03f996c2b7cb2cf0f95ee40c4
DEBUG - 2025-02-28 11:12:37 --> Hasil pencarian: {"id":"1","user_id":null,"npm":"1184097","nama":"Dika Dwi","email":"","password":"$2y$10$c769FHZxNhYZr.9SGsJCIOOXoyE2gLItzkS43DBWoVzVsPh46wYdm","point":"1981","gaya_belajar":"Kinestetik","created_at":"2024-12-13 02:29:49","updated_at":"2025-02-28 11:12:27","deleted_at":null,"token":"d80ce5967d384a489b441a9dbe867535906938e03f996c2b7cb2cf0f95ee40c4","last_login":"2025-02-24 10:49:22"}
INFO - 2025-02-28 11:12:37 --> Session: Class initialized using 'CodeIgniter\Session\Handlers\FileHandler' driver.
DEBUG - 2025-02-28 11:12:37 --> Session token: d80ce5967d384a489b441a9dbe867535906938e03f996c2b7cb2cf0f95ee40c4
DEBUG - 2025-02-28 11:12:37 --> Raw Authorization header: Bearer d80ce5967d384a489b441a9dbe867535906938e03f996c2b7cb2cf0f95ee40c4
DEBUG - 2025-02-28 11:12:37 --> Token dari header: d80ce5967d384a489b441a9dbe867535906938e03f996c2b7cb2cf0f95ee40c4
DEBUG - 2025-02-28 11:12:37 --> SQL: SELECT *
FROM `mahasiswa`
WHERE `token` = 'd80ce5967d384a489b441a9dbe867535906938e03f996c2b7cb2cf0f95ee40c4'
 LIMIT 1
DEBUG - 2025-02-28 11:12:37 --> Token yang dicari: d80ce5967d384a489b441a9dbe867535906938e03f996c2b7cb2cf0f95ee40c4
DEBUG - 2025-02-28 11:12:37 --> Hasil pencarian: {"id":"1","user_id":null,"npm":"1184097","nama":"Dika Dwi","email":"","password":"$2y$10$c769FHZxNhYZr.9SGsJCIOOXoyE2gLItzkS43DBWoVzVsPh46wYdm","point":"1981","gaya_belajar":"Kinestetik","created_at":"2024-12-13 02:29:49","updated_at":"2025-02-28 11:12:27","deleted_at":null,"token":"d80ce5967d384a489b441a9dbe867535906938e03f996c2b7cb2cf0f95ee40c4","last_login":"2025-02-24 10:49:22"}
INFO - 2025-02-28 11:12:38 --> Session: Class initialized using 'CodeIgniter\Session\Handlers\FileHandler' driver.
INFO - 2025-02-28 11:12:39 --> Session: Class initialized using 'CodeIgniter\Session\Handlers\FileHandler' driver.
INFO - 2025-02-28 11:12:39 --> Session: Class initialized using 'CodeIgniter\Session\Handlers\FileHandler' driver.
INFO - 2025-02-28 11:12:39 --> Session: Class initialized using 'CodeIgniter\Session\Handlers\FileHandler' driver.
DEBUG - 2025-02-28 11:12:39 --> Session token: d80ce5967d384a489b441a9dbe867535906938e03f996c2b7cb2cf0f95ee40c4
DEBUG - 2025-02-28 11:12:39 --> Raw Authorization header: Bearer d80ce5967d384a489b441a9dbe867535906938e03f996c2b7cb2cf0f95ee40c4
DEBUG - 2025-02-28 11:12:39 --> Token dari header: d80ce5967d384a489b441a9dbe867535906938e03f996c2b7cb2cf0f95ee40c4
DEBUG - 2025-02-28 11:12:39 --> SQL: SELECT *
FROM `mahasiswa`
WHERE `token` = 'd80ce5967d384a489b441a9dbe867535906938e03f996c2b7cb2cf0f95ee40c4'
 LIMIT 1
DEBUG - 2025-02-28 11:12:39 --> Token yang dicari: d80ce5967d384a489b441a9dbe867535906938e03f996c2b7cb2cf0f95ee40c4
DEBUG - 2025-02-28 11:12:39 --> Hasil pencarian: {"id":"1","user_id":null,"npm":"1184097","nama":"Dika Dwi","email":"","password":"$2y$10$c769FHZxNhYZr.9SGsJCIOOXoyE2gLItzkS43DBWoVzVsPh46wYdm","point":"1981","gaya_belajar":"Kinestetik","created_at":"2024-12-13 02:29:49","updated_at":"2025-02-28 11:12:27","deleted_at":null,"token":"d80ce5967d384a489b441a9dbe867535906938e03f996c2b7cb2cf0f95ee40c4","last_login":"2025-02-24 10:49:22"}
INFO - 2025-02-28 11:12:39 --> Session: Class initialized using 'CodeIgniter\Session\Handlers\FileHandler' driver.
DEBUG - 2025-02-28 11:12:39 --> Session token: d80ce5967d384a489b441a9dbe867535906938e03f996c2b7cb2cf0f95ee40c4
DEBUG - 2025-02-28 11:12:39 --> Raw Authorization header: Bearer d80ce5967d384a489b441a9dbe867535906938e03f996c2b7cb2cf0f95ee40c4
DEBUG - 2025-02-28 11:12:39 --> Token dari header: d80ce5967d384a489b441a9dbe867535906938e03f996c2b7cb2cf0f95ee40c4
DEBUG - 2025-02-28 11:12:39 --> SQL: SELECT *
FROM `mahasiswa`
WHERE `token` = 'd80ce5967d384a489b441a9dbe867535906938e03f996c2b7cb2cf0f95ee40c4'
 LIMIT 1
DEBUG - 2025-02-28 11:12:39 --> Token yang dicari: d80ce5967d384a489b441a9dbe867535906938e03f996c2b7cb2cf0f95ee40c4
DEBUG - 2025-02-28 11:12:39 --> Hasil pencarian: {"id":"1","user_id":null,"npm":"1184097","nama":"Dika Dwi","email":"","password":"$2y$10$c769FHZxNhYZr.9SGsJCIOOXoyE2gLItzkS43DBWoVzVsPh46wYdm","point":"1981","gaya_belajar":"Kinestetik","created_at":"2024-12-13 02:29:49","updated_at":"2025-02-28 11:12:27","deleted_at":null,"token":"d80ce5967d384a489b441a9dbe867535906938e03f996c2b7cb2cf0f95ee40c4","last_login":"2025-02-24 10:49:22"}
INFO - 2025-02-28 11:12:39 --> Session: Class initialized using 'CodeIgniter\Session\Handlers\FileHandler' driver.
INFO - 2025-02-28 11:12:40 --> Session: Class initialized using 'CodeIgniter\Session\Handlers\FileHandler' driver.
DEBUG - 2025-02-28 11:12:40 --> Session token: d80ce5967d384a489b441a9dbe867535906938e03f996c2b7cb2cf0f95ee40c4
DEBUG - 2025-02-28 11:12:40 --> Raw Authorization header: Bearer d80ce5967d384a489b441a9dbe867535906938e03f996c2b7cb2cf0f95ee40c4
DEBUG - 2025-02-28 11:12:40 --> Token dari header: d80ce5967d384a489b441a9dbe867535906938e03f996c2b7cb2cf0f95ee40c4
DEBUG - 2025-02-28 11:12:40 --> SQL: SELECT *
FROM `mahasiswa`
WHERE `token` = 'd80ce5967d384a489b441a9dbe867535906938e03f996c2b7cb2cf0f95ee40c4'
 LIMIT 1
DEBUG - 2025-02-28 11:12:40 --> Token yang dicari: d80ce5967d384a489b441a9dbe867535906938e03f996c2b7cb2cf0f95ee40c4
DEBUG - 2025-02-28 11:12:40 --> Hasil pencarian: {"id":"1","user_id":null,"npm":"1184097","nama":"Dika Dwi","email":"","password":"$2y$10$c769FHZxNhYZr.9SGsJCIOOXoyE2gLItzkS43DBWoVzVsPh46wYdm","point":"1981","gaya_belajar":"Kinestetik","created_at":"2024-12-13 02:29:49","updated_at":"2025-02-28 11:12:27","deleted_at":null,"token":"d80ce5967d384a489b441a9dbe867535906938e03f996c2b7cb2cf0f95ee40c4","last_login":"2025-02-24 10:49:22"}
INFO - 2025-02-28 11:12:40 --> Session: Class initialized using 'CodeIgniter\Session\Handlers\FileHandler' driver.
DEBUG - 2025-02-28 11:12:40 --> Session token: d80ce5967d384a489b441a9dbe867535906938e03f996c2b7cb2cf0f95ee40c4
DEBUG - 2025-02-28 11:12:40 --> Raw Authorization header: Bearer d80ce5967d384a489b441a9dbe867535906938e03f996c2b7cb2cf0f95ee40c4
DEBUG - 2025-02-28 11:12:40 --> Token dari header: d80ce5967d384a489b441a9dbe867535906938e03f996c2b7cb2cf0f95ee40c4
DEBUG - 2025-02-28 11:12:40 --> SQL: SELECT *
FROM `mahasiswa`
WHERE `token` = 'd80ce5967d384a489b441a9dbe867535906938e03f996c2b7cb2cf0f95ee40c4'
 LIMIT 1
DEBUG - 2025-02-28 11:12:40 --> Token yang dicari: d80ce5967d384a489b441a9dbe867535906938e03f996c2b7cb2cf0f95ee40c4
DEBUG - 2025-02-28 11:12:40 --> Hasil pencarian: {"id":"1","user_id":null,"npm":"1184097","nama":"Dika Dwi","email":"","password":"$2y$10$c769FHZxNhYZr.9SGsJCIOOXoyE2gLItzkS43DBWoVzVsPh46wYdm","point":"1981","gaya_belajar":"Kinestetik","created_at":"2024-12-13 02:29:49","updated_at":"2025-02-28 11:12:27","deleted_at":null,"token":"d80ce5967d384a489b441a9dbe867535906938e03f996c2b7cb2cf0f95ee40c4","last_login":"2025-02-24 10:49:22"}
INFO - 2025-02-28 11:12:40 --> Session: Class initialized using 'CodeIgniter\Session\Handlers\FileHandler' driver.
DEBUG - 2025-02-28 11:12:40 --> Session token: d80ce5967d384a489b441a9dbe867535906938e03f996c2b7cb2cf0f95ee40c4
DEBUG - 2025-02-28 11:12:40 --> Raw Authorization header: Bearer d80ce5967d384a489b441a9dbe867535906938e03f996c2b7cb2cf0f95ee40c4
DEBUG - 2025-02-28 11:12:40 --> Token dari header: d80ce5967d384a489b441a9dbe867535906938e03f996c2b7cb2cf0f95ee40c4
DEBUG - 2025-02-28 11:12:40 --> SQL: SELECT *
FROM `mahasiswa`
WHERE `token` = 'd80ce5967d384a489b441a9dbe867535906938e03f996c2b7cb2cf0f95ee40c4'
 LIMIT 1
DEBUG - 2025-02-28 11:12:40 --> Token yang dicari: d80ce5967d384a489b441a9dbe867535906938e03f996c2b7cb2cf0f95ee40c4
DEBUG - 2025-02-28 11:12:40 --> Hasil pencarian: {"id":"1","user_id":null,"npm":"1184097","nama":"Dika Dwi","email":"","password":"$2y$10$c769FHZxNhYZr.9SGsJCIOOXoyE2gLItzkS43DBWoVzVsPh46wYdm","point":"1981","gaya_belajar":"Kinestetik","created_at":"2024-12-13 02:29:49","updated_at":"2025-02-28 11:12:27","deleted_at":null,"token":"d80ce5967d384a489b441a9dbe867535906938e03f996c2b7cb2cf0f95ee40c4","last_login":"2025-02-24 10:49:22"}
INFO - 2025-02-28 11:12:40 --> Session: Class initialized using 'CodeIgniter\Session\Handlers\FileHandler' driver.
INFO - 2025-02-28 11:12:41 --> Session: Class initialized using 'CodeIgniter\Session\Handlers\FileHandler' driver.
INFO - 2025-02-28 11:12:41 --> Session: Class initialized using 'CodeIgniter\Session\Handlers\FileHandler' driver.
DEBUG - 2025-02-28 11:12:41 --> Session token: d80ce5967d384a489b441a9dbe867535906938e03f996c2b7cb2cf0f95ee40c4
DEBUG - 2025-02-28 11:12:41 --> Raw Authorization header: Bearer d80ce5967d384a489b441a9dbe867535906938e03f996c2b7cb2cf0f95ee40c4
DEBUG - 2025-02-28 11:12:41 --> Token dari header: d80ce5967d384a489b441a9dbe867535906938e03f996c2b7cb2cf0f95ee40c4
DEBUG - 2025-02-28 11:12:41 --> SQL: SELECT *
FROM `mahasiswa`
WHERE `token` = 'd80ce5967d384a489b441a9dbe867535906938e03f996c2b7cb2cf0f95ee40c4'
 LIMIT 1
DEBUG - 2025-02-28 11:12:41 --> Token yang dicari: d80ce5967d384a489b441a9dbe867535906938e03f996c2b7cb2cf0f95ee40c4
DEBUG - 2025-02-28 11:12:41 --> Hasil pencarian: {"id":"1","user_id":null,"npm":"1184097","nama":"Dika Dwi","email":"","password":"$2y$10$c769FHZxNhYZr.9SGsJCIOOXoyE2gLItzkS43DBWoVzVsPh46wYdm","point":"1981","gaya_belajar":"Kinestetik","created_at":"2024-12-13 02:29:49","updated_at":"2025-02-28 11:12:27","deleted_at":null,"token":"d80ce5967d384a489b441a9dbe867535906938e03f996c2b7cb2cf0f95ee40c4","last_login":"2025-02-24 10:49:22"}
INFO - 2025-02-28 11:12:41 --> Session: Class initialized using 'CodeIgniter\Session\Handlers\FileHandler' driver.
DEBUG - 2025-02-28 11:12:41 --> Session token: d80ce5967d384a489b441a9dbe867535906938e03f996c2b7cb2cf0f95ee40c4
DEBUG - 2025-02-28 11:12:41 --> Raw Authorization header: Bearer d80ce5967d384a489b441a9dbe867535906938e03f996c2b7cb2cf0f95ee40c4
DEBUG - 2025-02-28 11:12:41 --> Token dari header: d80ce5967d384a489b441a9dbe867535906938e03f996c2b7cb2cf0f95ee40c4
DEBUG - 2025-02-28 11:12:41 --> SQL: SELECT *
FROM `mahasiswa`
WHERE `token` = 'd80ce5967d384a489b441a9dbe867535906938e03f996c2b7cb2cf0f95ee40c4'
 LIMIT 1
DEBUG - 2025-02-28 11:12:41 --> Token yang dicari: d80ce5967d384a489b441a9dbe867535906938e03f996c2b7cb2cf0f95ee40c4
DEBUG - 2025-02-28 11:12:41 --> Hasil pencarian: {"id":"1","user_id":null,"npm":"1184097","nama":"Dika Dwi","email":"","password":"$2y$10$c769FHZxNhYZr.9SGsJCIOOXoyE2gLItzkS43DBWoVzVsPh46wYdm","point":"1981","gaya_belajar":"Kinestetik","created_at":"2024-12-13 02:29:49","updated_at":"2025-02-28 11:12:27","deleted_at":null,"token":"d80ce5967d384a489b441a9dbe867535906938e03f996c2b7cb2cf0f95ee40c4","last_login":"2025-02-24 10:49:22"}
INFO - 2025-02-28 11:12:41 --> Session: Class initialized using 'CodeIgniter\Session\Handlers\FileHandler' driver.
DEBUG - 2025-02-28 11:12:41 --> Session token: d80ce5967d384a489b441a9dbe867535906938e03f996c2b7cb2cf0f95ee40c4
DEBUG - 2025-02-28 11:12:41 --> Raw Authorization header: Bearer d80ce5967d384a489b441a9dbe867535906938e03f996c2b7cb2cf0f95ee40c4
DEBUG - 2025-02-28 11:12:41 --> Token dari header: d80ce5967d384a489b441a9dbe867535906938e03f996c2b7cb2cf0f95ee40c4
DEBUG - 2025-02-28 11:12:41 --> SQL: SELECT *
FROM `mahasiswa`
WHERE `token` = 'd80ce5967d384a489b441a9dbe867535906938e03f996c2b7cb2cf0f95ee40c4'
 LIMIT 1
DEBUG - 2025-02-28 11:12:41 --> Token yang dicari: d80ce5967d384a489b441a9dbe867535906938e03f996c2b7cb2cf0f95ee40c4
DEBUG - 2025-02-28 11:12:41 --> Hasil pencarian: {"id":"1","user_id":null,"npm":"1184097","nama":"Dika Dwi","email":"","password":"$2y$10$c769FHZxNhYZr.9SGsJCIOOXoyE2gLItzkS43DBWoVzVsPh46wYdm","point":"1981","gaya_belajar":"Kinestetik","created_at":"2024-12-13 02:29:49","updated_at":"2025-02-28 11:12:27","deleted_at":null,"token":"d80ce5967d384a489b441a9dbe867535906938e03f996c2b7cb2cf0f95ee40c4","last_login":"2025-02-24 10:49:22"}
INFO - 2025-02-28 11:12:43 --> Session: Class initialized using 'CodeIgniter\Session\Handlers\FileHandler' driver.
INFO - 2025-02-28 11:12:43 --> Session: Class initialized using 'CodeIgniter\Session\Handlers\FileHandler' driver.
INFO - 2025-02-28 11:12:44 --> Session: Class initialized using 'CodeIgniter\Session\Handlers\FileHandler' driver.
INFO - 2025-02-28 11:12:44 --> Session: Class initialized using 'CodeIgniter\Session\Handlers\FileHandler' driver.
INFO - 2025-02-28 11:12:46 --> Session: Class initialized using 'CodeIgniter\Session\Handlers\FileHandler' driver.
INFO - 2025-02-28 11:12:46 --> Session: Class initialized using 'CodeIgniter\Session\Handlers\FileHandler' driver.
INFO - 2025-02-28 11:13:30 --> Session: Class initialized using 'CodeIgniter\Session\Handlers\FileHandler' driver.
INFO - 2025-02-28 11:13:30 --> Session: Class initialized using 'CodeIgniter\Session\Handlers\FileHandler' driver.
INFO - 2025-02-28 11:13:31 --> Session: Class initialized using 'CodeIgniter\Session\Handlers\FileHandler' driver.
DEBUG - 2025-02-28 11:13:31 --> Session token: d80ce5967d384a489b441a9dbe867535906938e03f996c2b7cb2cf0f95ee40c4
DEBUG - 2025-02-28 11:13:31 --> Raw Authorization header: Bearer d80ce5967d384a489b441a9dbe867535906938e03f996c2b7cb2cf0f95ee40c4
DEBUG - 2025-02-28 11:13:31 --> Token dari header: d80ce5967d384a489b441a9dbe867535906938e03f996c2b7cb2cf0f95ee40c4
DEBUG - 2025-02-28 11:13:31 --> SQL: SELECT *
FROM `mahasiswa`
WHERE `token` = 'd80ce5967d384a489b441a9dbe867535906938e03f996c2b7cb2cf0f95ee40c4'
 LIMIT 1
DEBUG - 2025-02-28 11:13:31 --> Token yang dicari: d80ce5967d384a489b441a9dbe867535906938e03f996c2b7cb2cf0f95ee40c4
DEBUG - 2025-02-28 11:13:31 --> Hasil pencarian: {"id":"1","user_id":null,"npm":"1184097","nama":"Dika Dwi","email":"","password":"$2y$10$c769FHZxNhYZr.9SGsJCIOOXoyE2gLItzkS43DBWoVzVsPh46wYdm","point":"1981","gaya_belajar":"Kinestetik","created_at":"2024-12-13 02:29:49","updated_at":"2025-02-28 11:12:27","deleted_at":null,"token":"d80ce5967d384a489b441a9dbe867535906938e03f996c2b7cb2cf0f95ee40c4","last_login":"2025-02-24 10:49:22"}
INFO - 2025-02-28 11:13:31 --> Session: Class initialized using 'CodeIgniter\Session\Handlers\FileHandler' driver.
DEBUG - 2025-02-28 11:13:31 --> Session token: d80ce5967d384a489b441a9dbe867535906938e03f996c2b7cb2cf0f95ee40c4
DEBUG - 2025-02-28 11:13:31 --> Raw Authorization header: Bearer d80ce5967d384a489b441a9dbe867535906938e03f996c2b7cb2cf0f95ee40c4
DEBUG - 2025-02-28 11:13:31 --> Token dari header: d80ce5967d384a489b441a9dbe867535906938e03f996c2b7cb2cf0f95ee40c4
DEBUG - 2025-02-28 11:13:31 --> SQL: SELECT *
FROM `mahasiswa`
WHERE `token` = 'd80ce5967d384a489b441a9dbe867535906938e03f996c2b7cb2cf0f95ee40c4'
 LIMIT 1
DEBUG - 2025-02-28 11:13:31 --> Token yang dicari: d80ce5967d384a489b441a9dbe867535906938e03f996c2b7cb2cf0f95ee40c4
DEBUG - 2025-02-28 11:13:31 --> Hasil pencarian: {"id":"1","user_id":null,"npm":"1184097","nama":"Dika Dwi","email":"","password":"$2y$10$c769FHZxNhYZr.9SGsJCIOOXoyE2gLItzkS43DBWoVzVsPh46wYdm","point":"1981","gaya_belajar":"Kinestetik","created_at":"2024-12-13 02:29:49","updated_at":"2025-02-28 11:12:27","deleted_at":null,"token":"d80ce5967d384a489b441a9dbe867535906938e03f996c2b7cb2cf0f95ee40c4","last_login":"2025-02-24 10:49:22"}
INFO - 2025-02-28 11:13:31 --> Session: Class initialized using 'CodeIgniter\Session\Handlers\FileHandler' driver.
DEBUG - 2025-02-28 11:13:31 --> Session token: d80ce5967d384a489b441a9dbe867535906938e03f996c2b7cb2cf0f95ee40c4
DEBUG - 2025-02-28 11:13:31 --> Raw Authorization header: Bearer d80ce5967d384a489b441a9dbe867535906938e03f996c2b7cb2cf0f95ee40c4
DEBUG - 2025-02-28 11:13:31 --> Token dari header: d80ce5967d384a489b441a9dbe867535906938e03f996c2b7cb2cf0f95ee40c4
DEBUG - 2025-02-28 11:13:31 --> SQL: SELECT *
FROM `mahasiswa`
WHERE `token` = 'd80ce5967d384a489b441a9dbe867535906938e03f996c2b7cb2cf0f95ee40c4'
 LIMIT 1
DEBUG - 2025-02-28 11:13:31 --> Token yang dicari: d80ce5967d384a489b441a9dbe867535906938e03f996c2b7cb2cf0f95ee40c4
DEBUG - 2025-02-28 11:13:31 --> Hasil pencarian: {"id":"1","user_id":null,"npm":"1184097","nama":"Dika Dwi","email":"","password":"$2y$10$c769FHZxNhYZr.9SGsJCIOOXoyE2gLItzkS43DBWoVzVsPh46wYdm","point":"1981","gaya_belajar":"Kinestetik","created_at":"2024-12-13 02:29:49","updated_at":"2025-02-28 11:12:27","deleted_at":null,"token":"d80ce5967d384a489b441a9dbe867535906938e03f996c2b7cb2cf0f95ee40c4","last_login":"2025-02-24 10:49:22"}
INFO - 2025-02-28 11:13:32 --> Session: Class initialized using 'CodeIgniter\Session\Handlers\FileHandler' driver.
INFO - 2025-02-28 11:13:32 --> Session: Class initialized using 'CodeIgniter\Session\Handlers\FileHandler' driver.
INFO - 2025-02-28 11:15:09 --> Session: Class initialized using 'CodeIgniter\Session\Handlers\FileHandler' driver.
INFO - 2025-02-28 11:15:09 --> Session: Class initialized using 'CodeIgniter\Session\Handlers\FileHandler' driver.
INFO - 2025-02-28 11:15:09 --> Session: Class initialized using 'CodeIgniter\Session\Handlers\FileHandler' driver.
INFO - 2025-02-28 11:15:11 --> Session: Class initialized using 'CodeIgniter\Session\Handlers\FileHandler' driver.
INFO - 2025-02-28 11:15:12 --> Session: Class initialized using 'CodeIgniter\Session\Handlers\FileHandler' driver.
INFO - 2025-02-28 11:16:34 --> Session: Class initialized using 'CodeIgniter\Session\Handlers\FileHandler' driver.
INFO - 2025-02-28 11:16:34 --> Session: Class initialized using 'CodeIgniter\Session\Handlers\FileHandler' driver.
INFO - 2025-02-28 11:16:34 --> Session: Class initialized using 'CodeIgniter\Session\Handlers\FileHandler' driver.
INFO - 2025-02-28 11:16:38 --> Session: Class initialized using 'CodeIgniter\Session\Handlers\FileHandler' driver.
INFO - 2025-02-28 11:16:39 --> Session: Class initialized using 'CodeIgniter\Session\Handlers\FileHandler' driver.
INFO - 2025-02-28 11:16:39 --> Session: Class initialized using 'CodeIgniter\Session\Handlers\FileHandler' driver.
DEBUG - 2025-02-28 11:16:39 --> Session token: d80ce5967d384a489b441a9dbe867535906938e03f996c2b7cb2cf0f95ee40c4
DEBUG - 2025-02-28 11:16:39 --> Raw Authorization header: Bearer d80ce5967d384a489b441a9dbe867535906938e03f996c2b7cb2cf0f95ee40c4
DEBUG - 2025-02-28 11:16:39 --> Token dari header: d80ce5967d384a489b441a9dbe867535906938e03f996c2b7cb2cf0f95ee40c4
DEBUG - 2025-02-28 11:16:39 --> SQL: SELECT *
FROM `mahasiswa`
WHERE `token` = 'd80ce5967d384a489b441a9dbe867535906938e03f996c2b7cb2cf0f95ee40c4'
 LIMIT 1
DEBUG - 2025-02-28 11:16:39 --> Token yang dicari: d80ce5967d384a489b441a9dbe867535906938e03f996c2b7cb2cf0f95ee40c4
DEBUG - 2025-02-28 11:16:39 --> Hasil pencarian: {"id":"1","user_id":null,"npm":"1184097","nama":"Dika Dwi","email":"","password":"$2y$10$c769FHZxNhYZr.9SGsJCIOOXoyE2gLItzkS43DBWoVzVsPh46wYdm","point":"1981","gaya_belajar":"Kinestetik","created_at":"2024-12-13 02:29:49","updated_at":"2025-02-28 11:16:34","deleted_at":null,"token":"d80ce5967d384a489b441a9dbe867535906938e03f996c2b7cb2cf0f95ee40c4","last_login":"2025-02-24 10:49:22"}
INFO - 2025-02-28 11:16:40 --> Session: Class initialized using 'CodeIgniter\Session\Handlers\FileHandler' driver.
DEBUG - 2025-02-28 11:16:40 --> Session token: d80ce5967d384a489b441a9dbe867535906938e03f996c2b7cb2cf0f95ee40c4
DEBUG - 2025-02-28 11:16:40 --> Raw Authorization header: Bearer d80ce5967d384a489b441a9dbe867535906938e03f996c2b7cb2cf0f95ee40c4
DEBUG - 2025-02-28 11:16:40 --> Token dari header: d80ce5967d384a489b441a9dbe867535906938e03f996c2b7cb2cf0f95ee40c4
DEBUG - 2025-02-28 11:16:40 --> SQL: SELECT *
FROM `mahasiswa`
WHERE `token` = 'd80ce5967d384a489b441a9dbe867535906938e03f996c2b7cb2cf0f95ee40c4'
 LIMIT 1
DEBUG - 2025-02-28 11:16:40 --> Token yang dicari: d80ce5967d384a489b441a9dbe867535906938e03f996c2b7cb2cf0f95ee40c4
DEBUG - 2025-02-28 11:16:40 --> Hasil pencarian: {"id":"1","user_id":null,"npm":"1184097","nama":"Dika Dwi","email":"","password":"$2y$10$c769FHZxNhYZr.9SGsJCIOOXoyE2gLItzkS43DBWoVzVsPh46wYdm","point":"1981","gaya_belajar":"Kinestetik","created_at":"2024-12-13 02:29:49","updated_at":"2025-02-28 11:16:34","deleted_at":null,"token":"d80ce5967d384a489b441a9dbe867535906938e03f996c2b7cb2cf0f95ee40c4","last_login":"2025-02-24 10:49:22"}
INFO - 2025-02-28 11:16:40 --> Session: Class initialized using 'CodeIgniter\Session\Handlers\FileHandler' driver.
DEBUG - 2025-02-28 11:16:40 --> Session token: d80ce5967d384a489b441a9dbe867535906938e03f996c2b7cb2cf0f95ee40c4
DEBUG - 2025-02-28 11:16:40 --> Raw Authorization header: Bearer d80ce5967d384a489b441a9dbe867535906938e03f996c2b7cb2cf0f95ee40c4
DEBUG - 2025-02-28 11:16:40 --> Token dari header: d80ce5967d384a489b441a9dbe867535906938e03f996c2b7cb2cf0f95ee40c4
DEBUG - 2025-02-28 11:16:40 --> SQL: SELECT *
FROM `mahasiswa`
WHERE `token` = 'd80ce5967d384a489b441a9dbe867535906938e03f996c2b7cb2cf0f95ee40c4'
 LIMIT 1
DEBUG - 2025-02-28 11:16:40 --> Token yang dicari: d80ce5967d384a489b441a9dbe867535906938e03f996c2b7cb2cf0f95ee40c4
DEBUG - 2025-02-28 11:16:40 --> Hasil pencarian: {"id":"1","user_id":null,"npm":"1184097","nama":"Dika Dwi","email":"","password":"$2y$10$c769FHZxNhYZr.9SGsJCIOOXoyE2gLItzkS43DBWoVzVsPh46wYdm","point":"1981","gaya_belajar":"Kinestetik","created_at":"2024-12-13 02:29:49","updated_at":"2025-02-28 11:16:34","deleted_at":null,"token":"d80ce5967d384a489b441a9dbe867535906938e03f996c2b7cb2cf0f95ee40c4","last_login":"2025-02-24 10:49:22"}
INFO - 2025-02-28 11:16:46 --> Session: Class initialized using 'CodeIgniter\Session\Handlers\FileHandler' driver.
INFO - 2025-02-28 11:16:46 --> Session: Class initialized using 'CodeIgniter\Session\Handlers\FileHandler' driver.
INFO - 2025-02-28 11:16:49 --> Session: Class initialized using 'CodeIgniter\Session\Handlers\FileHandler' driver.
INFO - 2025-02-28 11:16:50 --> Session: Class initialized using 'CodeIgniter\Session\Handlers\FileHandler' driver.
INFO - 2025-02-28 11:16:50 --> Session: Class initialized using 'CodeIgniter\Session\Handlers\FileHandler' driver.
INFO - 2025-02-28 11:17:08 --> Session: Class initialized using 'CodeIgniter\Session\Handlers\FileHandler' driver.
INFO - 2025-02-28 11:17:08 --> Session: Class initialized using 'CodeIgniter\Session\Handlers\FileHandler' driver.
INFO - 2025-02-28 11:17:12 --> Session: Class initialized using 'CodeIgniter\Session\Handlers\FileHandler' driver.
INFO - 2025-02-28 11:17:13 --> Session: Class initialized using 'CodeIgniter\Session\Handlers\FileHandler' driver.
INFO - 2025-02-28 11:17:13 --> Session: Class initialized using 'CodeIgniter\Session\Handlers\FileHandler' driver.
INFO - 2025-02-28 11:17:53 --> Session: Class initialized using 'CodeIgniter\Session\Handlers\FileHandler' driver.
INFO - 2025-02-28 11:17:53 --> Session: Class initialized using 'CodeIgniter\Session\Handlers\FileHandler' driver.
INFO - 2025-02-28 11:17:54 --> Session: Class initialized using 'CodeIgniter\Session\Handlers\FileHandler' driver.
INFO - 2025-02-28 11:17:54 --> Session: Class initialized using 'CodeIgniter\Session\Handlers\FileHandler' driver.
INFO - 2025-02-28 11:18:15 --> Session: Class initialized using 'CodeIgniter\Session\Handlers\FileHandler' driver.
INFO - 2025-02-28 11:18:15 --> Session: Class initialized using 'CodeIgniter\Session\Handlers\FileHandler' driver.
INFO - 2025-02-28 11:19:23 --> Session: Class initialized using 'CodeIgniter\Session\Handlers\FileHandler' driver.
INFO - 2025-02-28 11:19:23 --> Session: Class initialized using 'CodeIgniter\Session\Handlers\FileHandler' driver.
INFO - 2025-02-28 11:19:28 --> Session: Class initialized using 'CodeIgniter\Session\Handlers\FileHandler' driver.
INFO - 2025-02-28 11:19:28 --> Session: Class initialized using 'CodeIgniter\Session\Handlers\FileHandler' driver.
INFO - 2025-02-28 11:19:28 --> Session: Class initialized using 'CodeIgniter\Session\Handlers\FileHandler' driver.
INFO - 2025-02-28 11:19:46 --> Session: Class initialized using 'CodeIgniter\Session\Handlers\FileHandler' driver.
INFO - 2025-02-28 11:19:46 --> Session: Class initialized using 'CodeIgniter\Session\Handlers\FileHandler' driver.
INFO - 2025-02-28 11:19:49 --> Session: Class initialized using 'CodeIgniter\Session\Handlers\FileHandler' driver.
INFO - 2025-02-28 11:19:49 --> Session: Class initialized using 'CodeIgniter\Session\Handlers\FileHandler' driver.
INFO - 2025-02-28 11:19:50 --> Session: Class initialized using 'CodeIgniter\Session\Handlers\FileHandler' driver.
INFO - 2025-02-28 11:19:53 --> Session: Class initialized using 'CodeIgniter\Session\Handlers\FileHandler' driver.
INFO - 2025-02-28 11:19:53 --> Session: Class initialized using 'CodeIgniter\Session\Handlers\FileHandler' driver.
INFO - 2025-02-28 11:19:54 --> Session: Class initialized using 'CodeIgniter\Session\Handlers\FileHandler' driver.
DEBUG - 2025-02-28 11:19:54 --> Session token: d80ce5967d384a489b441a9dbe867535906938e03f996c2b7cb2cf0f95ee40c4
DEBUG - 2025-02-28 11:19:54 --> Raw Authorization header: Bearer d80ce5967d384a489b441a9dbe867535906938e03f996c2b7cb2cf0f95ee40c4
DEBUG - 2025-02-28 11:19:54 --> Token dari header: d80ce5967d384a489b441a9dbe867535906938e03f996c2b7cb2cf0f95ee40c4
DEBUG - 2025-02-28 11:19:54 --> SQL: SELECT *
FROM `mahasiswa`
WHERE `token` = 'd80ce5967d384a489b441a9dbe867535906938e03f996c2b7cb2cf0f95ee40c4'
 LIMIT 1
DEBUG - 2025-02-28 11:19:54 --> Token yang dicari: d80ce5967d384a489b441a9dbe867535906938e03f996c2b7cb2cf0f95ee40c4
DEBUG - 2025-02-28 11:19:54 --> Hasil pencarian: {"id":"1","user_id":null,"npm":"1184097","nama":"Dika Dwi","email":"","password":"$2y$10$c769FHZxNhYZr.9SGsJCIOOXoyE2gLItzkS43DBWoVzVsPh46wYdm","point":"1981","gaya_belajar":"Kinestetik","created_at":"2024-12-13 02:29:49","updated_at":"2025-02-28 11:19:28","deleted_at":null,"token":"d80ce5967d384a489b441a9dbe867535906938e03f996c2b7cb2cf0f95ee40c4","last_login":"2025-02-24 10:49:22"}
INFO - 2025-02-28 11:19:54 --> Session: Class initialized using 'CodeIgniter\Session\Handlers\FileHandler' driver.
DEBUG - 2025-02-28 11:19:54 --> Session token: d80ce5967d384a489b441a9dbe867535906938e03f996c2b7cb2cf0f95ee40c4
DEBUG - 2025-02-28 11:19:54 --> Raw Authorization header: Bearer d80ce5967d384a489b441a9dbe867535906938e03f996c2b7cb2cf0f95ee40c4
DEBUG - 2025-02-28 11:19:54 --> Token dari header: d80ce5967d384a489b441a9dbe867535906938e03f996c2b7cb2cf0f95ee40c4
DEBUG - 2025-02-28 11:19:54 --> SQL: SELECT *
FROM `mahasiswa`
WHERE `token` = 'd80ce5967d384a489b441a9dbe867535906938e03f996c2b7cb2cf0f95ee40c4'
 LIMIT 1
DEBUG - 2025-02-28 11:19:54 --> Token yang dicari: d80ce5967d384a489b441a9dbe867535906938e03f996c2b7cb2cf0f95ee40c4
DEBUG - 2025-02-28 11:19:54 --> Hasil pencarian: {"id":"1","user_id":null,"npm":"1184097","nama":"Dika Dwi","email":"","password":"$2y$10$c769FHZxNhYZr.9SGsJCIOOXoyE2gLItzkS43DBWoVzVsPh46wYdm","point":"1981","gaya_belajar":"Kinestetik","created_at":"2024-12-13 02:29:49","updated_at":"2025-02-28 11:19:28","deleted_at":null,"token":"d80ce5967d384a489b441a9dbe867535906938e03f996c2b7cb2cf0f95ee40c4","last_login":"2025-02-24 10:49:22"}
INFO - 2025-02-28 11:19:54 --> Session: Class initialized using 'CodeIgniter\Session\Handlers\FileHandler' driver.
DEBUG - 2025-02-28 11:19:54 --> Session token: d80ce5967d384a489b441a9dbe867535906938e03f996c2b7cb2cf0f95ee40c4
DEBUG - 2025-02-28 11:19:54 --> Raw Authorization header: Bearer d80ce5967d384a489b441a9dbe867535906938e03f996c2b7cb2cf0f95ee40c4
DEBUG - 2025-02-28 11:19:54 --> Token dari header: d80ce5967d384a489b441a9dbe867535906938e03f996c2b7cb2cf0f95ee40c4
DEBUG - 2025-02-28 11:19:54 --> SQL: SELECT *
FROM `mahasiswa`
WHERE `token` = 'd80ce5967d384a489b441a9dbe867535906938e03f996c2b7cb2cf0f95ee40c4'
 LIMIT 1
DEBUG - 2025-02-28 11:19:54 --> Token yang dicari: d80ce5967d384a489b441a9dbe867535906938e03f996c2b7cb2cf0f95ee40c4
DEBUG - 2025-02-28 11:19:54 --> Hasil pencarian: {"id":"1","user_id":null,"npm":"1184097","nama":"Dika Dwi","email":"","password":"$2y$10$c769FHZxNhYZr.9SGsJCIOOXoyE2gLItzkS43DBWoVzVsPh46wYdm","point":"1981","gaya_belajar":"Kinestetik","created_at":"2024-12-13 02:29:49","updated_at":"2025-02-28 11:19:28","deleted_at":null,"token":"d80ce5967d384a489b441a9dbe867535906938e03f996c2b7cb2cf0f95ee40c4","last_login":"2025-02-24 10:49:22"}
INFO - 2025-02-28 11:19:54 --> Session: Class initialized using 'CodeIgniter\Session\Handlers\FileHandler' driver.
INFO - 2025-02-28 11:19:55 --> Session: Class initialized using 'CodeIgniter\Session\Handlers\FileHandler' driver.
INFO - 2025-02-28 11:19:55 --> Session: Class initialized using 'CodeIgniter\Session\Handlers\FileHandler' driver.
DEBUG - 2025-02-28 11:19:55 --> Session token: d80ce5967d384a489b441a9dbe867535906938e03f996c2b7cb2cf0f95ee40c4
DEBUG - 2025-02-28 11:19:55 --> Raw Authorization header: Bearer d80ce5967d384a489b441a9dbe867535906938e03f996c2b7cb2cf0f95ee40c4
DEBUG - 2025-02-28 11:19:55 --> Token dari header: d80ce5967d384a489b441a9dbe867535906938e03f996c2b7cb2cf0f95ee40c4
DEBUG - 2025-02-28 11:19:55 --> SQL: SELECT *
FROM `mahasiswa`
WHERE `token` = 'd80ce5967d384a489b441a9dbe867535906938e03f996c2b7cb2cf0f95ee40c4'
 LIMIT 1
DEBUG - 2025-02-28 11:19:55 --> Token yang dicari: d80ce5967d384a489b441a9dbe867535906938e03f996c2b7cb2cf0f95ee40c4
DEBUG - 2025-02-28 11:19:55 --> Hasil pencarian: {"id":"1","user_id":null,"npm":"1184097","nama":"Dika Dwi","email":"","password":"$2y$10$c769FHZxNhYZr.9SGsJCIOOXoyE2gLItzkS43DBWoVzVsPh46wYdm","point":"1981","gaya_belajar":"Kinestetik","created_at":"2024-12-13 02:29:49","updated_at":"2025-02-28 11:19:28","deleted_at":null,"token":"d80ce5967d384a489b441a9dbe867535906938e03f996c2b7cb2cf0f95ee40c4","last_login":"2025-02-24 10:49:22"}
INFO - 2025-02-28 11:19:55 --> Session: Class initialized using 'CodeIgniter\Session\Handlers\FileHandler' driver.
DEBUG - 2025-02-28 11:19:55 --> Session token: d80ce5967d384a489b441a9dbe867535906938e03f996c2b7cb2cf0f95ee40c4
DEBUG - 2025-02-28 11:19:55 --> Raw Authorization header: Bearer d80ce5967d384a489b441a9dbe867535906938e03f996c2b7cb2cf0f95ee40c4
DEBUG - 2025-02-28 11:19:55 --> Token dari header: d80ce5967d384a489b441a9dbe867535906938e03f996c2b7cb2cf0f95ee40c4
DEBUG - 2025-02-28 11:19:55 --> SQL: SELECT *
FROM `mahasiswa`
WHERE `token` = 'd80ce5967d384a489b441a9dbe867535906938e03f996c2b7cb2cf0f95ee40c4'
 LIMIT 1
DEBUG - 2025-02-28 11:19:55 --> Token yang dicari: d80ce5967d384a489b441a9dbe867535906938e03f996c2b7cb2cf0f95ee40c4
DEBUG - 2025-02-28 11:19:55 --> Hasil pencarian: {"id":"1","user_id":null,"npm":"1184097","nama":"Dika Dwi","email":"","password":"$2y$10$c769FHZxNhYZr.9SGsJCIOOXoyE2gLItzkS43DBWoVzVsPh46wYdm","point":"1981","gaya_belajar":"Kinestetik","created_at":"2024-12-13 02:29:49","updated_at":"2025-02-28 11:19:28","deleted_at":null,"token":"d80ce5967d384a489b441a9dbe867535906938e03f996c2b7cb2cf0f95ee40c4","last_login":"2025-02-24 10:49:22"}
INFO - 2025-02-28 11:19:55 --> Session: Class initialized using 'CodeIgniter\Session\Handlers\FileHandler' driver.
DEBUG - 2025-02-28 11:19:55 --> Session token: d80ce5967d384a489b441a9dbe867535906938e03f996c2b7cb2cf0f95ee40c4
DEBUG - 2025-02-28 11:19:55 --> Raw Authorization header: Bearer d80ce5967d384a489b441a9dbe867535906938e03f996c2b7cb2cf0f95ee40c4
DEBUG - 2025-02-28 11:19:55 --> Token dari header: d80ce5967d384a489b441a9dbe867535906938e03f996c2b7cb2cf0f95ee40c4
DEBUG - 2025-02-28 11:19:55 --> SQL: SELECT *
FROM `mahasiswa`
WHERE `token` = 'd80ce5967d384a489b441a9dbe867535906938e03f996c2b7cb2cf0f95ee40c4'
 LIMIT 1
DEBUG - 2025-02-28 11:19:55 --> Token yang dicari: d80ce5967d384a489b441a9dbe867535906938e03f996c2b7cb2cf0f95ee40c4
DEBUG - 2025-02-28 11:19:55 --> Hasil pencarian: {"id":"1","user_id":null,"npm":"1184097","nama":"Dika Dwi","email":"","password":"$2y$10$c769FHZxNhYZr.9SGsJCIOOXoyE2gLItzkS43DBWoVzVsPh46wYdm","point":"1981","gaya_belajar":"Kinestetik","created_at":"2024-12-13 02:29:49","updated_at":"2025-02-28 11:19:28","deleted_at":null,"token":"d80ce5967d384a489b441a9dbe867535906938e03f996c2b7cb2cf0f95ee40c4","last_login":"2025-02-24 10:49:22"}
INFO - 2025-02-28 11:19:55 --> Session: Class initialized using 'CodeIgniter\Session\Handlers\FileHandler' driver.
INFO - 2025-02-28 11:19:56 --> Session: Class initialized using 'CodeIgniter\Session\Handlers\FileHandler' driver.
INFO - 2025-02-28 11:19:56 --> Session: Class initialized using 'CodeIgniter\Session\Handlers\FileHandler' driver.
DEBUG - 2025-02-28 11:19:56 --> Session token: d80ce5967d384a489b441a9dbe867535906938e03f996c2b7cb2cf0f95ee40c4
DEBUG - 2025-02-28 11:19:56 --> Raw Authorization header: Bearer d80ce5967d384a489b441a9dbe867535906938e03f996c2b7cb2cf0f95ee40c4
DEBUG - 2025-02-28 11:19:56 --> Token dari header: d80ce5967d384a489b441a9dbe867535906938e03f996c2b7cb2cf0f95ee40c4
DEBUG - 2025-02-28 11:19:56 --> SQL: SELECT *
FROM `mahasiswa`
WHERE `token` = 'd80ce5967d384a489b441a9dbe867535906938e03f996c2b7cb2cf0f95ee40c4'
 LIMIT 1
DEBUG - 2025-02-28 11:19:56 --> Token yang dicari: d80ce5967d384a489b441a9dbe867535906938e03f996c2b7cb2cf0f95ee40c4
DEBUG - 2025-02-28 11:19:56 --> Hasil pencarian: {"id":"1","user_id":null,"npm":"1184097","nama":"Dika Dwi","email":"","password":"$2y$10$c769FHZxNhYZr.9SGsJCIOOXoyE2gLItzkS43DBWoVzVsPh46wYdm","point":"1981","gaya_belajar":"Kinestetik","created_at":"2024-12-13 02:29:49","updated_at":"2025-02-28 11:19:28","deleted_at":null,"token":"d80ce5967d384a489b441a9dbe867535906938e03f996c2b7cb2cf0f95ee40c4","last_login":"2025-02-24 10:49:22"}
INFO - 2025-02-28 11:19:56 --> Session: Class initialized using 'CodeIgniter\Session\Handlers\FileHandler' driver.
DEBUG - 2025-02-28 11:19:56 --> Session token: d80ce5967d384a489b441a9dbe867535906938e03f996c2b7cb2cf0f95ee40c4
DEBUG - 2025-02-28 11:19:56 --> Raw Authorization header: Bearer d80ce5967d384a489b441a9dbe867535906938e03f996c2b7cb2cf0f95ee40c4
DEBUG - 2025-02-28 11:19:56 --> Token dari header: d80ce5967d384a489b441a9dbe867535906938e03f996c2b7cb2cf0f95ee40c4
DEBUG - 2025-02-28 11:19:57 --> SQL: SELECT *
FROM `mahasiswa`
WHERE `token` = 'd80ce5967d384a489b441a9dbe867535906938e03f996c2b7cb2cf0f95ee40c4'
 LIMIT 1
DEBUG - 2025-02-28 11:19:57 --> Token yang dicari: d80ce5967d384a489b441a9dbe867535906938e03f996c2b7cb2cf0f95ee40c4
DEBUG - 2025-02-28 11:19:57 --> Hasil pencarian: {"id":"1","user_id":null,"npm":"1184097","nama":"Dika Dwi","email":"","password":"$2y$10$c769FHZxNhYZr.9SGsJCIOOXoyE2gLItzkS43DBWoVzVsPh46wYdm","point":"1981","gaya_belajar":"Kinestetik","created_at":"2024-12-13 02:29:49","updated_at":"2025-02-28 11:19:28","deleted_at":null,"token":"d80ce5967d384a489b441a9dbe867535906938e03f996c2b7cb2cf0f95ee40c4","last_login":"2025-02-24 10:49:22"}
INFO - 2025-02-28 11:19:57 --> Session: Class initialized using 'CodeIgniter\Session\Handlers\FileHandler' driver.
DEBUG - 2025-02-28 11:19:57 --> Session token: d80ce5967d384a489b441a9dbe867535906938e03f996c2b7cb2cf0f95ee40c4
DEBUG - 2025-02-28 11:19:57 --> Raw Authorization header: Bearer d80ce5967d384a489b441a9dbe867535906938e03f996c2b7cb2cf0f95ee40c4
DEBUG - 2025-02-28 11:19:57 --> Token dari header: d80ce5967d384a489b441a9dbe867535906938e03f996c2b7cb2cf0f95ee40c4
DEBUG - 2025-02-28 11:19:57 --> SQL: SELECT *
FROM `mahasiswa`
WHERE `token` = 'd80ce5967d384a489b441a9dbe867535906938e03f996c2b7cb2cf0f95ee40c4'
 LIMIT 1
DEBUG - 2025-02-28 11:19:57 --> Token yang dicari: d80ce5967d384a489b441a9dbe867535906938e03f996c2b7cb2cf0f95ee40c4
DEBUG - 2025-02-28 11:19:57 --> Hasil pencarian: {"id":"1","user_id":null,"npm":"1184097","nama":"Dika Dwi","email":"","password":"$2y$10$c769FHZxNhYZr.9SGsJCIOOXoyE2gLItzkS43DBWoVzVsPh46wYdm","point":"1981","gaya_belajar":"Kinestetik","created_at":"2024-12-13 02:29:49","updated_at":"2025-02-28 11:19:28","deleted_at":null,"token":"d80ce5967d384a489b441a9dbe867535906938e03f996c2b7cb2cf0f95ee40c4","last_login":"2025-02-24 10:49:22"}
INFO - 2025-02-28 11:19:58 --> Session: Class initialized using 'CodeIgniter\Session\Handlers\FileHandler' driver.
INFO - 2025-02-28 11:19:58 --> Session: Class initialized using 'CodeIgniter\Session\Handlers\FileHandler' driver.
INFO - 2025-02-28 11:19:58 --> Session: Class initialized using 'CodeIgniter\Session\Handlers\FileHandler' driver.
INFO - 2025-02-28 11:19:59 --> Session: Class initialized using 'CodeIgniter\Session\Handlers\FileHandler' driver.
DEBUG - 2025-02-28 11:19:59 --> Session token: d80ce5967d384a489b441a9dbe867535906938e03f996c2b7cb2cf0f95ee40c4
DEBUG - 2025-02-28 11:19:59 --> Raw Authorization header: Bearer d80ce5967d384a489b441a9dbe867535906938e03f996c2b7cb2cf0f95ee40c4
DEBUG - 2025-02-28 11:19:59 --> Token dari header: d80ce5967d384a489b441a9dbe867535906938e03f996c2b7cb2cf0f95ee40c4
DEBUG - 2025-02-28 11:19:59 --> SQL: SELECT *
FROM `mahasiswa`
WHERE `token` = 'd80ce5967d384a489b441a9dbe867535906938e03f996c2b7cb2cf0f95ee40c4'
 LIMIT 1
DEBUG - 2025-02-28 11:19:59 --> Token yang dicari: d80ce5967d384a489b441a9dbe867535906938e03f996c2b7cb2cf0f95ee40c4
DEBUG - 2025-02-28 11:19:59 --> Hasil pencarian: {"id":"1","user_id":null,"npm":"1184097","nama":"Dika Dwi","email":"","password":"$2y$10$c769FHZxNhYZr.9SGsJCIOOXoyE2gLItzkS43DBWoVzVsPh46wYdm","point":"2081","gaya_belajar":"Kinestetik","created_at":"2024-12-13 02:29:49","updated_at":"2025-02-28 11:19:58","deleted_at":null,"token":"d80ce5967d384a489b441a9dbe867535906938e03f996c2b7cb2cf0f95ee40c4","last_login":"2025-02-24 10:49:22"}
INFO - 2025-02-28 11:19:59 --> Session: Class initialized using 'CodeIgniter\Session\Handlers\FileHandler' driver.
DEBUG - 2025-02-28 11:19:59 --> Session token: d80ce5967d384a489b441a9dbe867535906938e03f996c2b7cb2cf0f95ee40c4
DEBUG - 2025-02-28 11:19:59 --> Raw Authorization header: Bearer d80ce5967d384a489b441a9dbe867535906938e03f996c2b7cb2cf0f95ee40c4
DEBUG - 2025-02-28 11:19:59 --> Token dari header: d80ce5967d384a489b441a9dbe867535906938e03f996c2b7cb2cf0f95ee40c4
DEBUG - 2025-02-28 11:19:59 --> SQL: SELECT *
FROM `mahasiswa`
WHERE `token` = 'd80ce5967d384a489b441a9dbe867535906938e03f996c2b7cb2cf0f95ee40c4'
 LIMIT 1
DEBUG - 2025-02-28 11:19:59 --> Token yang dicari: d80ce5967d384a489b441a9dbe867535906938e03f996c2b7cb2cf0f95ee40c4
DEBUG - 2025-02-28 11:19:59 --> Hasil pencarian: {"id":"1","user_id":null,"npm":"1184097","nama":"Dika Dwi","email":"","password":"$2y$10$c769FHZxNhYZr.9SGsJCIOOXoyE2gLItzkS43DBWoVzVsPh46wYdm","point":"2081","gaya_belajar":"Kinestetik","created_at":"2024-12-13 02:29:49","updated_at":"2025-02-28 11:19:58","deleted_at":null,"token":"d80ce5967d384a489b441a9dbe867535906938e03f996c2b7cb2cf0f95ee40c4","last_login":"2025-02-24 10:49:22"}
INFO - 2025-02-28 11:19:59 --> Session: Class initialized using 'CodeIgniter\Session\Handlers\FileHandler' driver.
DEBUG - 2025-02-28 11:19:59 --> Session token: d80ce5967d384a489b441a9dbe867535906938e03f996c2b7cb2cf0f95ee40c4
DEBUG - 2025-02-28 11:19:59 --> Raw Authorization header: Bearer d80ce5967d384a489b441a9dbe867535906938e03f996c2b7cb2cf0f95ee40c4
DEBUG - 2025-02-28 11:19:59 --> Token dari header: d80ce5967d384a489b441a9dbe867535906938e03f996c2b7cb2cf0f95ee40c4
DEBUG - 2025-02-28 11:19:59 --> SQL: SELECT *
FROM `mahasiswa`
WHERE `token` = 'd80ce5967d384a489b441a9dbe867535906938e03f996c2b7cb2cf0f95ee40c4'
 LIMIT 1
DEBUG - 2025-02-28 11:19:59 --> Token yang dicari: d80ce5967d384a489b441a9dbe867535906938e03f996c2b7cb2cf0f95ee40c4
DEBUG - 2025-02-28 11:19:59 --> Hasil pencarian: {"id":"1","user_id":null,"npm":"1184097","nama":"Dika Dwi","email":"","password":"$2y$10$c769FHZxNhYZr.9SGsJCIOOXoyE2gLItzkS43DBWoVzVsPh46wYdm","point":"2081","gaya_belajar":"Kinestetik","created_at":"2024-12-13 02:29:49","updated_at":"2025-02-28 11:19:58","deleted_at":null,"token":"d80ce5967d384a489b441a9dbe867535906938e03f996c2b7cb2cf0f95ee40c4","last_login":"2025-02-24 10:49:22"}
INFO - 2025-02-28 11:20:00 --> Session: Class initialized using 'CodeIgniter\Session\Handlers\FileHandler' driver.
INFO - 2025-02-28 11:20:01 --> Session: Class initialized using 'CodeIgniter\Session\Handlers\FileHandler' driver.
INFO - 2025-02-28 11:20:01 --> Session: Class initialized using 'CodeIgniter\Session\Handlers\FileHandler' driver.
DEBUG - 2025-02-28 11:20:01 --> Session token: d80ce5967d384a489b441a9dbe867535906938e03f996c2b7cb2cf0f95ee40c4
DEBUG - 2025-02-28 11:20:01 --> Raw Authorization header: Bearer d80ce5967d384a489b441a9dbe867535906938e03f996c2b7cb2cf0f95ee40c4
DEBUG - 2025-02-28 11:20:01 --> Token dari header: d80ce5967d384a489b441a9dbe867535906938e03f996c2b7cb2cf0f95ee40c4
DEBUG - 2025-02-28 11:20:01 --> SQL: SELECT *
FROM `mahasiswa`
WHERE `token` = 'd80ce5967d384a489b441a9dbe867535906938e03f996c2b7cb2cf0f95ee40c4'
 LIMIT 1
DEBUG - 2025-02-28 11:20:01 --> Token yang dicari: d80ce5967d384a489b441a9dbe867535906938e03f996c2b7cb2cf0f95ee40c4
DEBUG - 2025-02-28 11:20:01 --> Hasil pencarian: {"id":"1","user_id":null,"npm":"1184097","nama":"Dika Dwi","email":"","password":"$2y$10$c769FHZxNhYZr.9SGsJCIOOXoyE2gLItzkS43DBWoVzVsPh46wYdm","point":"2081","gaya_belajar":"Kinestetik","created_at":"2024-12-13 02:29:49","updated_at":"2025-02-28 11:19:58","deleted_at":null,"token":"d80ce5967d384a489b441a9dbe867535906938e03f996c2b7cb2cf0f95ee40c4","last_login":"2025-02-24 10:49:22"}
INFO - 2025-02-28 11:20:01 --> Session: Class initialized using 'CodeIgniter\Session\Handlers\FileHandler' driver.
DEBUG - 2025-02-28 11:20:01 --> Session token: d80ce5967d384a489b441a9dbe867535906938e03f996c2b7cb2cf0f95ee40c4
DEBUG - 2025-02-28 11:20:01 --> Raw Authorization header: Bearer d80ce5967d384a489b441a9dbe867535906938e03f996c2b7cb2cf0f95ee40c4
DEBUG - 2025-02-28 11:20:01 --> Token dari header: d80ce5967d384a489b441a9dbe867535906938e03f996c2b7cb2cf0f95ee40c4
DEBUG - 2025-02-28 11:20:02 --> SQL: SELECT *
FROM `mahasiswa`
WHERE `token` = 'd80ce5967d384a489b441a9dbe867535906938e03f996c2b7cb2cf0f95ee40c4'
 LIMIT 1
DEBUG - 2025-02-28 11:20:02 --> Token yang dicari: d80ce5967d384a489b441a9dbe867535906938e03f996c2b7cb2cf0f95ee40c4
DEBUG - 2025-02-28 11:20:02 --> Hasil pencarian: {"id":"1","user_id":null,"npm":"1184097","nama":"Dika Dwi","email":"","password":"$2y$10$c769FHZxNhYZr.9SGsJCIOOXoyE2gLItzkS43DBWoVzVsPh46wYdm","point":"2081","gaya_belajar":"Kinestetik","created_at":"2024-12-13 02:29:49","updated_at":"2025-02-28 11:19:58","deleted_at":null,"token":"d80ce5967d384a489b441a9dbe867535906938e03f996c2b7cb2cf0f95ee40c4","last_login":"2025-02-24 10:49:22"}
INFO - 2025-02-28 11:20:02 --> Session: Class initialized using 'CodeIgniter\Session\Handlers\FileHandler' driver.
DEBUG - 2025-02-28 11:20:02 --> Session token: d80ce5967d384a489b441a9dbe867535906938e03f996c2b7cb2cf0f95ee40c4
DEBUG - 2025-02-28 11:20:02 --> Raw Authorization header: Bearer d80ce5967d384a489b441a9dbe867535906938e03f996c2b7cb2cf0f95ee40c4
DEBUG - 2025-02-28 11:20:02 --> Token dari header: d80ce5967d384a489b441a9dbe867535906938e03f996c2b7cb2cf0f95ee40c4
DEBUG - 2025-02-28 11:20:02 --> SQL: SELECT *
FROM `mahasiswa`
WHERE `token` = 'd80ce5967d384a489b441a9dbe867535906938e03f996c2b7cb2cf0f95ee40c4'
 LIMIT 1
DEBUG - 2025-02-28 11:20:02 --> Token yang dicari: d80ce5967d384a489b441a9dbe867535906938e03f996c2b7cb2cf0f95ee40c4
DEBUG - 2025-02-28 11:20:02 --> Hasil pencarian: {"id":"1","user_id":null,"npm":"1184097","nama":"Dika Dwi","email":"","password":"$2y$10$c769FHZxNhYZr.9SGsJCIOOXoyE2gLItzkS43DBWoVzVsPh46wYdm","point":"2081","gaya_belajar":"Kinestetik","created_at":"2024-12-13 02:29:49","updated_at":"2025-02-28 11:19:58","deleted_at":null,"token":"d80ce5967d384a489b441a9dbe867535906938e03f996c2b7cb2cf0f95ee40c4","last_login":"2025-02-24 10:49:22"}
INFO - 2025-02-28 11:20:37 --> Session: Class initialized using 'CodeIgniter\Session\Handlers\FileHandler' driver.
INFO - 2025-02-28 11:20:37 --> Session: Class initialized using 'CodeIgniter\Session\Handlers\FileHandler' driver.
INFO - 2025-02-28 11:20:37 --> Session: Class initialized using 'CodeIgniter\Session\Handlers\FileHandler' driver.
DEBUG - 2025-02-28 11:20:37 --> Session token: d80ce5967d384a489b441a9dbe867535906938e03f996c2b7cb2cf0f95ee40c4
DEBUG - 2025-02-28 11:20:37 --> Raw Authorization header: Bearer d80ce5967d384a489b441a9dbe867535906938e03f996c2b7cb2cf0f95ee40c4
DEBUG - 2025-02-28 11:20:37 --> Token dari header: d80ce5967d384a489b441a9dbe867535906938e03f996c2b7cb2cf0f95ee40c4
DEBUG - 2025-02-28 11:20:37 --> SQL: SELECT *
FROM `mahasiswa`
WHERE `token` = 'd80ce5967d384a489b441a9dbe867535906938e03f996c2b7cb2cf0f95ee40c4'
 LIMIT 1
DEBUG - 2025-02-28 11:20:37 --> Token yang dicari: d80ce5967d384a489b441a9dbe867535906938e03f996c2b7cb2cf0f95ee40c4
DEBUG - 2025-02-28 11:20:37 --> Hasil pencarian: {"id":"1","user_id":null,"npm":"1184097","nama":"Dika Dwi","email":"","password":"$2y$10$c769FHZxNhYZr.9SGsJCIOOXoyE2gLItzkS43DBWoVzVsPh46wYdm","point":"2081","gaya_belajar":"Kinestetik","created_at":"2024-12-13 02:29:49","updated_at":"2025-02-28 11:19:58","deleted_at":null,"token":"d80ce5967d384a489b441a9dbe867535906938e03f996c2b7cb2cf0f95ee40c4","last_login":"2025-02-24 10:49:22"}
INFO - 2025-02-28 11:20:38 --> Session: Class initialized using 'CodeIgniter\Session\Handlers\FileHandler' driver.
DEBUG - 2025-02-28 11:20:38 --> Session token: d80ce5967d384a489b441a9dbe867535906938e03f996c2b7cb2cf0f95ee40c4
DEBUG - 2025-02-28 11:20:38 --> Raw Authorization header: Bearer d80ce5967d384a489b441a9dbe867535906938e03f996c2b7cb2cf0f95ee40c4
DEBUG - 2025-02-28 11:20:38 --> Token dari header: d80ce5967d384a489b441a9dbe867535906938e03f996c2b7cb2cf0f95ee40c4
DEBUG - 2025-02-28 11:20:38 --> SQL: SELECT *
FROM `mahasiswa`
WHERE `token` = 'd80ce5967d384a489b441a9dbe867535906938e03f996c2b7cb2cf0f95ee40c4'
 LIMIT 1
DEBUG - 2025-02-28 11:20:38 --> Token yang dicari: d80ce5967d384a489b441a9dbe867535906938e03f996c2b7cb2cf0f95ee40c4
DEBUG - 2025-02-28 11:20:38 --> Hasil pencarian: {"id":"1","user_id":null,"npm":"1184097","nama":"Dika Dwi","email":"","password":"$2y$10$c769FHZxNhYZr.9SGsJCIOOXoyE2gLItzkS43DBWoVzVsPh46wYdm","point":"2081","gaya_belajar":"Kinestetik","created_at":"2024-12-13 02:29:49","updated_at":"2025-02-28 11:19:58","deleted_at":null,"token":"d80ce5967d384a489b441a9dbe867535906938e03f996c2b7cb2cf0f95ee40c4","last_login":"2025-02-24 10:49:22"}
INFO - 2025-02-28 11:20:38 --> Session: Class initialized using 'CodeIgniter\Session\Handlers\FileHandler' driver.
DEBUG - 2025-02-28 11:20:38 --> Session token: d80ce5967d384a489b441a9dbe867535906938e03f996c2b7cb2cf0f95ee40c4
DEBUG - 2025-02-28 11:20:38 --> Raw Authorization header: Bearer d80ce5967d384a489b441a9dbe867535906938e03f996c2b7cb2cf0f95ee40c4
DEBUG - 2025-02-28 11:20:38 --> Token dari header: d80ce5967d384a489b441a9dbe867535906938e03f996c2b7cb2cf0f95ee40c4
DEBUG - 2025-02-28 11:20:38 --> SQL: SELECT *
FROM `mahasiswa`
WHERE `token` = 'd80ce5967d384a489b441a9dbe867535906938e03f996c2b7cb2cf0f95ee40c4'
 LIMIT 1
DEBUG - 2025-02-28 11:20:38 --> Token yang dicari: d80ce5967d384a489b441a9dbe867535906938e03f996c2b7cb2cf0f95ee40c4
DEBUG - 2025-02-28 11:20:38 --> Hasil pencarian: {"id":"1","user_id":null,"npm":"1184097","nama":"Dika Dwi","email":"","password":"$2y$10$c769FHZxNhYZr.9SGsJCIOOXoyE2gLItzkS43DBWoVzVsPh46wYdm","point":"2081","gaya_belajar":"Kinestetik","created_at":"2024-12-13 02:29:49","updated_at":"2025-02-28 11:19:58","deleted_at":null,"token":"d80ce5967d384a489b441a9dbe867535906938e03f996c2b7cb2cf0f95ee40c4","last_login":"2025-02-24 10:49:22"}
INFO - 2025-02-28 11:20:46 --> Session: Class initialized using 'CodeIgniter\Session\Handlers\FileHandler' driver.
INFO - 2025-02-28 11:20:46 --> Session: Class initialized using 'CodeIgniter\Session\Handlers\FileHandler' driver.
INFO - 2025-02-28 11:20:46 --> Session: Class initialized using 'CodeIgniter\Session\Handlers\FileHandler' driver.
DEBUG - 2025-02-28 11:20:46 --> Session token: d80ce5967d384a489b441a9dbe867535906938e03f996c2b7cb2cf0f95ee40c4
DEBUG - 2025-02-28 11:20:46 --> Raw Authorization header: Bearer d80ce5967d384a489b441a9dbe867535906938e03f996c2b7cb2cf0f95ee40c4
DEBUG - 2025-02-28 11:20:46 --> Token dari header: d80ce5967d384a489b441a9dbe867535906938e03f996c2b7cb2cf0f95ee40c4
DEBUG - 2025-02-28 11:20:46 --> SQL: SELECT *
FROM `mahasiswa`
WHERE `token` = 'd80ce5967d384a489b441a9dbe867535906938e03f996c2b7cb2cf0f95ee40c4'
 LIMIT 1
DEBUG - 2025-02-28 11:20:46 --> Token yang dicari: d80ce5967d384a489b441a9dbe867535906938e03f996c2b7cb2cf0f95ee40c4
DEBUG - 2025-02-28 11:20:46 --> Hasil pencarian: {"id":"1","user_id":null,"npm":"1184097","nama":"Dika Dwi","email":"","password":"$2y$10$c769FHZxNhYZr.9SGsJCIOOXoyE2gLItzkS43DBWoVzVsPh46wYdm","point":"2081","gaya_belajar":"Kinestetik","created_at":"2024-12-13 02:29:49","updated_at":"2025-02-28 11:19:58","deleted_at":null,"token":"d80ce5967d384a489b441a9dbe867535906938e03f996c2b7cb2cf0f95ee40c4","last_login":"2025-02-24 10:49:22"}
INFO - 2025-02-28 11:20:47 --> Session: Class initialized using 'CodeIgniter\Session\Handlers\FileHandler' driver.
DEBUG - 2025-02-28 11:20:47 --> Session token: d80ce5967d384a489b441a9dbe867535906938e03f996c2b7cb2cf0f95ee40c4
DEBUG - 2025-02-28 11:20:47 --> Raw Authorization header: Bearer d80ce5967d384a489b441a9dbe867535906938e03f996c2b7cb2cf0f95ee40c4
DEBUG - 2025-02-28 11:20:47 --> Token dari header: d80ce5967d384a489b441a9dbe867535906938e03f996c2b7cb2cf0f95ee40c4
DEBUG - 2025-02-28 11:20:47 --> SQL: SELECT *
FROM `mahasiswa`
WHERE `token` = 'd80ce5967d384a489b441a9dbe867535906938e03f996c2b7cb2cf0f95ee40c4'
 LIMIT 1
DEBUG - 2025-02-28 11:20:47 --> Token yang dicari: d80ce5967d384a489b441a9dbe867535906938e03f996c2b7cb2cf0f95ee40c4
DEBUG - 2025-02-28 11:20:47 --> Hasil pencarian: {"id":"1","user_id":null,"npm":"1184097","nama":"Dika Dwi","email":"","password":"$2y$10$c769FHZxNhYZr.9SGsJCIOOXoyE2gLItzkS43DBWoVzVsPh46wYdm","point":"2081","gaya_belajar":"Kinestetik","created_at":"2024-12-13 02:29:49","updated_at":"2025-02-28 11:19:58","deleted_at":null,"token":"d80ce5967d384a489b441a9dbe867535906938e03f996c2b7cb2cf0f95ee40c4","last_login":"2025-02-24 10:49:22"}
INFO - 2025-02-28 11:20:47 --> Session: Class initialized using 'CodeIgniter\Session\Handlers\FileHandler' driver.
DEBUG - 2025-02-28 11:20:47 --> Session token: d80ce5967d384a489b441a9dbe867535906938e03f996c2b7cb2cf0f95ee40c4
DEBUG - 2025-02-28 11:20:47 --> Raw Authorization header: Bearer d80ce5967d384a489b441a9dbe867535906938e03f996c2b7cb2cf0f95ee40c4
DEBUG - 2025-02-28 11:20:47 --> Token dari header: d80ce5967d384a489b441a9dbe867535906938e03f996c2b7cb2cf0f95ee40c4
DEBUG - 2025-02-28 11:20:47 --> SQL: SELECT *
FROM `mahasiswa`
WHERE `token` = 'd80ce5967d384a489b441a9dbe867535906938e03f996c2b7cb2cf0f95ee40c4'
 LIMIT 1
DEBUG - 2025-02-28 11:20:47 --> Token yang dicari: d80ce5967d384a489b441a9dbe867535906938e03f996c2b7cb2cf0f95ee40c4
DEBUG - 2025-02-28 11:20:47 --> Hasil pencarian: {"id":"1","user_id":null,"npm":"1184097","nama":"Dika Dwi","email":"","password":"$2y$10$c769FHZxNhYZr.9SGsJCIOOXoyE2gLItzkS43DBWoVzVsPh46wYdm","point":"2081","gaya_belajar":"Kinestetik","created_at":"2024-12-13 02:29:49","updated_at":"2025-02-28 11:19:58","deleted_at":null,"token":"d80ce5967d384a489b441a9dbe867535906938e03f996c2b7cb2cf0f95ee40c4","last_login":"2025-02-24 10:49:22"}
INFO - 2025-02-28 11:21:20 --> Session: Class initialized using 'CodeIgniter\Session\Handlers\FileHandler' driver.
INFO - 2025-02-28 11:21:20 --> Session: Class initialized using 'CodeIgniter\Session\Handlers\FileHandler' driver.
INFO - 2025-02-28 11:21:21 --> Session: Class initialized using 'CodeIgniter\Session\Handlers\FileHandler' driver.
DEBUG - 2025-02-28 11:21:21 --> Session token: d80ce5967d384a489b441a9dbe867535906938e03f996c2b7cb2cf0f95ee40c4
DEBUG - 2025-02-28 11:21:21 --> Raw Authorization header: Bearer d80ce5967d384a489b441a9dbe867535906938e03f996c2b7cb2cf0f95ee40c4
DEBUG - 2025-02-28 11:21:21 --> Token dari header: d80ce5967d384a489b441a9dbe867535906938e03f996c2b7cb2cf0f95ee40c4
DEBUG - 2025-02-28 11:21:21 --> SQL: SELECT *
FROM `mahasiswa`
WHERE `token` = 'd80ce5967d384a489b441a9dbe867535906938e03f996c2b7cb2cf0f95ee40c4'
 LIMIT 1
DEBUG - 2025-02-28 11:21:21 --> Token yang dicari: d80ce5967d384a489b441a9dbe867535906938e03f996c2b7cb2cf0f95ee40c4
DEBUG - 2025-02-28 11:21:21 --> Hasil pencarian: {"id":"1","user_id":null,"npm":"1184097","nama":"Dika Dwi","email":"","password":"$2y$10$c769FHZxNhYZr.9SGsJCIOOXoyE2gLItzkS43DBWoVzVsPh46wYdm","point":"2081","gaya_belajar":"Kinestetik","created_at":"2024-12-13 02:29:49","updated_at":"2025-02-28 11:19:58","deleted_at":null,"token":"d80ce5967d384a489b441a9dbe867535906938e03f996c2b7cb2cf0f95ee40c4","last_login":"2025-02-24 10:49:22"}
INFO - 2025-02-28 11:21:21 --> Session: Class initialized using 'CodeIgniter\Session\Handlers\FileHandler' driver.
DEBUG - 2025-02-28 11:21:21 --> Session token: d80ce5967d384a489b441a9dbe867535906938e03f996c2b7cb2cf0f95ee40c4
DEBUG - 2025-02-28 11:21:21 --> Raw Authorization header: Bearer d80ce5967d384a489b441a9dbe867535906938e03f996c2b7cb2cf0f95ee40c4
DEBUG - 2025-02-28 11:21:21 --> Token dari header: d80ce5967d384a489b441a9dbe867535906938e03f996c2b7cb2cf0f95ee40c4
DEBUG - 2025-02-28 11:21:21 --> SQL: SELECT *
FROM `mahasiswa`
WHERE `token` = 'd80ce5967d384a489b441a9dbe867535906938e03f996c2b7cb2cf0f95ee40c4'
 LIMIT 1
DEBUG - 2025-02-28 11:21:21 --> Token yang dicari: d80ce5967d384a489b441a9dbe867535906938e03f996c2b7cb2cf0f95ee40c4
DEBUG - 2025-02-28 11:21:21 --> Hasil pencarian: {"id":"1","user_id":null,"npm":"1184097","nama":"Dika Dwi","email":"","password":"$2y$10$c769FHZxNhYZr.9SGsJCIOOXoyE2gLItzkS43DBWoVzVsPh46wYdm","point":"2081","gaya_belajar":"Kinestetik","created_at":"2024-12-13 02:29:49","updated_at":"2025-02-28 11:19:58","deleted_at":null,"token":"d80ce5967d384a489b441a9dbe867535906938e03f996c2b7cb2cf0f95ee40c4","last_login":"2025-02-24 10:49:22"}
INFO - 2025-02-28 11:21:21 --> Session: Class initialized using 'CodeIgniter\Session\Handlers\FileHandler' driver.
DEBUG - 2025-02-28 11:21:21 --> Session token: d80ce5967d384a489b441a9dbe867535906938e03f996c2b7cb2cf0f95ee40c4
DEBUG - 2025-02-28 11:21:21 --> Raw Authorization header: Bearer d80ce5967d384a489b441a9dbe867535906938e03f996c2b7cb2cf0f95ee40c4
DEBUG - 2025-02-28 11:21:21 --> Token dari header: d80ce5967d384a489b441a9dbe867535906938e03f996c2b7cb2cf0f95ee40c4
DEBUG - 2025-02-28 11:21:21 --> SQL: SELECT *
FROM `mahasiswa`
WHERE `token` = 'd80ce5967d384a489b441a9dbe867535906938e03f996c2b7cb2cf0f95ee40c4'
 LIMIT 1
DEBUG - 2025-02-28 11:21:21 --> Token yang dicari: d80ce5967d384a489b441a9dbe867535906938e03f996c2b7cb2cf0f95ee40c4
DEBUG - 2025-02-28 11:21:21 --> Hasil pencarian: {"id":"1","user_id":null,"npm":"1184097","nama":"Dika Dwi","email":"","password":"$2y$10$c769FHZxNhYZr.9SGsJCIOOXoyE2gLItzkS43DBWoVzVsPh46wYdm","point":"2081","gaya_belajar":"Kinestetik","created_at":"2024-12-13 02:29:49","updated_at":"2025-02-28 11:19:58","deleted_at":null,"token":"d80ce5967d384a489b441a9dbe867535906938e03f996c2b7cb2cf0f95ee40c4","last_login":"2025-02-24 10:49:22"}
INFO - 2025-02-28 11:21:29 --> Session: Class initialized using 'CodeIgniter\Session\Handlers\FileHandler' driver.
INFO - 2025-02-28 11:21:29 --> Session: Class initialized using 'CodeIgniter\Session\Handlers\FileHandler' driver.
INFO - 2025-02-28 11:21:31 --> Session: Class initialized using 'CodeIgniter\Session\Handlers\FileHandler' driver.
WARNING - 2025-02-28 11:21:31 --> [DEPRECATED] strtotime(): Passing null to parameter #1 ($datetime) of type string is deprecated in APPPATH\Views\PoinMarket_Admin\Tabel\tabel_user.php on line 92.
 1 APPPATH\Views\PoinMarket_Admin\Tabel\tabel_user.php(92): strtotime(null)
 2 SYSTEMPATH\View\View.php(224): include('C:\\xampp\\htdocs\\PoinMarket\\app\\Views\\PoinMarket_Admin\\Tabel\\tabel_user.php')
 3 SYSTEMPATH\View\View.php(227): CodeIgniter\View\View->CodeIgniter\View\{closure}()
 4 SYSTEMPATH\View\View.php(452): CodeIgniter\View\View->render('PoinMarket_Admin/Tabel/tabel_user', null, true)
 5 APPPATH\Views\PoinMarket_Admin\Page\user.php(66): CodeIgniter\View\View->include('PoinMarket_Admin/Tabel/tabel_user')
 6 SYSTEMPATH\View\View.php(224): include('C:\\xampp\\htdocs\\PoinMarket\\app\\Views\\PoinMarket_Admin\\Page\\user.php')
 7 SYSTEMPATH\View\View.php(227): CodeIgniter\View\View->CodeIgniter\View\{closure}()
 8 SYSTEMPATH\Common.php(1180): CodeIgniter\View\View->render('PoinMarket_Admin/Page/user', [], true)
 9 APPPATH\Controllers\PoinMarket_Admin\User.php(73): view('PoinMarket_Admin/Page/user', [...])
10 SYSTEMPATH\CodeIgniter.php(932): App\Controllers\PoinMarket_Admin\User->index()
11 SYSTEMPATH\CodeIgniter.php(497): CodeIgniter\CodeIgniter->runController(Object(App\Controllers\PoinMarket_Admin\User))
12 SYSTEMPATH\CodeIgniter.php(366): CodeIgniter\CodeIgniter->handleRequest(null, Object(Config\Cache), false)
13 FCPATH\index.php(67): CodeIgniter\CodeIgniter->run()
14 SYSTEMPATH\Commands\Server\rewrite.php(47): require_once('C:\\xampp\\htdocs\\PoinMarket\\public\\index.php')
WARNING - 2025-02-28 11:21:31 --> [DEPRECATED] strtotime(): Passing null to parameter #1 ($datetime) of type string is deprecated in APPPATH\Views\PoinMarket_Admin\Tabel\tabel_user.php on line 92.
 1 APPPATH\Views\PoinMarket_Admin\Tabel\tabel_user.php(92): strtotime(null)
 2 SYSTEMPATH\View\View.php(224): include('C:\\xampp\\htdocs\\PoinMarket\\app\\Views\\PoinMarket_Admin\\Tabel\\tabel_user.php')
 3 SYSTEMPATH\View\View.php(227): CodeIgniter\View\View->CodeIgniter\View\{closure}()
 4 SYSTEMPATH\View\View.php(452): CodeIgniter\View\View->render('PoinMarket_Admin/Tabel/tabel_user', null, true)
 5 APPPATH\Views\PoinMarket_Admin\Page\user.php(66): CodeIgniter\View\View->include('PoinMarket_Admin/Tabel/tabel_user')
 6 SYSTEMPATH\View\View.php(224): include('C:\\xampp\\htdocs\\PoinMarket\\app\\Views\\PoinMarket_Admin\\Page\\user.php')
 7 SYSTEMPATH\View\View.php(227): CodeIgniter\View\View->CodeIgniter\View\{closure}()
 8 SYSTEMPATH\Common.php(1180): CodeIgniter\View\View->render('PoinMarket_Admin/Page/user', [], true)
 9 APPPATH\Controllers\PoinMarket_Admin\User.php(73): view('PoinMarket_Admin/Page/user', [...])
10 SYSTEMPATH\CodeIgniter.php(932): App\Controllers\PoinMarket_Admin\User->index()
11 SYSTEMPATH\CodeIgniter.php(497): CodeIgniter\CodeIgniter->runController(Object(App\Controllers\PoinMarket_Admin\User))
12 SYSTEMPATH\CodeIgniter.php(366): CodeIgniter\CodeIgniter->handleRequest(null, Object(Config\Cache), false)
13 FCPATH\index.php(67): CodeIgniter\CodeIgniter->run()
14 SYSTEMPATH\Commands\Server\rewrite.php(47): require_once('C:\\xampp\\htdocs\\PoinMarket\\public\\index.php')
INFO - 2025-02-28 11:21:31 --> Session: Class initialized using 'CodeIgniter\Session\Handlers\FileHandler' driver.
WARNING - 2025-02-28 11:21:31 --> [DEPRECATED] strtotime(): Passing null to parameter #1 ($datetime) of type string is deprecated in APPPATH\Views\PoinMarket_Admin\Tabel\tabel_user.php on line 92.
 1 APPPATH\Views\PoinMarket_Admin\Tabel\tabel_user.php(92): strtotime(null)
 2 SYSTEMPATH\View\View.php(224): include('C:\\xampp\\htdocs\\PoinMarket\\app\\Views\\PoinMarket_Admin\\Tabel\\tabel_user.php')
 3 SYSTEMPATH\View\View.php(227): CodeIgniter\View\View->CodeIgniter\View\{closure}()
 4 SYSTEMPATH\View\View.php(452): CodeIgniter\View\View->render('PoinMarket_Admin/Tabel/tabel_user', null, true)
 5 APPPATH\Views\PoinMarket_Admin\Page\user.php(66): CodeIgniter\View\View->include('PoinMarket_Admin/Tabel/tabel_user')
 6 SYSTEMPATH\View\View.php(224): include('C:\\xampp\\htdocs\\PoinMarket\\app\\Views\\PoinMarket_Admin\\Page\\user.php')
 7 SYSTEMPATH\View\View.php(227): CodeIgniter\View\View->CodeIgniter\View\{closure}()
 8 SYSTEMPATH\Common.php(1180): CodeIgniter\View\View->render('PoinMarket_Admin/Page/user', [], true)
 9 APPPATH\Controllers\PoinMarket_Admin\User.php(73): view('PoinMarket_Admin/Page/user', [...])
10 SYSTEMPATH\CodeIgniter.php(932): App\Controllers\PoinMarket_Admin\User->index()
11 SYSTEMPATH\CodeIgniter.php(497): CodeIgniter\CodeIgniter->runController(Object(App\Controllers\PoinMarket_Admin\User))
12 SYSTEMPATH\CodeIgniter.php(366): CodeIgniter\CodeIgniter->handleRequest(null, Object(Config\Cache), false)
13 FCPATH\index.php(67): CodeIgniter\CodeIgniter->run()
14 SYSTEMPATH\Commands\Server\rewrite.php(47): require_once('C:\\xampp\\htdocs\\PoinMarket\\public\\index.php')
WARNING - 2025-02-28 11:21:31 --> [DEPRECATED] strtotime(): Passing null to parameter #1 ($datetime) of type string is deprecated in APPPATH\Views\PoinMarket_Admin\Tabel\tabel_user.php on line 92.
 1 APPPATH\Views\PoinMarket_Admin\Tabel\tabel_user.php(92): strtotime(null)
 2 SYSTEMPATH\View\View.php(224): include('C:\\xampp\\htdocs\\PoinMarket\\app\\Views\\PoinMarket_Admin\\Tabel\\tabel_user.php')
 3 SYSTEMPATH\View\View.php(227): CodeIgniter\View\View->CodeIgniter\View\{closure}()
 4 SYSTEMPATH\View\View.php(452): CodeIgniter\View\View->render('PoinMarket_Admin/Tabel/tabel_user', null, true)
 5 APPPATH\Views\PoinMarket_Admin\Page\user.php(66): CodeIgniter\View\View->include('PoinMarket_Admin/Tabel/tabel_user')
 6 SYSTEMPATH\View\View.php(224): include('C:\\xampp\\htdocs\\PoinMarket\\app\\Views\\PoinMarket_Admin\\Page\\user.php')
 7 SYSTEMPATH\View\View.php(227): CodeIgniter\View\View->CodeIgniter\View\{closure}()
 8 SYSTEMPATH\Common.php(1180): CodeIgniter\View\View->render('PoinMarket_Admin/Page/user', [], true)
 9 APPPATH\Controllers\PoinMarket_Admin\User.php(73): view('PoinMarket_Admin/Page/user', [...])
10 SYSTEMPATH\CodeIgniter.php(932): App\Controllers\PoinMarket_Admin\User->index()
11 SYSTEMPATH\CodeIgniter.php(497): CodeIgniter\CodeIgniter->runController(Object(App\Controllers\PoinMarket_Admin\User))
12 SYSTEMPATH\CodeIgniter.php(366): CodeIgniter\CodeIgniter->handleRequest(null, Object(Config\Cache), false)
13 FCPATH\index.php(67): CodeIgniter\CodeIgniter->run()
14 SYSTEMPATH\Commands\Server\rewrite.php(47): require_once('C:\\xampp\\htdocs\\PoinMarket\\public\\index.php')
INFO - 2025-02-28 11:21:39 --> Session: Class initialized using 'CodeIgniter\Session\Handlers\FileHandler' driver.
INFO - 2025-02-28 11:21:40 --> Session: Class initialized using 'CodeIgniter\Session\Handlers\FileHandler' driver.
INFO - 2025-02-28 11:21:40 --> Session: Class initialized using 'CodeIgniter\Session\Handlers\FileHandler' driver.
DEBUG - 2025-02-28 11:21:40 --> Session token: d80ce5967d384a489b441a9dbe867535906938e03f996c2b7cb2cf0f95ee40c4
DEBUG - 2025-02-28 11:21:40 --> Raw Authorization header: Bearer d80ce5967d384a489b441a9dbe867535906938e03f996c2b7cb2cf0f95ee40c4
DEBUG - 2025-02-28 11:21:40 --> Token dari header: d80ce5967d384a489b441a9dbe867535906938e03f996c2b7cb2cf0f95ee40c4
DEBUG - 2025-02-28 11:21:40 --> SQL: SELECT *
FROM `mahasiswa`
WHERE `token` = 'd80ce5967d384a489b441a9dbe867535906938e03f996c2b7cb2cf0f95ee40c4'
 LIMIT 1
DEBUG - 2025-02-28 11:21:40 --> Token yang dicari: d80ce5967d384a489b441a9dbe867535906938e03f996c2b7cb2cf0f95ee40c4
DEBUG - 2025-02-28 11:21:40 --> Hasil pencarian: {"id":"1","user_id":null,"npm":"1184097","nama":"Dika Dwi","email":"","password":"$2y$10$c769FHZxNhYZr.9SGsJCIOOXoyE2gLItzkS43DBWoVzVsPh46wYdm","point":"2081","gaya_belajar":"Kinestetik","created_at":"2024-12-13 02:29:49","updated_at":"2025-02-28 11:19:58","deleted_at":null,"token":"d80ce5967d384a489b441a9dbe867535906938e03f996c2b7cb2cf0f95ee40c4","last_login":"2025-02-24 10:49:22"}
INFO - 2025-02-28 11:21:40 --> Session: Class initialized using 'CodeIgniter\Session\Handlers\FileHandler' driver.
DEBUG - 2025-02-28 11:21:40 --> Session token: d80ce5967d384a489b441a9dbe867535906938e03f996c2b7cb2cf0f95ee40c4
DEBUG - 2025-02-28 11:21:40 --> Raw Authorization header: Bearer d80ce5967d384a489b441a9dbe867535906938e03f996c2b7cb2cf0f95ee40c4
DEBUG - 2025-02-28 11:21:40 --> Token dari header: d80ce5967d384a489b441a9dbe867535906938e03f996c2b7cb2cf0f95ee40c4
DEBUG - 2025-02-28 11:21:40 --> SQL: SELECT *
FROM `mahasiswa`
WHERE `token` = 'd80ce5967d384a489b441a9dbe867535906938e03f996c2b7cb2cf0f95ee40c4'
 LIMIT 1
DEBUG - 2025-02-28 11:21:40 --> Token yang dicari: d80ce5967d384a489b441a9dbe867535906938e03f996c2b7cb2cf0f95ee40c4
DEBUG - 2025-02-28 11:21:40 --> Hasil pencarian: {"id":"1","user_id":null,"npm":"1184097","nama":"Dika Dwi","email":"","password":"$2y$10$c769FHZxNhYZr.9SGsJCIOOXoyE2gLItzkS43DBWoVzVsPh46wYdm","point":"2081","gaya_belajar":"Kinestetik","created_at":"2024-12-13 02:29:49","updated_at":"2025-02-28 11:19:58","deleted_at":null,"token":"d80ce5967d384a489b441a9dbe867535906938e03f996c2b7cb2cf0f95ee40c4","last_login":"2025-02-24 10:49:22"}
INFO - 2025-02-28 11:21:41 --> Session: Class initialized using 'CodeIgniter\Session\Handlers\FileHandler' driver.
DEBUG - 2025-02-28 11:21:41 --> Session token: d80ce5967d384a489b441a9dbe867535906938e03f996c2b7cb2cf0f95ee40c4
DEBUG - 2025-02-28 11:21:41 --> Raw Authorization header: Bearer d80ce5967d384a489b441a9dbe867535906938e03f996c2b7cb2cf0f95ee40c4
DEBUG - 2025-02-28 11:21:41 --> Token dari header: d80ce5967d384a489b441a9dbe867535906938e03f996c2b7cb2cf0f95ee40c4
DEBUG - 2025-02-28 11:21:41 --> SQL: SELECT *
FROM `mahasiswa`
WHERE `token` = 'd80ce5967d384a489b441a9dbe867535906938e03f996c2b7cb2cf0f95ee40c4'
 LIMIT 1
DEBUG - 2025-02-28 11:21:41 --> Token yang dicari: d80ce5967d384a489b441a9dbe867535906938e03f996c2b7cb2cf0f95ee40c4
DEBUG - 2025-02-28 11:21:41 --> Hasil pencarian: {"id":"1","user_id":null,"npm":"1184097","nama":"Dika Dwi","email":"","password":"$2y$10$c769FHZxNhYZr.9SGsJCIOOXoyE2gLItzkS43DBWoVzVsPh46wYdm","point":"2081","gaya_belajar":"Kinestetik","created_at":"2024-12-13 02:29:49","updated_at":"2025-02-28 11:19:58","deleted_at":null,"token":"d80ce5967d384a489b441a9dbe867535906938e03f996c2b7cb2cf0f95ee40c4","last_login":"2025-02-24 10:49:22"}
INFO - 2025-02-28 13:57:06 --> Session: Class initialized using 'CodeIgniter\Session\Handlers\FileHandler' driver.
INFO - 2025-02-28 13:57:07 --> Session: Class initialized using 'CodeIgniter\Session\Handlers\FileHandler' driver.
INFO - 2025-02-28 14:18:30 --> Session: Class initialized using 'CodeIgniter\Session\Handlers\FileHandler' driver.
INFO - 2025-02-28 14:18:36 --> Session: Class initialized using 'CodeIgniter\Session\Handlers\FileHandler' driver.
DEBUG - 2025-02-28 14:18:36 --> Data login diterima: npm_or_username=123456
DEBUG - 2025-02-28 14:18:36 --> Hasil pencarian mahasiswa: {"id":"2","user_id":null,"npm":"123456","nama":"Dwi A","email":"","password":"$2y$10$XcEnyKV.StLAS9wl9QfUcuULBWbD54jyfoQXYOff6pFgAzR8ZRMKO","point":"270","gaya_belajar":"Auditori","created_at":"2024-12-13 02:30:02","updated_at":"2025-02-24 03:51:58","deleted_at":null,"token":"7a765d263ccf38f593a118c8186f0379bac4207933336aff7f7e44fc8d3ccb20","last_login":"2025-02-24 10:49:22"}
DEBUG - 2025-02-28 14:18:36 --> NPM: 123456, Generated token: 09c488fa91218b823134db104e9dfbf50cc70e90cb9d068f1f2eed6233567a00
DEBUG - 2025-02-28 14:18:36 --> Token berhasil disimpan ke database
DEBUG - 2025-02-28 14:18:36 --> User logged in successfully: 123456
INFO - 2025-02-28 14:18:36 --> Session: Class initialized using 'CodeIgniter\Session\Handlers\FileHandler' driver.
INFO - 2025-02-28 14:18:40 --> Session: Class initialized using 'CodeIgniter\Session\Handlers\FileHandler' driver.
INFO - 2025-02-28 14:18:43 --> Session: Class initialized using 'CodeIgniter\Session\Handlers\FileHandler' driver.
DEBUG - 2025-02-28 14:18:43 --> Session token: 09c488fa91218b823134db104e9dfbf50cc70e90cb9d068f1f2eed6233567a00
DEBUG - 2025-02-28 14:18:43 --> Raw Authorization header: Bearer 09c488fa91218b823134db104e9dfbf50cc70e90cb9d068f1f2eed6233567a00
DEBUG - 2025-02-28 14:18:43 --> Token dari header: 09c488fa91218b823134db104e9dfbf50cc70e90cb9d068f1f2eed6233567a00
DEBUG - 2025-02-28 14:18:43 --> SQL: SELECT *
FROM `mahasiswa`
WHERE `token` = '09c488fa91218b823134db104e9dfbf50cc70e90cb9d068f1f2eed6233567a00'
 LIMIT 1
DEBUG - 2025-02-28 14:18:43 --> Token yang dicari: 09c488fa91218b823134db104e9dfbf50cc70e90cb9d068f1f2eed6233567a00
DEBUG - 2025-02-28 14:18:43 --> Hasil pencarian: {"id":"2","user_id":null,"npm":"123456","nama":"Dwi A","email":"","password":"$2y$10$XcEnyKV.StLAS9wl9QfUcuULBWbD54jyfoQXYOff6pFgAzR8ZRMKO","point":"270","gaya_belajar":"Auditori","created_at":"2024-12-13 02:30:02","updated_at":"2025-02-24 03:51:58","deleted_at":null,"token":"09c488fa91218b823134db104e9dfbf50cc70e90cb9d068f1f2eed6233567a00","last_login":"2025-02-24 10:49:22"}
INFO - 2025-02-28 14:18:44 --> Session: Class initialized using 'CodeIgniter\Session\Handlers\FileHandler' driver.
DEBUG - 2025-02-28 14:18:44 --> Session token: 09c488fa91218b823134db104e9dfbf50cc70e90cb9d068f1f2eed6233567a00
DEBUG - 2025-02-28 14:18:44 --> Raw Authorization header: Bearer 09c488fa91218b823134db104e9dfbf50cc70e90cb9d068f1f2eed6233567a00
DEBUG - 2025-02-28 14:18:44 --> Token dari header: 09c488fa91218b823134db104e9dfbf50cc70e90cb9d068f1f2eed6233567a00
DEBUG - 2025-02-28 14:18:44 --> SQL: SELECT *
FROM `mahasiswa`
WHERE `token` = '09c488fa91218b823134db104e9dfbf50cc70e90cb9d068f1f2eed6233567a00'
 LIMIT 1
DEBUG - 2025-02-28 14:18:44 --> Token yang dicari: 09c488fa91218b823134db104e9dfbf50cc70e90cb9d068f1f2eed6233567a00
DEBUG - 2025-02-28 14:18:44 --> Hasil pencarian: {"id":"2","user_id":null,"npm":"123456","nama":"Dwi A","email":"","password":"$2y$10$XcEnyKV.StLAS9wl9QfUcuULBWbD54jyfoQXYOff6pFgAzR8ZRMKO","point":"270","gaya_belajar":"Auditori","created_at":"2024-12-13 02:30:02","updated_at":"2025-02-24 03:51:58","deleted_at":null,"token":"09c488fa91218b823134db104e9dfbf50cc70e90cb9d068f1f2eed6233567a00","last_login":"2025-02-24 10:49:22"}
INFO - 2025-02-28 14:18:44 --> Session: Class initialized using 'CodeIgniter\Session\Handlers\FileHandler' driver.
DEBUG - 2025-02-28 14:18:44 --> Session token: 09c488fa91218b823134db104e9dfbf50cc70e90cb9d068f1f2eed6233567a00
DEBUG - 2025-02-28 14:18:44 --> Raw Authorization header: Bearer 09c488fa91218b823134db104e9dfbf50cc70e90cb9d068f1f2eed6233567a00
DEBUG - 2025-02-28 14:18:44 --> Token dari header: 09c488fa91218b823134db104e9dfbf50cc70e90cb9d068f1f2eed6233567a00
DEBUG - 2025-02-28 14:18:44 --> SQL: SELECT *
FROM `mahasiswa`
WHERE `token` = '09c488fa91218b823134db104e9dfbf50cc70e90cb9d068f1f2eed6233567a00'
 LIMIT 1
DEBUG - 2025-02-28 14:18:44 --> Token yang dicari: 09c488fa91218b823134db104e9dfbf50cc70e90cb9d068f1f2eed6233567a00
DEBUG - 2025-02-28 14:18:44 --> Hasil pencarian: {"id":"2","user_id":null,"npm":"123456","nama":"Dwi A","email":"","password":"$2y$10$XcEnyKV.StLAS9wl9QfUcuULBWbD54jyfoQXYOff6pFgAzR8ZRMKO","point":"270","gaya_belajar":"Auditori","created_at":"2024-12-13 02:30:02","updated_at":"2025-02-24 03:51:58","deleted_at":null,"token":"09c488fa91218b823134db104e9dfbf50cc70e90cb9d068f1f2eed6233567a00","last_login":"2025-02-24 10:49:22"}
INFO - 2025-02-28 14:18:52 --> Session: Class initialized using 'CodeIgniter\Session\Handlers\FileHandler' driver.
DEBUG - 2025-02-28 14:18:52 --> Session token: 09c488fa91218b823134db104e9dfbf50cc70e90cb9d068f1f2eed6233567a00
DEBUG - 2025-02-28 14:18:52 --> Raw Authorization header: 
DEBUG - 2025-02-28 14:18:52 --> Token dari session: 09c488fa91218b823134db104e9dfbf50cc70e90cb9d068f1f2eed6233567a00
DEBUG - 2025-02-28 14:18:52 --> SQL: SELECT *
FROM `mahasiswa`
WHERE `token` = '09c488fa91218b823134db104e9dfbf50cc70e90cb9d068f1f2eed6233567a00'
 LIMIT 1
DEBUG - 2025-02-28 14:18:52 --> Token yang dicari: 09c488fa91218b823134db104e9dfbf50cc70e90cb9d068f1f2eed6233567a00
DEBUG - 2025-02-28 14:18:52 --> Hasil pencarian: {"id":"2","user_id":null,"npm":"123456","nama":"Dwi A","email":"","password":"$2y$10$XcEnyKV.StLAS9wl9QfUcuULBWbD54jyfoQXYOff6pFgAzR8ZRMKO","point":"270","gaya_belajar":"Auditori","created_at":"2024-12-13 02:30:02","updated_at":"2025-02-24 03:51:58","deleted_at":null,"token":"09c488fa91218b823134db104e9dfbf50cc70e90cb9d068f1f2eed6233567a00","last_login":"2025-02-24 10:49:22"}
