INFO - 2025-01-03 01:59:45 --> Session: Class initialized using 'CodeIgniter\Session\Handlers\FileHandler' driver.
INFO - 2025-01-03 01:59:45 --> Session: Class initialized using 'CodeIgniter\Session\Handlers\FileHandler' driver.
INFO - 2025-01-03 01:59:49 --> Session: Class initialized using 'CodeIgniter\Session\Handlers\FileHandler' driver.
INFO - 2025-01-03 01:59:50 --> Session: Class initialized using 'CodeIgniter\Session\Handlers\FileHandler' driver.
INFO - 2025-01-03 01:59:52 --> Session: Class initialized using 'CodeIgniter\Session\Handlers\FileHandler' driver.
INFO - 2025-01-03 02:01:51 --> Session: Class initialized using 'CodeIgniter\Session\Handlers\FileHandler' driver.
INFO - 2025-01-03 02:01:51 --> Session: Class initialized using 'CodeIgniter\Session\Handlers\FileHandler' driver.
INFO - 2025-01-03 02:01:53 --> Session: Class initialized using 'CodeIgniter\Session\Handlers\FileHandler' driver.
INFO - 2025-01-03 02:01:54 --> Session: Class initialized using 'CodeIgniter\Session\Handlers\FileHandler' driver.
INFO - 2025-01-03 02:02:27 --> Session: Class initialized using 'CodeIgniter\Session\Handlers\FileHandler' driver.
INFO - 2025-01-03 02:02:28 --> Session: Class initialized using 'CodeIgniter\Session\Handlers\FileHandler' driver.
INFO - 2025-01-03 02:02:47 --> Session: Class initialized using 'CodeIgniter\Session\Handlers\FileHandler' driver.
INFO - 2025-01-03 02:02:47 --> Session: Class initialized using 'CodeIgniter\Session\Handlers\FileHandler' driver.
INFO - 2025-01-03 02:02:57 --> Session: Class initialized using 'CodeIgniter\Session\Handlers\FileHandler' driver.
INFO - 2025-01-03 02:02:58 --> Session: Class initialized using 'CodeIgniter\Session\Handlers\FileHandler' driver.
INFO - 2025-01-03 02:02:59 --> Session: Class initialized using 'CodeIgniter\Session\Handlers\FileHandler' driver.
INFO - 2025-01-03 02:02:59 --> Session: Class initialized using 'CodeIgniter\Session\Handlers\FileHandler' driver.
INFO - 2025-01-03 02:03:02 --> Session: Class initialized using 'CodeIgniter\Session\Handlers\FileHandler' driver.
INFO - 2025-01-03 02:03:03 --> Session: Class initialized using 'CodeIgniter\Session\Handlers\FileHandler' driver.
INFO - 2025-01-03 02:03:04 --> Session: Class initialized using 'CodeIgniter\Session\Handlers\FileHandler' driver.
INFO - 2025-01-03 02:03:04 --> Session: Class initialized using 'CodeIgniter\Session\Handlers\FileHandler' driver.
INFO - 2025-01-03 02:03:05 --> Session: Class initialized using 'CodeIgniter\Session\Handlers\FileHandler' driver.
INFO - 2025-01-03 02:03:05 --> Session: Class initialized using 'CodeIgniter\Session\Handlers\FileHandler' driver.
INFO - 2025-01-03 02:03:06 --> Session: Class initialized using 'CodeIgniter\Session\Handlers\FileHandler' driver.
INFO - 2025-01-03 02:03:06 --> Session: Class initialized using 'CodeIgniter\Session\Handlers\FileHandler' driver.
INFO - 2025-01-03 02:03:14 --> Session: Class initialized using 'CodeIgniter\Session\Handlers\FileHandler' driver.
INFO - 2025-01-03 02:03:14 --> Session: Class initialized using 'CodeIgniter\Session\Handlers\FileHandler' driver.
INFO - 2025-01-03 02:03:18 --> Session: Class initialized using 'CodeIgniter\Session\Handlers\FileHandler' driver.
INFO - 2025-01-03 02:03:18 --> Session: Class initialized using 'CodeIgniter\Session\Handlers\FileHandler' driver.
INFO - 2025-01-03 02:03:30 --> Session: Class initialized using 'CodeIgniter\Session\Handlers\FileHandler' driver.
INFO - 2025-01-03 02:03:30 --> Session: Class initialized using 'CodeIgniter\Session\Handlers\FileHandler' driver.
INFO - 2025-01-03 02:03:35 --> Session: Class initialized using 'CodeIgniter\Session\Handlers\FileHandler' driver.
INFO - 2025-01-03 02:03:36 --> Session: Class initialized using 'CodeIgniter\Session\Handlers\FileHandler' driver.
INFO - 2025-01-03 02:03:46 --> Session: Class initialized using 'CodeIgniter\Session\Handlers\FileHandler' driver.
INFO - 2025-01-03 02:03:46 --> Session: Class initialized using 'CodeIgniter\Session\Handlers\FileHandler' driver.
INFO - 2025-01-03 02:03:49 --> Session: Class initialized using 'CodeIgniter\Session\Handlers\FileHandler' driver.
INFO - 2025-01-03 02:03:50 --> Session: Class initialized using 'CodeIgniter\Session\Handlers\FileHandler' driver.
INFO - 2025-01-03 02:03:51 --> Session: Class initialized using 'CodeIgniter\Session\Handlers\FileHandler' driver.
INFO - 2025-01-03 02:03:51 --> Session: Class initialized using 'CodeIgniter\Session\Handlers\FileHandler' driver.
INFO - 2025-01-03 02:03:56 --> Session: Class initialized using 'CodeIgniter\Session\Handlers\FileHandler' driver.
INFO - 2025-01-03 02:03:56 --> Session: Class initialized using 'CodeIgniter\Session\Handlers\FileHandler' driver.
INFO - 2025-01-03 02:03:57 --> Session: Class initialized using 'CodeIgniter\Session\Handlers\FileHandler' driver.
INFO - 2025-01-03 02:03:58 --> Session: Class initialized using 'CodeIgniter\Session\Handlers\FileHandler' driver.
INFO - 2025-01-03 02:04:07 --> Session: Class initialized using 'CodeIgniter\Session\Handlers\FileHandler' driver.
INFO - 2025-01-03 02:04:08 --> Session: Class initialized using 'CodeIgniter\Session\Handlers\FileHandler' driver.
INFO - 2025-01-03 02:04:08 --> Session: Class initialized using 'CodeIgniter\Session\Handlers\FileHandler' driver.
INFO - 2025-01-03 02:04:09 --> Session: Class initialized using 'CodeIgniter\Session\Handlers\FileHandler' driver.
INFO - 2025-01-03 02:04:27 --> Session: Class initialized using 'CodeIgniter\Session\Handlers\FileHandler' driver.
INFO - 2025-01-03 02:04:27 --> Session: Class initialized using 'CodeIgniter\Session\Handlers\FileHandler' driver.
INFO - 2025-01-03 02:04:39 --> Session: Class initialized using 'CodeIgniter\Session\Handlers\FileHandler' driver.
INFO - 2025-01-03 02:04:39 --> Session: Class initialized using 'CodeIgniter\Session\Handlers\FileHandler' driver.
INFO - 2025-01-03 02:04:48 --> Session: Class initialized using 'CodeIgniter\Session\Handlers\FileHandler' driver.
INFO - 2025-01-03 02:04:48 --> Session: Class initialized using 'CodeIgniter\Session\Handlers\FileHandler' driver.
INFO - 2025-01-03 02:06:24 --> Session: Class initialized using 'CodeIgniter\Session\Handlers\FileHandler' driver.
INFO - 2025-01-03 02:06:25 --> Session: Class initialized using 'CodeIgniter\Session\Handlers\FileHandler' driver.
INFO - 2025-01-03 02:06:38 --> Session: Class initialized using 'CodeIgniter\Session\Handlers\FileHandler' driver.
INFO - 2025-01-03 02:06:39 --> Session: Class initialized using 'CodeIgniter\Session\Handlers\FileHandler' driver.
INFO - 2025-01-03 02:06:50 --> Session: Class initialized using 'CodeIgniter\Session\Handlers\FileHandler' driver.
INFO - 2025-01-03 02:06:50 --> Session: Class initialized using 'CodeIgniter\Session\Handlers\FileHandler' driver.
INFO - 2025-01-03 02:06:52 --> Session: Class initialized using 'CodeIgniter\Session\Handlers\FileHandler' driver.
INFO - 2025-01-03 02:06:52 --> Session: Class initialized using 'CodeIgniter\Session\Handlers\FileHandler' driver.
INFO - 2025-01-03 02:07:17 --> Session: Class initialized using 'CodeIgniter\Session\Handlers\FileHandler' driver.
INFO - 2025-01-03 02:07:18 --> Session: Class initialized using 'CodeIgniter\Session\Handlers\FileHandler' driver.
INFO - 2025-01-03 02:07:28 --> Session: Class initialized using 'CodeIgniter\Session\Handlers\FileHandler' driver.
INFO - 2025-01-03 02:07:29 --> Session: Class initialized using 'CodeIgniter\Session\Handlers\FileHandler' driver.
INFO - 2025-01-03 02:08:21 --> Session: Class initialized using 'CodeIgniter\Session\Handlers\FileHandler' driver.
INFO - 2025-01-03 02:08:22 --> Session: Class initialized using 'CodeIgniter\Session\Handlers\FileHandler' driver.
INFO - 2025-01-03 02:08:39 --> Session: Class initialized using 'CodeIgniter\Session\Handlers\FileHandler' driver.
INFO - 2025-01-03 02:08:40 --> Session: Class initialized using 'CodeIgniter\Session\Handlers\FileHandler' driver.
INFO - 2025-01-03 02:08:44 --> Session: Class initialized using 'CodeIgniter\Session\Handlers\FileHandler' driver.
WARNING - 2025-01-03 02:08:45 --> [DEPRECATED] strtotime(): Passing null to parameter #1 ($datetime) of type string is deprecated in APPPATH\Views\PoinMarket_Admin\Tabel\tabel_user.php on line 92.
 1 APPPATH\Views\PoinMarket_Admin\Tabel\tabel_user.php(92): strtotime(null)
 2 SYSTEMPATH\View\View.php(224): include('C:\\xampp\\htdocs\\PoinMarket\\app\\Views\\PoinMarket_Admin\\Tabel\\tabel_user.php')
 3 SYSTEMPATH\View\View.php(227): CodeIgniter\View\View->CodeIgniter\View\{closure}()
 4 SYSTEMPATH\View\View.php(452): CodeIgniter\View\View->render('PoinMarket_Admin/Tabel/tabel_user', null, true)
 5 APPPATH\Views\PoinMarket_Admin\Page\user.php(64): CodeIgniter\View\View->include('PoinMarket_Admin/Tabel/tabel_user')
 6 SYSTEMPATH\View\View.php(224): include('C:\\xampp\\htdocs\\PoinMarket\\app\\Views\\PoinMarket_Admin\\Page\\user.php')
 7 SYSTEMPATH\View\View.php(227): CodeIgniter\View\View->CodeIgniter\View\{closure}()
 8 SYSTEMPATH\Common.php(1180): CodeIgniter\View\View->render('PoinMarket_Admin/Page/user', [], true)
 9 APPPATH\Controllers\PoinMarket_Admin\User.php(64): view('PoinMarket_Admin/Page/user', [...])
10 SYSTEMPATH\CodeIgniter.php(932): App\Controllers\PoinMarket_Admin\User->index()
11 SYSTEMPATH\CodeIgniter.php(497): CodeIgniter\CodeIgniter->runController(Object(App\Controllers\PoinMarket_Admin\User))
12 SYSTEMPATH\CodeIgniter.php(366): CodeIgniter\CodeIgniter->handleRequest(null, Object(Config\Cache), false)
13 FCPATH\index.php(67): CodeIgniter\CodeIgniter->run()
14 SYSTEMPATH\Commands\Server\rewrite.php(47): require_once('C:\\xampp\\htdocs\\PoinMarket\\public\\index.php')
INFO - 2025-01-03 02:08:45 --> Session: Class initialized using 'CodeIgniter\Session\Handlers\FileHandler' driver.
WARNING - 2025-01-03 02:08:45 --> [DEPRECATED] strtotime(): Passing null to parameter #1 ($datetime) of type string is deprecated in APPPATH\Views\PoinMarket_Admin\Tabel\tabel_user.php on line 92.
 1 APPPATH\Views\PoinMarket_Admin\Tabel\tabel_user.php(92): strtotime(null)
 2 SYSTEMPATH\View\View.php(224): include('C:\\xampp\\htdocs\\PoinMarket\\app\\Views\\PoinMarket_Admin\\Tabel\\tabel_user.php')
 3 SYSTEMPATH\View\View.php(227): CodeIgniter\View\View->CodeIgniter\View\{closure}()
 4 SYSTEMPATH\View\View.php(452): CodeIgniter\View\View->render('PoinMarket_Admin/Tabel/tabel_user', null, true)
 5 APPPATH\Views\PoinMarket_Admin\Page\user.php(64): CodeIgniter\View\View->include('PoinMarket_Admin/Tabel/tabel_user')
 6 SYSTEMPATH\View\View.php(224): include('C:\\xampp\\htdocs\\PoinMarket\\app\\Views\\PoinMarket_Admin\\Page\\user.php')
 7 SYSTEMPATH\View\View.php(227): CodeIgniter\View\View->CodeIgniter\View\{closure}()
 8 SYSTEMPATH\Common.php(1180): CodeIgniter\View\View->render('PoinMarket_Admin/Page/user', [], true)
 9 APPPATH\Controllers\PoinMarket_Admin\User.php(64): view('PoinMarket_Admin/Page/user', [...])
10 SYSTEMPATH\CodeIgniter.php(932): App\Controllers\PoinMarket_Admin\User->index()
11 SYSTEMPATH\CodeIgniter.php(497): CodeIgniter\CodeIgniter->runController(Object(App\Controllers\PoinMarket_Admin\User))
12 SYSTEMPATH\CodeIgniter.php(366): CodeIgniter\CodeIgniter->handleRequest(null, Object(Config\Cache), false)
13 FCPATH\index.php(67): CodeIgniter\CodeIgniter->run()
14 SYSTEMPATH\Commands\Server\rewrite.php(47): require_once('C:\\xampp\\htdocs\\PoinMarket\\public\\index.php')
INFO - 2025-01-03 02:08:47 --> Session: Class initialized using 'CodeIgniter\Session\Handlers\FileHandler' driver.
INFO - 2025-01-03 02:08:48 --> Session: Class initialized using 'CodeIgniter\Session\Handlers\FileHandler' driver.
INFO - 2025-01-03 02:10:01 --> Session: Class initialized using 'CodeIgniter\Session\Handlers\FileHandler' driver.
INFO - 2025-01-03 02:10:01 --> Session: Class initialized using 'CodeIgniter\Session\Handlers\FileHandler' driver.
INFO - 2025-01-03 02:10:04 --> Session: Class initialized using 'CodeIgniter\Session\Handlers\FileHandler' driver.
WARNING - 2025-01-03 02:10:04 --> [DEPRECATED] strtotime(): Passing null to parameter #1 ($datetime) of type string is deprecated in APPPATH\Views\PoinMarket_Admin\Tabel\tabel_user.php on line 92.
 1 APPPATH\Views\PoinMarket_Admin\Tabel\tabel_user.php(92): strtotime(null)
 2 SYSTEMPATH\View\View.php(224): include('C:\\xampp\\htdocs\\PoinMarket\\app\\Views\\PoinMarket_Admin\\Tabel\\tabel_user.php')
 3 SYSTEMPATH\View\View.php(227): CodeIgniter\View\View->CodeIgniter\View\{closure}()
 4 SYSTEMPATH\View\View.php(452): CodeIgniter\View\View->render('PoinMarket_Admin/Tabel/tabel_user', null, true)
 5 APPPATH\Views\PoinMarket_Admin\Page\user.php(64): CodeIgniter\View\View->include('PoinMarket_Admin/Tabel/tabel_user')
 6 SYSTEMPATH\View\View.php(224): include('C:\\xampp\\htdocs\\PoinMarket\\app\\Views\\PoinMarket_Admin\\Page\\user.php')
 7 SYSTEMPATH\View\View.php(227): CodeIgniter\View\View->CodeIgniter\View\{closure}()
 8 SYSTEMPATH\Common.php(1180): CodeIgniter\View\View->render('PoinMarket_Admin/Page/user', [], true)
 9 APPPATH\Controllers\PoinMarket_Admin\User.php(64): view('PoinMarket_Admin/Page/user', [...])
10 SYSTEMPATH\CodeIgniter.php(932): App\Controllers\PoinMarket_Admin\User->index()
11 SYSTEMPATH\CodeIgniter.php(497): CodeIgniter\CodeIgniter->runController(Object(App\Controllers\PoinMarket_Admin\User))
12 SYSTEMPATH\CodeIgniter.php(366): CodeIgniter\CodeIgniter->handleRequest(null, Object(Config\Cache), false)
13 FCPATH\index.php(67): CodeIgniter\CodeIgniter->run()
14 SYSTEMPATH\Commands\Server\rewrite.php(47): require_once('C:\\xampp\\htdocs\\PoinMarket\\public\\index.php')
INFO - 2025-01-03 02:10:04 --> Session: Class initialized using 'CodeIgniter\Session\Handlers\FileHandler' driver.
WARNING - 2025-01-03 02:10:04 --> [DEPRECATED] strtotime(): Passing null to parameter #1 ($datetime) of type string is deprecated in APPPATH\Views\PoinMarket_Admin\Tabel\tabel_user.php on line 92.
 1 APPPATH\Views\PoinMarket_Admin\Tabel\tabel_user.php(92): strtotime(null)
 2 SYSTEMPATH\View\View.php(224): include('C:\\xampp\\htdocs\\PoinMarket\\app\\Views\\PoinMarket_Admin\\Tabel\\tabel_user.php')
 3 SYSTEMPATH\View\View.php(227): CodeIgniter\View\View->CodeIgniter\View\{closure}()
 4 SYSTEMPATH\View\View.php(452): CodeIgniter\View\View->render('PoinMarket_Admin/Tabel/tabel_user', null, true)
 5 APPPATH\Views\PoinMarket_Admin\Page\user.php(64): CodeIgniter\View\View->include('PoinMarket_Admin/Tabel/tabel_user')
 6 SYSTEMPATH\View\View.php(224): include('C:\\xampp\\htdocs\\PoinMarket\\app\\Views\\PoinMarket_Admin\\Page\\user.php')
 7 SYSTEMPATH\View\View.php(227): CodeIgniter\View\View->CodeIgniter\View\{closure}()
 8 SYSTEMPATH\Common.php(1180): CodeIgniter\View\View->render('PoinMarket_Admin/Page/user', [], true)
 9 APPPATH\Controllers\PoinMarket_Admin\User.php(64): view('PoinMarket_Admin/Page/user', [...])
10 SYSTEMPATH\CodeIgniter.php(932): App\Controllers\PoinMarket_Admin\User->index()
11 SYSTEMPATH\CodeIgniter.php(497): CodeIgniter\CodeIgniter->runController(Object(App\Controllers\PoinMarket_Admin\User))
12 SYSTEMPATH\CodeIgniter.php(366): CodeIgniter\CodeIgniter->handleRequest(null, Object(Config\Cache), false)
13 FCPATH\index.php(67): CodeIgniter\CodeIgniter->run()
14 SYSTEMPATH\Commands\Server\rewrite.php(47): require_once('C:\\xampp\\htdocs\\PoinMarket\\public\\index.php')
INFO - 2025-01-03 02:10:18 --> Session: Class initialized using 'CodeIgniter\Session\Handlers\FileHandler' driver.
INFO - 2025-01-03 02:10:19 --> Session: Class initialized using 'CodeIgniter\Session\Handlers\FileHandler' driver.
INFO - 2025-01-03 02:10:38 --> Session: Class initialized using 'CodeIgniter\Session\Handlers\FileHandler' driver.
INFO - 2025-01-03 02:10:38 --> Session: Class initialized using 'CodeIgniter\Session\Handlers\FileHandler' driver.
INFO - 2025-01-03 02:10:47 --> Session: Class initialized using 'CodeIgniter\Session\Handlers\FileHandler' driver.
WARNING - 2025-01-03 02:10:47 --> [DEPRECATED] strtotime(): Passing null to parameter #1 ($datetime) of type string is deprecated in APPPATH\Views\PoinMarket_Admin\Tabel\tabel_user.php on line 92.
 1 APPPATH\Views\PoinMarket_Admin\Tabel\tabel_user.php(92): strtotime(null)
 2 SYSTEMPATH\View\View.php(224): include('C:\\xampp\\htdocs\\PoinMarket\\app\\Views\\PoinMarket_Admin\\Tabel\\tabel_user.php')
 3 SYSTEMPATH\View\View.php(227): CodeIgniter\View\View->CodeIgniter\View\{closure}()
 4 SYSTEMPATH\View\View.php(452): CodeIgniter\View\View->render('PoinMarket_Admin/Tabel/tabel_user', null, true)
 5 APPPATH\Views\PoinMarket_Admin\Page\user.php(64): CodeIgniter\View\View->include('PoinMarket_Admin/Tabel/tabel_user')
 6 SYSTEMPATH\View\View.php(224): include('C:\\xampp\\htdocs\\PoinMarket\\app\\Views\\PoinMarket_Admin\\Page\\user.php')
 7 SYSTEMPATH\View\View.php(227): CodeIgniter\View\View->CodeIgniter\View\{closure}()
 8 SYSTEMPATH\Common.php(1180): CodeIgniter\View\View->render('PoinMarket_Admin/Page/user', [], true)
 9 APPPATH\Controllers\PoinMarket_Admin\User.php(64): view('PoinMarket_Admin/Page/user', [...])
10 SYSTEMPATH\CodeIgniter.php(932): App\Controllers\PoinMarket_Admin\User->index()
11 SYSTEMPATH\CodeIgniter.php(497): CodeIgniter\CodeIgniter->runController(Object(App\Controllers\PoinMarket_Admin\User))
12 SYSTEMPATH\CodeIgniter.php(366): CodeIgniter\CodeIgniter->handleRequest(null, Object(Config\Cache), false)
13 FCPATH\index.php(67): CodeIgniter\CodeIgniter->run()
14 SYSTEMPATH\Commands\Server\rewrite.php(47): require_once('C:\\xampp\\htdocs\\PoinMarket\\public\\index.php')
INFO - 2025-01-03 02:10:48 --> Session: Class initialized using 'CodeIgniter\Session\Handlers\FileHandler' driver.
WARNING - 2025-01-03 02:10:48 --> [DEPRECATED] strtotime(): Passing null to parameter #1 ($datetime) of type string is deprecated in APPPATH\Views\PoinMarket_Admin\Tabel\tabel_user.php on line 92.
 1 APPPATH\Views\PoinMarket_Admin\Tabel\tabel_user.php(92): strtotime(null)
 2 SYSTEMPATH\View\View.php(224): include('C:\\xampp\\htdocs\\PoinMarket\\app\\Views\\PoinMarket_Admin\\Tabel\\tabel_user.php')
 3 SYSTEMPATH\View\View.php(227): CodeIgniter\View\View->CodeIgniter\View\{closure}()
 4 SYSTEMPATH\View\View.php(452): CodeIgniter\View\View->render('PoinMarket_Admin/Tabel/tabel_user', null, true)
 5 APPPATH\Views\PoinMarket_Admin\Page\user.php(64): CodeIgniter\View\View->include('PoinMarket_Admin/Tabel/tabel_user')
 6 SYSTEMPATH\View\View.php(224): include('C:\\xampp\\htdocs\\PoinMarket\\app\\Views\\PoinMarket_Admin\\Page\\user.php')
 7 SYSTEMPATH\View\View.php(227): CodeIgniter\View\View->CodeIgniter\View\{closure}()
 8 SYSTEMPATH\Common.php(1180): CodeIgniter\View\View->render('PoinMarket_Admin/Page/user', [], true)
 9 APPPATH\Controllers\PoinMarket_Admin\User.php(64): view('PoinMarket_Admin/Page/user', [...])
10 SYSTEMPATH\CodeIgniter.php(932): App\Controllers\PoinMarket_Admin\User->index()
11 SYSTEMPATH\CodeIgniter.php(497): CodeIgniter\CodeIgniter->runController(Object(App\Controllers\PoinMarket_Admin\User))
12 SYSTEMPATH\CodeIgniter.php(366): CodeIgniter\CodeIgniter->handleRequest(null, Object(Config\Cache), false)
13 FCPATH\index.php(67): CodeIgniter\CodeIgniter->run()
14 SYSTEMPATH\Commands\Server\rewrite.php(47): require_once('C:\\xampp\\htdocs\\PoinMarket\\public\\index.php')
INFO - 2025-01-03 02:10:52 --> Session: Class initialized using 'CodeIgniter\Session\Handlers\FileHandler' driver.
WARNING - 2025-01-03 02:10:52 --> [DEPRECATED] strtotime(): Passing null to parameter #1 ($datetime) of type string is deprecated in APPPATH\Views\PoinMarket_Admin\Tabel\tabel_user.php on line 92.
 1 APPPATH\Views\PoinMarket_Admin\Tabel\tabel_user.php(92): strtotime(null)
 2 SYSTEMPATH\View\View.php(224): include('C:\\xampp\\htdocs\\PoinMarket\\app\\Views\\PoinMarket_Admin\\Tabel\\tabel_user.php')
 3 SYSTEMPATH\View\View.php(227): CodeIgniter\View\View->CodeIgniter\View\{closure}()
 4 SYSTEMPATH\View\View.php(452): CodeIgniter\View\View->render('PoinMarket_Admin/Tabel/tabel_user', null, true)
 5 APPPATH\Views\PoinMarket_Admin\Page\user.php(64): CodeIgniter\View\View->include('PoinMarket_Admin/Tabel/tabel_user')
 6 SYSTEMPATH\View\View.php(224): include('C:\\xampp\\htdocs\\PoinMarket\\app\\Views\\PoinMarket_Admin\\Page\\user.php')
 7 SYSTEMPATH\View\View.php(227): CodeIgniter\View\View->CodeIgniter\View\{closure}()
 8 SYSTEMPATH\Common.php(1180): CodeIgniter\View\View->render('PoinMarket_Admin/Page/user', [], true)
 9 APPPATH\Controllers\PoinMarket_Admin\User.php(64): view('PoinMarket_Admin/Page/user', [...])
10 SYSTEMPATH\CodeIgniter.php(932): App\Controllers\PoinMarket_Admin\User->index()
11 SYSTEMPATH\CodeIgniter.php(497): CodeIgniter\CodeIgniter->runController(Object(App\Controllers\PoinMarket_Admin\User))
12 SYSTEMPATH\CodeIgniter.php(366): CodeIgniter\CodeIgniter->handleRequest(null, Object(Config\Cache), false)
13 FCPATH\index.php(67): CodeIgniter\CodeIgniter->run()
14 SYSTEMPATH\Commands\Server\rewrite.php(47): require_once('C:\\xampp\\htdocs\\PoinMarket\\public\\index.php')
INFO - 2025-01-03 02:10:53 --> Session: Class initialized using 'CodeIgniter\Session\Handlers\FileHandler' driver.
WARNING - 2025-01-03 02:10:53 --> [DEPRECATED] strtotime(): Passing null to parameter #1 ($datetime) of type string is deprecated in APPPATH\Views\PoinMarket_Admin\Tabel\tabel_user.php on line 92.
 1 APPPATH\Views\PoinMarket_Admin\Tabel\tabel_user.php(92): strtotime(null)
 2 SYSTEMPATH\View\View.php(224): include('C:\\xampp\\htdocs\\PoinMarket\\app\\Views\\PoinMarket_Admin\\Tabel\\tabel_user.php')
 3 SYSTEMPATH\View\View.php(227): CodeIgniter\View\View->CodeIgniter\View\{closure}()
 4 SYSTEMPATH\View\View.php(452): CodeIgniter\View\View->render('PoinMarket_Admin/Tabel/tabel_user', null, true)
 5 APPPATH\Views\PoinMarket_Admin\Page\user.php(64): CodeIgniter\View\View->include('PoinMarket_Admin/Tabel/tabel_user')
 6 SYSTEMPATH\View\View.php(224): include('C:\\xampp\\htdocs\\PoinMarket\\app\\Views\\PoinMarket_Admin\\Page\\user.php')
 7 SYSTEMPATH\View\View.php(227): CodeIgniter\View\View->CodeIgniter\View\{closure}()
 8 SYSTEMPATH\Common.php(1180): CodeIgniter\View\View->render('PoinMarket_Admin/Page/user', [], true)
 9 APPPATH\Controllers\PoinMarket_Admin\User.php(64): view('PoinMarket_Admin/Page/user', [...])
10 SYSTEMPATH\CodeIgniter.php(932): App\Controllers\PoinMarket_Admin\User->index()
11 SYSTEMPATH\CodeIgniter.php(497): CodeIgniter\CodeIgniter->runController(Object(App\Controllers\PoinMarket_Admin\User))
12 SYSTEMPATH\CodeIgniter.php(366): CodeIgniter\CodeIgniter->handleRequest(null, Object(Config\Cache), false)
13 FCPATH\index.php(67): CodeIgniter\CodeIgniter->run()
14 SYSTEMPATH\Commands\Server\rewrite.php(47): require_once('C:\\xampp\\htdocs\\PoinMarket\\public\\index.php')
INFO - 2025-01-03 02:10:57 --> Session: Class initialized using 'CodeIgniter\Session\Handlers\FileHandler' driver.
WARNING - 2025-01-03 02:10:57 --> [DEPRECATED] strtotime(): Passing null to parameter #1 ($datetime) of type string is deprecated in APPPATH\Views\PoinMarket_Admin\Tabel\tabel_user.php on line 92.
 1 APPPATH\Views\PoinMarket_Admin\Tabel\tabel_user.php(92): strtotime(null)
 2 SYSTEMPATH\View\View.php(224): include('C:\\xampp\\htdocs\\PoinMarket\\app\\Views\\PoinMarket_Admin\\Tabel\\tabel_user.php')
 3 SYSTEMPATH\View\View.php(227): CodeIgniter\View\View->CodeIgniter\View\{closure}()
 4 SYSTEMPATH\View\View.php(452): CodeIgniter\View\View->render('PoinMarket_Admin/Tabel/tabel_user', null, true)
 5 APPPATH\Views\PoinMarket_Admin\Page\user.php(64): CodeIgniter\View\View->include('PoinMarket_Admin/Tabel/tabel_user')
 6 SYSTEMPATH\View\View.php(224): include('C:\\xampp\\htdocs\\PoinMarket\\app\\Views\\PoinMarket_Admin\\Page\\user.php')
 7 SYSTEMPATH\View\View.php(227): CodeIgniter\View\View->CodeIgniter\View\{closure}()
 8 SYSTEMPATH\Common.php(1180): CodeIgniter\View\View->render('PoinMarket_Admin/Page/user', [], true)
 9 APPPATH\Controllers\PoinMarket_Admin\User.php(64): view('PoinMarket_Admin/Page/user', [...])
10 SYSTEMPATH\CodeIgniter.php(932): App\Controllers\PoinMarket_Admin\User->index()
11 SYSTEMPATH\CodeIgniter.php(497): CodeIgniter\CodeIgniter->runController(Object(App\Controllers\PoinMarket_Admin\User))
12 SYSTEMPATH\CodeIgniter.php(366): CodeIgniter\CodeIgniter->handleRequest(null, Object(Config\Cache), false)
13 FCPATH\index.php(67): CodeIgniter\CodeIgniter->run()
14 SYSTEMPATH\Commands\Server\rewrite.php(47): require_once('C:\\xampp\\htdocs\\PoinMarket\\public\\index.php')
INFO - 2025-01-03 02:10:58 --> Session: Class initialized using 'CodeIgniter\Session\Handlers\FileHandler' driver.
WARNING - 2025-01-03 02:10:58 --> [DEPRECATED] strtotime(): Passing null to parameter #1 ($datetime) of type string is deprecated in APPPATH\Views\PoinMarket_Admin\Tabel\tabel_user.php on line 92.
 1 APPPATH\Views\PoinMarket_Admin\Tabel\tabel_user.php(92): strtotime(null)
 2 SYSTEMPATH\View\View.php(224): include('C:\\xampp\\htdocs\\PoinMarket\\app\\Views\\PoinMarket_Admin\\Tabel\\tabel_user.php')
 3 SYSTEMPATH\View\View.php(227): CodeIgniter\View\View->CodeIgniter\View\{closure}()
 4 SYSTEMPATH\View\View.php(452): CodeIgniter\View\View->render('PoinMarket_Admin/Tabel/tabel_user', null, true)
 5 APPPATH\Views\PoinMarket_Admin\Page\user.php(64): CodeIgniter\View\View->include('PoinMarket_Admin/Tabel/tabel_user')
 6 SYSTEMPATH\View\View.php(224): include('C:\\xampp\\htdocs\\PoinMarket\\app\\Views\\PoinMarket_Admin\\Page\\user.php')
 7 SYSTEMPATH\View\View.php(227): CodeIgniter\View\View->CodeIgniter\View\{closure}()
 8 SYSTEMPATH\Common.php(1180): CodeIgniter\View\View->render('PoinMarket_Admin/Page/user', [], true)
 9 APPPATH\Controllers\PoinMarket_Admin\User.php(64): view('PoinMarket_Admin/Page/user', [...])
10 SYSTEMPATH\CodeIgniter.php(932): App\Controllers\PoinMarket_Admin\User->index()
11 SYSTEMPATH\CodeIgniter.php(497): CodeIgniter\CodeIgniter->runController(Object(App\Controllers\PoinMarket_Admin\User))
12 SYSTEMPATH\CodeIgniter.php(366): CodeIgniter\CodeIgniter->handleRequest(null, Object(Config\Cache), false)
13 FCPATH\index.php(67): CodeIgniter\CodeIgniter->run()
14 SYSTEMPATH\Commands\Server\rewrite.php(47): require_once('C:\\xampp\\htdocs\\PoinMarket\\public\\index.php')
INFO - 2025-01-03 02:11:19 --> Session: Class initialized using 'CodeIgniter\Session\Handlers\FileHandler' driver.
WARNING - 2025-01-03 02:11:19 --> [DEPRECATED] strtotime(): Passing null to parameter #1 ($datetime) of type string is deprecated in APPPATH\Views\PoinMarket_Admin\Tabel\tabel_user.php on line 92.
 1 APPPATH\Views\PoinMarket_Admin\Tabel\tabel_user.php(92): strtotime(null)
 2 SYSTEMPATH\View\View.php(224): include('C:\\xampp\\htdocs\\PoinMarket\\app\\Views\\PoinMarket_Admin\\Tabel\\tabel_user.php')
 3 SYSTEMPATH\View\View.php(227): CodeIgniter\View\View->CodeIgniter\View\{closure}()
 4 SYSTEMPATH\View\View.php(452): CodeIgniter\View\View->render('PoinMarket_Admin/Tabel/tabel_user', null, true)
 5 APPPATH\Views\PoinMarket_Admin\Page\user.php(64): CodeIgniter\View\View->include('PoinMarket_Admin/Tabel/tabel_user')
 6 SYSTEMPATH\View\View.php(224): include('C:\\xampp\\htdocs\\PoinMarket\\app\\Views\\PoinMarket_Admin\\Page\\user.php')
 7 SYSTEMPATH\View\View.php(227): CodeIgniter\View\View->CodeIgniter\View\{closure}()
 8 SYSTEMPATH\Common.php(1180): CodeIgniter\View\View->render('PoinMarket_Admin/Page/user', [], true)
 9 APPPATH\Controllers\PoinMarket_Admin\User.php(64): view('PoinMarket_Admin/Page/user', [...])
10 SYSTEMPATH\CodeIgniter.php(932): App\Controllers\PoinMarket_Admin\User->index()
11 SYSTEMPATH\CodeIgniter.php(497): CodeIgniter\CodeIgniter->runController(Object(App\Controllers\PoinMarket_Admin\User))
12 SYSTEMPATH\CodeIgniter.php(366): CodeIgniter\CodeIgniter->handleRequest(null, Object(Config\Cache), false)
13 FCPATH\index.php(67): CodeIgniter\CodeIgniter->run()
14 SYSTEMPATH\Commands\Server\rewrite.php(47): require_once('C:\\xampp\\htdocs\\PoinMarket\\public\\index.php')
INFO - 2025-01-03 02:11:20 --> Session: Class initialized using 'CodeIgniter\Session\Handlers\FileHandler' driver.
WARNING - 2025-01-03 02:11:20 --> [DEPRECATED] strtotime(): Passing null to parameter #1 ($datetime) of type string is deprecated in APPPATH\Views\PoinMarket_Admin\Tabel\tabel_user.php on line 92.
 1 APPPATH\Views\PoinMarket_Admin\Tabel\tabel_user.php(92): strtotime(null)
 2 SYSTEMPATH\View\View.php(224): include('C:\\xampp\\htdocs\\PoinMarket\\app\\Views\\PoinMarket_Admin\\Tabel\\tabel_user.php')
 3 SYSTEMPATH\View\View.php(227): CodeIgniter\View\View->CodeIgniter\View\{closure}()
 4 SYSTEMPATH\View\View.php(452): CodeIgniter\View\View->render('PoinMarket_Admin/Tabel/tabel_user', null, true)
 5 APPPATH\Views\PoinMarket_Admin\Page\user.php(64): CodeIgniter\View\View->include('PoinMarket_Admin/Tabel/tabel_user')
 6 SYSTEMPATH\View\View.php(224): include('C:\\xampp\\htdocs\\PoinMarket\\app\\Views\\PoinMarket_Admin\\Page\\user.php')
 7 SYSTEMPATH\View\View.php(227): CodeIgniter\View\View->CodeIgniter\View\{closure}()
 8 SYSTEMPATH\Common.php(1180): CodeIgniter\View\View->render('PoinMarket_Admin/Page/user', [], true)
 9 APPPATH\Controllers\PoinMarket_Admin\User.php(64): view('PoinMarket_Admin/Page/user', [...])
10 SYSTEMPATH\CodeIgniter.php(932): App\Controllers\PoinMarket_Admin\User->index()
11 SYSTEMPATH\CodeIgniter.php(497): CodeIgniter\CodeIgniter->runController(Object(App\Controllers\PoinMarket_Admin\User))
12 SYSTEMPATH\CodeIgniter.php(366): CodeIgniter\CodeIgniter->handleRequest(null, Object(Config\Cache), false)
13 FCPATH\index.php(67): CodeIgniter\CodeIgniter->run()
14 SYSTEMPATH\Commands\Server\rewrite.php(47): require_once('C:\\xampp\\htdocs\\PoinMarket\\public\\index.php')
INFO - 2025-01-03 02:11:38 --> Session: Class initialized using 'CodeIgniter\Session\Handlers\FileHandler' driver.
WARNING - 2025-01-03 02:11:38 --> [DEPRECATED] strtotime(): Passing null to parameter #1 ($datetime) of type string is deprecated in APPPATH\Views\PoinMarket_Admin\Tabel\tabel_user.php on line 92.
 1 APPPATH\Views\PoinMarket_Admin\Tabel\tabel_user.php(92): strtotime(null)
 2 SYSTEMPATH\View\View.php(224): include('C:\\xampp\\htdocs\\PoinMarket\\app\\Views\\PoinMarket_Admin\\Tabel\\tabel_user.php')
 3 SYSTEMPATH\View\View.php(227): CodeIgniter\View\View->CodeIgniter\View\{closure}()
 4 SYSTEMPATH\View\View.php(452): CodeIgniter\View\View->render('PoinMarket_Admin/Tabel/tabel_user', null, true)
 5 APPPATH\Views\PoinMarket_Admin\Page\user.php(64): CodeIgniter\View\View->include('PoinMarket_Admin/Tabel/tabel_user')
 6 SYSTEMPATH\View\View.php(224): include('C:\\xampp\\htdocs\\PoinMarket\\app\\Views\\PoinMarket_Admin\\Page\\user.php')
 7 SYSTEMPATH\View\View.php(227): CodeIgniter\View\View->CodeIgniter\View\{closure}()
 8 SYSTEMPATH\Common.php(1180): CodeIgniter\View\View->render('PoinMarket_Admin/Page/user', [], true)
 9 APPPATH\Controllers\PoinMarket_Admin\User.php(64): view('PoinMarket_Admin/Page/user', [...])
10 SYSTEMPATH\CodeIgniter.php(932): App\Controllers\PoinMarket_Admin\User->index()
11 SYSTEMPATH\CodeIgniter.php(497): CodeIgniter\CodeIgniter->runController(Object(App\Controllers\PoinMarket_Admin\User))
12 SYSTEMPATH\CodeIgniter.php(366): CodeIgniter\CodeIgniter->handleRequest(null, Object(Config\Cache), false)
13 FCPATH\index.php(67): CodeIgniter\CodeIgniter->run()
14 SYSTEMPATH\Commands\Server\rewrite.php(47): require_once('C:\\xampp\\htdocs\\PoinMarket\\public\\index.php')
INFO - 2025-01-03 02:11:39 --> Session: Class initialized using 'CodeIgniter\Session\Handlers\FileHandler' driver.
WARNING - 2025-01-03 02:11:39 --> [DEPRECATED] strtotime(): Passing null to parameter #1 ($datetime) of type string is deprecated in APPPATH\Views\PoinMarket_Admin\Tabel\tabel_user.php on line 92.
 1 APPPATH\Views\PoinMarket_Admin\Tabel\tabel_user.php(92): strtotime(null)
 2 SYSTEMPATH\View\View.php(224): include('C:\\xampp\\htdocs\\PoinMarket\\app\\Views\\PoinMarket_Admin\\Tabel\\tabel_user.php')
 3 SYSTEMPATH\View\View.php(227): CodeIgniter\View\View->CodeIgniter\View\{closure}()
 4 SYSTEMPATH\View\View.php(452): CodeIgniter\View\View->render('PoinMarket_Admin/Tabel/tabel_user', null, true)
 5 APPPATH\Views\PoinMarket_Admin\Page\user.php(64): CodeIgniter\View\View->include('PoinMarket_Admin/Tabel/tabel_user')
 6 SYSTEMPATH\View\View.php(224): include('C:\\xampp\\htdocs\\PoinMarket\\app\\Views\\PoinMarket_Admin\\Page\\user.php')
 7 SYSTEMPATH\View\View.php(227): CodeIgniter\View\View->CodeIgniter\View\{closure}()
 8 SYSTEMPATH\Common.php(1180): CodeIgniter\View\View->render('PoinMarket_Admin/Page/user', [], true)
 9 APPPATH\Controllers\PoinMarket_Admin\User.php(64): view('PoinMarket_Admin/Page/user', [...])
10 SYSTEMPATH\CodeIgniter.php(932): App\Controllers\PoinMarket_Admin\User->index()
11 SYSTEMPATH\CodeIgniter.php(497): CodeIgniter\CodeIgniter->runController(Object(App\Controllers\PoinMarket_Admin\User))
12 SYSTEMPATH\CodeIgniter.php(366): CodeIgniter\CodeIgniter->handleRequest(null, Object(Config\Cache), false)
13 FCPATH\index.php(67): CodeIgniter\CodeIgniter->run()
14 SYSTEMPATH\Commands\Server\rewrite.php(47): require_once('C:\\xampp\\htdocs\\PoinMarket\\public\\index.php')
INFO - 2025-01-03 02:11:47 --> Session: Class initialized using 'CodeIgniter\Session\Handlers\FileHandler' driver.
INFO - 2025-01-03 02:11:47 --> Session: Class initialized using 'CodeIgniter\Session\Handlers\FileHandler' driver.
INFO - 2025-01-03 02:11:51 --> Session: Class initialized using 'CodeIgniter\Session\Handlers\FileHandler' driver.
INFO - 2025-01-03 02:11:52 --> Session: Class initialized using 'CodeIgniter\Session\Handlers\FileHandler' driver.
INFO - 2025-01-03 02:11:56 --> Session: Class initialized using 'CodeIgniter\Session\Handlers\FileHandler' driver.
INFO - 2025-01-03 02:11:56 --> Session: Class initialized using 'CodeIgniter\Session\Handlers\FileHandler' driver.
INFO - 2025-01-03 02:12:02 --> Session: Class initialized using 'CodeIgniter\Session\Handlers\FileHandler' driver.
INFO - 2025-01-03 02:12:03 --> Session: Class initialized using 'CodeIgniter\Session\Handlers\FileHandler' driver.
INFO - 2025-01-03 02:12:32 --> Session: Class initialized using 'CodeIgniter\Session\Handlers\FileHandler' driver.
INFO - 2025-01-03 02:12:33 --> Session: Class initialized using 'CodeIgniter\Session\Handlers\FileHandler' driver.
INFO - 2025-01-03 02:12:47 --> Session: Class initialized using 'CodeIgniter\Session\Handlers\FileHandler' driver.
INFO - 2025-01-03 02:12:47 --> Session: Class initialized using 'CodeIgniter\Session\Handlers\FileHandler' driver.
INFO - 2025-01-03 02:13:08 --> Session: Class initialized using 'CodeIgniter\Session\Handlers\FileHandler' driver.
INFO - 2025-01-03 02:13:09 --> Session: Class initialized using 'CodeIgniter\Session\Handlers\FileHandler' driver.
INFO - 2025-01-03 02:13:39 --> Session: Class initialized using 'CodeIgniter\Session\Handlers\FileHandler' driver.
INFO - 2025-01-03 02:13:40 --> Session: Class initialized using 'CodeIgniter\Session\Handlers\FileHandler' driver.
INFO - 2025-01-03 02:13:43 --> Session: Class initialized using 'CodeIgniter\Session\Handlers\FileHandler' driver.
INFO - 2025-01-03 02:13:44 --> Session: Class initialized using 'CodeIgniter\Session\Handlers\FileHandler' driver.
INFO - 2025-01-03 02:13:56 --> Session: Class initialized using 'CodeIgniter\Session\Handlers\FileHandler' driver.
INFO - 2025-01-03 02:13:56 --> Session: Class initialized using 'CodeIgniter\Session\Handlers\FileHandler' driver.
INFO - 2025-01-03 02:14:11 --> Session: Class initialized using 'CodeIgniter\Session\Handlers\FileHandler' driver.
INFO - 2025-01-03 02:14:12 --> Session: Class initialized using 'CodeIgniter\Session\Handlers\FileHandler' driver.
INFO - 2025-01-03 02:14:22 --> Session: Class initialized using 'CodeIgniter\Session\Handlers\FileHandler' driver.
INFO - 2025-01-03 02:14:23 --> Session: Class initialized using 'CodeIgniter\Session\Handlers\FileHandler' driver.
INFO - 2025-01-03 02:14:54 --> Session: Class initialized using 'CodeIgniter\Session\Handlers\FileHandler' driver.
INFO - 2025-01-03 02:14:55 --> Session: Class initialized using 'CodeIgniter\Session\Handlers\FileHandler' driver.
INFO - 2025-01-03 02:15:00 --> Session: Class initialized using 'CodeIgniter\Session\Handlers\FileHandler' driver.
INFO - 2025-01-03 02:15:24 --> Session: Class initialized using 'CodeIgniter\Session\Handlers\FileHandler' driver.
INFO - 2025-01-03 02:15:25 --> Session: Class initialized using 'CodeIgniter\Session\Handlers\FileHandler' driver.
INFO - 2025-01-03 02:16:08 --> Session: Class initialized using 'CodeIgniter\Session\Handlers\FileHandler' driver.
INFO - 2025-01-03 02:16:09 --> Session: Class initialized using 'CodeIgniter\Session\Handlers\FileHandler' driver.
INFO - 2025-01-03 02:16:16 --> Session: Class initialized using 'CodeIgniter\Session\Handlers\FileHandler' driver.
INFO - 2025-01-03 02:16:17 --> Session: Class initialized using 'CodeIgniter\Session\Handlers\FileHandler' driver.
INFO - 2025-01-03 02:16:18 --> Session: Class initialized using 'CodeIgniter\Session\Handlers\FileHandler' driver.
INFO - 2025-01-03 02:16:19 --> Session: Class initialized using 'CodeIgniter\Session\Handlers\FileHandler' driver.
INFO - 2025-01-03 02:16:24 --> Session: Class initialized using 'CodeIgniter\Session\Handlers\FileHandler' driver.
INFO - 2025-01-03 02:16:25 --> Session: Class initialized using 'CodeIgniter\Session\Handlers\FileHandler' driver.
INFO - 2025-01-03 02:16:28 --> Session: Class initialized using 'CodeIgniter\Session\Handlers\FileHandler' driver.
INFO - 2025-01-03 02:16:28 --> Session: Class initialized using 'CodeIgniter\Session\Handlers\FileHandler' driver.
INFO - 2025-01-03 02:17:31 --> Session: Class initialized using 'CodeIgniter\Session\Handlers\FileHandler' driver.
INFO - 2025-01-03 02:17:32 --> Session: Class initialized using 'CodeIgniter\Session\Handlers\FileHandler' driver.
INFO - 2025-01-03 02:17:35 --> Session: Class initialized using 'CodeIgniter\Session\Handlers\FileHandler' driver.
INFO - 2025-01-03 02:17:35 --> Session: Class initialized using 'CodeIgniter\Session\Handlers\FileHandler' driver.
INFO - 2025-01-03 02:17:36 --> Session: Class initialized using 'CodeIgniter\Session\Handlers\FileHandler' driver.
INFO - 2025-01-03 02:17:36 --> Session: Class initialized using 'CodeIgniter\Session\Handlers\FileHandler' driver.
INFO - 2025-01-03 02:18:28 --> Session: Class initialized using 'CodeIgniter\Session\Handlers\FileHandler' driver.
INFO - 2025-01-03 02:18:29 --> Session: Class initialized using 'CodeIgniter\Session\Handlers\FileHandler' driver.
INFO - 2025-01-03 02:18:30 --> Session: Class initialized using 'CodeIgniter\Session\Handlers\FileHandler' driver.
INFO - 2025-01-03 02:18:30 --> Session: Class initialized using 'CodeIgniter\Session\Handlers\FileHandler' driver.
INFO - 2025-01-03 02:18:50 --> Session: Class initialized using 'CodeIgniter\Session\Handlers\FileHandler' driver.
INFO - 2025-01-03 02:18:51 --> Session: Class initialized using 'CodeIgniter\Session\Handlers\FileHandler' driver.
INFO - 2025-01-03 02:20:03 --> Session: Class initialized using 'CodeIgniter\Session\Handlers\FileHandler' driver.
INFO - 2025-01-03 02:20:03 --> Session: Class initialized using 'CodeIgniter\Session\Handlers\FileHandler' driver.
INFO - 2025-01-03 02:20:05 --> Session: Class initialized using 'CodeIgniter\Session\Handlers\FileHandler' driver.
INFO - 2025-01-03 02:20:05 --> Session: Class initialized using 'CodeIgniter\Session\Handlers\FileHandler' driver.
INFO - 2025-01-03 02:20:28 --> Session: Class initialized using 'CodeIgniter\Session\Handlers\FileHandler' driver.
INFO - 2025-01-03 02:20:29 --> Session: Class initialized using 'CodeIgniter\Session\Handlers\FileHandler' driver.
INFO - 2025-01-03 02:20:45 --> Session: Class initialized using 'CodeIgniter\Session\Handlers\FileHandler' driver.
INFO - 2025-01-03 02:20:46 --> Session: Class initialized using 'CodeIgniter\Session\Handlers\FileHandler' driver.
INFO - 2025-01-03 02:21:11 --> Session: Class initialized using 'CodeIgniter\Session\Handlers\FileHandler' driver.
INFO - 2025-01-03 02:21:11 --> Session: Class initialized using 'CodeIgniter\Session\Handlers\FileHandler' driver.
INFO - 2025-01-03 02:21:19 --> Session: Class initialized using 'CodeIgniter\Session\Handlers\FileHandler' driver.
WARNING - 2025-01-03 02:21:19 --> [DEPRECATED] strtotime(): Passing null to parameter #1 ($datetime) of type string is deprecated in APPPATH\Views\PoinMarket_Admin\Tabel\tabel_user.php on line 92.
 1 APPPATH\Views\PoinMarket_Admin\Tabel\tabel_user.php(92): strtotime(null)
 2 SYSTEMPATH\View\View.php(224): include('C:\\xampp\\htdocs\\PoinMarket\\app\\Views\\PoinMarket_Admin\\Tabel\\tabel_user.php')
 3 SYSTEMPATH\View\View.php(227): CodeIgniter\View\View->CodeIgniter\View\{closure}()
 4 SYSTEMPATH\View\View.php(452): CodeIgniter\View\View->render('PoinMarket_Admin/Tabel/tabel_user', null, true)
 5 APPPATH\Views\PoinMarket_Admin\Page\user.php(64): CodeIgniter\View\View->include('PoinMarket_Admin/Tabel/tabel_user')
 6 SYSTEMPATH\View\View.php(224): include('C:\\xampp\\htdocs\\PoinMarket\\app\\Views\\PoinMarket_Admin\\Page\\user.php')
 7 SYSTEMPATH\View\View.php(227): CodeIgniter\View\View->CodeIgniter\View\{closure}()
 8 SYSTEMPATH\Common.php(1180): CodeIgniter\View\View->render('PoinMarket_Admin/Page/user', [], true)
 9 APPPATH\Controllers\PoinMarket_Admin\User.php(64): view('PoinMarket_Admin/Page/user', [...])
10 SYSTEMPATH\CodeIgniter.php(932): App\Controllers\PoinMarket_Admin\User->index()
11 SYSTEMPATH\CodeIgniter.php(497): CodeIgniter\CodeIgniter->runController(Object(App\Controllers\PoinMarket_Admin\User))
12 SYSTEMPATH\CodeIgniter.php(366): CodeIgniter\CodeIgniter->handleRequest(null, Object(Config\Cache), false)
13 FCPATH\index.php(67): CodeIgniter\CodeIgniter->run()
14 SYSTEMPATH\Commands\Server\rewrite.php(47): require_once('C:\\xampp\\htdocs\\PoinMarket\\public\\index.php')
INFO - 2025-01-03 02:21:19 --> Session: Class initialized using 'CodeIgniter\Session\Handlers\FileHandler' driver.
WARNING - 2025-01-03 02:21:19 --> [DEPRECATED] strtotime(): Passing null to parameter #1 ($datetime) of type string is deprecated in APPPATH\Views\PoinMarket_Admin\Tabel\tabel_user.php on line 92.
 1 APPPATH\Views\PoinMarket_Admin\Tabel\tabel_user.php(92): strtotime(null)
 2 SYSTEMPATH\View\View.php(224): include('C:\\xampp\\htdocs\\PoinMarket\\app\\Views\\PoinMarket_Admin\\Tabel\\tabel_user.php')
 3 SYSTEMPATH\View\View.php(227): CodeIgniter\View\View->CodeIgniter\View\{closure}()
 4 SYSTEMPATH\View\View.php(452): CodeIgniter\View\View->render('PoinMarket_Admin/Tabel/tabel_user', null, true)
 5 APPPATH\Views\PoinMarket_Admin\Page\user.php(64): CodeIgniter\View\View->include('PoinMarket_Admin/Tabel/tabel_user')
 6 SYSTEMPATH\View\View.php(224): include('C:\\xampp\\htdocs\\PoinMarket\\app\\Views\\PoinMarket_Admin\\Page\\user.php')
 7 SYSTEMPATH\View\View.php(227): CodeIgniter\View\View->CodeIgniter\View\{closure}()
 8 SYSTEMPATH\Common.php(1180): CodeIgniter\View\View->render('PoinMarket_Admin/Page/user', [], true)
 9 APPPATH\Controllers\PoinMarket_Admin\User.php(64): view('PoinMarket_Admin/Page/user', [...])
10 SYSTEMPATH\CodeIgniter.php(932): App\Controllers\PoinMarket_Admin\User->index()
11 SYSTEMPATH\CodeIgniter.php(497): CodeIgniter\CodeIgniter->runController(Object(App\Controllers\PoinMarket_Admin\User))
12 SYSTEMPATH\CodeIgniter.php(366): CodeIgniter\CodeIgniter->handleRequest(null, Object(Config\Cache), false)
13 FCPATH\index.php(67): CodeIgniter\CodeIgniter->run()
14 SYSTEMPATH\Commands\Server\rewrite.php(47): require_once('C:\\xampp\\htdocs\\PoinMarket\\public\\index.php')
INFO - 2025-01-03 02:21:27 --> Session: Class initialized using 'CodeIgniter\Session\Handlers\FileHandler' driver.
INFO - 2025-01-03 02:21:27 --> Session: Class initialized using 'CodeIgniter\Session\Handlers\FileHandler' driver.
INFO - 2025-01-03 02:22:02 --> Session: Class initialized using 'CodeIgniter\Session\Handlers\FileHandler' driver.
INFO - 2025-01-03 02:22:03 --> Session: Class initialized using 'CodeIgniter\Session\Handlers\FileHandler' driver.
INFO - 2025-01-03 02:22:10 --> Session: Class initialized using 'CodeIgniter\Session\Handlers\FileHandler' driver.
INFO - 2025-01-03 02:22:10 --> Session: Class initialized using 'CodeIgniter\Session\Handlers\FileHandler' driver.
INFO - 2025-01-03 02:22:25 --> Session: Class initialized using 'CodeIgniter\Session\Handlers\FileHandler' driver.
INFO - 2025-01-03 02:22:26 --> Session: Class initialized using 'CodeIgniter\Session\Handlers\FileHandler' driver.
INFO - 2025-01-03 02:22:38 --> Session: Class initialized using 'CodeIgniter\Session\Handlers\FileHandler' driver.
INFO - 2025-01-03 02:22:39 --> Session: Class initialized using 'CodeIgniter\Session\Handlers\FileHandler' driver.
INFO - 2025-01-03 02:22:45 --> Session: Class initialized using 'CodeIgniter\Session\Handlers\FileHandler' driver.
INFO - 2025-01-03 02:22:45 --> Session: Class initialized using 'CodeIgniter\Session\Handlers\FileHandler' driver.
INFO - 2025-01-03 02:22:47 --> Session: Class initialized using 'CodeIgniter\Session\Handlers\FileHandler' driver.
INFO - 2025-01-03 02:22:48 --> Session: Class initialized using 'CodeIgniter\Session\Handlers\FileHandler' driver.
INFO - 2025-01-03 02:22:49 --> Session: Class initialized using 'CodeIgniter\Session\Handlers\FileHandler' driver.
INFO - 2025-01-03 02:22:49 --> Session: Class initialized using 'CodeIgniter\Session\Handlers\FileHandler' driver.
INFO - 2025-01-03 02:23:30 --> Session: Class initialized using 'CodeIgniter\Session\Handlers\FileHandler' driver.
INFO - 2025-01-03 02:23:30 --> Session: Class initialized using 'CodeIgniter\Session\Handlers\FileHandler' driver.
INFO - 2025-01-03 02:23:39 --> Session: Class initialized using 'CodeIgniter\Session\Handlers\FileHandler' driver.
INFO - 2025-01-03 02:23:40 --> Session: Class initialized using 'CodeIgniter\Session\Handlers\FileHandler' driver.
INFO - 2025-01-03 02:23:42 --> Session: Class initialized using 'CodeIgniter\Session\Handlers\FileHandler' driver.
INFO - 2025-01-03 02:23:42 --> Session: Class initialized using 'CodeIgniter\Session\Handlers\FileHandler' driver.
INFO - 2025-01-03 02:23:44 --> Session: Class initialized using 'CodeIgniter\Session\Handlers\FileHandler' driver.
INFO - 2025-01-03 02:23:44 --> Session: Class initialized using 'CodeIgniter\Session\Handlers\FileHandler' driver.
INFO - 2025-01-03 02:23:47 --> Session: Class initialized using 'CodeIgniter\Session\Handlers\FileHandler' driver.
INFO - 2025-01-03 02:23:47 --> Session: Class initialized using 'CodeIgniter\Session\Handlers\FileHandler' driver.
INFO - 2025-01-03 02:23:49 --> Session: Class initialized using 'CodeIgniter\Session\Handlers\FileHandler' driver.
INFO - 2025-01-03 02:23:50 --> Session: Class initialized using 'CodeIgniter\Session\Handlers\FileHandler' driver.
INFO - 2025-01-03 02:23:52 --> Session: Class initialized using 'CodeIgniter\Session\Handlers\FileHandler' driver.
INFO - 2025-01-03 02:23:52 --> Session: Class initialized using 'CodeIgniter\Session\Handlers\FileHandler' driver.
INFO - 2025-01-03 02:24:00 --> Session: Class initialized using 'CodeIgniter\Session\Handlers\FileHandler' driver.
INFO - 2025-01-03 02:24:01 --> Session: Class initialized using 'CodeIgniter\Session\Handlers\FileHandler' driver.
INFO - 2025-01-03 02:24:12 --> Session: Class initialized using 'CodeIgniter\Session\Handlers\FileHandler' driver.
INFO - 2025-01-03 02:24:13 --> Session: Class initialized using 'CodeIgniter\Session\Handlers\FileHandler' driver.
INFO - 2025-01-03 02:24:51 --> Session: Class initialized using 'CodeIgniter\Session\Handlers\FileHandler' driver.
INFO - 2025-01-03 02:24:51 --> Session: Class initialized using 'CodeIgniter\Session\Handlers\FileHandler' driver.
INFO - 2025-01-03 02:26:52 --> Session: Class initialized using 'CodeIgniter\Session\Handlers\FileHandler' driver.
INFO - 2025-01-03 02:26:53 --> Session: Class initialized using 'CodeIgniter\Session\Handlers\FileHandler' driver.
INFO - 2025-01-03 02:27:00 --> Session: Class initialized using 'CodeIgniter\Session\Handlers\FileHandler' driver.
INFO - 2025-01-03 02:27:00 --> Session: Class initialized using 'CodeIgniter\Session\Handlers\FileHandler' driver.
INFO - 2025-01-03 02:27:12 --> Session: Class initialized using 'CodeIgniter\Session\Handlers\FileHandler' driver.
INFO - 2025-01-03 02:27:12 --> Session: Class initialized using 'CodeIgniter\Session\Handlers\FileHandler' driver.
INFO - 2025-01-03 02:27:19 --> Session: Class initialized using 'CodeIgniter\Session\Handlers\FileHandler' driver.
INFO - 2025-01-03 02:27:19 --> Session: Class initialized using 'CodeIgniter\Session\Handlers\FileHandler' driver.
INFO - 2025-01-03 02:27:21 --> Session: Class initialized using 'CodeIgniter\Session\Handlers\FileHandler' driver.
INFO - 2025-01-03 02:27:25 --> Session: Class initialized using 'CodeIgniter\Session\Handlers\FileHandler' driver.
INFO - 2025-01-03 02:27:26 --> Session: Class initialized using 'CodeIgniter\Session\Handlers\FileHandler' driver.
INFO - 2025-01-03 02:27:30 --> Session: Class initialized using 'CodeIgniter\Session\Handlers\FileHandler' driver.
INFO - 2025-01-03 02:27:31 --> Session: Class initialized using 'CodeIgniter\Session\Handlers\FileHandler' driver.
INFO - 2025-01-03 02:27:38 --> Session: Class initialized using 'CodeIgniter\Session\Handlers\FileHandler' driver.
INFO - 2025-01-03 02:27:38 --> Session: Class initialized using 'CodeIgniter\Session\Handlers\FileHandler' driver.
INFO - 2025-01-03 02:27:44 --> Session: Class initialized using 'CodeIgniter\Session\Handlers\FileHandler' driver.
INFO - 2025-01-03 02:27:44 --> Session: Class initialized using 'CodeIgniter\Session\Handlers\FileHandler' driver.
INFO - 2025-01-03 02:27:48 --> Session: Class initialized using 'CodeIgniter\Session\Handlers\FileHandler' driver.
INFO - 2025-01-03 02:27:48 --> Session: Class initialized using 'CodeIgniter\Session\Handlers\FileHandler' driver.
INFO - 2025-01-03 02:28:48 --> Session: Class initialized using 'CodeIgniter\Session\Handlers\FileHandler' driver.
INFO - 2025-01-03 02:28:49 --> Session: Class initialized using 'CodeIgniter\Session\Handlers\FileHandler' driver.
INFO - 2025-01-03 02:29:30 --> Session: Class initialized using 'CodeIgniter\Session\Handlers\FileHandler' driver.
INFO - 2025-01-03 02:29:31 --> Session: Class initialized using 'CodeIgniter\Session\Handlers\FileHandler' driver.
INFO - 2025-01-03 02:29:41 --> Session: Class initialized using 'CodeIgniter\Session\Handlers\FileHandler' driver.
INFO - 2025-01-03 02:29:41 --> Session: Class initialized using 'CodeIgniter\Session\Handlers\FileHandler' driver.
INFO - 2025-01-03 02:29:49 --> Session: Class initialized using 'CodeIgniter\Session\Handlers\FileHandler' driver.
INFO - 2025-01-03 02:29:50 --> Session: Class initialized using 'CodeIgniter\Session\Handlers\FileHandler' driver.
INFO - 2025-01-03 02:30:02 --> Session: Class initialized using 'CodeIgniter\Session\Handlers\FileHandler' driver.
INFO - 2025-01-03 02:30:03 --> Session: Class initialized using 'CodeIgniter\Session\Handlers\FileHandler' driver.
INFO - 2025-01-03 02:30:51 --> Session: Class initialized using 'CodeIgniter\Session\Handlers\FileHandler' driver.
INFO - 2025-01-03 02:30:51 --> Session: Class initialized using 'CodeIgniter\Session\Handlers\FileHandler' driver.
INFO - 2025-01-03 02:31:09 --> Session: Class initialized using 'CodeIgniter\Session\Handlers\FileHandler' driver.
INFO - 2025-01-03 02:31:09 --> Session: Class initialized using 'CodeIgniter\Session\Handlers\FileHandler' driver.
INFO - 2025-01-03 02:32:01 --> Session: Class initialized using 'CodeIgniter\Session\Handlers\FileHandler' driver.
WARNING - 2025-01-03 02:32:02 --> [DEPRECATED] strtotime(): Passing null to parameter #1 ($datetime) of type string is deprecated in APPPATH\Views\PoinMarket_Admin\Tabel\tabel_user.php on line 92.
 1 APPPATH\Views\PoinMarket_Admin\Tabel\tabel_user.php(92): strtotime(null)
 2 SYSTEMPATH\View\View.php(224): include('C:\\xampp\\htdocs\\PoinMarket\\app\\Views\\PoinMarket_Admin\\Tabel\\tabel_user.php')
 3 SYSTEMPATH\View\View.php(227): CodeIgniter\View\View->CodeIgniter\View\{closure}()
 4 SYSTEMPATH\View\View.php(452): CodeIgniter\View\View->render('PoinMarket_Admin/Tabel/tabel_user', null, true)
 5 APPPATH\Views\PoinMarket_Admin\Page\user.php(64): CodeIgniter\View\View->include('PoinMarket_Admin/Tabel/tabel_user')
 6 SYSTEMPATH\View\View.php(224): include('C:\\xampp\\htdocs\\PoinMarket\\app\\Views\\PoinMarket_Admin\\Page\\user.php')
 7 SYSTEMPATH\View\View.php(227): CodeIgniter\View\View->CodeIgniter\View\{closure}()
 8 SYSTEMPATH\Common.php(1180): CodeIgniter\View\View->render('PoinMarket_Admin/Page/user', [], true)
 9 APPPATH\Controllers\PoinMarket_Admin\User.php(64): view('PoinMarket_Admin/Page/user', [...])
10 SYSTEMPATH\CodeIgniter.php(932): App\Controllers\PoinMarket_Admin\User->index()
11 SYSTEMPATH\CodeIgniter.php(497): CodeIgniter\CodeIgniter->runController(Object(App\Controllers\PoinMarket_Admin\User))
12 SYSTEMPATH\CodeIgniter.php(366): CodeIgniter\CodeIgniter->handleRequest(null, Object(Config\Cache), false)
13 FCPATH\index.php(67): CodeIgniter\CodeIgniter->run()
14 SYSTEMPATH\Commands\Server\rewrite.php(47): require_once('C:\\xampp\\htdocs\\PoinMarket\\public\\index.php')
INFO - 2025-01-03 02:32:02 --> Session: Class initialized using 'CodeIgniter\Session\Handlers\FileHandler' driver.
WARNING - 2025-01-03 02:32:02 --> [DEPRECATED] strtotime(): Passing null to parameter #1 ($datetime) of type string is deprecated in APPPATH\Views\PoinMarket_Admin\Tabel\tabel_user.php on line 92.
 1 APPPATH\Views\PoinMarket_Admin\Tabel\tabel_user.php(92): strtotime(null)
 2 SYSTEMPATH\View\View.php(224): include('C:\\xampp\\htdocs\\PoinMarket\\app\\Views\\PoinMarket_Admin\\Tabel\\tabel_user.php')
 3 SYSTEMPATH\View\View.php(227): CodeIgniter\View\View->CodeIgniter\View\{closure}()
 4 SYSTEMPATH\View\View.php(452): CodeIgniter\View\View->render('PoinMarket_Admin/Tabel/tabel_user', null, true)
 5 APPPATH\Views\PoinMarket_Admin\Page\user.php(64): CodeIgniter\View\View->include('PoinMarket_Admin/Tabel/tabel_user')
 6 SYSTEMPATH\View\View.php(224): include('C:\\xampp\\htdocs\\PoinMarket\\app\\Views\\PoinMarket_Admin\\Page\\user.php')
 7 SYSTEMPATH\View\View.php(227): CodeIgniter\View\View->CodeIgniter\View\{closure}()
 8 SYSTEMPATH\Common.php(1180): CodeIgniter\View\View->render('PoinMarket_Admin/Page/user', [], true)
 9 APPPATH\Controllers\PoinMarket_Admin\User.php(64): view('PoinMarket_Admin/Page/user', [...])
10 SYSTEMPATH\CodeIgniter.php(932): App\Controllers\PoinMarket_Admin\User->index()
11 SYSTEMPATH\CodeIgniter.php(497): CodeIgniter\CodeIgniter->runController(Object(App\Controllers\PoinMarket_Admin\User))
12 SYSTEMPATH\CodeIgniter.php(366): CodeIgniter\CodeIgniter->handleRequest(null, Object(Config\Cache), false)
13 FCPATH\index.php(67): CodeIgniter\CodeIgniter->run()
14 SYSTEMPATH\Commands\Server\rewrite.php(47): require_once('C:\\xampp\\htdocs\\PoinMarket\\public\\index.php')
INFO - 2025-01-03 02:32:08 --> Session: Class initialized using 'CodeIgniter\Session\Handlers\FileHandler' driver.
INFO - 2025-01-03 02:32:09 --> Session: Class initialized using 'CodeIgniter\Session\Handlers\FileHandler' driver.
INFO - 2025-01-03 02:32:32 --> Session: Class initialized using 'CodeIgniter\Session\Handlers\FileHandler' driver.
INFO - 2025-01-03 02:32:33 --> Session: Class initialized using 'CodeIgniter\Session\Handlers\FileHandler' driver.
INFO - 2025-01-03 02:33:11 --> Session: Class initialized using 'CodeIgniter\Session\Handlers\FileHandler' driver.
INFO - 2025-01-03 02:33:11 --> Session: Class initialized using 'CodeIgniter\Session\Handlers\FileHandler' driver.
INFO - 2025-01-03 02:33:55 --> Session: Class initialized using 'CodeIgniter\Session\Handlers\FileHandler' driver.
INFO - 2025-01-03 02:33:55 --> Session: Class initialized using 'CodeIgniter\Session\Handlers\FileHandler' driver.
INFO - 2025-01-03 02:33:57 --> Session: Class initialized using 'CodeIgniter\Session\Handlers\FileHandler' driver.
INFO - 2025-01-03 02:33:57 --> Session: Class initialized using 'CodeIgniter\Session\Handlers\FileHandler' driver.
INFO - 2025-01-03 02:34:01 --> Session: Class initialized using 'CodeIgniter\Session\Handlers\FileHandler' driver.
INFO - 2025-01-03 02:34:01 --> Session: Class initialized using 'CodeIgniter\Session\Handlers\FileHandler' driver.
CRITICAL - 2025-01-03 02:34:59 --> Undefined variable $b
in APPPATH\Views\CMS\tabel.php on line 18.
 1 APPPATH\Views\CMS\tabel.php(18): CodeIgniter\Debug\Exceptions->errorHandler(2, 'Undefined variable $b', 'C:\\xampp\\htdocs\\PoinMarket\\app\\Views\\CMS\\tabel.php', 18)
 2 SYSTEMPATH\View\View.php(224): include('C:\\xampp\\htdocs\\PoinMarket\\app\\Views\\CMS\\tabel.php')
 3 SYSTEMPATH\View\View.php(227): CodeIgniter\View\View->CodeIgniter\View\{closure}()
 4 SYSTEMPATH\View\View.php(452): CodeIgniter\View\View->render('CMS/tabel', null, true)
 5 APPPATH\Views\CMS\index.php(31): CodeIgniter\View\View->include('CMS/tabel')
 6 SYSTEMPATH\View\View.php(224): include('C:\\xampp\\htdocs\\PoinMarket\\app\\Views\\CMS\\index.php')
 7 SYSTEMPATH\View\View.php(227): CodeIgniter\View\View->CodeIgniter\View\{closure}()
 8 SYSTEMPATH\Common.php(1180): CodeIgniter\View\View->render('CMS/index', [], true)
 9 APPPATH\Controllers\CMS.php(32): view('CMS/index', [...])
10 SYSTEMPATH\CodeIgniter.php(932): App\Controllers\CMS->index()
11 SYSTEMPATH\CodeIgniter.php(497): CodeIgniter\CodeIgniter->runController(Object(App\Controllers\CMS))
12 SYSTEMPATH\CodeIgniter.php(366): CodeIgniter\CodeIgniter->handleRequest(null, Object(Config\Cache), false)
13 FCPATH\index.php(67): CodeIgniter\CodeIgniter->run()
14 SYSTEMPATH\Commands\Server\rewrite.php(47): require_once('C:\\xampp\\htdocs\\PoinMarket\\public\\index.php')
INFO - 2025-01-03 02:35:19 --> Session: Class initialized using 'CodeIgniter\Session\Handlers\FileHandler' driver.
INFO - 2025-01-03 02:35:20 --> Session: Class initialized using 'CodeIgniter\Session\Handlers\FileHandler' driver.
CRITICAL - 2025-01-03 02:37:52 --> Undefined array key "nama"
in APPPATH\Views\CMS\tabel.php on line 48.
 1 APPPATH\Views\CMS\tabel.php(48): CodeIgniter\Debug\Exceptions->errorHandler(2, 'Undefined array key "nama"', 'C:\\xampp\\htdocs\\PoinMarket\\app\\Views\\CMS\\tabel.php', 48)
 2 SYSTEMPATH\View\View.php(224): include('C:\\xampp\\htdocs\\PoinMarket\\app\\Views\\CMS\\tabel.php')
 3 SYSTEMPATH\View\View.php(227): CodeIgniter\View\View->CodeIgniter\View\{closure}()
 4 SYSTEMPATH\View\View.php(452): CodeIgniter\View\View->render('CMS/tabel', null, true)
 5 APPPATH\Views\CMS\index.php(31): CodeIgniter\View\View->include('CMS/tabel')
 6 SYSTEMPATH\View\View.php(224): include('C:\\xampp\\htdocs\\PoinMarket\\app\\Views\\CMS\\index.php')
 7 SYSTEMPATH\View\View.php(227): CodeIgniter\View\View->CodeIgniter\View\{closure}()
 8 SYSTEMPATH\Common.php(1180): CodeIgniter\View\View->render('CMS/index', [], true)
 9 APPPATH\Controllers\CMS.php(32): view('CMS/index', [...])
10 SYSTEMPATH\CodeIgniter.php(932): App\Controllers\CMS->index()
11 SYSTEMPATH\CodeIgniter.php(497): CodeIgniter\CodeIgniter->runController(Object(App\Controllers\CMS))
12 SYSTEMPATH\CodeIgniter.php(366): CodeIgniter\CodeIgniter->handleRequest(null, Object(Config\Cache), false)
13 FCPATH\index.php(67): CodeIgniter\CodeIgniter->run()
14 SYSTEMPATH\Commands\Server\rewrite.php(47): require_once('C:\\xampp\\htdocs\\PoinMarket\\public\\index.php')
INFO - 2025-01-03 02:37:59 --> Session: Class initialized using 'CodeIgniter\Session\Handlers\FileHandler' driver.
INFO - 2025-01-03 02:38:00 --> Session: Class initialized using 'CodeIgniter\Session\Handlers\FileHandler' driver.
INFO - 2025-01-03 02:38:27 --> Session: Class initialized using 'CodeIgniter\Session\Handlers\FileHandler' driver.
INFO - 2025-01-03 02:38:28 --> Session: Class initialized using 'CodeIgniter\Session\Handlers\FileHandler' driver.
INFO - 2025-01-03 02:39:16 --> Session: Class initialized using 'CodeIgniter\Session\Handlers\FileHandler' driver.
INFO - 2025-01-03 02:39:17 --> Session: Class initialized using 'CodeIgniter\Session\Handlers\FileHandler' driver.
INFO - 2025-01-03 02:39:48 --> Session: Class initialized using 'CodeIgniter\Session\Handlers\FileHandler' driver.
INFO - 2025-01-03 02:39:48 --> Session: Class initialized using 'CodeIgniter\Session\Handlers\FileHandler' driver.
INFO - 2025-01-03 02:40:06 --> Session: Class initialized using 'CodeIgniter\Session\Handlers\FileHandler' driver.
INFO - 2025-01-03 02:40:07 --> Session: Class initialized using 'CodeIgniter\Session\Handlers\FileHandler' driver.
INFO - 2025-01-03 02:40:42 --> Session: Class initialized using 'CodeIgniter\Session\Handlers\FileHandler' driver.
INFO - 2025-01-03 02:40:43 --> Session: Class initialized using 'CodeIgniter\Session\Handlers\FileHandler' driver.
INFO - 2025-01-03 02:40:52 --> Session: Class initialized using 'CodeIgniter\Session\Handlers\FileHandler' driver.
INFO - 2025-01-03 02:40:52 --> Session: Class initialized using 'CodeIgniter\Session\Handlers\FileHandler' driver.
INFO - 2025-01-03 02:41:05 --> Session: Class initialized using 'CodeIgniter\Session\Handlers\FileHandler' driver.
INFO - 2025-01-03 02:41:06 --> Session: Class initialized using 'CodeIgniter\Session\Handlers\FileHandler' driver.
INFO - 2025-01-03 02:41:17 --> Session: Class initialized using 'CodeIgniter\Session\Handlers\FileHandler' driver.
INFO - 2025-01-03 02:41:17 --> Session: Class initialized using 'CodeIgniter\Session\Handlers\FileHandler' driver.
INFO - 2025-01-03 02:41:22 --> Session: Class initialized using 'CodeIgniter\Session\Handlers\FileHandler' driver.
INFO - 2025-01-03 02:41:22 --> Session: Class initialized using 'CodeIgniter\Session\Handlers\FileHandler' driver.
INFO - 2025-01-03 02:41:28 --> Session: Class initialized using 'CodeIgniter\Session\Handlers\FileHandler' driver.
INFO - 2025-01-03 02:41:29 --> Session: Class initialized using 'CodeIgniter\Session\Handlers\FileHandler' driver.
INFO - 2025-01-03 02:41:33 --> Session: Class initialized using 'CodeIgniter\Session\Handlers\FileHandler' driver.
INFO - 2025-01-03 02:41:33 --> Session: Class initialized using 'CodeIgniter\Session\Handlers\FileHandler' driver.
INFO - 2025-01-03 02:41:58 --> Session: Class initialized using 'CodeIgniter\Session\Handlers\FileHandler' driver.
INFO - 2025-01-03 02:41:58 --> Session: Class initialized using 'CodeIgniter\Session\Handlers\FileHandler' driver.
INFO - 2025-01-03 02:42:14 --> Session: Class initialized using 'CodeIgniter\Session\Handlers\FileHandler' driver.
INFO - 2025-01-03 02:42:15 --> Session: Class initialized using 'CodeIgniter\Session\Handlers\FileHandler' driver.
INFO - 2025-01-03 02:42:22 --> Session: Class initialized using 'CodeIgniter\Session\Handlers\FileHandler' driver.
INFO - 2025-01-03 02:42:23 --> Session: Class initialized using 'CodeIgniter\Session\Handlers\FileHandler' driver.
INFO - 2025-01-03 02:42:59 --> Session: Class initialized using 'CodeIgniter\Session\Handlers\FileHandler' driver.
INFO - 2025-01-03 02:43:00 --> Session: Class initialized using 'CodeIgniter\Session\Handlers\FileHandler' driver.
INFO - 2025-01-03 02:43:15 --> Session: Class initialized using 'CodeIgniter\Session\Handlers\FileHandler' driver.
INFO - 2025-01-03 02:43:16 --> Session: Class initialized using 'CodeIgniter\Session\Handlers\FileHandler' driver.
INFO - 2025-01-03 02:43:22 --> Session: Class initialized using 'CodeIgniter\Session\Handlers\FileHandler' driver.
INFO - 2025-01-03 02:43:23 --> Session: Class initialized using 'CodeIgniter\Session\Handlers\FileHandler' driver.
INFO - 2025-01-03 02:43:49 --> Session: Class initialized using 'CodeIgniter\Session\Handlers\FileHandler' driver.
INFO - 2025-01-03 02:43:49 --> Session: Class initialized using 'CodeIgniter\Session\Handlers\FileHandler' driver.
INFO - 2025-01-03 02:44:22 --> Session: Class initialized using 'CodeIgniter\Session\Handlers\FileHandler' driver.
INFO - 2025-01-03 02:44:23 --> Session: Class initialized using 'CodeIgniter\Session\Handlers\FileHandler' driver.
INFO - 2025-01-03 02:44:25 --> Session: Class initialized using 'CodeIgniter\Session\Handlers\FileHandler' driver.
INFO - 2025-01-03 02:44:26 --> Session: Class initialized using 'CodeIgniter\Session\Handlers\FileHandler' driver.
INFO - 2025-01-03 02:45:27 --> Session: Class initialized using 'CodeIgniter\Session\Handlers\FileHandler' driver.
INFO - 2025-01-03 02:45:28 --> Session: Class initialized using 'CodeIgniter\Session\Handlers\FileHandler' driver.
INFO - 2025-01-03 02:47:29 --> Session: Class initialized using 'CodeIgniter\Session\Handlers\FileHandler' driver.
INFO - 2025-01-03 02:47:30 --> Session: Class initialized using 'CodeIgniter\Session\Handlers\FileHandler' driver.
INFO - 2025-01-03 02:47:43 --> Session: Class initialized using 'CodeIgniter\Session\Handlers\FileHandler' driver.
INFO - 2025-01-03 02:47:44 --> Session: Class initialized using 'CodeIgniter\Session\Handlers\FileHandler' driver.
INFO - 2025-01-03 02:48:03 --> Session: Class initialized using 'CodeIgniter\Session\Handlers\FileHandler' driver.
INFO - 2025-01-03 02:48:03 --> Session: Class initialized using 'CodeIgniter\Session\Handlers\FileHandler' driver.
INFO - 2025-01-03 02:48:32 --> Session: Class initialized using 'CodeIgniter\Session\Handlers\FileHandler' driver.
INFO - 2025-01-03 02:48:33 --> Session: Class initialized using 'CodeIgniter\Session\Handlers\FileHandler' driver.
INFO - 2025-01-03 02:48:52 --> Session: Class initialized using 'CodeIgniter\Session\Handlers\FileHandler' driver.
INFO - 2025-01-03 02:48:52 --> Session: Class initialized using 'CodeIgniter\Session\Handlers\FileHandler' driver.
INFO - 2025-01-03 02:49:23 --> Session: Class initialized using 'CodeIgniter\Session\Handlers\FileHandler' driver.
INFO - 2025-01-03 02:49:24 --> Session: Class initialized using 'CodeIgniter\Session\Handlers\FileHandler' driver.
INFO - 2025-01-03 02:49:26 --> Session: Class initialized using 'CodeIgniter\Session\Handlers\FileHandler' driver.
WARNING - 2025-01-03 02:49:26 --> [DEPRECATED] strtotime(): Passing null to parameter #1 ($datetime) of type string is deprecated in APPPATH\Views\PoinMarket_Admin\Tabel\tabel_user.php on line 92.
 1 APPPATH\Views\PoinMarket_Admin\Tabel\tabel_user.php(92): strtotime(null)
 2 SYSTEMPATH\View\View.php(224): include('C:\\xampp\\htdocs\\PoinMarket\\app\\Views\\PoinMarket_Admin\\Tabel\\tabel_user.php')
 3 SYSTEMPATH\View\View.php(227): CodeIgniter\View\View->CodeIgniter\View\{closure}()
 4 SYSTEMPATH\View\View.php(452): CodeIgniter\View\View->render('PoinMarket_Admin/Tabel/tabel_user', null, true)
 5 APPPATH\Views\PoinMarket_Admin\Page\user.php(64): CodeIgniter\View\View->include('PoinMarket_Admin/Tabel/tabel_user')
 6 SYSTEMPATH\View\View.php(224): include('C:\\xampp\\htdocs\\PoinMarket\\app\\Views\\PoinMarket_Admin\\Page\\user.php')
 7 SYSTEMPATH\View\View.php(227): CodeIgniter\View\View->CodeIgniter\View\{closure}()
 8 SYSTEMPATH\Common.php(1180): CodeIgniter\View\View->render('PoinMarket_Admin/Page/user', [], true)
 9 APPPATH\Controllers\PoinMarket_Admin\User.php(64): view('PoinMarket_Admin/Page/user', [...])
10 SYSTEMPATH\CodeIgniter.php(932): App\Controllers\PoinMarket_Admin\User->index()
11 SYSTEMPATH\CodeIgniter.php(497): CodeIgniter\CodeIgniter->runController(Object(App\Controllers\PoinMarket_Admin\User))
12 SYSTEMPATH\CodeIgniter.php(366): CodeIgniter\CodeIgniter->handleRequest(null, Object(Config\Cache), false)
13 FCPATH\index.php(67): CodeIgniter\CodeIgniter->run()
14 SYSTEMPATH\Commands\Server\rewrite.php(47): require_once('C:\\xampp\\htdocs\\PoinMarket\\public\\index.php')
INFO - 2025-01-03 02:49:26 --> Session: Class initialized using 'CodeIgniter\Session\Handlers\FileHandler' driver.
WARNING - 2025-01-03 02:49:26 --> [DEPRECATED] strtotime(): Passing null to parameter #1 ($datetime) of type string is deprecated in APPPATH\Views\PoinMarket_Admin\Tabel\tabel_user.php on line 92.
 1 APPPATH\Views\PoinMarket_Admin\Tabel\tabel_user.php(92): strtotime(null)
 2 SYSTEMPATH\View\View.php(224): include('C:\\xampp\\htdocs\\PoinMarket\\app\\Views\\PoinMarket_Admin\\Tabel\\tabel_user.php')
 3 SYSTEMPATH\View\View.php(227): CodeIgniter\View\View->CodeIgniter\View\{closure}()
 4 SYSTEMPATH\View\View.php(452): CodeIgniter\View\View->render('PoinMarket_Admin/Tabel/tabel_user', null, true)
 5 APPPATH\Views\PoinMarket_Admin\Page\user.php(64): CodeIgniter\View\View->include('PoinMarket_Admin/Tabel/tabel_user')
 6 SYSTEMPATH\View\View.php(224): include('C:\\xampp\\htdocs\\PoinMarket\\app\\Views\\PoinMarket_Admin\\Page\\user.php')
 7 SYSTEMPATH\View\View.php(227): CodeIgniter\View\View->CodeIgniter\View\{closure}()
 8 SYSTEMPATH\Common.php(1180): CodeIgniter\View\View->render('PoinMarket_Admin/Page/user', [], true)
 9 APPPATH\Controllers\PoinMarket_Admin\User.php(64): view('PoinMarket_Admin/Page/user', [...])
10 SYSTEMPATH\CodeIgniter.php(932): App\Controllers\PoinMarket_Admin\User->index()
11 SYSTEMPATH\CodeIgniter.php(497): CodeIgniter\CodeIgniter->runController(Object(App\Controllers\PoinMarket_Admin\User))
12 SYSTEMPATH\CodeIgniter.php(366): CodeIgniter\CodeIgniter->handleRequest(null, Object(Config\Cache), false)
13 FCPATH\index.php(67): CodeIgniter\CodeIgniter->run()
14 SYSTEMPATH\Commands\Server\rewrite.php(47): require_once('C:\\xampp\\htdocs\\PoinMarket\\public\\index.php')
INFO - 2025-01-03 02:50:35 --> Session: Class initialized using 'CodeIgniter\Session\Handlers\FileHandler' driver.
WARNING - 2025-01-03 02:50:35 --> [DEPRECATED] strtotime(): Passing null to parameter #1 ($datetime) of type string is deprecated in APPPATH\Views\PoinMarket_Admin\Tabel\tabel_user.php on line 92.
 1 APPPATH\Views\PoinMarket_Admin\Tabel\tabel_user.php(92): strtotime(null)
 2 SYSTEMPATH\View\View.php(224): include('C:\\xampp\\htdocs\\PoinMarket\\app\\Views\\PoinMarket_Admin\\Tabel\\tabel_user.php')
 3 SYSTEMPATH\View\View.php(227): CodeIgniter\View\View->CodeIgniter\View\{closure}()
 4 SYSTEMPATH\View\View.php(452): CodeIgniter\View\View->render('PoinMarket_Admin/Tabel/tabel_user', null, true)
 5 APPPATH\Views\PoinMarket_Admin\Page\user.php(64): CodeIgniter\View\View->include('PoinMarket_Admin/Tabel/tabel_user')
 6 SYSTEMPATH\View\View.php(224): include('C:\\xampp\\htdocs\\PoinMarket\\app\\Views\\PoinMarket_Admin\\Page\\user.php')
 7 SYSTEMPATH\View\View.php(227): CodeIgniter\View\View->CodeIgniter\View\{closure}()
 8 SYSTEMPATH\Common.php(1180): CodeIgniter\View\View->render('PoinMarket_Admin/Page/user', [], true)
 9 APPPATH\Controllers\PoinMarket_Admin\User.php(64): view('PoinMarket_Admin/Page/user', [...])
10 SYSTEMPATH\CodeIgniter.php(932): App\Controllers\PoinMarket_Admin\User->index()
11 SYSTEMPATH\CodeIgniter.php(497): CodeIgniter\CodeIgniter->runController(Object(App\Controllers\PoinMarket_Admin\User))
12 SYSTEMPATH\CodeIgniter.php(366): CodeIgniter\CodeIgniter->handleRequest(null, Object(Config\Cache), false)
13 FCPATH\index.php(67): CodeIgniter\CodeIgniter->run()
14 SYSTEMPATH\Commands\Server\rewrite.php(47): require_once('C:\\xampp\\htdocs\\PoinMarket\\public\\index.php')
INFO - 2025-01-03 02:50:35 --> Session: Class initialized using 'CodeIgniter\Session\Handlers\FileHandler' driver.
WARNING - 2025-01-03 02:50:35 --> [DEPRECATED] strtotime(): Passing null to parameter #1 ($datetime) of type string is deprecated in APPPATH\Views\PoinMarket_Admin\Tabel\tabel_user.php on line 92.
 1 APPPATH\Views\PoinMarket_Admin\Tabel\tabel_user.php(92): strtotime(null)
 2 SYSTEMPATH\View\View.php(224): include('C:\\xampp\\htdocs\\PoinMarket\\app\\Views\\PoinMarket_Admin\\Tabel\\tabel_user.php')
 3 SYSTEMPATH\View\View.php(227): CodeIgniter\View\View->CodeIgniter\View\{closure}()
 4 SYSTEMPATH\View\View.php(452): CodeIgniter\View\View->render('PoinMarket_Admin/Tabel/tabel_user', null, true)
 5 APPPATH\Views\PoinMarket_Admin\Page\user.php(64): CodeIgniter\View\View->include('PoinMarket_Admin/Tabel/tabel_user')
 6 SYSTEMPATH\View\View.php(224): include('C:\\xampp\\htdocs\\PoinMarket\\app\\Views\\PoinMarket_Admin\\Page\\user.php')
 7 SYSTEMPATH\View\View.php(227): CodeIgniter\View\View->CodeIgniter\View\{closure}()
 8 SYSTEMPATH\Common.php(1180): CodeIgniter\View\View->render('PoinMarket_Admin/Page/user', [], true)
 9 APPPATH\Controllers\PoinMarket_Admin\User.php(64): view('PoinMarket_Admin/Page/user', [...])
10 SYSTEMPATH\CodeIgniter.php(932): App\Controllers\PoinMarket_Admin\User->index()
11 SYSTEMPATH\CodeIgniter.php(497): CodeIgniter\CodeIgniter->runController(Object(App\Controllers\PoinMarket_Admin\User))
12 SYSTEMPATH\CodeIgniter.php(366): CodeIgniter\CodeIgniter->handleRequest(null, Object(Config\Cache), false)
13 FCPATH\index.php(67): CodeIgniter\CodeIgniter->run()
14 SYSTEMPATH\Commands\Server\rewrite.php(47): require_once('C:\\xampp\\htdocs\\PoinMarket\\public\\index.php')
INFO - 2025-01-03 02:50:56 --> Session: Class initialized using 'CodeIgniter\Session\Handlers\FileHandler' driver.
WARNING - 2025-01-03 02:50:56 --> [DEPRECATED] strtotime(): Passing null to parameter #1 ($datetime) of type string is deprecated in APPPATH\Views\PoinMarket_Admin\Tabel\tabel_user.php on line 92.
 1 APPPATH\Views\PoinMarket_Admin\Tabel\tabel_user.php(92): strtotime(null)
 2 SYSTEMPATH\View\View.php(224): include('C:\\xampp\\htdocs\\PoinMarket\\app\\Views\\PoinMarket_Admin\\Tabel\\tabel_user.php')
 3 SYSTEMPATH\View\View.php(227): CodeIgniter\View\View->CodeIgniter\View\{closure}()
 4 SYSTEMPATH\View\View.php(452): CodeIgniter\View\View->render('PoinMarket_Admin/Tabel/tabel_user', null, true)
 5 APPPATH\Views\PoinMarket_Admin\Page\user.php(64): CodeIgniter\View\View->include('PoinMarket_Admin/Tabel/tabel_user')
 6 SYSTEMPATH\View\View.php(224): include('C:\\xampp\\htdocs\\PoinMarket\\app\\Views\\PoinMarket_Admin\\Page\\user.php')
 7 SYSTEMPATH\View\View.php(227): CodeIgniter\View\View->CodeIgniter\View\{closure}()
 8 SYSTEMPATH\Common.php(1180): CodeIgniter\View\View->render('PoinMarket_Admin/Page/user', [], true)
 9 APPPATH\Controllers\PoinMarket_Admin\User.php(64): view('PoinMarket_Admin/Page/user', [...])
10 SYSTEMPATH\CodeIgniter.php(932): App\Controllers\PoinMarket_Admin\User->index()
11 SYSTEMPATH\CodeIgniter.php(497): CodeIgniter\CodeIgniter->runController(Object(App\Controllers\PoinMarket_Admin\User))
12 SYSTEMPATH\CodeIgniter.php(366): CodeIgniter\CodeIgniter->handleRequest(null, Object(Config\Cache), false)
13 FCPATH\index.php(67): CodeIgniter\CodeIgniter->run()
14 SYSTEMPATH\Commands\Server\rewrite.php(47): require_once('C:\\xampp\\htdocs\\PoinMarket\\public\\index.php')
INFO - 2025-01-03 02:51:02 --> Session: Class initialized using 'CodeIgniter\Session\Handlers\FileHandler' driver.
WARNING - 2025-01-03 02:51:02 --> [DEPRECATED] strtotime(): Passing null to parameter #1 ($datetime) of type string is deprecated in APPPATH\Views\PoinMarket_Admin\Tabel\tabel_user.php on line 92.
 1 APPPATH\Views\PoinMarket_Admin\Tabel\tabel_user.php(92): strtotime(null)
 2 SYSTEMPATH\View\View.php(224): include('C:\\xampp\\htdocs\\PoinMarket\\app\\Views\\PoinMarket_Admin\\Tabel\\tabel_user.php')
 3 SYSTEMPATH\View\View.php(227): CodeIgniter\View\View->CodeIgniter\View\{closure}()
 4 SYSTEMPATH\View\View.php(452): CodeIgniter\View\View->render('PoinMarket_Admin/Tabel/tabel_user', null, true)
 5 APPPATH\Views\PoinMarket_Admin\Page\user.php(64): CodeIgniter\View\View->include('PoinMarket_Admin/Tabel/tabel_user')
 6 SYSTEMPATH\View\View.php(224): include('C:\\xampp\\htdocs\\PoinMarket\\app\\Views\\PoinMarket_Admin\\Page\\user.php')
 7 SYSTEMPATH\View\View.php(227): CodeIgniter\View\View->CodeIgniter\View\{closure}()
 8 SYSTEMPATH\Common.php(1180): CodeIgniter\View\View->render('PoinMarket_Admin/Page/user', [], true)
 9 APPPATH\Controllers\PoinMarket_Admin\User.php(64): view('PoinMarket_Admin/Page/user', [...])
10 SYSTEMPATH\CodeIgniter.php(932): App\Controllers\PoinMarket_Admin\User->index()
11 SYSTEMPATH\CodeIgniter.php(497): CodeIgniter\CodeIgniter->runController(Object(App\Controllers\PoinMarket_Admin\User))
12 SYSTEMPATH\CodeIgniter.php(366): CodeIgniter\CodeIgniter->handleRequest(null, Object(Config\Cache), false)
13 FCPATH\index.php(67): CodeIgniter\CodeIgniter->run()
14 SYSTEMPATH\Commands\Server\rewrite.php(47): require_once('C:\\xampp\\htdocs\\PoinMarket\\public\\index.php')
INFO - 2025-01-03 02:51:25 --> Session: Class initialized using 'CodeIgniter\Session\Handlers\FileHandler' driver.
WARNING - 2025-01-03 02:51:25 --> [DEPRECATED] strtotime(): Passing null to parameter #1 ($datetime) of type string is deprecated in APPPATH\Views\PoinMarket_Admin\Tabel\tabel_user.php on line 92.
 1 APPPATH\Views\PoinMarket_Admin\Tabel\tabel_user.php(92): strtotime(null)
 2 SYSTEMPATH\View\View.php(224): include('C:\\xampp\\htdocs\\PoinMarket\\app\\Views\\PoinMarket_Admin\\Tabel\\tabel_user.php')
 3 SYSTEMPATH\View\View.php(227): CodeIgniter\View\View->CodeIgniter\View\{closure}()
 4 SYSTEMPATH\View\View.php(452): CodeIgniter\View\View->render('PoinMarket_Admin/Tabel/tabel_user', null, true)
 5 APPPATH\Views\PoinMarket_Admin\Page\user.php(64): CodeIgniter\View\View->include('PoinMarket_Admin/Tabel/tabel_user')
 6 SYSTEMPATH\View\View.php(224): include('C:\\xampp\\htdocs\\PoinMarket\\app\\Views\\PoinMarket_Admin\\Page\\user.php')
 7 SYSTEMPATH\View\View.php(227): CodeIgniter\View\View->CodeIgniter\View\{closure}()
 8 SYSTEMPATH\Common.php(1180): CodeIgniter\View\View->render('PoinMarket_Admin/Page/user', [], true)
 9 APPPATH\Controllers\PoinMarket_Admin\User.php(64): view('PoinMarket_Admin/Page/user', [...])
10 SYSTEMPATH\CodeIgniter.php(932): App\Controllers\PoinMarket_Admin\User->index()
11 SYSTEMPATH\CodeIgniter.php(497): CodeIgniter\CodeIgniter->runController(Object(App\Controllers\PoinMarket_Admin\User))
12 SYSTEMPATH\CodeIgniter.php(366): CodeIgniter\CodeIgniter->handleRequest(null, Object(Config\Cache), false)
13 FCPATH\index.php(67): CodeIgniter\CodeIgniter->run()
14 SYSTEMPATH\Commands\Server\rewrite.php(47): require_once('C:\\xampp\\htdocs\\PoinMarket\\public\\index.php')
INFO - 2025-01-03 02:51:25 --> Session: Class initialized using 'CodeIgniter\Session\Handlers\FileHandler' driver.
WARNING - 2025-01-03 02:51:25 --> [DEPRECATED] strtotime(): Passing null to parameter #1 ($datetime) of type string is deprecated in APPPATH\Views\PoinMarket_Admin\Tabel\tabel_user.php on line 92.
 1 APPPATH\Views\PoinMarket_Admin\Tabel\tabel_user.php(92): strtotime(null)
 2 SYSTEMPATH\View\View.php(224): include('C:\\xampp\\htdocs\\PoinMarket\\app\\Views\\PoinMarket_Admin\\Tabel\\tabel_user.php')
 3 SYSTEMPATH\View\View.php(227): CodeIgniter\View\View->CodeIgniter\View\{closure}()
 4 SYSTEMPATH\View\View.php(452): CodeIgniter\View\View->render('PoinMarket_Admin/Tabel/tabel_user', null, true)
 5 APPPATH\Views\PoinMarket_Admin\Page\user.php(64): CodeIgniter\View\View->include('PoinMarket_Admin/Tabel/tabel_user')
 6 SYSTEMPATH\View\View.php(224): include('C:\\xampp\\htdocs\\PoinMarket\\app\\Views\\PoinMarket_Admin\\Page\\user.php')
 7 SYSTEMPATH\View\View.php(227): CodeIgniter\View\View->CodeIgniter\View\{closure}()
 8 SYSTEMPATH\Common.php(1180): CodeIgniter\View\View->render('PoinMarket_Admin/Page/user', [], true)
 9 APPPATH\Controllers\PoinMarket_Admin\User.php(64): view('PoinMarket_Admin/Page/user', [...])
10 SYSTEMPATH\CodeIgniter.php(932): App\Controllers\PoinMarket_Admin\User->index()
11 SYSTEMPATH\CodeIgniter.php(497): CodeIgniter\CodeIgniter->runController(Object(App\Controllers\PoinMarket_Admin\User))
12 SYSTEMPATH\CodeIgniter.php(366): CodeIgniter\CodeIgniter->handleRequest(null, Object(Config\Cache), false)
13 FCPATH\index.php(67): CodeIgniter\CodeIgniter->run()
14 SYSTEMPATH\Commands\Server\rewrite.php(47): require_once('C:\\xampp\\htdocs\\PoinMarket\\public\\index.php')
INFO - 2025-01-03 02:51:38 --> Session: Class initialized using 'CodeIgniter\Session\Handlers\FileHandler' driver.
WARNING - 2025-01-03 02:51:38 --> [DEPRECATED] strtotime(): Passing null to parameter #1 ($datetime) of type string is deprecated in APPPATH\Views\PoinMarket_Admin\Tabel\tabel_user.php on line 92.
 1 APPPATH\Views\PoinMarket_Admin\Tabel\tabel_user.php(92): strtotime(null)
 2 SYSTEMPATH\View\View.php(224): include('C:\\xampp\\htdocs\\PoinMarket\\app\\Views\\PoinMarket_Admin\\Tabel\\tabel_user.php')
 3 SYSTEMPATH\View\View.php(227): CodeIgniter\View\View->CodeIgniter\View\{closure}()
 4 SYSTEMPATH\View\View.php(452): CodeIgniter\View\View->render('PoinMarket_Admin/Tabel/tabel_user', null, true)
 5 APPPATH\Views\PoinMarket_Admin\Page\user.php(64): CodeIgniter\View\View->include('PoinMarket_Admin/Tabel/tabel_user')
 6 SYSTEMPATH\View\View.php(224): include('C:\\xampp\\htdocs\\PoinMarket\\app\\Views\\PoinMarket_Admin\\Page\\user.php')
 7 SYSTEMPATH\View\View.php(227): CodeIgniter\View\View->CodeIgniter\View\{closure}()
 8 SYSTEMPATH\Common.php(1180): CodeIgniter\View\View->render('PoinMarket_Admin/Page/user', [], true)
 9 APPPATH\Controllers\PoinMarket_Admin\User.php(64): view('PoinMarket_Admin/Page/user', [...])
10 SYSTEMPATH\CodeIgniter.php(932): App\Controllers\PoinMarket_Admin\User->index()
11 SYSTEMPATH\CodeIgniter.php(497): CodeIgniter\CodeIgniter->runController(Object(App\Controllers\PoinMarket_Admin\User))
12 SYSTEMPATH\CodeIgniter.php(366): CodeIgniter\CodeIgniter->handleRequest(null, Object(Config\Cache), false)
13 FCPATH\index.php(67): CodeIgniter\CodeIgniter->run()
14 SYSTEMPATH\Commands\Server\rewrite.php(47): require_once('C:\\xampp\\htdocs\\PoinMarket\\public\\index.php')
INFO - 2025-01-03 02:51:38 --> Session: Class initialized using 'CodeIgniter\Session\Handlers\FileHandler' driver.
WARNING - 2025-01-03 02:51:38 --> [DEPRECATED] strtotime(): Passing null to parameter #1 ($datetime) of type string is deprecated in APPPATH\Views\PoinMarket_Admin\Tabel\tabel_user.php on line 92.
 1 APPPATH\Views\PoinMarket_Admin\Tabel\tabel_user.php(92): strtotime(null)
 2 SYSTEMPATH\View\View.php(224): include('C:\\xampp\\htdocs\\PoinMarket\\app\\Views\\PoinMarket_Admin\\Tabel\\tabel_user.php')
 3 SYSTEMPATH\View\View.php(227): CodeIgniter\View\View->CodeIgniter\View\{closure}()
 4 SYSTEMPATH\View\View.php(452): CodeIgniter\View\View->render('PoinMarket_Admin/Tabel/tabel_user', null, true)
 5 APPPATH\Views\PoinMarket_Admin\Page\user.php(64): CodeIgniter\View\View->include('PoinMarket_Admin/Tabel/tabel_user')
 6 SYSTEMPATH\View\View.php(224): include('C:\\xampp\\htdocs\\PoinMarket\\app\\Views\\PoinMarket_Admin\\Page\\user.php')
 7 SYSTEMPATH\View\View.php(227): CodeIgniter\View\View->CodeIgniter\View\{closure}()
 8 SYSTEMPATH\Common.php(1180): CodeIgniter\View\View->render('PoinMarket_Admin/Page/user', [], true)
 9 APPPATH\Controllers\PoinMarket_Admin\User.php(64): view('PoinMarket_Admin/Page/user', [...])
10 SYSTEMPATH\CodeIgniter.php(932): App\Controllers\PoinMarket_Admin\User->index()
11 SYSTEMPATH\CodeIgniter.php(497): CodeIgniter\CodeIgniter->runController(Object(App\Controllers\PoinMarket_Admin\User))
12 SYSTEMPATH\CodeIgniter.php(366): CodeIgniter\CodeIgniter->handleRequest(null, Object(Config\Cache), false)
13 FCPATH\index.php(67): CodeIgniter\CodeIgniter->run()
14 SYSTEMPATH\Commands\Server\rewrite.php(47): require_once('C:\\xampp\\htdocs\\PoinMarket\\public\\index.php')
INFO - 2025-01-03 02:52:34 --> Session: Class initialized using 'CodeIgniter\Session\Handlers\FileHandler' driver.
INFO - 2025-01-03 02:52:35 --> Session: Class initialized using 'CodeIgniter\Session\Handlers\FileHandler' driver.
INFO - 2025-01-03 02:53:21 --> Session: Class initialized using 'CodeIgniter\Session\Handlers\FileHandler' driver.
INFO - 2025-01-03 02:53:22 --> Session: Class initialized using 'CodeIgniter\Session\Handlers\FileHandler' driver.
INFO - 2025-01-03 02:53:53 --> Session: Class initialized using 'CodeIgniter\Session\Handlers\FileHandler' driver.
INFO - 2025-01-03 02:53:53 --> Session: Class initialized using 'CodeIgniter\Session\Handlers\FileHandler' driver.
INFO - 2025-01-03 02:54:41 --> Session: Class initialized using 'CodeIgniter\Session\Handlers\FileHandler' driver.
INFO - 2025-01-03 02:54:42 --> Session: Class initialized using 'CodeIgniter\Session\Handlers\FileHandler' driver.
INFO - 2025-01-03 02:54:58 --> Session: Class initialized using 'CodeIgniter\Session\Handlers\FileHandler' driver.
INFO - 2025-01-03 02:54:58 --> Session: Class initialized using 'CodeIgniter\Session\Handlers\FileHandler' driver.
INFO - 2025-01-03 02:55:11 --> Session: Class initialized using 'CodeIgniter\Session\Handlers\FileHandler' driver.
INFO - 2025-01-03 02:55:11 --> Session: Class initialized using 'CodeIgniter\Session\Handlers\FileHandler' driver.
INFO - 2025-01-03 02:55:19 --> Session: Class initialized using 'CodeIgniter\Session\Handlers\FileHandler' driver.
INFO - 2025-01-03 02:55:20 --> Session: Class initialized using 'CodeIgniter\Session\Handlers\FileHandler' driver.
INFO - 2025-01-03 02:55:28 --> Session: Class initialized using 'CodeIgniter\Session\Handlers\FileHandler' driver.
INFO - 2025-01-03 02:55:28 --> Session: Class initialized using 'CodeIgniter\Session\Handlers\FileHandler' driver.
INFO - 2025-01-03 02:55:43 --> Session: Class initialized using 'CodeIgniter\Session\Handlers\FileHandler' driver.
INFO - 2025-01-03 02:55:43 --> Session: Class initialized using 'CodeIgniter\Session\Handlers\FileHandler' driver.
INFO - 2025-01-03 02:56:03 --> Session: Class initialized using 'CodeIgniter\Session\Handlers\FileHandler' driver.
INFO - 2025-01-03 02:56:03 --> Session: Class initialized using 'CodeIgniter\Session\Handlers\FileHandler' driver.
INFO - 2025-01-03 02:56:24 --> Session: Class initialized using 'CodeIgniter\Session\Handlers\FileHandler' driver.
INFO - 2025-01-03 02:56:24 --> Session: Class initialized using 'CodeIgniter\Session\Handlers\FileHandler' driver.
INFO - 2025-01-03 02:56:34 --> Session: Class initialized using 'CodeIgniter\Session\Handlers\FileHandler' driver.
INFO - 2025-01-03 02:56:35 --> Session: Class initialized using 'CodeIgniter\Session\Handlers\FileHandler' driver.
INFO - 2025-01-03 02:57:25 --> Session: Class initialized using 'CodeIgniter\Session\Handlers\FileHandler' driver.
INFO - 2025-01-03 02:57:26 --> Session: Class initialized using 'CodeIgniter\Session\Handlers\FileHandler' driver.
INFO - 2025-01-03 02:57:42 --> Session: Class initialized using 'CodeIgniter\Session\Handlers\FileHandler' driver.
INFO - 2025-01-03 02:57:43 --> Session: Class initialized using 'CodeIgniter\Session\Handlers\FileHandler' driver.
INFO - 2025-01-03 02:57:48 --> Session: Class initialized using 'CodeIgniter\Session\Handlers\FileHandler' driver.
INFO - 2025-01-03 02:57:49 --> Session: Class initialized using 'CodeIgniter\Session\Handlers\FileHandler' driver.
INFO - 2025-01-03 02:57:54 --> Session: Class initialized using 'CodeIgniter\Session\Handlers\FileHandler' driver.
INFO - 2025-01-03 02:57:54 --> Session: Class initialized using 'CodeIgniter\Session\Handlers\FileHandler' driver.
INFO - 2025-01-03 02:58:22 --> Session: Class initialized using 'CodeIgniter\Session\Handlers\FileHandler' driver.
INFO - 2025-01-03 02:58:23 --> Session: Class initialized using 'CodeIgniter\Session\Handlers\FileHandler' driver.
INFO - 2025-01-03 02:59:03 --> Session: Class initialized using 'CodeIgniter\Session\Handlers\FileHandler' driver.
INFO - 2025-01-03 02:59:03 --> Session: Class initialized using 'CodeIgniter\Session\Handlers\FileHandler' driver.
INFO - 2025-01-03 02:59:08 --> Session: Class initialized using 'CodeIgniter\Session\Handlers\FileHandler' driver.
INFO - 2025-01-03 02:59:08 --> Session: Class initialized using 'CodeIgniter\Session\Handlers\FileHandler' driver.
INFO - 2025-01-03 02:59:14 --> Session: Class initialized using 'CodeIgniter\Session\Handlers\FileHandler' driver.
INFO - 2025-01-03 02:59:15 --> Session: Class initialized using 'CodeIgniter\Session\Handlers\FileHandler' driver.
INFO - 2025-01-03 02:59:53 --> Session: Class initialized using 'CodeIgniter\Session\Handlers\FileHandler' driver.
INFO - 2025-01-03 02:59:53 --> Session: Class initialized using 'CodeIgniter\Session\Handlers\FileHandler' driver.
INFO - 2025-01-03 03:00:00 --> Session: Class initialized using 'CodeIgniter\Session\Handlers\FileHandler' driver.
INFO - 2025-01-03 03:00:01 --> Session: Class initialized using 'CodeIgniter\Session\Handlers\FileHandler' driver.
INFO - 2025-01-03 03:00:07 --> Session: Class initialized using 'CodeIgniter\Session\Handlers\FileHandler' driver.
INFO - 2025-01-03 03:00:07 --> Session: Class initialized using 'CodeIgniter\Session\Handlers\FileHandler' driver.
INFO - 2025-01-03 03:02:34 --> Session: Class initialized using 'CodeIgniter\Session\Handlers\FileHandler' driver.
INFO - 2025-01-03 03:02:34 --> Session: Class initialized using 'CodeIgniter\Session\Handlers\FileHandler' driver.
INFO - 2025-01-03 03:04:38 --> Session: Class initialized using 'CodeIgniter\Session\Handlers\FileHandler' driver.
INFO - 2025-01-03 03:04:39 --> Session: Class initialized using 'CodeIgniter\Session\Handlers\FileHandler' driver.
INFO - 2025-01-03 03:05:04 --> Session: Class initialized using 'CodeIgniter\Session\Handlers\FileHandler' driver.
INFO - 2025-01-03 03:05:05 --> Session: Class initialized using 'CodeIgniter\Session\Handlers\FileHandler' driver.
INFO - 2025-01-03 03:05:25 --> Session: Class initialized using 'CodeIgniter\Session\Handlers\FileHandler' driver.
INFO - 2025-01-03 03:05:25 --> Session: Class initialized using 'CodeIgniter\Session\Handlers\FileHandler' driver.
INFO - 2025-01-03 03:06:27 --> Session: Class initialized using 'CodeIgniter\Session\Handlers\FileHandler' driver.
INFO - 2025-01-03 03:06:27 --> Session: Class initialized using 'CodeIgniter\Session\Handlers\FileHandler' driver.
INFO - 2025-01-03 03:06:40 --> Session: Class initialized using 'CodeIgniter\Session\Handlers\FileHandler' driver.
INFO - 2025-01-03 03:06:40 --> Session: Class initialized using 'CodeIgniter\Session\Handlers\FileHandler' driver.
INFO - 2025-01-03 03:06:48 --> Session: Class initialized using 'CodeIgniter\Session\Handlers\FileHandler' driver.
INFO - 2025-01-03 03:06:49 --> Session: Class initialized using 'CodeIgniter\Session\Handlers\FileHandler' driver.
INFO - 2025-01-03 03:07:22 --> Session: Class initialized using 'CodeIgniter\Session\Handlers\FileHandler' driver.
WARNING - 2025-01-03 03:07:22 --> [DEPRECATED] strtotime(): Passing null to parameter #1 ($datetime) of type string is deprecated in APPPATH\Views\PoinMarket_Admin\Tabel\tabel_user.php on line 92.
 1 APPPATH\Views\PoinMarket_Admin\Tabel\tabel_user.php(92): strtotime(null)
 2 SYSTEMPATH\View\View.php(224): include('C:\\xampp\\htdocs\\PoinMarket\\app\\Views\\PoinMarket_Admin\\Tabel\\tabel_user.php')
 3 SYSTEMPATH\View\View.php(227): CodeIgniter\View\View->CodeIgniter\View\{closure}()
 4 SYSTEMPATH\View\View.php(452): CodeIgniter\View\View->render('PoinMarket_Admin/Tabel/tabel_user', null, true)
 5 APPPATH\Views\PoinMarket_Admin\Page\user.php(64): CodeIgniter\View\View->include('PoinMarket_Admin/Tabel/tabel_user')
 6 SYSTEMPATH\View\View.php(224): include('C:\\xampp\\htdocs\\PoinMarket\\app\\Views\\PoinMarket_Admin\\Page\\user.php')
 7 SYSTEMPATH\View\View.php(227): CodeIgniter\View\View->CodeIgniter\View\{closure}()
 8 SYSTEMPATH\Common.php(1180): CodeIgniter\View\View->render('PoinMarket_Admin/Page/user', [], true)
 9 APPPATH\Controllers\PoinMarket_Admin\User.php(64): view('PoinMarket_Admin/Page/user', [...])
10 SYSTEMPATH\CodeIgniter.php(932): App\Controllers\PoinMarket_Admin\User->index()
11 SYSTEMPATH\CodeIgniter.php(497): CodeIgniter\CodeIgniter->runController(Object(App\Controllers\PoinMarket_Admin\User))
12 SYSTEMPATH\CodeIgniter.php(366): CodeIgniter\CodeIgniter->handleRequest(null, Object(Config\Cache), false)
13 FCPATH\index.php(67): CodeIgniter\CodeIgniter->run()
14 SYSTEMPATH\Commands\Server\rewrite.php(47): require_once('C:\\xampp\\htdocs\\PoinMarket\\public\\index.php')
INFO - 2025-01-03 03:07:23 --> Session: Class initialized using 'CodeIgniter\Session\Handlers\FileHandler' driver.
WARNING - 2025-01-03 03:07:23 --> [DEPRECATED] strtotime(): Passing null to parameter #1 ($datetime) of type string is deprecated in APPPATH\Views\PoinMarket_Admin\Tabel\tabel_user.php on line 92.
 1 APPPATH\Views\PoinMarket_Admin\Tabel\tabel_user.php(92): strtotime(null)
 2 SYSTEMPATH\View\View.php(224): include('C:\\xampp\\htdocs\\PoinMarket\\app\\Views\\PoinMarket_Admin\\Tabel\\tabel_user.php')
 3 SYSTEMPATH\View\View.php(227): CodeIgniter\View\View->CodeIgniter\View\{closure}()
 4 SYSTEMPATH\View\View.php(452): CodeIgniter\View\View->render('PoinMarket_Admin/Tabel/tabel_user', null, true)
 5 APPPATH\Views\PoinMarket_Admin\Page\user.php(64): CodeIgniter\View\View->include('PoinMarket_Admin/Tabel/tabel_user')
 6 SYSTEMPATH\View\View.php(224): include('C:\\xampp\\htdocs\\PoinMarket\\app\\Views\\PoinMarket_Admin\\Page\\user.php')
 7 SYSTEMPATH\View\View.php(227): CodeIgniter\View\View->CodeIgniter\View\{closure}()
 8 SYSTEMPATH\Common.php(1180): CodeIgniter\View\View->render('PoinMarket_Admin/Page/user', [], true)
 9 APPPATH\Controllers\PoinMarket_Admin\User.php(64): view('PoinMarket_Admin/Page/user', [...])
10 SYSTEMPATH\CodeIgniter.php(932): App\Controllers\PoinMarket_Admin\User->index()
11 SYSTEMPATH\CodeIgniter.php(497): CodeIgniter\CodeIgniter->runController(Object(App\Controllers\PoinMarket_Admin\User))
12 SYSTEMPATH\CodeIgniter.php(366): CodeIgniter\CodeIgniter->handleRequest(null, Object(Config\Cache), false)
13 FCPATH\index.php(67): CodeIgniter\CodeIgniter->run()
14 SYSTEMPATH\Commands\Server\rewrite.php(47): require_once('C:\\xampp\\htdocs\\PoinMarket\\public\\index.php')
INFO - 2025-01-03 03:08:15 --> Session: Class initialized using 'CodeIgniter\Session\Handlers\FileHandler' driver.
INFO - 2025-01-03 03:08:16 --> Session: Class initialized using 'CodeIgniter\Session\Handlers\FileHandler' driver.
INFO - 2025-01-03 03:08:29 --> Session: Class initialized using 'CodeIgniter\Session\Handlers\FileHandler' driver.
INFO - 2025-01-03 03:08:29 --> Session: Class initialized using 'CodeIgniter\Session\Handlers\FileHandler' driver.
INFO - 2025-01-03 03:08:37 --> Session: Class initialized using 'CodeIgniter\Session\Handlers\FileHandler' driver.
INFO - 2025-01-03 03:08:38 --> Session: Class initialized using 'CodeIgniter\Session\Handlers\FileHandler' driver.
INFO - 2025-01-03 03:09:06 --> Session: Class initialized using 'CodeIgniter\Session\Handlers\FileHandler' driver.
INFO - 2025-01-03 03:09:06 --> Session: Class initialized using 'CodeIgniter\Session\Handlers\FileHandler' driver.
INFO - 2025-01-03 03:09:28 --> Session: Class initialized using 'CodeIgniter\Session\Handlers\FileHandler' driver.
INFO - 2025-01-03 03:09:29 --> Session: Class initialized using 'CodeIgniter\Session\Handlers\FileHandler' driver.
INFO - 2025-01-03 03:09:35 --> Session: Class initialized using 'CodeIgniter\Session\Handlers\FileHandler' driver.
INFO - 2025-01-03 03:09:35 --> Session: Class initialized using 'CodeIgniter\Session\Handlers\FileHandler' driver.
INFO - 2025-01-03 03:10:07 --> Session: Class initialized using 'CodeIgniter\Session\Handlers\FileHandler' driver.
INFO - 2025-01-03 03:10:07 --> Session: Class initialized using 'CodeIgniter\Session\Handlers\FileHandler' driver.
INFO - 2025-01-03 03:10:14 --> Session: Class initialized using 'CodeIgniter\Session\Handlers\FileHandler' driver.
INFO - 2025-01-03 03:10:15 --> Session: Class initialized using 'CodeIgniter\Session\Handlers\FileHandler' driver.
INFO - 2025-01-03 03:10:25 --> Session: Class initialized using 'CodeIgniter\Session\Handlers\FileHandler' driver.
INFO - 2025-01-03 03:10:25 --> Session: Class initialized using 'CodeIgniter\Session\Handlers\FileHandler' driver.
INFO - 2025-01-03 03:10:42 --> Session: Class initialized using 'CodeIgniter\Session\Handlers\FileHandler' driver.
INFO - 2025-01-03 03:10:43 --> Session: Class initialized using 'CodeIgniter\Session\Handlers\FileHandler' driver.
INFO - 2025-01-03 03:10:53 --> Session: Class initialized using 'CodeIgniter\Session\Handlers\FileHandler' driver.
INFO - 2025-01-03 03:10:53 --> Session: Class initialized using 'CodeIgniter\Session\Handlers\FileHandler' driver.
INFO - 2025-01-03 03:10:58 --> Session: Class initialized using 'CodeIgniter\Session\Handlers\FileHandler' driver.
INFO - 2025-01-03 03:10:58 --> Session: Class initialized using 'CodeIgniter\Session\Handlers\FileHandler' driver.
INFO - 2025-01-03 03:11:45 --> Session: Class initialized using 'CodeIgniter\Session\Handlers\FileHandler' driver.
INFO - 2025-01-03 03:11:46 --> Session: Class initialized using 'CodeIgniter\Session\Handlers\FileHandler' driver.
INFO - 2025-01-03 03:12:00 --> Session: Class initialized using 'CodeIgniter\Session\Handlers\FileHandler' driver.
INFO - 2025-01-03 03:12:01 --> Session: Class initialized using 'CodeIgniter\Session\Handlers\FileHandler' driver.
INFO - 2025-01-03 03:12:08 --> Session: Class initialized using 'CodeIgniter\Session\Handlers\FileHandler' driver.
INFO - 2025-01-03 03:12:09 --> Session: Class initialized using 'CodeIgniter\Session\Handlers\FileHandler' driver.
INFO - 2025-01-03 03:12:16 --> Session: Class initialized using 'CodeIgniter\Session\Handlers\FileHandler' driver.
INFO - 2025-01-03 03:12:16 --> Session: Class initialized using 'CodeIgniter\Session\Handlers\FileHandler' driver.
INFO - 2025-01-03 03:12:28 --> Session: Class initialized using 'CodeIgniter\Session\Handlers\FileHandler' driver.
INFO - 2025-01-03 03:12:29 --> Session: Class initialized using 'CodeIgniter\Session\Handlers\FileHandler' driver.
INFO - 2025-01-03 03:12:37 --> Session: Class initialized using 'CodeIgniter\Session\Handlers\FileHandler' driver.
INFO - 2025-01-03 03:12:37 --> Session: Class initialized using 'CodeIgniter\Session\Handlers\FileHandler' driver.
INFO - 2025-01-03 03:12:49 --> Session: Class initialized using 'CodeIgniter\Session\Handlers\FileHandler' driver.
INFO - 2025-01-03 03:12:50 --> Session: Class initialized using 'CodeIgniter\Session\Handlers\FileHandler' driver.
INFO - 2025-01-03 03:14:09 --> Session: Class initialized using 'CodeIgniter\Session\Handlers\FileHandler' driver.
INFO - 2025-01-03 03:14:10 --> Session: Class initialized using 'CodeIgniter\Session\Handlers\FileHandler' driver.
INFO - 2025-01-03 03:14:15 --> Session: Class initialized using 'CodeIgniter\Session\Handlers\FileHandler' driver.
INFO - 2025-01-03 03:14:16 --> Session: Class initialized using 'CodeIgniter\Session\Handlers\FileHandler' driver.
INFO - 2025-01-03 03:15:16 --> Session: Class initialized using 'CodeIgniter\Session\Handlers\FileHandler' driver.
INFO - 2025-01-03 03:15:16 --> Session: Class initialized using 'CodeIgniter\Session\Handlers\FileHandler' driver.
INFO - 2025-01-03 03:15:35 --> Session: Class initialized using 'CodeIgniter\Session\Handlers\FileHandler' driver.
INFO - 2025-01-03 03:15:36 --> Session: Class initialized using 'CodeIgniter\Session\Handlers\FileHandler' driver.
INFO - 2025-01-03 03:15:41 --> Session: Class initialized using 'CodeIgniter\Session\Handlers\FileHandler' driver.
INFO - 2025-01-03 03:15:41 --> Session: Class initialized using 'CodeIgniter\Session\Handlers\FileHandler' driver.
INFO - 2025-01-03 03:15:59 --> Session: Class initialized using 'CodeIgniter\Session\Handlers\FileHandler' driver.
INFO - 2025-01-03 03:15:59 --> Session: Class initialized using 'CodeIgniter\Session\Handlers\FileHandler' driver.
INFO - 2025-01-03 03:16:07 --> Session: Class initialized using 'CodeIgniter\Session\Handlers\FileHandler' driver.
INFO - 2025-01-03 03:16:07 --> Session: Class initialized using 'CodeIgniter\Session\Handlers\FileHandler' driver.
INFO - 2025-01-03 03:16:16 --> Session: Class initialized using 'CodeIgniter\Session\Handlers\FileHandler' driver.
INFO - 2025-01-03 03:16:16 --> Session: Class initialized using 'CodeIgniter\Session\Handlers\FileHandler' driver.
INFO - 2025-01-03 03:16:20 --> Session: Class initialized using 'CodeIgniter\Session\Handlers\FileHandler' driver.
WARNING - 2025-01-03 03:16:20 --> [DEPRECATED] strtotime(): Passing null to parameter #1 ($datetime) of type string is deprecated in APPPATH\Views\PoinMarket_Admin\Tabel\tabel_user.php on line 92.
 1 APPPATH\Views\PoinMarket_Admin\Tabel\tabel_user.php(92): strtotime(null)
 2 SYSTEMPATH\View\View.php(224): include('C:\\xampp\\htdocs\\PoinMarket\\app\\Views\\PoinMarket_Admin\\Tabel\\tabel_user.php')
 3 SYSTEMPATH\View\View.php(227): CodeIgniter\View\View->CodeIgniter\View\{closure}()
 4 SYSTEMPATH\View\View.php(452): CodeIgniter\View\View->render('PoinMarket_Admin/Tabel/tabel_user', null, true)
 5 APPPATH\Views\PoinMarket_Admin\Page\user.php(64): CodeIgniter\View\View->include('PoinMarket_Admin/Tabel/tabel_user')
 6 SYSTEMPATH\View\View.php(224): include('C:\\xampp\\htdocs\\PoinMarket\\app\\Views\\PoinMarket_Admin\\Page\\user.php')
 7 SYSTEMPATH\View\View.php(227): CodeIgniter\View\View->CodeIgniter\View\{closure}()
 8 SYSTEMPATH\Common.php(1180): CodeIgniter\View\View->render('PoinMarket_Admin/Page/user', [], true)
 9 APPPATH\Controllers\PoinMarket_Admin\User.php(64): view('PoinMarket_Admin/Page/user', [...])
10 SYSTEMPATH\CodeIgniter.php(932): App\Controllers\PoinMarket_Admin\User->index()
11 SYSTEMPATH\CodeIgniter.php(497): CodeIgniter\CodeIgniter->runController(Object(App\Controllers\PoinMarket_Admin\User))
12 SYSTEMPATH\CodeIgniter.php(366): CodeIgniter\CodeIgniter->handleRequest(null, Object(Config\Cache), false)
13 FCPATH\index.php(67): CodeIgniter\CodeIgniter->run()
14 SYSTEMPATH\Commands\Server\rewrite.php(47): require_once('C:\\xampp\\htdocs\\PoinMarket\\public\\index.php')
INFO - 2025-01-03 03:16:21 --> Session: Class initialized using 'CodeIgniter\Session\Handlers\FileHandler' driver.
WARNING - 2025-01-03 03:16:21 --> [DEPRECATED] strtotime(): Passing null to parameter #1 ($datetime) of type string is deprecated in APPPATH\Views\PoinMarket_Admin\Tabel\tabel_user.php on line 92.
 1 APPPATH\Views\PoinMarket_Admin\Tabel\tabel_user.php(92): strtotime(null)
 2 SYSTEMPATH\View\View.php(224): include('C:\\xampp\\htdocs\\PoinMarket\\app\\Views\\PoinMarket_Admin\\Tabel\\tabel_user.php')
 3 SYSTEMPATH\View\View.php(227): CodeIgniter\View\View->CodeIgniter\View\{closure}()
 4 SYSTEMPATH\View\View.php(452): CodeIgniter\View\View->render('PoinMarket_Admin/Tabel/tabel_user', null, true)
 5 APPPATH\Views\PoinMarket_Admin\Page\user.php(64): CodeIgniter\View\View->include('PoinMarket_Admin/Tabel/tabel_user')
 6 SYSTEMPATH\View\View.php(224): include('C:\\xampp\\htdocs\\PoinMarket\\app\\Views\\PoinMarket_Admin\\Page\\user.php')
 7 SYSTEMPATH\View\View.php(227): CodeIgniter\View\View->CodeIgniter\View\{closure}()
 8 SYSTEMPATH\Common.php(1180): CodeIgniter\View\View->render('PoinMarket_Admin/Page/user', [], true)
 9 APPPATH\Controllers\PoinMarket_Admin\User.php(64): view('PoinMarket_Admin/Page/user', [...])
10 SYSTEMPATH\CodeIgniter.php(932): App\Controllers\PoinMarket_Admin\User->index()
11 SYSTEMPATH\CodeIgniter.php(497): CodeIgniter\CodeIgniter->runController(Object(App\Controllers\PoinMarket_Admin\User))
12 SYSTEMPATH\CodeIgniter.php(366): CodeIgniter\CodeIgniter->handleRequest(null, Object(Config\Cache), false)
13 FCPATH\index.php(67): CodeIgniter\CodeIgniter->run()
14 SYSTEMPATH\Commands\Server\rewrite.php(47): require_once('C:\\xampp\\htdocs\\PoinMarket\\public\\index.php')
INFO - 2025-01-03 03:16:24 --> Session: Class initialized using 'CodeIgniter\Session\Handlers\FileHandler' driver.
INFO - 2025-01-03 03:16:24 --> Session: Class initialized using 'CodeIgniter\Session\Handlers\FileHandler' driver.
INFO - 2025-01-03 03:16:39 --> Session: Class initialized using 'CodeIgniter\Session\Handlers\FileHandler' driver.
WARNING - 2025-01-03 03:16:39 --> [DEPRECATED] strtotime(): Passing null to parameter #1 ($datetime) of type string is deprecated in APPPATH\Views\PoinMarket_Admin\Tabel\tabel_user.php on line 92.
 1 APPPATH\Views\PoinMarket_Admin\Tabel\tabel_user.php(92): strtotime(null)
 2 SYSTEMPATH\View\View.php(224): include('C:\\xampp\\htdocs\\PoinMarket\\app\\Views\\PoinMarket_Admin\\Tabel\\tabel_user.php')
 3 SYSTEMPATH\View\View.php(227): CodeIgniter\View\View->CodeIgniter\View\{closure}()
 4 SYSTEMPATH\View\View.php(452): CodeIgniter\View\View->render('PoinMarket_Admin/Tabel/tabel_user', null, true)
 5 APPPATH\Views\PoinMarket_Admin\Page\user.php(64): CodeIgniter\View\View->include('PoinMarket_Admin/Tabel/tabel_user')
 6 SYSTEMPATH\View\View.php(224): include('C:\\xampp\\htdocs\\PoinMarket\\app\\Views\\PoinMarket_Admin\\Page\\user.php')
 7 SYSTEMPATH\View\View.php(227): CodeIgniter\View\View->CodeIgniter\View\{closure}()
 8 SYSTEMPATH\Common.php(1180): CodeIgniter\View\View->render('PoinMarket_Admin/Page/user', [], true)
 9 APPPATH\Controllers\PoinMarket_Admin\User.php(64): view('PoinMarket_Admin/Page/user', [...])
10 SYSTEMPATH\CodeIgniter.php(932): App\Controllers\PoinMarket_Admin\User->index()
11 SYSTEMPATH\CodeIgniter.php(497): CodeIgniter\CodeIgniter->runController(Object(App\Controllers\PoinMarket_Admin\User))
12 SYSTEMPATH\CodeIgniter.php(366): CodeIgniter\CodeIgniter->handleRequest(null, Object(Config\Cache), false)
13 FCPATH\index.php(67): CodeIgniter\CodeIgniter->run()
14 SYSTEMPATH\Commands\Server\rewrite.php(47): require_once('C:\\xampp\\htdocs\\PoinMarket\\public\\index.php')
INFO - 2025-01-03 03:16:40 --> Session: Class initialized using 'CodeIgniter\Session\Handlers\FileHandler' driver.
WARNING - 2025-01-03 03:16:40 --> [DEPRECATED] strtotime(): Passing null to parameter #1 ($datetime) of type string is deprecated in APPPATH\Views\PoinMarket_Admin\Tabel\tabel_user.php on line 92.
 1 APPPATH\Views\PoinMarket_Admin\Tabel\tabel_user.php(92): strtotime(null)
 2 SYSTEMPATH\View\View.php(224): include('C:\\xampp\\htdocs\\PoinMarket\\app\\Views\\PoinMarket_Admin\\Tabel\\tabel_user.php')
 3 SYSTEMPATH\View\View.php(227): CodeIgniter\View\View->CodeIgniter\View\{closure}()
 4 SYSTEMPATH\View\View.php(452): CodeIgniter\View\View->render('PoinMarket_Admin/Tabel/tabel_user', null, true)
 5 APPPATH\Views\PoinMarket_Admin\Page\user.php(64): CodeIgniter\View\View->include('PoinMarket_Admin/Tabel/tabel_user')
 6 SYSTEMPATH\View\View.php(224): include('C:\\xampp\\htdocs\\PoinMarket\\app\\Views\\PoinMarket_Admin\\Page\\user.php')
 7 SYSTEMPATH\View\View.php(227): CodeIgniter\View\View->CodeIgniter\View\{closure}()
 8 SYSTEMPATH\Common.php(1180): CodeIgniter\View\View->render('PoinMarket_Admin/Page/user', [], true)
 9 APPPATH\Controllers\PoinMarket_Admin\User.php(64): view('PoinMarket_Admin/Page/user', [...])
10 SYSTEMPATH\CodeIgniter.php(932): App\Controllers\PoinMarket_Admin\User->index()
11 SYSTEMPATH\CodeIgniter.php(497): CodeIgniter\CodeIgniter->runController(Object(App\Controllers\PoinMarket_Admin\User))
12 SYSTEMPATH\CodeIgniter.php(366): CodeIgniter\CodeIgniter->handleRequest(null, Object(Config\Cache), false)
13 FCPATH\index.php(67): CodeIgniter\CodeIgniter->run()
14 SYSTEMPATH\Commands\Server\rewrite.php(47): require_once('C:\\xampp\\htdocs\\PoinMarket\\public\\index.php')
INFO - 2025-01-03 03:17:47 --> Session: Class initialized using 'CodeIgniter\Session\Handlers\FileHandler' driver.
INFO - 2025-01-03 03:17:48 --> Session: Class initialized using 'CodeIgniter\Session\Handlers\FileHandler' driver.
INFO - 2025-01-03 03:18:00 --> Session: Class initialized using 'CodeIgniter\Session\Handlers\FileHandler' driver.
INFO - 2025-01-03 03:18:00 --> Session: Class initialized using 'CodeIgniter\Session\Handlers\FileHandler' driver.
INFO - 2025-01-03 03:18:29 --> Session: Class initialized using 'CodeIgniter\Session\Handlers\FileHandler' driver.
INFO - 2025-01-03 03:18:30 --> Session: Class initialized using 'CodeIgniter\Session\Handlers\FileHandler' driver.
INFO - 2025-01-03 03:18:37 --> Session: Class initialized using 'CodeIgniter\Session\Handlers\FileHandler' driver.
INFO - 2025-01-03 03:18:38 --> Session: Class initialized using 'CodeIgniter\Session\Handlers\FileHandler' driver.
INFO - 2025-01-03 03:18:47 --> Session: Class initialized using 'CodeIgniter\Session\Handlers\FileHandler' driver.
INFO - 2025-01-03 03:18:47 --> Session: Class initialized using 'CodeIgniter\Session\Handlers\FileHandler' driver.
INFO - 2025-01-03 03:19:02 --> Session: Class initialized using 'CodeIgniter\Session\Handlers\FileHandler' driver.
INFO - 2025-01-03 03:19:03 --> Session: Class initialized using 'CodeIgniter\Session\Handlers\FileHandler' driver.
INFO - 2025-01-03 03:19:10 --> Session: Class initialized using 'CodeIgniter\Session\Handlers\FileHandler' driver.
INFO - 2025-01-03 03:19:11 --> Session: Class initialized using 'CodeIgniter\Session\Handlers\FileHandler' driver.
INFO - 2025-01-03 03:19:23 --> Session: Class initialized using 'CodeIgniter\Session\Handlers\FileHandler' driver.
INFO - 2025-01-03 03:19:23 --> Session: Class initialized using 'CodeIgniter\Session\Handlers\FileHandler' driver.
INFO - 2025-01-03 03:19:39 --> Session: Class initialized using 'CodeIgniter\Session\Handlers\FileHandler' driver.
INFO - 2025-01-03 03:19:40 --> Session: Class initialized using 'CodeIgniter\Session\Handlers\FileHandler' driver.
INFO - 2025-01-03 03:20:00 --> Session: Class initialized using 'CodeIgniter\Session\Handlers\FileHandler' driver.
INFO - 2025-01-03 03:20:00 --> Session: Class initialized using 'CodeIgniter\Session\Handlers\FileHandler' driver.
INFO - 2025-01-03 03:20:12 --> Session: Class initialized using 'CodeIgniter\Session\Handlers\FileHandler' driver.
INFO - 2025-01-03 03:20:13 --> Session: Class initialized using 'CodeIgniter\Session\Handlers\FileHandler' driver.
INFO - 2025-01-03 03:20:25 --> Session: Class initialized using 'CodeIgniter\Session\Handlers\FileHandler' driver.
INFO - 2025-01-03 03:20:26 --> Session: Class initialized using 'CodeIgniter\Session\Handlers\FileHandler' driver.
INFO - 2025-01-03 03:22:16 --> Session: Class initialized using 'CodeIgniter\Session\Handlers\FileHandler' driver.
INFO - 2025-01-03 03:22:16 --> Session: Class initialized using 'CodeIgniter\Session\Handlers\FileHandler' driver.
INFO - 2025-01-03 03:23:03 --> Session: Class initialized using 'CodeIgniter\Session\Handlers\FileHandler' driver.
INFO - 2025-01-03 03:23:04 --> Session: Class initialized using 'CodeIgniter\Session\Handlers\FileHandler' driver.
INFO - 2025-01-03 03:23:06 --> Session: Class initialized using 'CodeIgniter\Session\Handlers\FileHandler' driver.
INFO - 2025-01-03 03:23:06 --> Session: Class initialized using 'CodeIgniter\Session\Handlers\FileHandler' driver.
INFO - 2025-01-03 03:23:18 --> Session: Class initialized using 'CodeIgniter\Session\Handlers\FileHandler' driver.
INFO - 2025-01-03 03:23:18 --> Session: Class initialized using 'CodeIgniter\Session\Handlers\FileHandler' driver.
INFO - 2025-01-03 03:23:33 --> Session: Class initialized using 'CodeIgniter\Session\Handlers\FileHandler' driver.
INFO - 2025-01-03 03:23:33 --> Session: Class initialized using 'CodeIgniter\Session\Handlers\FileHandler' driver.
INFO - 2025-01-03 03:24:03 --> Session: Class initialized using 'CodeIgniter\Session\Handlers\FileHandler' driver.
INFO - 2025-01-03 03:24:03 --> Session: Class initialized using 'CodeIgniter\Session\Handlers\FileHandler' driver.
INFO - 2025-01-03 03:24:08 --> Session: Class initialized using 'CodeIgniter\Session\Handlers\FileHandler' driver.
INFO - 2025-01-03 03:24:08 --> Session: Class initialized using 'CodeIgniter\Session\Handlers\FileHandler' driver.
INFO - 2025-01-03 03:24:17 --> Session: Class initialized using 'CodeIgniter\Session\Handlers\FileHandler' driver.
INFO - 2025-01-03 03:24:17 --> Session: Class initialized using 'CodeIgniter\Session\Handlers\FileHandler' driver.
INFO - 2025-01-03 03:25:00 --> Session: Class initialized using 'CodeIgniter\Session\Handlers\FileHandler' driver.
INFO - 2025-01-03 03:25:01 --> Session: Class initialized using 'CodeIgniter\Session\Handlers\FileHandler' driver.
INFO - 2025-01-03 03:25:12 --> Session: Class initialized using 'CodeIgniter\Session\Handlers\FileHandler' driver.
INFO - 2025-01-03 03:25:13 --> Session: Class initialized using 'CodeIgniter\Session\Handlers\FileHandler' driver.
INFO - 2025-01-03 03:25:19 --> Session: Class initialized using 'CodeIgniter\Session\Handlers\FileHandler' driver.
INFO - 2025-01-03 03:25:20 --> Session: Class initialized using 'CodeIgniter\Session\Handlers\FileHandler' driver.
INFO - 2025-01-03 03:25:29 --> Session: Class initialized using 'CodeIgniter\Session\Handlers\FileHandler' driver.
INFO - 2025-01-03 03:25:29 --> Session: Class initialized using 'CodeIgniter\Session\Handlers\FileHandler' driver.
INFO - 2025-01-03 03:25:37 --> Session: Class initialized using 'CodeIgniter\Session\Handlers\FileHandler' driver.
INFO - 2025-01-03 03:25:37 --> Session: Class initialized using 'CodeIgniter\Session\Handlers\FileHandler' driver.
INFO - 2025-01-03 03:25:40 --> Session: Class initialized using 'CodeIgniter\Session\Handlers\FileHandler' driver.
INFO - 2025-01-03 03:25:41 --> Session: Class initialized using 'CodeIgniter\Session\Handlers\FileHandler' driver.
INFO - 2025-01-03 03:29:40 --> Session: Class initialized using 'CodeIgniter\Session\Handlers\FileHandler' driver.
INFO - 2025-01-03 03:29:40 --> Session: Class initialized using 'CodeIgniter\Session\Handlers\FileHandler' driver.
INFO - 2025-01-03 03:29:44 --> Session: Class initialized using 'CodeIgniter\Session\Handlers\FileHandler' driver.
INFO - 2025-01-03 03:29:45 --> Session: Class initialized using 'CodeIgniter\Session\Handlers\FileHandler' driver.
INFO - 2025-01-03 03:30:35 --> Session: Class initialized using 'CodeIgniter\Session\Handlers\FileHandler' driver.
INFO - 2025-01-03 03:30:36 --> Session: Class initialized using 'CodeIgniter\Session\Handlers\FileHandler' driver.
CRITICAL - 2025-01-03 03:34:34 --> Undefined variable $menuItems
in APPPATH\Views\PoinMarket_Admin\Template\topmenu.php on line 7.
 1 APPPATH\Views\PoinMarket_Admin\Template\topmenu.php(7): CodeIgniter\Debug\Exceptions->errorHandler(2, 'Undefined variable $menuItems', 'C:\\xampp\\htdocs\\PoinMarket\\app\\Views\\PoinMarket_Admin\\Template\\topmenu.php', 7)
 2 SYSTEMPATH\View\View.php(224): include('C:\\xampp\\htdocs\\PoinMarket\\app\\Views\\PoinMarket_Admin\\Template\\topmenu.php')
 3 SYSTEMPATH\View\View.php(227): CodeIgniter\View\View->CodeIgniter\View\{closure}()
 4 SYSTEMPATH\View\View.php(452): CodeIgniter\View\View->render('PoinMarket_Admin/Template/topmenu', null, true)
 5 APPPATH\Views\PoinMarket_Admin\Template\dashboard.php(220): CodeIgniter\View\View->include('PoinMarket_Admin/Template/topmenu')
 6 SYSTEMPATH\View\View.php(224): include('C:\\xampp\\htdocs\\PoinMarket\\app\\Views\\PoinMarket_Admin\\Template\\dashboard.php')
 7 SYSTEMPATH\View\View.php(227): CodeIgniter\View\View->CodeIgniter\View\{closure}()
 8 SYSTEMPATH\View\View.php(240): CodeIgniter\View\View->render('PoinMarket_Admin/Template/dashboard', [], true)
 9 SYSTEMPATH\Common.php(1180): CodeIgniter\View\View->render('CMS/index', [], true)
10 APPPATH\Controllers\CMS.php(32): view('CMS/index', [...])
11 SYSTEMPATH\CodeIgniter.php(932): App\Controllers\CMS->index()
12 SYSTEMPATH\CodeIgniter.php(497): CodeIgniter\CodeIgniter->runController(Object(App\Controllers\CMS))
13 SYSTEMPATH\CodeIgniter.php(366): CodeIgniter\CodeIgniter->handleRequest(null, Object(Config\Cache), false)
14 FCPATH\index.php(67): CodeIgniter\CodeIgniter->run()
15 SYSTEMPATH\Commands\Server\rewrite.php(47): require_once('C:\\xampp\\htdocs\\PoinMarket\\public\\index.php')
CRITICAL - 2025-01-03 03:35:13 --> Undefined variable $menuItems
in APPPATH\Views\PoinMarket_Admin\Template\topmenu.php on line 42.
 1 APPPATH\Views\PoinMarket_Admin\Template\topmenu.php(42): CodeIgniter\Debug\Exceptions->errorHandler(2, 'Undefined variable $menuItems', 'C:\\xampp\\htdocs\\PoinMarket\\app\\Views\\PoinMarket_Admin\\Template\\topmenu.php', 42)
 2 SYSTEMPATH\View\View.php(224): include('C:\\xampp\\htdocs\\PoinMarket\\app\\Views\\PoinMarket_Admin\\Template\\topmenu.php')
 3 SYSTEMPATH\View\View.php(227): CodeIgniter\View\View->CodeIgniter\View\{closure}()
 4 SYSTEMPATH\View\View.php(452): CodeIgniter\View\View->render('PoinMarket_Admin/Template/topmenu', null, true)
 5 APPPATH\Views\PoinMarket_Admin\Template\dashboard.php(220): CodeIgniter\View\View->include('PoinMarket_Admin/Template/topmenu')
 6 SYSTEMPATH\View\View.php(224): include('C:\\xampp\\htdocs\\PoinMarket\\app\\Views\\PoinMarket_Admin\\Template\\dashboard.php')
 7 SYSTEMPATH\View\View.php(227): CodeIgniter\View\View->CodeIgniter\View\{closure}()
 8 SYSTEMPATH\View\View.php(240): CodeIgniter\View\View->render('PoinMarket_Admin/Template/dashboard', [], true)
 9 SYSTEMPATH\Common.php(1180): CodeIgniter\View\View->render('CMS/index', [], true)
10 APPPATH\Controllers\CMS.php(32): view('CMS/index', [...])
11 SYSTEMPATH\CodeIgniter.php(932): App\Controllers\CMS->index()
12 SYSTEMPATH\CodeIgniter.php(497): CodeIgniter\CodeIgniter->runController(Object(App\Controllers\CMS))
13 SYSTEMPATH\CodeIgniter.php(366): CodeIgniter\CodeIgniter->handleRequest(null, Object(Config\Cache), false)
14 FCPATH\index.php(67): CodeIgniter\CodeIgniter->run()
15 SYSTEMPATH\Commands\Server\rewrite.php(47): require_once('C:\\xampp\\htdocs\\PoinMarket\\public\\index.php')
INFO - 2025-01-03 03:35:19 --> Session: Class initialized using 'CodeIgniter\Session\Handlers\FileHandler' driver.
INFO - 2025-01-03 03:35:20 --> Session: Class initialized using 'CodeIgniter\Session\Handlers\FileHandler' driver.
CRITICAL - 2025-01-03 03:35:42 --> Undefined variable $menuItems
in APPPATH\Views\PoinMarket_Admin\Template\topmenu.php on line 7.
 1 APPPATH\Views\PoinMarket_Admin\Template\topmenu.php(7): CodeIgniter\Debug\Exceptions->errorHandler(2, 'Undefined variable $menuItems', 'C:\\xampp\\htdocs\\PoinMarket\\app\\Views\\PoinMarket_Admin\\Template\\topmenu.php', 7)
 2 SYSTEMPATH\View\View.php(224): include('C:\\xampp\\htdocs\\PoinMarket\\app\\Views\\PoinMarket_Admin\\Template\\topmenu.php')
 3 SYSTEMPATH\View\View.php(227): CodeIgniter\View\View->CodeIgniter\View\{closure}()
 4 SYSTEMPATH\View\View.php(452): CodeIgniter\View\View->render('PoinMarket_Admin/Template/topmenu', null, true)
 5 APPPATH\Views\PoinMarket_Admin\Template\dashboard.php(220): CodeIgniter\View\View->include('PoinMarket_Admin/Template/topmenu')
 6 SYSTEMPATH\View\View.php(224): include('C:\\xampp\\htdocs\\PoinMarket\\app\\Views\\PoinMarket_Admin\\Template\\dashboard.php')
 7 SYSTEMPATH\View\View.php(227): CodeIgniter\View\View->CodeIgniter\View\{closure}()
 8 SYSTEMPATH\View\View.php(240): CodeIgniter\View\View->render('PoinMarket_Admin/Template/dashboard', [], true)
 9 SYSTEMPATH\Common.php(1180): CodeIgniter\View\View->render('CMS/index', [], true)
10 APPPATH\Controllers\CMS.php(32): view('CMS/index', [...])
11 SYSTEMPATH\CodeIgniter.php(932): App\Controllers\CMS->index()
12 SYSTEMPATH\CodeIgniter.php(497): CodeIgniter\CodeIgniter->runController(Object(App\Controllers\CMS))
13 SYSTEMPATH\CodeIgniter.php(366): CodeIgniter\CodeIgniter->handleRequest(null, Object(Config\Cache), false)
14 FCPATH\index.php(67): CodeIgniter\CodeIgniter->run()
15 SYSTEMPATH\Commands\Server\rewrite.php(47): require_once('C:\\xampp\\htdocs\\PoinMarket\\public\\index.php')
INFO - 2025-01-03 03:36:59 --> Session: Class initialized using 'CodeIgniter\Session\Handlers\FileHandler' driver.
INFO - 2025-01-03 03:36:59 --> Session: Class initialized using 'CodeIgniter\Session\Handlers\FileHandler' driver.
INFO - 2025-01-03 03:37:09 --> Session: Class initialized using 'CodeIgniter\Session\Handlers\FileHandler' driver.
INFO - 2025-01-03 03:37:09 --> Session: Class initialized using 'CodeIgniter\Session\Handlers\FileHandler' driver.
INFO - 2025-01-03 03:37:12 --> Session: Class initialized using 'CodeIgniter\Session\Handlers\FileHandler' driver.
INFO - 2025-01-03 03:37:13 --> Session: Class initialized using 'CodeIgniter\Session\Handlers\FileHandler' driver.
INFO - 2025-01-03 03:37:18 --> Session: Class initialized using 'CodeIgniter\Session\Handlers\FileHandler' driver.
INFO - 2025-01-03 03:37:18 --> Session: Class initialized using 'CodeIgniter\Session\Handlers\FileHandler' driver.
INFO - 2025-01-03 03:37:23 --> Session: Class initialized using 'CodeIgniter\Session\Handlers\FileHandler' driver.
INFO - 2025-01-03 03:37:24 --> Session: Class initialized using 'CodeIgniter\Session\Handlers\FileHandler' driver.
INFO - 2025-01-03 03:37:30 --> Session: Class initialized using 'CodeIgniter\Session\Handlers\FileHandler' driver.
INFO - 2025-01-03 03:37:30 --> Session: Class initialized using 'CodeIgniter\Session\Handlers\FileHandler' driver.
INFO - 2025-01-03 03:39:36 --> Session: Class initialized using 'CodeIgniter\Session\Handlers\FileHandler' driver.
INFO - 2025-01-03 03:39:36 --> Session: Class initialized using 'CodeIgniter\Session\Handlers\FileHandler' driver.
INFO - 2025-01-03 03:39:47 --> Session: Class initialized using 'CodeIgniter\Session\Handlers\FileHandler' driver.
INFO - 2025-01-03 03:39:47 --> Session: Class initialized using 'CodeIgniter\Session\Handlers\FileHandler' driver.
INFO - 2025-01-03 03:39:52 --> Session: Class initialized using 'CodeIgniter\Session\Handlers\FileHandler' driver.
INFO - 2025-01-03 03:39:53 --> Session: Class initialized using 'CodeIgniter\Session\Handlers\FileHandler' driver.
INFO - 2025-01-03 03:39:58 --> Session: Class initialized using 'CodeIgniter\Session\Handlers\FileHandler' driver.
INFO - 2025-01-03 03:39:59 --> Session: Class initialized using 'CodeIgniter\Session\Handlers\FileHandler' driver.
INFO - 2025-01-03 03:40:05 --> Session: Class initialized using 'CodeIgniter\Session\Handlers\FileHandler' driver.
INFO - 2025-01-03 03:40:06 --> Session: Class initialized using 'CodeIgniter\Session\Handlers\FileHandler' driver.
INFO - 2025-01-03 03:40:19 --> Session: Class initialized using 'CodeIgniter\Session\Handlers\FileHandler' driver.
INFO - 2025-01-03 03:40:20 --> Session: Class initialized using 'CodeIgniter\Session\Handlers\FileHandler' driver.
INFO - 2025-01-03 03:40:30 --> Session: Class initialized using 'CodeIgniter\Session\Handlers\FileHandler' driver.
INFO - 2025-01-03 03:40:31 --> Session: Class initialized using 'CodeIgniter\Session\Handlers\FileHandler' driver.
INFO - 2025-01-03 03:40:35 --> Session: Class initialized using 'CodeIgniter\Session\Handlers\FileHandler' driver.
INFO - 2025-01-03 03:40:36 --> Session: Class initialized using 'CodeIgniter\Session\Handlers\FileHandler' driver.
INFO - 2025-01-03 03:40:41 --> Session: Class initialized using 'CodeIgniter\Session\Handlers\FileHandler' driver.
INFO - 2025-01-03 03:40:42 --> Session: Class initialized using 'CodeIgniter\Session\Handlers\FileHandler' driver.
CRITICAL - 2025-01-03 03:41:40 --> Undefined array key "icon"
in APPPATH\Views\PoinMarket_Admin\Template\topmenu.php on line 10.
 1 APPPATH\Views\PoinMarket_Admin\Template\topmenu.php(10): CodeIgniter\Debug\Exceptions->errorHandler(2, 'Undefined array key "icon"', 'C:\\xampp\\htdocs\\PoinMarket\\app\\Views\\PoinMarket_Admin\\Template\\topmenu.php', 10)
 2 SYSTEMPATH\View\View.php(224): include('C:\\xampp\\htdocs\\PoinMarket\\app\\Views\\PoinMarket_Admin\\Template\\topmenu.php')
 3 SYSTEMPATH\View\View.php(227): CodeIgniter\View\View->CodeIgniter\View\{closure}()
 4 SYSTEMPATH\View\View.php(452): CodeIgniter\View\View->render('PoinMarket_Admin/Template/topmenu', null, true)
 5 APPPATH\Views\PoinMarket_Admin\Template\dashboard.php(220): CodeIgniter\View\View->include('PoinMarket_Admin/Template/topmenu')
 6 SYSTEMPATH\View\View.php(224): include('C:\\xampp\\htdocs\\PoinMarket\\app\\Views\\PoinMarket_Admin\\Template\\dashboard.php')
 7 SYSTEMPATH\View\View.php(227): CodeIgniter\View\View->CodeIgniter\View\{closure}()
 8 SYSTEMPATH\View\View.php(240): CodeIgniter\View\View->render('PoinMarket_Admin/Template/dashboard', [], true)
 9 SYSTEMPATH\Common.php(1180): CodeIgniter\View\View->render('CMS/index', [], true)
10 APPPATH\Controllers\CMS.php(32): view('CMS/index', [...])
11 SYSTEMPATH\CodeIgniter.php(932): App\Controllers\CMS->index()
12 SYSTEMPATH\CodeIgniter.php(497): CodeIgniter\CodeIgniter->runController(Object(App\Controllers\CMS))
13 SYSTEMPATH\CodeIgniter.php(366): CodeIgniter\CodeIgniter->handleRequest(null, Object(Config\Cache), false)
14 FCPATH\index.php(67): CodeIgniter\CodeIgniter->run()
15 SYSTEMPATH\Commands\Server\rewrite.php(47): require_once('C:\\xampp\\htdocs\\PoinMarket\\public\\index.php')
CRITICAL - 2025-01-03 03:43:37 --> Undefined array key "icon"
in APPPATH\Views\PoinMarket_Admin\Template\topmenu.php on line 10.
 1 APPPATH\Views\PoinMarket_Admin\Template\topmenu.php(10): CodeIgniter\Debug\Exceptions->errorHandler(2, 'Undefined array key "icon"', 'C:\\xampp\\htdocs\\PoinMarket\\app\\Views\\PoinMarket_Admin\\Template\\topmenu.php', 10)
 2 SYSTEMPATH\View\View.php(224): include('C:\\xampp\\htdocs\\PoinMarket\\app\\Views\\PoinMarket_Admin\\Template\\topmenu.php')
 3 SYSTEMPATH\View\View.php(227): CodeIgniter\View\View->CodeIgniter\View\{closure}()
 4 SYSTEMPATH\View\View.php(452): CodeIgniter\View\View->render('PoinMarket_Admin/Template/topmenu', null, true)
 5 APPPATH\Views\PoinMarket_Admin\Template\dashboard.php(220): CodeIgniter\View\View->include('PoinMarket_Admin/Template/topmenu')
 6 SYSTEMPATH\View\View.php(224): include('C:\\xampp\\htdocs\\PoinMarket\\app\\Views\\PoinMarket_Admin\\Template\\dashboard.php')
 7 SYSTEMPATH\View\View.php(227): CodeIgniter\View\View->CodeIgniter\View\{closure}()
 8 SYSTEMPATH\View\View.php(240): CodeIgniter\View\View->render('PoinMarket_Admin/Template/dashboard', [], true)
 9 SYSTEMPATH\Common.php(1180): CodeIgniter\View\View->render('CMS/index', [], true)
10 APPPATH\Controllers\CMS.php(32): view('CMS/index', [...])
11 SYSTEMPATH\CodeIgniter.php(932): App\Controllers\CMS->index()
12 SYSTEMPATH\CodeIgniter.php(497): CodeIgniter\CodeIgniter->runController(Object(App\Controllers\CMS))
13 SYSTEMPATH\CodeIgniter.php(366): CodeIgniter\CodeIgniter->handleRequest(null, Object(Config\Cache), false)
14 FCPATH\index.php(67): CodeIgniter\CodeIgniter->run()
15 SYSTEMPATH\Commands\Server\rewrite.php(47): require_once('C:\\xampp\\htdocs\\PoinMarket\\public\\index.php')
INFO - 2025-01-03 03:43:40 --> Session: Class initialized using 'CodeIgniter\Session\Handlers\FileHandler' driver.
INFO - 2025-01-03 03:43:40 --> Session: Class initialized using 'CodeIgniter\Session\Handlers\FileHandler' driver.
INFO - 2025-01-03 03:44:34 --> Session: Class initialized using 'CodeIgniter\Session\Handlers\FileHandler' driver.
INFO - 2025-01-03 03:44:35 --> Session: Class initialized using 'CodeIgniter\Session\Handlers\FileHandler' driver.
INFO - 2025-01-03 03:45:31 --> Session: Class initialized using 'CodeIgniter\Session\Handlers\FileHandler' driver.
INFO - 2025-01-03 03:45:32 --> Session: Class initialized using 'CodeIgniter\Session\Handlers\FileHandler' driver.
INFO - 2025-01-03 03:46:58 --> Session: Class initialized using 'CodeIgniter\Session\Handlers\FileHandler' driver.
INFO - 2025-01-03 03:46:59 --> Session: Class initialized using 'CodeIgniter\Session\Handlers\FileHandler' driver.
INFO - 2025-01-03 03:47:29 --> Session: Class initialized using 'CodeIgniter\Session\Handlers\FileHandler' driver.
INFO - 2025-01-03 03:47:30 --> Session: Class initialized using 'CodeIgniter\Session\Handlers\FileHandler' driver.
INFO - 2025-01-03 03:47:56 --> Session: Class initialized using 'CodeIgniter\Session\Handlers\FileHandler' driver.
INFO - 2025-01-03 03:47:57 --> Session: Class initialized using 'CodeIgniter\Session\Handlers\FileHandler' driver.
INFO - 2025-01-03 03:48:14 --> Session: Class initialized using 'CodeIgniter\Session\Handlers\FileHandler' driver.
INFO - 2025-01-03 03:48:15 --> Session: Class initialized using 'CodeIgniter\Session\Handlers\FileHandler' driver.
INFO - 2025-01-03 03:48:57 --> Session: Class initialized using 'CodeIgniter\Session\Handlers\FileHandler' driver.
INFO - 2025-01-03 03:48:57 --> Session: Class initialized using 'CodeIgniter\Session\Handlers\FileHandler' driver.
INFO - 2025-01-03 03:49:02 --> Session: Class initialized using 'CodeIgniter\Session\Handlers\FileHandler' driver.
CRITICAL - 2025-01-03 03:49:02 --> Undefined variable $topMenuPages
in APPPATH\Views\PoinMarket_Admin\Template\topmenu.php on line 7.
 1 APPPATH\Views\PoinMarket_Admin\Template\topmenu.php(7): CodeIgniter\Debug\Exceptions->errorHandler(2, 'Undefined variable $topMenuPages', 'C:\\xampp\\htdocs\\PoinMarket\\app\\Views\\PoinMarket_Admin\\Template\\topmenu.php', 7)
 2 SYSTEMPATH\View\View.php(224): include('C:\\xampp\\htdocs\\PoinMarket\\app\\Views\\PoinMarket_Admin\\Template\\topmenu.php')
 3 SYSTEMPATH\View\View.php(227): CodeIgniter\View\View->CodeIgniter\View\{closure}()
 4 SYSTEMPATH\View\View.php(452): CodeIgniter\View\View->render('PoinMarket_Admin/Template/topmenu', null, true)
 5 APPPATH\Views\PoinMarket_Admin\Template\dashboard.php(220): CodeIgniter\View\View->include('PoinMarket_Admin/Template/topmenu')
 6 SYSTEMPATH\View\View.php(224): include('C:\\xampp\\htdocs\\PoinMarket\\app\\Views\\PoinMarket_Admin\\Template\\dashboard.php')
 7 SYSTEMPATH\View\View.php(227): CodeIgniter\View\View->CodeIgniter\View\{closure}()
 8 SYSTEMPATH\View\View.php(240): CodeIgniter\View\View->render('PoinMarket_Admin/Template/dashboard', [], true)
 9 SYSTEMPATH\Common.php(1180): CodeIgniter\View\View->render('PoinMarket_Admin/index', [], true)
10 APPPATH\Controllers\PoinMarket_Admin\Admin.php(59): view('PoinMarket_Admin/index', [...])
11 SYSTEMPATH\CodeIgniter.php(932): App\Controllers\PoinMarket_Admin\Admin->index()
12 SYSTEMPATH\CodeIgniter.php(497): CodeIgniter\CodeIgniter->runController(Object(App\Controllers\PoinMarket_Admin\Admin))
13 SYSTEMPATH\CodeIgniter.php(366): CodeIgniter\CodeIgniter->handleRequest(null, Object(Config\Cache), false)
14 FCPATH\index.php(67): CodeIgniter\CodeIgniter->run()
15 SYSTEMPATH\Commands\Server\rewrite.php(47): require_once('C:\\xampp\\htdocs\\PoinMarket\\public\\index.php')
INFO - 2025-01-03 03:49:08 --> Session: Class initialized using 'CodeIgniter\Session\Handlers\FileHandler' driver.
INFO - 2025-01-03 03:49:08 --> Session: Class initialized using 'CodeIgniter\Session\Handlers\FileHandler' driver.
INFO - 2025-01-03 03:50:20 --> Session: Class initialized using 'CodeIgniter\Session\Handlers\FileHandler' driver.
INFO - 2025-01-03 03:50:21 --> Session: Class initialized using 'CodeIgniter\Session\Handlers\FileHandler' driver.
INFO - 2025-01-03 03:50:22 --> Session: Class initialized using 'CodeIgniter\Session\Handlers\FileHandler' driver.
INFO - 2025-01-03 03:50:22 --> Session: Class initialized using 'CodeIgniter\Session\Handlers\FileHandler' driver.
INFO - 2025-01-03 03:50:24 --> Session: Class initialized using 'CodeIgniter\Session\Handlers\FileHandler' driver.
CRITICAL - 2025-01-03 03:50:24 --> Undefined variable $topMenuPages
in APPPATH\Views\PoinMarket_Admin\Template\topmenu.php on line 7.
 1 APPPATH\Views\PoinMarket_Admin\Template\topmenu.php(7): CodeIgniter\Debug\Exceptions->errorHandler(2, 'Undefined variable $topMenuPages', 'C:\\xampp\\htdocs\\PoinMarket\\app\\Views\\PoinMarket_Admin\\Template\\topmenu.php', 7)
 2 SYSTEMPATH\View\View.php(224): include('C:\\xampp\\htdocs\\PoinMarket\\app\\Views\\PoinMarket_Admin\\Template\\topmenu.php')
 3 SYSTEMPATH\View\View.php(227): CodeIgniter\View\View->CodeIgniter\View\{closure}()
 4 SYSTEMPATH\View\View.php(452): CodeIgniter\View\View->render('PoinMarket_Admin/Template/topmenu', null, true)
 5 APPPATH\Views\PoinMarket_Admin\Template\dashboard.php(220): CodeIgniter\View\View->include('PoinMarket_Admin/Template/topmenu')
 6 SYSTEMPATH\View\View.php(224): include('C:\\xampp\\htdocs\\PoinMarket\\app\\Views\\PoinMarket_Admin\\Template\\dashboard.php')
 7 SYSTEMPATH\View\View.php(227): CodeIgniter\View\View->CodeIgniter\View\{closure}()
 8 SYSTEMPATH\View\View.php(240): CodeIgniter\View\View->render('PoinMarket_Admin/Template/dashboard', [], true)
 9 SYSTEMPATH\Common.php(1180): CodeIgniter\View\View->render('PoinMarket_Admin/Page/jenis_transaksi', [], true)
10 APPPATH\Controllers\PoinMarket_Admin\Jenis_Transaksi.php(80): view('PoinMarket_Admin/Page/jenis_transaksi', [...])
11 SYSTEMPATH\CodeIgniter.php(932): App\Controllers\PoinMarket_Admin\Jenis_Transaksi->pembelian()
12 SYSTEMPATH\CodeIgniter.php(497): CodeIgniter\CodeIgniter->runController(Object(App\Controllers\PoinMarket_Admin\Jenis_Transaksi))
13 SYSTEMPATH\CodeIgniter.php(366): CodeIgniter\CodeIgniter->handleRequest(null, Object(Config\Cache), false)
14 FCPATH\index.php(67): CodeIgniter\CodeIgniter->run()
15 SYSTEMPATH\Commands\Server\rewrite.php(47): require_once('C:\\xampp\\htdocs\\PoinMarket\\public\\index.php')
INFO - 2025-01-03 03:50:33 --> Session: Class initialized using 'CodeIgniter\Session\Handlers\FileHandler' driver.
INFO - 2025-01-03 03:50:34 --> Session: Class initialized using 'CodeIgniter\Session\Handlers\FileHandler' driver.
INFO - 2025-01-03 03:50:44 --> Session: Class initialized using 'CodeIgniter\Session\Handlers\FileHandler' driver.
INFO - 2025-01-03 03:50:44 --> Session: Class initialized using 'CodeIgniter\Session\Handlers\FileHandler' driver.
INFO - 2025-01-03 03:51:28 --> Session: Class initialized using 'CodeIgniter\Session\Handlers\FileHandler' driver.
INFO - 2025-01-03 03:51:28 --> Session: Class initialized using 'CodeIgniter\Session\Handlers\FileHandler' driver.
INFO - 2025-01-03 03:52:40 --> Session: Class initialized using 'CodeIgniter\Session\Handlers\FileHandler' driver.
INFO - 2025-01-03 03:52:41 --> Session: Class initialized using 'CodeIgniter\Session\Handlers\FileHandler' driver.
INFO - 2025-01-03 03:53:17 --> Session: Class initialized using 'CodeIgniter\Session\Handlers\FileHandler' driver.
INFO - 2025-01-03 03:53:18 --> Session: Class initialized using 'CodeIgniter\Session\Handlers\FileHandler' driver.
INFO - 2025-01-03 03:53:30 --> Session: Class initialized using 'CodeIgniter\Session\Handlers\FileHandler' driver.
INFO - 2025-01-03 03:53:31 --> Session: Class initialized using 'CodeIgniter\Session\Handlers\FileHandler' driver.
INFO - 2025-01-03 03:53:43 --> Session: Class initialized using 'CodeIgniter\Session\Handlers\FileHandler' driver.
INFO - 2025-01-03 03:53:43 --> Session: Class initialized using 'CodeIgniter\Session\Handlers\FileHandler' driver.
INFO - 2025-01-03 03:53:46 --> Session: Class initialized using 'CodeIgniter\Session\Handlers\FileHandler' driver.
INFO - 2025-01-03 03:53:47 --> Session: Class initialized using 'CodeIgniter\Session\Handlers\FileHandler' driver.
INFO - 2025-01-03 03:55:25 --> Session: Class initialized using 'CodeIgniter\Session\Handlers\FileHandler' driver.
INFO - 2025-01-03 03:55:25 --> Session: Class initialized using 'CodeIgniter\Session\Handlers\FileHandler' driver.
INFO - 2025-01-03 03:55:38 --> Session: Class initialized using 'CodeIgniter\Session\Handlers\FileHandler' driver.
INFO - 2025-01-03 03:55:38 --> Session: Class initialized using 'CodeIgniter\Session\Handlers\FileHandler' driver.
INFO - 2025-01-03 03:56:20 --> Session: Class initialized using 'CodeIgniter\Session\Handlers\FileHandler' driver.
INFO - 2025-01-03 03:56:20 --> Session: Class initialized using 'CodeIgniter\Session\Handlers\FileHandler' driver.
INFO - 2025-01-03 03:57:32 --> Session: Class initialized using 'CodeIgniter\Session\Handlers\FileHandler' driver.
INFO - 2025-01-03 03:57:32 --> Session: Class initialized using 'CodeIgniter\Session\Handlers\FileHandler' driver.
INFO - 2025-01-03 03:57:59 --> Session: Class initialized using 'CodeIgniter\Session\Handlers\FileHandler' driver.
INFO - 2025-01-03 03:58:00 --> Session: Class initialized using 'CodeIgniter\Session\Handlers\FileHandler' driver.
INFO - 2025-01-03 03:58:30 --> Session: Class initialized using 'CodeIgniter\Session\Handlers\FileHandler' driver.
INFO - 2025-01-03 03:58:30 --> Session: Class initialized using 'CodeIgniter\Session\Handlers\FileHandler' driver.
INFO - 2025-01-03 03:59:06 --> Session: Class initialized using 'CodeIgniter\Session\Handlers\FileHandler' driver.
INFO - 2025-01-03 03:59:06 --> Session: Class initialized using 'CodeIgniter\Session\Handlers\FileHandler' driver.
INFO - 2025-01-03 04:00:23 --> Session: Class initialized using 'CodeIgniter\Session\Handlers\FileHandler' driver.
INFO - 2025-01-03 04:00:24 --> Session: Class initialized using 'CodeIgniter\Session\Handlers\FileHandler' driver.
INFO - 2025-01-03 04:00:30 --> Session: Class initialized using 'CodeIgniter\Session\Handlers\FileHandler' driver.
INFO - 2025-01-03 04:00:30 --> Session: Class initialized using 'CodeIgniter\Session\Handlers\FileHandler' driver.
INFO - 2025-01-03 04:01:46 --> Session: Class initialized using 'CodeIgniter\Session\Handlers\FileHandler' driver.
INFO - 2025-01-03 04:01:46 --> Session: Class initialized using 'CodeIgniter\Session\Handlers\FileHandler' driver.
INFO - 2025-01-03 04:02:07 --> Session: Class initialized using 'CodeIgniter\Session\Handlers\FileHandler' driver.
INFO - 2025-01-03 04:02:08 --> Session: Class initialized using 'CodeIgniter\Session\Handlers\FileHandler' driver.
INFO - 2025-01-03 04:03:05 --> Session: Class initialized using 'CodeIgniter\Session\Handlers\FileHandler' driver.
INFO - 2025-01-03 04:03:06 --> Session: Class initialized using 'CodeIgniter\Session\Handlers\FileHandler' driver.
INFO - 2025-01-03 04:03:55 --> Session: Class initialized using 'CodeIgniter\Session\Handlers\FileHandler' driver.
INFO - 2025-01-03 04:03:55 --> Session: Class initialized using 'CodeIgniter\Session\Handlers\FileHandler' driver.
INFO - 2025-01-03 04:04:08 --> Session: Class initialized using 'CodeIgniter\Session\Handlers\FileHandler' driver.
INFO - 2025-01-03 04:04:09 --> Session: Class initialized using 'CodeIgniter\Session\Handlers\FileHandler' driver.
INFO - 2025-01-03 04:05:21 --> Session: Class initialized using 'CodeIgniter\Session\Handlers\FileHandler' driver.
INFO - 2025-01-03 04:05:22 --> Session: Class initialized using 'CodeIgniter\Session\Handlers\FileHandler' driver.
INFO - 2025-01-03 04:07:18 --> Session: Class initialized using 'CodeIgniter\Session\Handlers\FileHandler' driver.
INFO - 2025-01-03 04:07:18 --> Session: Class initialized using 'CodeIgniter\Session\Handlers\FileHandler' driver.
INFO - 2025-01-03 04:08:06 --> Session: Class initialized using 'CodeIgniter\Session\Handlers\FileHandler' driver.
INFO - 2025-01-03 04:08:07 --> Session: Class initialized using 'CodeIgniter\Session\Handlers\FileHandler' driver.
INFO - 2025-01-03 04:08:22 --> Session: Class initialized using 'CodeIgniter\Session\Handlers\FileHandler' driver.
INFO - 2025-01-03 04:08:22 --> Session: Class initialized using 'CodeIgniter\Session\Handlers\FileHandler' driver.
INFO - 2025-01-03 04:08:28 --> Session: Class initialized using 'CodeIgniter\Session\Handlers\FileHandler' driver.
INFO - 2025-01-03 04:08:28 --> Session: Class initialized using 'CodeIgniter\Session\Handlers\FileHandler' driver.
INFO - 2025-01-03 04:08:34 --> Session: Class initialized using 'CodeIgniter\Session\Handlers\FileHandler' driver.
INFO - 2025-01-03 04:08:35 --> Session: Class initialized using 'CodeIgniter\Session\Handlers\FileHandler' driver.
INFO - 2025-01-03 04:09:19 --> Session: Class initialized using 'CodeIgniter\Session\Handlers\FileHandler' driver.
INFO - 2025-01-03 04:09:20 --> Session: Class initialized using 'CodeIgniter\Session\Handlers\FileHandler' driver.
INFO - 2025-01-03 04:09:25 --> Session: Class initialized using 'CodeIgniter\Session\Handlers\FileHandler' driver.
INFO - 2025-01-03 04:09:25 --> Session: Class initialized using 'CodeIgniter\Session\Handlers\FileHandler' driver.
INFO - 2025-01-03 04:10:17 --> Session: Class initialized using 'CodeIgniter\Session\Handlers\FileHandler' driver.
INFO - 2025-01-03 04:10:18 --> Session: Class initialized using 'CodeIgniter\Session\Handlers\FileHandler' driver.
INFO - 2025-01-03 04:10:24 --> Session: Class initialized using 'CodeIgniter\Session\Handlers\FileHandler' driver.
INFO - 2025-01-03 04:10:25 --> Session: Class initialized using 'CodeIgniter\Session\Handlers\FileHandler' driver.
INFO - 2025-01-03 04:11:02 --> Session: Class initialized using 'CodeIgniter\Session\Handlers\FileHandler' driver.
INFO - 2025-01-03 04:11:03 --> Session: Class initialized using 'CodeIgniter\Session\Handlers\FileHandler' driver.
INFO - 2025-01-03 04:11:03 --> Session: Class initialized using 'CodeIgniter\Session\Handlers\FileHandler' driver.
INFO - 2025-01-03 04:11:04 --> Session: Class initialized using 'CodeIgniter\Session\Handlers\FileHandler' driver.
INFO - 2025-01-03 04:11:06 --> Session: Class initialized using 'CodeIgniter\Session\Handlers\FileHandler' driver.
CRITICAL - 2025-01-03 04:11:06 --> Undefined variable $topMenuPages
in APPPATH\Views\PoinMarket_Admin\Template\topmenu.php on line 7.
 1 APPPATH\Views\PoinMarket_Admin\Template\topmenu.php(7): CodeIgniter\Debug\Exceptions->errorHandler(2, 'Undefined variable $topMenuPages', 'C:\\xampp\\htdocs\\PoinMarket\\app\\Views\\PoinMarket_Admin\\Template\\topmenu.php', 7)
 2 SYSTEMPATH\View\View.php(224): include('C:\\xampp\\htdocs\\PoinMarket\\app\\Views\\PoinMarket_Admin\\Template\\topmenu.php')
 3 SYSTEMPATH\View\View.php(227): CodeIgniter\View\View->CodeIgniter\View\{closure}()
 4 SYSTEMPATH\View\View.php(452): CodeIgniter\View\View->render('PoinMarket_Admin/Template/topmenu', null, true)
 5 APPPATH\Views\PoinMarket_Admin\Template\dashboard.php(221): CodeIgniter\View\View->include('PoinMarket_Admin/Template/topmenu')
 6 SYSTEMPATH\View\View.php(224): include('C:\\xampp\\htdocs\\PoinMarket\\app\\Views\\PoinMarket_Admin\\Template\\dashboard.php')
 7 SYSTEMPATH\View\View.php(227): CodeIgniter\View\View->CodeIgniter\View\{closure}()
 8 SYSTEMPATH\View\View.php(240): CodeIgniter\View\View->render('PoinMarket_Admin/Template/dashboard', [], true)
 9 SYSTEMPATH\Common.php(1180): CodeIgniter\View\View->render('PoinMarket_Admin/Page/validasi', [], true)
10 APPPATH\Controllers\PoinMarket_Admin\Validasi.php(55): view('PoinMarket_Admin/Page/validasi', [...])
11 SYSTEMPATH\CodeIgniter.php(932): App\Controllers\PoinMarket_Admin\Validasi->index()
12 SYSTEMPATH\CodeIgniter.php(497): CodeIgniter\CodeIgniter->runController(Object(App\Controllers\PoinMarket_Admin\Validasi))
13 SYSTEMPATH\CodeIgniter.php(366): CodeIgniter\CodeIgniter->handleRequest(null, Object(Config\Cache), false)
14 FCPATH\index.php(67): CodeIgniter\CodeIgniter->run()
15 SYSTEMPATH\Commands\Server\rewrite.php(47): require_once('C:\\xampp\\htdocs\\PoinMarket\\public\\index.php')
INFO - 2025-01-03 04:11:08 --> Session: Class initialized using 'CodeIgniter\Session\Handlers\FileHandler' driver.
INFO - 2025-01-03 04:11:08 --> Session: Class initialized using 'CodeIgniter\Session\Handlers\FileHandler' driver.
INFO - 2025-01-03 04:11:09 --> Session: Class initialized using 'CodeIgniter\Session\Handlers\FileHandler' driver.
INFO - 2025-01-03 04:11:10 --> Session: Class initialized using 'CodeIgniter\Session\Handlers\FileHandler' driver.
INFO - 2025-01-03 04:13:08 --> Session: Class initialized using 'CodeIgniter\Session\Handlers\FileHandler' driver.
INFO - 2025-01-03 04:13:09 --> Session: Class initialized using 'CodeIgniter\Session\Handlers\FileHandler' driver.
INFO - 2025-01-03 04:13:14 --> Session: Class initialized using 'CodeIgniter\Session\Handlers\FileHandler' driver.
INFO - 2025-01-03 04:13:15 --> Session: Class initialized using 'CodeIgniter\Session\Handlers\FileHandler' driver.
INFO - 2025-01-03 04:13:19 --> Session: Class initialized using 'CodeIgniter\Session\Handlers\FileHandler' driver.
INFO - 2025-01-03 04:13:20 --> Session: Class initialized using 'CodeIgniter\Session\Handlers\FileHandler' driver.
INFO - 2025-01-03 04:13:43 --> Session: Class initialized using 'CodeIgniter\Session\Handlers\FileHandler' driver.
INFO - 2025-01-03 04:13:43 --> Session: Class initialized using 'CodeIgniter\Session\Handlers\FileHandler' driver.
INFO - 2025-01-03 04:14:36 --> Session: Class initialized using 'CodeIgniter\Session\Handlers\FileHandler' driver.
INFO - 2025-01-03 04:14:37 --> Session: Class initialized using 'CodeIgniter\Session\Handlers\FileHandler' driver.
INFO - 2025-01-03 04:14:39 --> Session: Class initialized using 'CodeIgniter\Session\Handlers\FileHandler' driver.
INFO - 2025-01-03 04:14:39 --> Session: Class initialized using 'CodeIgniter\Session\Handlers\FileHandler' driver.
INFO - 2025-01-03 04:14:41 --> Session: Class initialized using 'CodeIgniter\Session\Handlers\FileHandler' driver.
INFO - 2025-01-03 04:14:41 --> Session: Class initialized using 'CodeIgniter\Session\Handlers\FileHandler' driver.
INFO - 2025-01-03 04:14:43 --> Session: Class initialized using 'CodeIgniter\Session\Handlers\FileHandler' driver.
WARNING - 2025-01-03 04:14:43 --> [DEPRECATED] strtotime(): Passing null to parameter #1 ($datetime) of type string is deprecated in APPPATH\Views\PoinMarket_Admin\Tabel\tabel_user.php on line 92.
 1 APPPATH\Views\PoinMarket_Admin\Tabel\tabel_user.php(92): strtotime(null)
 2 SYSTEMPATH\View\View.php(224): include('C:\\xampp\\htdocs\\PoinMarket\\app\\Views\\PoinMarket_Admin\\Tabel\\tabel_user.php')
 3 SYSTEMPATH\View\View.php(227): CodeIgniter\View\View->CodeIgniter\View\{closure}()
 4 SYSTEMPATH\View\View.php(452): CodeIgniter\View\View->render('PoinMarket_Admin/Tabel/tabel_user', null, true)
 5 APPPATH\Views\PoinMarket_Admin\Page\user.php(64): CodeIgniter\View\View->include('PoinMarket_Admin/Tabel/tabel_user')
 6 SYSTEMPATH\View\View.php(224): include('C:\\xampp\\htdocs\\PoinMarket\\app\\Views\\PoinMarket_Admin\\Page\\user.php')
 7 SYSTEMPATH\View\View.php(227): CodeIgniter\View\View->CodeIgniter\View\{closure}()
 8 SYSTEMPATH\Common.php(1180): CodeIgniter\View\View->render('PoinMarket_Admin/Page/user', [], true)
 9 APPPATH\Controllers\PoinMarket_Admin\User.php(64): view('PoinMarket_Admin/Page/user', [...])
10 SYSTEMPATH\CodeIgniter.php(932): App\Controllers\PoinMarket_Admin\User->index()
11 SYSTEMPATH\CodeIgniter.php(497): CodeIgniter\CodeIgniter->runController(Object(App\Controllers\PoinMarket_Admin\User))
12 SYSTEMPATH\CodeIgniter.php(366): CodeIgniter\CodeIgniter->handleRequest(null, Object(Config\Cache), false)
13 FCPATH\index.php(67): CodeIgniter\CodeIgniter->run()
14 SYSTEMPATH\Commands\Server\rewrite.php(47): require_once('C:\\xampp\\htdocs\\PoinMarket\\public\\index.php')
INFO - 2025-01-03 04:14:44 --> Session: Class initialized using 'CodeIgniter\Session\Handlers\FileHandler' driver.
WARNING - 2025-01-03 04:14:44 --> [DEPRECATED] strtotime(): Passing null to parameter #1 ($datetime) of type string is deprecated in APPPATH\Views\PoinMarket_Admin\Tabel\tabel_user.php on line 92.
 1 APPPATH\Views\PoinMarket_Admin\Tabel\tabel_user.php(92): strtotime(null)
 2 SYSTEMPATH\View\View.php(224): include('C:\\xampp\\htdocs\\PoinMarket\\app\\Views\\PoinMarket_Admin\\Tabel\\tabel_user.php')
 3 SYSTEMPATH\View\View.php(227): CodeIgniter\View\View->CodeIgniter\View\{closure}()
 4 SYSTEMPATH\View\View.php(452): CodeIgniter\View\View->render('PoinMarket_Admin/Tabel/tabel_user', null, true)
 5 APPPATH\Views\PoinMarket_Admin\Page\user.php(64): CodeIgniter\View\View->include('PoinMarket_Admin/Tabel/tabel_user')
 6 SYSTEMPATH\View\View.php(224): include('C:\\xampp\\htdocs\\PoinMarket\\app\\Views\\PoinMarket_Admin\\Page\\user.php')
 7 SYSTEMPATH\View\View.php(227): CodeIgniter\View\View->CodeIgniter\View\{closure}()
 8 SYSTEMPATH\Common.php(1180): CodeIgniter\View\View->render('PoinMarket_Admin/Page/user', [], true)
 9 APPPATH\Controllers\PoinMarket_Admin\User.php(64): view('PoinMarket_Admin/Page/user', [...])
10 SYSTEMPATH\CodeIgniter.php(932): App\Controllers\PoinMarket_Admin\User->index()
11 SYSTEMPATH\CodeIgniter.php(497): CodeIgniter\CodeIgniter->runController(Object(App\Controllers\PoinMarket_Admin\User))
12 SYSTEMPATH\CodeIgniter.php(366): CodeIgniter\CodeIgniter->handleRequest(null, Object(Config\Cache), false)
13 FCPATH\index.php(67): CodeIgniter\CodeIgniter->run()
14 SYSTEMPATH\Commands\Server\rewrite.php(47): require_once('C:\\xampp\\htdocs\\PoinMarket\\public\\index.php')
INFO - 2025-01-03 04:14:58 --> Session: Class initialized using 'CodeIgniter\Session\Handlers\FileHandler' driver.
WARNING - 2025-01-03 04:14:58 --> [DEPRECATED] strtotime(): Passing null to parameter #1 ($datetime) of type string is deprecated in APPPATH\Views\PoinMarket_Admin\Tabel\tabel_user.php on line 92.
 1 APPPATH\Views\PoinMarket_Admin\Tabel\tabel_user.php(92): strtotime(null)
 2 SYSTEMPATH\View\View.php(224): include('C:\\xampp\\htdocs\\PoinMarket\\app\\Views\\PoinMarket_Admin\\Tabel\\tabel_user.php')
 3 SYSTEMPATH\View\View.php(227): CodeIgniter\View\View->CodeIgniter\View\{closure}()
 4 SYSTEMPATH\View\View.php(452): CodeIgniter\View\View->render('PoinMarket_Admin/Tabel/tabel_user', null, true)
 5 APPPATH\Views\PoinMarket_Admin\Page\user.php(64): CodeIgniter\View\View->include('PoinMarket_Admin/Tabel/tabel_user')
 6 SYSTEMPATH\View\View.php(224): include('C:\\xampp\\htdocs\\PoinMarket\\app\\Views\\PoinMarket_Admin\\Page\\user.php')
 7 SYSTEMPATH\View\View.php(227): CodeIgniter\View\View->CodeIgniter\View\{closure}()
 8 SYSTEMPATH\Common.php(1180): CodeIgniter\View\View->render('PoinMarket_Admin/Page/user', [], true)
 9 APPPATH\Controllers\PoinMarket_Admin\User.php(64): view('PoinMarket_Admin/Page/user', [...])
10 SYSTEMPATH\CodeIgniter.php(932): App\Controllers\PoinMarket_Admin\User->index()
11 SYSTEMPATH\CodeIgniter.php(497): CodeIgniter\CodeIgniter->runController(Object(App\Controllers\PoinMarket_Admin\User))
12 SYSTEMPATH\CodeIgniter.php(366): CodeIgniter\CodeIgniter->handleRequest(null, Object(Config\Cache), false)
13 FCPATH\index.php(67): CodeIgniter\CodeIgniter->run()
14 SYSTEMPATH\Commands\Server\rewrite.php(47): require_once('C:\\xampp\\htdocs\\PoinMarket\\public\\index.php')
CRITICAL - 2025-01-03 04:14:58 --> Undefined variable $topMenuPages
in APPPATH\Views\PoinMarket_Admin\Template\topmenu.php on line 7.
 1 APPPATH\Views\PoinMarket_Admin\Template\topmenu.php(7): CodeIgniter\Debug\Exceptions->errorHandler(2, 'Undefined variable $topMenuPages', 'C:\\xampp\\htdocs\\PoinMarket\\app\\Views\\PoinMarket_Admin\\Template\\topmenu.php', 7)
 2 SYSTEMPATH\View\View.php(224): include('C:\\xampp\\htdocs\\PoinMarket\\app\\Views\\PoinMarket_Admin\\Template\\topmenu.php')
 3 SYSTEMPATH\View\View.php(227): CodeIgniter\View\View->CodeIgniter\View\{closure}()
 4 SYSTEMPATH\View\View.php(452): CodeIgniter\View\View->render('PoinMarket_Admin/Template/topmenu', null, true)
 5 APPPATH\Views\PoinMarket_Admin\Template\dashboard.php(221): CodeIgniter\View\View->include('PoinMarket_Admin/Template/topmenu')
 6 SYSTEMPATH\View\View.php(224): include('C:\\xampp\\htdocs\\PoinMarket\\app\\Views\\PoinMarket_Admin\\Template\\dashboard.php')
 7 SYSTEMPATH\View\View.php(227): CodeIgniter\View\View->CodeIgniter\View\{closure}()
 8 SYSTEMPATH\View\View.php(240): CodeIgniter\View\View->render('PoinMarket_Admin/Template/dashboard', [], true)
 9 SYSTEMPATH\Common.php(1180): CodeIgniter\View\View->render('PoinMarket_Admin/Page/user', [], true)
10 APPPATH\Controllers\PoinMarket_Admin\User.php(64): view('PoinMarket_Admin/Page/user', [...])
11 SYSTEMPATH\CodeIgniter.php(932): App\Controllers\PoinMarket_Admin\User->index()
12 SYSTEMPATH\CodeIgniter.php(497): CodeIgniter\CodeIgniter->runController(Object(App\Controllers\PoinMarket_Admin\User))
13 SYSTEMPATH\CodeIgniter.php(366): CodeIgniter\CodeIgniter->handleRequest(null, Object(Config\Cache), false)
14 FCPATH\index.php(67): CodeIgniter\CodeIgniter->run()
15 SYSTEMPATH\Commands\Server\rewrite.php(47): require_once('C:\\xampp\\htdocs\\PoinMarket\\public\\index.php')
INFO - 2025-01-03 04:15:48 --> Session: Class initialized using 'CodeIgniter\Session\Handlers\FileHandler' driver.
WARNING - 2025-01-03 04:15:48 --> [DEPRECATED] strtotime(): Passing null to parameter #1 ($datetime) of type string is deprecated in APPPATH\Views\PoinMarket_Admin\Tabel\tabel_user.php on line 92.
 1 APPPATH\Views\PoinMarket_Admin\Tabel\tabel_user.php(92): strtotime(null)
 2 SYSTEMPATH\View\View.php(224): include('C:\\xampp\\htdocs\\PoinMarket\\app\\Views\\PoinMarket_Admin\\Tabel\\tabel_user.php')
 3 SYSTEMPATH\View\View.php(227): CodeIgniter\View\View->CodeIgniter\View\{closure}()
 4 SYSTEMPATH\View\View.php(452): CodeIgniter\View\View->render('PoinMarket_Admin/Tabel/tabel_user', null, true)
 5 APPPATH\Views\PoinMarket_Admin\Page\user.php(64): CodeIgniter\View\View->include('PoinMarket_Admin/Tabel/tabel_user')
 6 SYSTEMPATH\View\View.php(224): include('C:\\xampp\\htdocs\\PoinMarket\\app\\Views\\PoinMarket_Admin\\Page\\user.php')
 7 SYSTEMPATH\View\View.php(227): CodeIgniter\View\View->CodeIgniter\View\{closure}()
 8 SYSTEMPATH\Common.php(1180): CodeIgniter\View\View->render('PoinMarket_Admin/Page/user', [], true)
 9 APPPATH\Controllers\PoinMarket_Admin\User.php(71): view('PoinMarket_Admin/Page/user', [...])
10 SYSTEMPATH\CodeIgniter.php(932): App\Controllers\PoinMarket_Admin\User->index()
11 SYSTEMPATH\CodeIgniter.php(497): CodeIgniter\CodeIgniter->runController(Object(App\Controllers\PoinMarket_Admin\User))
12 SYSTEMPATH\CodeIgniter.php(366): CodeIgniter\CodeIgniter->handleRequest(null, Object(Config\Cache), false)
13 FCPATH\index.php(67): CodeIgniter\CodeIgniter->run()
14 SYSTEMPATH\Commands\Server\rewrite.php(47): require_once('C:\\xampp\\htdocs\\PoinMarket\\public\\index.php')
INFO - 2025-01-03 04:15:48 --> Session: Class initialized using 'CodeIgniter\Session\Handlers\FileHandler' driver.
WARNING - 2025-01-03 04:15:48 --> [DEPRECATED] strtotime(): Passing null to parameter #1 ($datetime) of type string is deprecated in APPPATH\Views\PoinMarket_Admin\Tabel\tabel_user.php on line 92.
 1 APPPATH\Views\PoinMarket_Admin\Tabel\tabel_user.php(92): strtotime(null)
 2 SYSTEMPATH\View\View.php(224): include('C:\\xampp\\htdocs\\PoinMarket\\app\\Views\\PoinMarket_Admin\\Tabel\\tabel_user.php')
 3 SYSTEMPATH\View\View.php(227): CodeIgniter\View\View->CodeIgniter\View\{closure}()
 4 SYSTEMPATH\View\View.php(452): CodeIgniter\View\View->render('PoinMarket_Admin/Tabel/tabel_user', null, true)
 5 APPPATH\Views\PoinMarket_Admin\Page\user.php(64): CodeIgniter\View\View->include('PoinMarket_Admin/Tabel/tabel_user')
 6 SYSTEMPATH\View\View.php(224): include('C:\\xampp\\htdocs\\PoinMarket\\app\\Views\\PoinMarket_Admin\\Page\\user.php')
 7 SYSTEMPATH\View\View.php(227): CodeIgniter\View\View->CodeIgniter\View\{closure}()
 8 SYSTEMPATH\Common.php(1180): CodeIgniter\View\View->render('PoinMarket_Admin/Page/user', [], true)
 9 APPPATH\Controllers\PoinMarket_Admin\User.php(71): view('PoinMarket_Admin/Page/user', [...])
10 SYSTEMPATH\CodeIgniter.php(932): App\Controllers\PoinMarket_Admin\User->index()
11 SYSTEMPATH\CodeIgniter.php(497): CodeIgniter\CodeIgniter->runController(Object(App\Controllers\PoinMarket_Admin\User))
12 SYSTEMPATH\CodeIgniter.php(366): CodeIgniter\CodeIgniter->handleRequest(null, Object(Config\Cache), false)
13 FCPATH\index.php(67): CodeIgniter\CodeIgniter->run()
14 SYSTEMPATH\Commands\Server\rewrite.php(47): require_once('C:\\xampp\\htdocs\\PoinMarket\\public\\index.php')
INFO - 2025-01-03 04:15:53 --> Session: Class initialized using 'CodeIgniter\Session\Handlers\FileHandler' driver.
CRITICAL - 2025-01-03 04:15:53 --> Undefined variable $topMenuPages
in APPPATH\Views\PoinMarket_Admin\Template\topmenu.php on line 7.
 1 APPPATH\Views\PoinMarket_Admin\Template\topmenu.php(7): CodeIgniter\Debug\Exceptions->errorHandler(2, 'Undefined variable $topMenuPages', 'C:\\xampp\\htdocs\\PoinMarket\\app\\Views\\PoinMarket_Admin\\Template\\topmenu.php', 7)
 2 SYSTEMPATH\View\View.php(224): include('C:\\xampp\\htdocs\\PoinMarket\\app\\Views\\PoinMarket_Admin\\Template\\topmenu.php')
 3 SYSTEMPATH\View\View.php(227): CodeIgniter\View\View->CodeIgniter\View\{closure}()
 4 SYSTEMPATH\View\View.php(452): CodeIgniter\View\View->render('PoinMarket_Admin/Template/topmenu', null, true)
 5 APPPATH\Views\PoinMarket_Admin\Template\dashboard.php(221): CodeIgniter\View\View->include('PoinMarket_Admin/Template/topmenu')
 6 SYSTEMPATH\View\View.php(224): include('C:\\xampp\\htdocs\\PoinMarket\\app\\Views\\PoinMarket_Admin\\Template\\dashboard.php')
 7 SYSTEMPATH\View\View.php(227): CodeIgniter\View\View->CodeIgniter\View\{closure}()
 8 SYSTEMPATH\View\View.php(240): CodeIgniter\View\View->render('PoinMarket_Admin/Template/dashboard', [], true)
 9 SYSTEMPATH\Common.php(1180): CodeIgniter\View\View->render('PoinMarket_Admin/Page/mahasiswa', [], true)
10 APPPATH\Controllers\PoinMarket_Admin\Mahasiswa.php(51): view('PoinMarket_Admin/Page/mahasiswa', [...])
11 SYSTEMPATH\CodeIgniter.php(932): App\Controllers\PoinMarket_Admin\Mahasiswa->Index()
12 SYSTEMPATH\CodeIgniter.php(497): CodeIgniter\CodeIgniter->runController(Object(App\Controllers\PoinMarket_Admin\Mahasiswa))
13 SYSTEMPATH\CodeIgniter.php(366): CodeIgniter\CodeIgniter->handleRequest(null, Object(Config\Cache), false)
14 FCPATH\index.php(67): CodeIgniter\CodeIgniter->run()
15 SYSTEMPATH\Commands\Server\rewrite.php(47): require_once('C:\\xampp\\htdocs\\PoinMarket\\public\\index.php')
INFO - 2025-01-03 04:16:49 --> Session: Class initialized using 'CodeIgniter\Session\Handlers\FileHandler' driver.
INFO - 2025-01-03 04:16:49 --> Session: Class initialized using 'CodeIgniter\Session\Handlers\FileHandler' driver.
INFO - 2025-01-03 04:17:06 --> Session: Class initialized using 'CodeIgniter\Session\Handlers\FileHandler' driver.
CRITICAL - 2025-01-03 04:17:06 --> Undefined variable $topMenuPages
in APPPATH\Views\PoinMarket_Admin\Template\topmenu.php on line 7.
 1 APPPATH\Views\PoinMarket_Admin\Template\topmenu.php(7): CodeIgniter\Debug\Exceptions->errorHandler(2, 'Undefined variable $topMenuPages', 'C:\\xampp\\htdocs\\PoinMarket\\app\\Views\\PoinMarket_Admin\\Template\\topmenu.php', 7)
 2 SYSTEMPATH\View\View.php(224): include('C:\\xampp\\htdocs\\PoinMarket\\app\\Views\\PoinMarket_Admin\\Template\\topmenu.php')
 3 SYSTEMPATH\View\View.php(227): CodeIgniter\View\View->CodeIgniter\View\{closure}()
 4 SYSTEMPATH\View\View.php(452): CodeIgniter\View\View->render('PoinMarket_Admin/Template/topmenu', null, true)
 5 APPPATH\Views\PoinMarket_Admin\Template\dashboard.php(221): CodeIgniter\View\View->include('PoinMarket_Admin/Template/topmenu')
 6 SYSTEMPATH\View\View.php(224): include('C:\\xampp\\htdocs\\PoinMarket\\app\\Views\\PoinMarket_Admin\\Template\\dashboard.php')
 7 SYSTEMPATH\View\View.php(227): CodeIgniter\View\View->CodeIgniter\View\{closure}()
 8 SYSTEMPATH\View\View.php(240): CodeIgniter\View\View->render('PoinMarket_Admin/Template/dashboard', [], true)
 9 SYSTEMPATH\Common.php(1180): CodeIgniter\View\View->render('PoinMarket_Admin/Page/transaksi', [], true)
10 APPPATH\Controllers\PoinMarket_Admin\Transaksi.php(56): view('PoinMarket_Admin/Page/transaksi', [...])
11 SYSTEMPATH\CodeIgniter.php(932): App\Controllers\PoinMarket_Admin\Transaksi->index()
12 SYSTEMPATH\CodeIgniter.php(497): CodeIgniter\CodeIgniter->runController(Object(App\Controllers\PoinMarket_Admin\Transaksi))
13 SYSTEMPATH\CodeIgniter.php(366): CodeIgniter\CodeIgniter->handleRequest(null, Object(Config\Cache), false)
14 FCPATH\index.php(67): CodeIgniter\CodeIgniter->run()
15 SYSTEMPATH\Commands\Server\rewrite.php(47): require_once('C:\\xampp\\htdocs\\PoinMarket\\public\\index.php')
INFO - 2025-01-03 04:17:44 --> Session: Class initialized using 'CodeIgniter\Session\Handlers\FileHandler' driver.
INFO - 2025-01-03 04:17:45 --> Session: Class initialized using 'CodeIgniter\Session\Handlers\FileHandler' driver.
INFO - 2025-01-03 04:17:49 --> Session: Class initialized using 'CodeIgniter\Session\Handlers\FileHandler' driver.
CRITICAL - 2025-01-03 04:17:49 --> Undefined variable $topMenuPages
in APPPATH\Views\PoinMarket_Admin\Template\topmenu.php on line 7.
 1 APPPATH\Views\PoinMarket_Admin\Template\topmenu.php(7): CodeIgniter\Debug\Exceptions->errorHandler(2, 'Undefined variable $topMenuPages', 'C:\\xampp\\htdocs\\PoinMarket\\app\\Views\\PoinMarket_Admin\\Template\\topmenu.php', 7)
 2 SYSTEMPATH\View\View.php(224): include('C:\\xampp\\htdocs\\PoinMarket\\app\\Views\\PoinMarket_Admin\\Template\\topmenu.php')
 3 SYSTEMPATH\View\View.php(227): CodeIgniter\View\View->CodeIgniter\View\{closure}()
 4 SYSTEMPATH\View\View.php(452): CodeIgniter\View\View->render('PoinMarket_Admin/Template/topmenu', null, true)
 5 APPPATH\Views\PoinMarket_Admin\Template\dashboard.php(221): CodeIgniter\View\View->include('PoinMarket_Admin/Template/topmenu')
 6 SYSTEMPATH\View\View.php(224): include('C:\\xampp\\htdocs\\PoinMarket\\app\\Views\\PoinMarket_Admin\\Template\\dashboard.php')
 7 SYSTEMPATH\View\View.php(227): CodeIgniter\View\View->CodeIgniter\View\{closure}()
 8 SYSTEMPATH\View\View.php(240): CodeIgniter\View\View->render('PoinMarket_Admin/Template/dashboard', [], true)
 9 SYSTEMPATH\Common.php(1180): CodeIgniter\View\View->render('PoinMarket_Admin/Page/misi_tambah', [], true)
10 APPPATH\Controllers\PoinMarket_Admin\Misi_tambah.php(48): view('PoinMarket_Admin/Page/misi_tambah', [...])
11 SYSTEMPATH\CodeIgniter.php(932): App\Controllers\PoinMarket_Admin\Misi_tambah->index()
12 SYSTEMPATH\CodeIgniter.php(497): CodeIgniter\CodeIgniter->runController(Object(App\Controllers\PoinMarket_Admin\Misi_tambah))
13 SYSTEMPATH\CodeIgniter.php(366): CodeIgniter\CodeIgniter->handleRequest(null, Object(Config\Cache), false)
14 FCPATH\index.php(67): CodeIgniter\CodeIgniter->run()
15 SYSTEMPATH\Commands\Server\rewrite.php(47): require_once('C:\\xampp\\htdocs\\PoinMarket\\public\\index.php')
INFO - 2025-01-03 04:18:31 --> Session: Class initialized using 'CodeIgniter\Session\Handlers\FileHandler' driver.
INFO - 2025-01-03 04:18:32 --> Session: Class initialized using 'CodeIgniter\Session\Handlers\FileHandler' driver.
INFO - 2025-01-03 04:18:38 --> Session: Class initialized using 'CodeIgniter\Session\Handlers\FileHandler' driver.
CRITICAL - 2025-01-03 04:18:38 --> Undefined variable $topMenuPages
in APPPATH\Views\PoinMarket_Admin\Template\topmenu.php on line 7.
 1 APPPATH\Views\PoinMarket_Admin\Template\topmenu.php(7): CodeIgniter\Debug\Exceptions->errorHandler(2, 'Undefined variable $topMenuPages', 'C:\\xampp\\htdocs\\PoinMarket\\app\\Views\\PoinMarket_Admin\\Template\\topmenu.php', 7)
 2 SYSTEMPATH\View\View.php(224): include('C:\\xampp\\htdocs\\PoinMarket\\app\\Views\\PoinMarket_Admin\\Template\\topmenu.php')
 3 SYSTEMPATH\View\View.php(227): CodeIgniter\View\View->CodeIgniter\View\{closure}()
 4 SYSTEMPATH\View\View.php(452): CodeIgniter\View\View->render('PoinMarket_Admin/Template/topmenu', null, true)
 5 APPPATH\Views\PoinMarket_Admin\Template\dashboard.php(221): CodeIgniter\View\View->include('PoinMarket_Admin/Template/topmenu')
 6 SYSTEMPATH\View\View.php(224): include('C:\\xampp\\htdocs\\PoinMarket\\app\\Views\\PoinMarket_Admin\\Template\\dashboard.php')
 7 SYSTEMPATH\View\View.php(227): CodeIgniter\View\View->CodeIgniter\View\{closure}()
 8 SYSTEMPATH\View\View.php(240): CodeIgniter\View\View->render('PoinMarket_Admin/Template/dashboard', [], true)
 9 SYSTEMPATH\Common.php(1180): CodeIgniter\View\View->render('PoinMarket_Admin/Page/validasi', [], true)
10 APPPATH\Controllers\PoinMarket_Admin\Validasi.php(55): view('PoinMarket_Admin/Page/validasi', [...])
11 SYSTEMPATH\CodeIgniter.php(932): App\Controllers\PoinMarket_Admin\Validasi->index()
12 SYSTEMPATH\CodeIgniter.php(497): CodeIgniter\CodeIgniter->runController(Object(App\Controllers\PoinMarket_Admin\Validasi))
13 SYSTEMPATH\CodeIgniter.php(366): CodeIgniter\CodeIgniter->handleRequest(null, Object(Config\Cache), false)
14 FCPATH\index.php(67): CodeIgniter\CodeIgniter->run()
15 SYSTEMPATH\Commands\Server\rewrite.php(47): require_once('C:\\xampp\\htdocs\\PoinMarket\\public\\index.php')
INFO - 2025-01-03 04:19:22 --> Session: Class initialized using 'CodeIgniter\Session\Handlers\FileHandler' driver.
INFO - 2025-01-03 04:19:22 --> Session: Class initialized using 'CodeIgniter\Session\Handlers\FileHandler' driver.
INFO - 2025-01-03 04:19:24 --> Session: Class initialized using 'CodeIgniter\Session\Handlers\FileHandler' driver.
INFO - 2025-01-03 04:19:25 --> Session: Class initialized using 'CodeIgniter\Session\Handlers\FileHandler' driver.
INFO - 2025-01-03 04:19:27 --> Session: Class initialized using 'CodeIgniter\Session\Handlers\FileHandler' driver.
CRITICAL - 2025-01-03 04:19:27 --> Undefined variable $topMenuPages
in APPPATH\Views\PoinMarket_Admin\Template\topmenu.php on line 7.
 1 APPPATH\Views\PoinMarket_Admin\Template\topmenu.php(7): CodeIgniter\Debug\Exceptions->errorHandler(2, 'Undefined variable $topMenuPages', 'C:\\xampp\\htdocs\\PoinMarket\\app\\Views\\PoinMarket_Admin\\Template\\topmenu.php', 7)
 2 SYSTEMPATH\View\View.php(224): include('C:\\xampp\\htdocs\\PoinMarket\\app\\Views\\PoinMarket_Admin\\Template\\topmenu.php')
 3 SYSTEMPATH\View\View.php(227): CodeIgniter\View\View->CodeIgniter\View\{closure}()
 4 SYSTEMPATH\View\View.php(452): CodeIgniter\View\View->render('PoinMarket_Admin/Template/topmenu', null, true)
 5 APPPATH\Views\PoinMarket_Admin\Template\dashboard.php(221): CodeIgniter\View\View->include('PoinMarket_Admin/Template/topmenu')
 6 SYSTEMPATH\View\View.php(224): include('C:\\xampp\\htdocs\\PoinMarket\\app\\Views\\PoinMarket_Admin\\Template\\dashboard.php')
 7 SYSTEMPATH\View\View.php(227): CodeIgniter\View\View->CodeIgniter\View\{closure}()
 8 SYSTEMPATH\View\View.php(240): CodeIgniter\View\View->render('PoinMarket_Admin/Template/dashboard', [], true)
 9 SYSTEMPATH\Common.php(1180): CodeIgniter\View\View->render('PoinMarket_Admin/Page/jenis_transaksi', [], true)
10 APPPATH\Controllers\PoinMarket_Admin\Jenis_Transaksi.php(61): view('PoinMarket_Admin/Page/jenis_transaksi', [...])
11 SYSTEMPATH\CodeIgniter.php(932): App\Controllers\PoinMarket_Admin\Jenis_Transaksi->reward()
12 SYSTEMPATH\CodeIgniter.php(497): CodeIgniter\CodeIgniter->runController(Object(App\Controllers\PoinMarket_Admin\Jenis_Transaksi))
13 SYSTEMPATH\CodeIgniter.php(366): CodeIgniter\CodeIgniter->handleRequest(null, Object(Config\Cache), false)
14 FCPATH\index.php(67): CodeIgniter\CodeIgniter->run()
15 SYSTEMPATH\Commands\Server\rewrite.php(47): require_once('C:\\xampp\\htdocs\\PoinMarket\\public\\index.php')
INFO - 2025-01-03 04:20:50 --> Session: Class initialized using 'CodeIgniter\Session\Handlers\FileHandler' driver.
INFO - 2025-01-03 04:20:51 --> Session: Class initialized using 'CodeIgniter\Session\Handlers\FileHandler' driver.
INFO - 2025-01-03 04:20:53 --> Session: Class initialized using 'CodeIgniter\Session\Handlers\FileHandler' driver.
INFO - 2025-01-03 04:20:54 --> Session: Class initialized using 'CodeIgniter\Session\Handlers\FileHandler' driver.
INFO - 2025-01-03 04:20:56 --> Session: Class initialized using 'CodeIgniter\Session\Handlers\FileHandler' driver.
INFO - 2025-01-03 04:20:57 --> Session: Class initialized using 'CodeIgniter\Session\Handlers\FileHandler' driver.
INFO - 2025-01-03 04:20:58 --> Session: Class initialized using 'CodeIgniter\Session\Handlers\FileHandler' driver.
INFO - 2025-01-03 04:20:59 --> Session: Class initialized using 'CodeIgniter\Session\Handlers\FileHandler' driver.
INFO - 2025-01-03 04:21:00 --> Session: Class initialized using 'CodeIgniter\Session\Handlers\FileHandler' driver.
CRITICAL - 2025-01-03 04:21:00 --> Undefined variable $topMenuPages
in APPPATH\Views\PoinMarket_Admin\Template\topmenu.php on line 7.
 1 APPPATH\Views\PoinMarket_Admin\Template\topmenu.php(7): CodeIgniter\Debug\Exceptions->errorHandler(2, 'Undefined variable $topMenuPages', 'C:\\xampp\\htdocs\\PoinMarket\\app\\Views\\PoinMarket_Admin\\Template\\topmenu.php', 7)
 2 SYSTEMPATH\View\View.php(224): include('C:\\xampp\\htdocs\\PoinMarket\\app\\Views\\PoinMarket_Admin\\Template\\topmenu.php')
 3 SYSTEMPATH\View\View.php(227): CodeIgniter\View\View->CodeIgniter\View\{closure}()
 4 SYSTEMPATH\View\View.php(452): CodeIgniter\View\View->render('PoinMarket_Admin/Template/topmenu', null, true)
 5 APPPATH\Views\PoinMarket_Admin\Template\dashboard.php(221): CodeIgniter\View\View->include('PoinMarket_Admin/Template/topmenu')
 6 SYSTEMPATH\View\View.php(224): include('C:\\xampp\\htdocs\\PoinMarket\\app\\Views\\PoinMarket_Admin\\Template\\dashboard.php')
 7 SYSTEMPATH\View\View.php(227): CodeIgniter\View\View->CodeIgniter\View\{closure}()
 8 SYSTEMPATH\View\View.php(240): CodeIgniter\View\View->render('PoinMarket_Admin/Template/dashboard', [], true)
 9 SYSTEMPATH\Common.php(1180): CodeIgniter\View\View->render('PoinMarket_Admin/Page/transaksi_byCode', [], true)
10 APPPATH\Controllers\PoinMarket_Admin\Transaksi.php(101): view('PoinMarket_Admin/Page/transaksi_byCode', [...])
11 SYSTEMPATH\CodeIgniter.php(932): App\Controllers\PoinMarket_Admin\Transaksi->pembelian()
12 SYSTEMPATH\CodeIgniter.php(497): CodeIgniter\CodeIgniter->runController(Object(App\Controllers\PoinMarket_Admin\Transaksi))
13 SYSTEMPATH\CodeIgniter.php(366): CodeIgniter\CodeIgniter->handleRequest(null, Object(Config\Cache), false)
14 FCPATH\index.php(67): CodeIgniter\CodeIgniter->run()
15 SYSTEMPATH\Commands\Server\rewrite.php(47): require_once('C:\\xampp\\htdocs\\PoinMarket\\public\\index.php')
INFO - 2025-01-03 04:22:10 --> Session: Class initialized using 'CodeIgniter\Session\Handlers\FileHandler' driver.
INFO - 2025-01-03 04:22:10 --> Session: Class initialized using 'CodeIgniter\Session\Handlers\FileHandler' driver.
INFO - 2025-01-03 04:22:12 --> Session: Class initialized using 'CodeIgniter\Session\Handlers\FileHandler' driver.
INFO - 2025-01-03 04:22:12 --> Session: Class initialized using 'CodeIgniter\Session\Handlers\FileHandler' driver.
INFO - 2025-01-03 04:22:14 --> Session: Class initialized using 'CodeIgniter\Session\Handlers\FileHandler' driver.
INFO - 2025-01-03 04:22:14 --> Session: Class initialized using 'CodeIgniter\Session\Handlers\FileHandler' driver.
INFO - 2025-01-03 04:22:16 --> Session: Class initialized using 'CodeIgniter\Session\Handlers\FileHandler' driver.
CRITICAL - 2025-01-03 04:22:16 --> Undefined variable $topMenuPages
in APPPATH\Views\PoinMarket_Admin\Template\topmenu.php on line 7.
 1 APPPATH\Views\PoinMarket_Admin\Template\topmenu.php(7): CodeIgniter\Debug\Exceptions->errorHandler(2, 'Undefined variable $topMenuPages', 'C:\\xampp\\htdocs\\PoinMarket\\app\\Views\\PoinMarket_Admin\\Template\\topmenu.php', 7)
 2 SYSTEMPATH\View\View.php(224): include('C:\\xampp\\htdocs\\PoinMarket\\app\\Views\\PoinMarket_Admin\\Template\\topmenu.php')
 3 SYSTEMPATH\View\View.php(227): CodeIgniter\View\View->CodeIgniter\View\{closure}()
 4 SYSTEMPATH\View\View.php(452): CodeIgniter\View\View->render('PoinMarket_Admin/Template/topmenu', null, true)
 5 APPPATH\Views\PoinMarket_Admin\Template\dashboard.php(221): CodeIgniter\View\View->include('PoinMarket_Admin/Template/topmenu')
 6 SYSTEMPATH\View\View.php(224): include('C:\\xampp\\htdocs\\PoinMarket\\app\\Views\\PoinMarket_Admin\\Template\\dashboard.php')
 7 SYSTEMPATH\View\View.php(227): CodeIgniter\View\View->CodeIgniter\View\{closure}()
 8 SYSTEMPATH\View\View.php(240): CodeIgniter\View\View->render('PoinMarket_Admin/Template/dashboard', [], true)
 9 SYSTEMPATH\Common.php(1180): CodeIgniter\View\View->render('PoinMarket_Admin/Page/badges', [], true)
10 APPPATH\Controllers\PoinMarket_Admin\Badges.php(30): view('PoinMarket_Admin/Page/badges', [...])
11 SYSTEMPATH\CodeIgniter.php(932): App\Controllers\PoinMarket_Admin\Badges->index()
12 SYSTEMPATH\CodeIgniter.php(497): CodeIgniter\CodeIgniter->runController(Object(App\Controllers\PoinMarket_Admin\Badges))
13 SYSTEMPATH\CodeIgniter.php(366): CodeIgniter\CodeIgniter->handleRequest(null, Object(Config\Cache), false)
14 FCPATH\index.php(67): CodeIgniter\CodeIgniter->run()
15 SYSTEMPATH\Commands\Server\rewrite.php(47): require_once('C:\\xampp\\htdocs\\PoinMarket\\public\\index.php')
INFO - 2025-01-03 04:22:54 --> Session: Class initialized using 'CodeIgniter\Session\Handlers\FileHandler' driver.
INFO - 2025-01-03 04:22:55 --> Session: Class initialized using 'CodeIgniter\Session\Handlers\FileHandler' driver.
INFO - 2025-01-03 04:22:59 --> Session: Class initialized using 'CodeIgniter\Session\Handlers\FileHandler' driver.
CRITICAL - 2025-01-03 04:22:59 --> Undefined variable $topMenuPages
in APPPATH\Views\PoinMarket_Admin\Template\topmenu.php on line 7.
 1 APPPATH\Views\PoinMarket_Admin\Template\topmenu.php(7): CodeIgniter\Debug\Exceptions->errorHandler(2, 'Undefined variable $topMenuPages', 'C:\\xampp\\htdocs\\PoinMarket\\app\\Views\\PoinMarket_Admin\\Template\\topmenu.php', 7)
 2 SYSTEMPATH\View\View.php(224): include('C:\\xampp\\htdocs\\PoinMarket\\app\\Views\\PoinMarket_Admin\\Template\\topmenu.php')
 3 SYSTEMPATH\View\View.php(227): CodeIgniter\View\View->CodeIgniter\View\{closure}()
 4 SYSTEMPATH\View\View.php(452): CodeIgniter\View\View->render('PoinMarket_Admin/Template/topmenu', null, true)
 5 APPPATH\Views\PoinMarket_Admin\Template\dashboard.php(221): CodeIgniter\View\View->include('PoinMarket_Admin/Template/topmenu')
 6 SYSTEMPATH\View\View.php(224): include('C:\\xampp\\htdocs\\PoinMarket\\app\\Views\\PoinMarket_Admin\\Template\\dashboard.php')
 7 SYSTEMPATH\View\View.php(227): CodeIgniter\View\View->CodeIgniter\View\{closure}()
 8 SYSTEMPATH\View\View.php(240): CodeIgniter\View\View->render('PoinMarket_Admin/Template/dashboard', [], true)
 9 SYSTEMPATH\Common.php(1180): CodeIgniter\View\View->render('PoinMarket_Admin/Page/profile', [], true)
10 APPPATH\Controllers\PoinMarket_Admin\Admin.php(92): view('PoinMarket_Admin/Page/profile', [...])
11 SYSTEMPATH\CodeIgniter.php(932): App\Controllers\PoinMarket_Admin\Admin->profile('1')
12 SYSTEMPATH\CodeIgniter.php(497): CodeIgniter\CodeIgniter->runController(Object(App\Controllers\PoinMarket_Admin\Admin))
13 SYSTEMPATH\CodeIgniter.php(366): CodeIgniter\CodeIgniter->handleRequest(null, Object(Config\Cache), false)
14 FCPATH\index.php(67): CodeIgniter\CodeIgniter->run()
15 SYSTEMPATH\Commands\Server\rewrite.php(47): require_once('C:\\xampp\\htdocs\\PoinMarket\\public\\index.php')
INFO - 2025-01-03 04:23:31 --> Session: Class initialized using 'CodeIgniter\Session\Handlers\FileHandler' driver.
INFO - 2025-01-03 04:23:32 --> Session: Class initialized using 'CodeIgniter\Session\Handlers\FileHandler' driver.
INFO - 2025-01-03 04:23:35 --> Session: Class initialized using 'CodeIgniter\Session\Handlers\FileHandler' driver.
INFO - 2025-01-03 04:23:35 --> Session: Class initialized using 'CodeIgniter\Session\Handlers\FileHandler' driver.
INFO - 2025-01-03 04:23:39 --> Session: Class initialized using 'CodeIgniter\Session\Handlers\FileHandler' driver.
INFO - 2025-01-03 04:23:40 --> Session: Class initialized using 'CodeIgniter\Session\Handlers\FileHandler' driver.
INFO - 2025-01-03 04:23:41 --> Session: Class initialized using 'CodeIgniter\Session\Handlers\FileHandler' driver.
INFO - 2025-01-03 04:23:42 --> Session: Class initialized using 'CodeIgniter\Session\Handlers\FileHandler' driver.
INFO - 2025-01-03 04:33:19 --> Session: Class initialized using 'CodeIgniter\Session\Handlers\FileHandler' driver.
INFO - 2025-01-03 04:33:21 --> Session: Class initialized using 'CodeIgniter\Session\Handlers\FileHandler' driver.
INFO - 2025-01-03 04:33:23 --> Session: Class initialized using 'CodeIgniter\Session\Handlers\FileHandler' driver.
INFO - 2025-01-03 04:33:23 --> Session: Class initialized using 'CodeIgniter\Session\Handlers\FileHandler' driver.
INFO - 2025-01-03 06:44:26 --> Session: Class initialized using 'CodeIgniter\Session\Handlers\FileHandler' driver.
INFO - 2025-01-03 06:44:27 --> Session: Class initialized using 'CodeIgniter\Session\Handlers\FileHandler' driver.
INFO - 2025-01-03 07:00:09 --> Session: Class initialized using 'CodeIgniter\Session\Handlers\FileHandler' driver.
INFO - 2025-01-03 07:00:11 --> Session: Class initialized using 'CodeIgniter\Session\Handlers\FileHandler' driver.
INFO - 2025-01-03 07:00:11 --> Session: Class initialized using 'CodeIgniter\Session\Handlers\FileHandler' driver.
INFO - 2025-01-03 07:00:12 --> Session: Class initialized using 'CodeIgniter\Session\Handlers\FileHandler' driver.
INFO - 2025-01-03 07:00:16 --> Session: Class initialized using 'CodeIgniter\Session\Handlers\FileHandler' driver.
INFO - 2025-01-03 07:00:17 --> Session: Class initialized using 'CodeIgniter\Session\Handlers\FileHandler' driver.
INFO - 2025-01-03 07:00:23 --> Session: Class initialized using 'CodeIgniter\Session\Handlers\FileHandler' driver.
INFO - 2025-01-03 07:00:23 --> Session: Class initialized using 'CodeIgniter\Session\Handlers\FileHandler' driver.
INFO - 2025-01-03 07:00:24 --> Session: Class initialized using 'CodeIgniter\Session\Handlers\FileHandler' driver.
INFO - 2025-01-03 07:00:31 --> Session: Class initialized using 'CodeIgniter\Session\Handlers\FileHandler' driver.
ERROR - 2025-01-03 07:00:31 --> mysqli_sql_exception: Cannot delete or update a parent row: a foreign key constraint fails (`poin_market`.`data_transaksi`, CONSTRAINT `data_transaksi_ibfk_1` FOREIGN KEY (`npm`) REFERENCES `mahasiswa` (`npm`)) in C:\xampp\htdocs\PoinMarket\system\Database\MySQLi\Connection.php:295
Stack trace:
#0 C:\xampp\htdocs\PoinMarket\system\Database\MySQLi\Connection.php(295): mysqli->query('UPDATE `mahasis...', 0)
#1 C:\xampp\htdocs\PoinMarket\system\Database\BaseConnection.php(692): CodeIgniter\Database\MySQLi\Connection->execute('UPDATE `mahasis...')
#2 C:\xampp\htdocs\PoinMarket\system\Database\BaseConnection.php(606): CodeIgniter\Database\BaseConnection->simpleQuery('UPDATE `mahasis...')
#3 C:\xampp\htdocs\PoinMarket\system\Database\BaseBuilder.php(2476): CodeIgniter\Database\BaseConnection->query('UPDATE `mahasis...', Array, false)
#4 C:\xampp\htdocs\PoinMarket\system\Model.php(396): CodeIgniter\Database\BaseBuilder->update()
#5 C:\xampp\htdocs\PoinMarket\system\BaseModel.php(943): CodeIgniter\Model->doUpdate(Array, Array)
#6 C:\xampp\htdocs\PoinMarket\system\Model.php(756): CodeIgniter\BaseModel->update(Array, Array)
#7 C:\xampp\htdocs\PoinMarket\app\Controllers\PoinMarket_Admin\Mahasiswa.php(114): CodeIgniter\Model->update('53', Array)
#8 C:\xampp\htdocs\PoinMarket\system\CodeIgniter.php(932): App\Controllers\PoinMarket_Admin\Mahasiswa->update_Mhs('53')
#9 C:\xampp\htdocs\PoinMarket\system\CodeIgniter.php(497): CodeIgniter\CodeIgniter->runController(Object(App\Controllers\PoinMarket_Admin\Mahasiswa))
#10 C:\xampp\htdocs\PoinMarket\system\CodeIgniter.php(366): CodeIgniter\CodeIgniter->handleRequest(NULL, Object(Config\Cache), false)
#11 C:\xampp\htdocs\PoinMarket\public\index.php(67): CodeIgniter\CodeIgniter->run()
#12 C:\xampp\htdocs\PoinMarket\system\Commands\Server\rewrite.php(47): require_once('C:\\xampp\\htdocs...')
#13 {main}
CRITICAL - 2025-01-03 07:00:32 --> Cannot delete or update a parent row: a foreign key constraint fails (`poin_market`.`data_transaksi`, CONSTRAINT `data_transaksi_ibfk_1` FOREIGN KEY (`npm`) REFERENCES `mahasiswa` (`npm`))
in SYSTEMPATH\Database\MySQLi\Connection.php on line 295.
 1 SYSTEMPATH\Database\MySQLi\Connection.php(295): mysqli->query('UPDATE `mahasiswa` SET `nama` = \'Andika Dwi A\', `npm` = \'123455\', `point` = \'30\', `gaya_belajar` = \'Visual\', `updated_at` = \'2025-01-03 07:00:31\'
WHERE `mahasiswa`.`id` IN (\'53\')', 0)
 2 SYSTEMPATH\Database\BaseConnection.php(692): CodeIgniter\Database\MySQLi\Connection->execute('UPDATE `mahasiswa` SET `nama` = \'Andika Dwi A\', `npm` = \'123455\', `point` = \'30\', `gaya_belajar` = \'Visual\', `updated_at` = \'2025-01-03 07:00:31\'
WHERE `mahasiswa`.`id` IN (\'53\')')
 3 SYSTEMPATH\Database\BaseConnection.php(606): CodeIgniter\Database\BaseConnection->simpleQuery('UPDATE `mahasiswa` SET `nama` = \'Andika Dwi A\', `npm` = \'123455\', `point` = \'30\', `gaya_belajar` = \'Visual\', `updated_at` = \'2025-01-03 07:00:31\'
WHERE `mahasiswa`.`id` IN (\'53\')')
 4 SYSTEMPATH\Database\BaseBuilder.php(2476): CodeIgniter\Database\BaseConnection->query('UPDATE `mahasiswa` SET `nama` = :nama:, `npm` = :npm:, `point` = :point:, `gaya_belajar` = :gaya_belajar:, `updated_at` = :updated_at:
WHERE `mahasiswa`.`id` IN :mahasiswa.id:', [...], false)
 5 SYSTEMPATH\Model.php(396): CodeIgniter\Database\BaseBuilder->update()
 6 SYSTEMPATH\BaseModel.php(943): CodeIgniter\Model->doUpdate([...], [...])
 7 SYSTEMPATH\Model.php(756): CodeIgniter\BaseModel->update([...], [...])
 8 APPPATH\Controllers\PoinMarket_Admin\Mahasiswa.php(114): CodeIgniter\Model->update('53', [...])
 9 SYSTEMPATH\CodeIgniter.php(932): App\Controllers\PoinMarket_Admin\Mahasiswa->update_Mhs('53')
10 SYSTEMPATH\CodeIgniter.php(497): CodeIgniter\CodeIgniter->runController(Object(App\Controllers\PoinMarket_Admin\Mahasiswa))
11 SYSTEMPATH\CodeIgniter.php(366): CodeIgniter\CodeIgniter->handleRequest(null, Object(Config\Cache), false)
12 FCPATH\index.php(67): CodeIgniter\CodeIgniter->run()
13 SYSTEMPATH\Commands\Server\rewrite.php(47): require_once('C:\\xampp\\htdocs\\PoinMarket\\public\\index.php')
INFO - 2025-01-03 07:01:26 --> Session: Class initialized using 'CodeIgniter\Session\Handlers\FileHandler' driver.
INFO - 2025-01-03 07:01:26 --> Session: Class initialized using 'CodeIgniter\Session\Handlers\FileHandler' driver.
INFO - 2025-01-03 07:01:27 --> Session: Class initialized using 'CodeIgniter\Session\Handlers\FileHandler' driver.
INFO - 2025-01-03 07:01:28 --> Session: Class initialized using 'CodeIgniter\Session\Handlers\FileHandler' driver.
INFO - 2025-01-03 07:01:32 --> Session: Class initialized using 'CodeIgniter\Session\Handlers\FileHandler' driver.
ERROR - 2025-01-03 07:01:32 --> mysqli_sql_exception: Cannot delete or update a parent row: a foreign key constraint fails (`poin_market`.`data_transaksi`, CONSTRAINT `data_transaksi_ibfk_1` FOREIGN KEY (`npm`) REFERENCES `mahasiswa` (`npm`)) in C:\xampp\htdocs\PoinMarket\system\Database\MySQLi\Connection.php:295
Stack trace:
#0 C:\xampp\htdocs\PoinMarket\system\Database\MySQLi\Connection.php(295): mysqli->query('UPDATE `mahasis...', 0)
#1 C:\xampp\htdocs\PoinMarket\system\Database\BaseConnection.php(692): CodeIgniter\Database\MySQLi\Connection->execute('UPDATE `mahasis...')
#2 C:\xampp\htdocs\PoinMarket\system\Database\BaseConnection.php(606): CodeIgniter\Database\BaseConnection->simpleQuery('UPDATE `mahasis...')
#3 C:\xampp\htdocs\PoinMarket\system\Database\BaseBuilder.php(2476): CodeIgniter\Database\BaseConnection->query('UPDATE `mahasis...', Array, false)
#4 C:\xampp\htdocs\PoinMarket\system\Model.php(396): CodeIgniter\Database\BaseBuilder->update()
#5 C:\xampp\htdocs\PoinMarket\system\BaseModel.php(943): CodeIgniter\Model->doUpdate(Array, Array)
#6 C:\xampp\htdocs\PoinMarket\system\Model.php(756): CodeIgniter\BaseModel->update(Array, Array)
#7 C:\xampp\htdocs\PoinMarket\app\Controllers\PoinMarket_Admin\Mahasiswa.php(114): CodeIgniter\Model->update('53', Array)
#8 C:\xampp\htdocs\PoinMarket\system\CodeIgniter.php(932): App\Controllers\PoinMarket_Admin\Mahasiswa->update_Mhs('53')
#9 C:\xampp\htdocs\PoinMarket\system\CodeIgniter.php(497): CodeIgniter\CodeIgniter->runController(Object(App\Controllers\PoinMarket_Admin\Mahasiswa))
#10 C:\xampp\htdocs\PoinMarket\system\CodeIgniter.php(366): CodeIgniter\CodeIgniter->handleRequest(NULL, Object(Config\Cache), false)
#11 C:\xampp\htdocs\PoinMarket\public\index.php(67): CodeIgniter\CodeIgniter->run()
#12 C:\xampp\htdocs\PoinMarket\system\Commands\Server\rewrite.php(47): require_once('C:\\xampp\\htdocs...')
#13 {main}
CRITICAL - 2025-01-03 07:01:32 --> Cannot delete or update a parent row: a foreign key constraint fails (`poin_market`.`data_transaksi`, CONSTRAINT `data_transaksi_ibfk_1` FOREIGN KEY (`npm`) REFERENCES `mahasiswa` (`npm`))
in SYSTEMPATH\Database\MySQLi\Connection.php on line 295.
 1 SYSTEMPATH\Database\MySQLi\Connection.php(295): mysqli->query('UPDATE `mahasiswa` SET `nama` = \'Andika Dwi A\', `npm` = \'123454\', `point` = \'30\', `gaya_belajar` = \'Visual\', `updated_at` = \'2025-01-03 07:01:32\'
WHERE `mahasiswa`.`id` IN (\'53\')', 0)
 2 SYSTEMPATH\Database\BaseConnection.php(692): CodeIgniter\Database\MySQLi\Connection->execute('UPDATE `mahasiswa` SET `nama` = \'Andika Dwi A\', `npm` = \'123454\', `point` = \'30\', `gaya_belajar` = \'Visual\', `updated_at` = \'2025-01-03 07:01:32\'
WHERE `mahasiswa`.`id` IN (\'53\')')
 3 SYSTEMPATH\Database\BaseConnection.php(606): CodeIgniter\Database\BaseConnection->simpleQuery('UPDATE `mahasiswa` SET `nama` = \'Andika Dwi A\', `npm` = \'123454\', `point` = \'30\', `gaya_belajar` = \'Visual\', `updated_at` = \'2025-01-03 07:01:32\'
WHERE `mahasiswa`.`id` IN (\'53\')')
 4 SYSTEMPATH\Database\BaseBuilder.php(2476): CodeIgniter\Database\BaseConnection->query('UPDATE `mahasiswa` SET `nama` = :nama:, `npm` = :npm:, `point` = :point:, `gaya_belajar` = :gaya_belajar:, `updated_at` = :updated_at:
WHERE `mahasiswa`.`id` IN :mahasiswa.id:', [...], false)
 5 SYSTEMPATH\Model.php(396): CodeIgniter\Database\BaseBuilder->update()
 6 SYSTEMPATH\BaseModel.php(943): CodeIgniter\Model->doUpdate([...], [...])
 7 SYSTEMPATH\Model.php(756): CodeIgniter\BaseModel->update([...], [...])
 8 APPPATH\Controllers\PoinMarket_Admin\Mahasiswa.php(114): CodeIgniter\Model->update('53', [...])
 9 SYSTEMPATH\CodeIgniter.php(932): App\Controllers\PoinMarket_Admin\Mahasiswa->update_Mhs('53')
10 SYSTEMPATH\CodeIgniter.php(497): CodeIgniter\CodeIgniter->runController(Object(App\Controllers\PoinMarket_Admin\Mahasiswa))
11 SYSTEMPATH\CodeIgniter.php(366): CodeIgniter\CodeIgniter->handleRequest(null, Object(Config\Cache), false)
12 FCPATH\index.php(67): CodeIgniter\CodeIgniter->run()
13 SYSTEMPATH\Commands\Server\rewrite.php(47): require_once('C:\\xampp\\htdocs\\PoinMarket\\public\\index.php')
INFO - 2025-01-03 07:03:00 --> Session: Class initialized using 'CodeIgniter\Session\Handlers\FileHandler' driver.
INFO - 2025-01-03 07:03:00 --> Session: Class initialized using 'CodeIgniter\Session\Handlers\FileHandler' driver.
INFO - 2025-01-03 07:03:01 --> Session: Class initialized using 'CodeIgniter\Session\Handlers\FileHandler' driver.
INFO - 2025-01-03 07:03:02 --> Session: Class initialized using 'CodeIgniter\Session\Handlers\FileHandler' driver.
INFO - 2025-01-03 07:03:06 --> Session: Class initialized using 'CodeIgniter\Session\Handlers\FileHandler' driver.
ERROR - 2025-01-03 07:03:06 --> mysqli_sql_exception: Cannot add or update a child row: a foreign key constraint fails (`poin_market`.`mahasiswa`, CONSTRAINT `mahasiswa_ibfk_1` FOREIGN KEY (`npm`) REFERENCES `data_transaksi` (`npm`) ON DELETE CASCADE ON UPDATE CASCADE) in C:\xampp\htdocs\PoinMarket\system\Database\MySQLi\Connection.php:295
Stack trace:
#0 C:\xampp\htdocs\PoinMarket\system\Database\MySQLi\Connection.php(295): mysqli->query('UPDATE `mahasis...', 0)
#1 C:\xampp\htdocs\PoinMarket\system\Database\BaseConnection.php(692): CodeIgniter\Database\MySQLi\Connection->execute('UPDATE `mahasis...')
#2 C:\xampp\htdocs\PoinMarket\system\Database\BaseConnection.php(606): CodeIgniter\Database\BaseConnection->simpleQuery('UPDATE `mahasis...')
#3 C:\xampp\htdocs\PoinMarket\system\Database\BaseBuilder.php(2476): CodeIgniter\Database\BaseConnection->query('UPDATE `mahasis...', Array, false)
#4 C:\xampp\htdocs\PoinMarket\system\Model.php(396): CodeIgniter\Database\BaseBuilder->update()
#5 C:\xampp\htdocs\PoinMarket\system\BaseModel.php(943): CodeIgniter\Model->doUpdate(Array, Array)
#6 C:\xampp\htdocs\PoinMarket\system\Model.php(756): CodeIgniter\BaseModel->update(Array, Array)
#7 C:\xampp\htdocs\PoinMarket\app\Controllers\PoinMarket_Admin\Mahasiswa.php(114): CodeIgniter\Model->update('53', Array)
#8 C:\xampp\htdocs\PoinMarket\system\CodeIgniter.php(932): App\Controllers\PoinMarket_Admin\Mahasiswa->update_Mhs('53')
#9 C:\xampp\htdocs\PoinMarket\system\CodeIgniter.php(497): CodeIgniter\CodeIgniter->runController(Object(App\Controllers\PoinMarket_Admin\Mahasiswa))
#10 C:\xampp\htdocs\PoinMarket\system\CodeIgniter.php(366): CodeIgniter\CodeIgniter->handleRequest(NULL, Object(Config\Cache), false)
#11 C:\xampp\htdocs\PoinMarket\public\index.php(67): CodeIgniter\CodeIgniter->run()
#12 C:\xampp\htdocs\PoinMarket\system\Commands\Server\rewrite.php(47): require_once('C:\\xampp\\htdocs...')
#13 {main}
CRITICAL - 2025-01-03 07:03:06 --> Cannot add or update a child row: a foreign key constraint fails (`poin_market`.`mahasiswa`, CONSTRAINT `mahasiswa_ibfk_1` FOREIGN KEY (`npm`) REFERENCES `data_transaksi` (`npm`) ON DELETE CASCADE ON UPDATE CASCADE)
in SYSTEMPATH\Database\MySQLi\Connection.php on line 295.
 1 SYSTEMPATH\Database\MySQLi\Connection.php(295): mysqli->query('UPDATE `mahasiswa` SET `nama` = \'Andika Dwi A\', `npm` = \'123455\', `point` = \'30\', `gaya_belajar` = \'Visual\', `updated_at` = \'2025-01-03 07:03:06\'
WHERE `mahasiswa`.`id` IN (\'53\')', 0)
 2 SYSTEMPATH\Database\BaseConnection.php(692): CodeIgniter\Database\MySQLi\Connection->execute('UPDATE `mahasiswa` SET `nama` = \'Andika Dwi A\', `npm` = \'123455\', `point` = \'30\', `gaya_belajar` = \'Visual\', `updated_at` = \'2025-01-03 07:03:06\'
WHERE `mahasiswa`.`id` IN (\'53\')')
 3 SYSTEMPATH\Database\BaseConnection.php(606): CodeIgniter\Database\BaseConnection->simpleQuery('UPDATE `mahasiswa` SET `nama` = \'Andika Dwi A\', `npm` = \'123455\', `point` = \'30\', `gaya_belajar` = \'Visual\', `updated_at` = \'2025-01-03 07:03:06\'
WHERE `mahasiswa`.`id` IN (\'53\')')
 4 SYSTEMPATH\Database\BaseBuilder.php(2476): CodeIgniter\Database\BaseConnection->query('UPDATE `mahasiswa` SET `nama` = :nama:, `npm` = :npm:, `point` = :point:, `gaya_belajar` = :gaya_belajar:, `updated_at` = :updated_at:
WHERE `mahasiswa`.`id` IN :mahasiswa.id:', [...], false)
 5 SYSTEMPATH\Model.php(396): CodeIgniter\Database\BaseBuilder->update()
 6 SYSTEMPATH\BaseModel.php(943): CodeIgniter\Model->doUpdate([...], [...])
 7 SYSTEMPATH\Model.php(756): CodeIgniter\BaseModel->update([...], [...])
 8 APPPATH\Controllers\PoinMarket_Admin\Mahasiswa.php(114): CodeIgniter\Model->update('53', [...])
 9 SYSTEMPATH\CodeIgniter.php(932): App\Controllers\PoinMarket_Admin\Mahasiswa->update_Mhs('53')
10 SYSTEMPATH\CodeIgniter.php(497): CodeIgniter\CodeIgniter->runController(Object(App\Controllers\PoinMarket_Admin\Mahasiswa))
11 SYSTEMPATH\CodeIgniter.php(366): CodeIgniter\CodeIgniter->handleRequest(null, Object(Config\Cache), false)
12 FCPATH\index.php(67): CodeIgniter\CodeIgniter->run()
13 SYSTEMPATH\Commands\Server\rewrite.php(47): require_once('C:\\xampp\\htdocs\\PoinMarket\\public\\index.php')
INFO - 2025-01-03 07:03:18 --> Session: Class initialized using 'CodeIgniter\Session\Handlers\FileHandler' driver.
INFO - 2025-01-03 07:03:18 --> Session: Class initialized using 'CodeIgniter\Session\Handlers\FileHandler' driver.
INFO - 2025-01-03 07:03:54 --> Session: Class initialized using 'CodeIgniter\Session\Handlers\FileHandler' driver.
INFO - 2025-01-03 07:03:55 --> Session: Class initialized using 'CodeIgniter\Session\Handlers\FileHandler' driver.
INFO - 2025-01-03 07:03:59 --> Session: Class initialized using 'CodeIgniter\Session\Handlers\FileHandler' driver.
INFO - 2025-01-03 07:03:59 --> Session: Class initialized using 'CodeIgniter\Session\Handlers\FileHandler' driver.
INFO - 2025-01-03 07:03:59 --> Session: Class initialized using 'CodeIgniter\Session\Handlers\FileHandler' driver.
INFO - 2025-01-03 07:04:06 --> Session: Class initialized using 'CodeIgniter\Session\Handlers\FileHandler' driver.
ERROR - 2025-01-03 07:04:06 --> mysqli_sql_exception: Cannot add or update a child row: a foreign key constraint fails (`poin_market`.`mahasiswa`, CONSTRAINT `mahasiswa_ibfk_1` FOREIGN KEY (`npm`) REFERENCES `data_transaksi` (`npm`)) in C:\xampp\htdocs\PoinMarket\system\Database\MySQLi\Connection.php:295
Stack trace:
#0 C:\xampp\htdocs\PoinMarket\system\Database\MySQLi\Connection.php(295): mysqli->query('UPDATE `mahasis...', 0)
#1 C:\xampp\htdocs\PoinMarket\system\Database\BaseConnection.php(692): CodeIgniter\Database\MySQLi\Connection->execute('UPDATE `mahasis...')
#2 C:\xampp\htdocs\PoinMarket\system\Database\BaseConnection.php(606): CodeIgniter\Database\BaseConnection->simpleQuery('UPDATE `mahasis...')
#3 C:\xampp\htdocs\PoinMarket\system\Database\BaseBuilder.php(2476): CodeIgniter\Database\BaseConnection->query('UPDATE `mahasis...', Array, false)
#4 C:\xampp\htdocs\PoinMarket\system\Model.php(396): CodeIgniter\Database\BaseBuilder->update()
#5 C:\xampp\htdocs\PoinMarket\system\BaseModel.php(943): CodeIgniter\Model->doUpdate(Array, Array)
#6 C:\xampp\htdocs\PoinMarket\system\Model.php(756): CodeIgniter\BaseModel->update(Array, Array)
#7 C:\xampp\htdocs\PoinMarket\app\Controllers\PoinMarket_Admin\Mahasiswa.php(114): CodeIgniter\Model->update('53', Array)
#8 C:\xampp\htdocs\PoinMarket\system\CodeIgniter.php(932): App\Controllers\PoinMarket_Admin\Mahasiswa->update_Mhs('53')
#9 C:\xampp\htdocs\PoinMarket\system\CodeIgniter.php(497): CodeIgniter\CodeIgniter->runController(Object(App\Controllers\PoinMarket_Admin\Mahasiswa))
#10 C:\xampp\htdocs\PoinMarket\system\CodeIgniter.php(366): CodeIgniter\CodeIgniter->handleRequest(NULL, Object(Config\Cache), false)
#11 C:\xampp\htdocs\PoinMarket\public\index.php(67): CodeIgniter\CodeIgniter->run()
#12 C:\xampp\htdocs\PoinMarket\system\Commands\Server\rewrite.php(47): require_once('C:\\xampp\\htdocs...')
#13 {main}
CRITICAL - 2025-01-03 07:04:06 --> Cannot add or update a child row: a foreign key constraint fails (`poin_market`.`mahasiswa`, CONSTRAINT `mahasiswa_ibfk_1` FOREIGN KEY (`npm`) REFERENCES `data_transaksi` (`npm`))
in SYSTEMPATH\Database\MySQLi\Connection.php on line 295.
 1 SYSTEMPATH\Database\MySQLi\Connection.php(295): mysqli->query('UPDATE `mahasiswa` SET `nama` = \'Andika Dwi \', `npm` = \'123451\', `point` = \'30\', `gaya_belajar` = \'Visual\', `updated_at` = \'2025-01-03 07:04:06\'
WHERE `mahasiswa`.`id` IN (\'53\')', 0)
 2 SYSTEMPATH\Database\BaseConnection.php(692): CodeIgniter\Database\MySQLi\Connection->execute('UPDATE `mahasiswa` SET `nama` = \'Andika Dwi \', `npm` = \'123451\', `point` = \'30\', `gaya_belajar` = \'Visual\', `updated_at` = \'2025-01-03 07:04:06\'
WHERE `mahasiswa`.`id` IN (\'53\')')
 3 SYSTEMPATH\Database\BaseConnection.php(606): CodeIgniter\Database\BaseConnection->simpleQuery('UPDATE `mahasiswa` SET `nama` = \'Andika Dwi \', `npm` = \'123451\', `point` = \'30\', `gaya_belajar` = \'Visual\', `updated_at` = \'2025-01-03 07:04:06\'
WHERE `mahasiswa`.`id` IN (\'53\')')
 4 SYSTEMPATH\Database\BaseBuilder.php(2476): CodeIgniter\Database\BaseConnection->query('UPDATE `mahasiswa` SET `nama` = :nama:, `npm` = :npm:, `point` = :point:, `gaya_belajar` = :gaya_belajar:, `updated_at` = :updated_at:
WHERE `mahasiswa`.`id` IN :mahasiswa.id:', [...], false)
 5 SYSTEMPATH\Model.php(396): CodeIgniter\Database\BaseBuilder->update()
 6 SYSTEMPATH\BaseModel.php(943): CodeIgniter\Model->doUpdate([...], [...])
 7 SYSTEMPATH\Model.php(756): CodeIgniter\BaseModel->update([...], [...])
 8 APPPATH\Controllers\PoinMarket_Admin\Mahasiswa.php(114): CodeIgniter\Model->update('53', [...])
 9 SYSTEMPATH\CodeIgniter.php(932): App\Controllers\PoinMarket_Admin\Mahasiswa->update_Mhs('53')
10 SYSTEMPATH\CodeIgniter.php(497): CodeIgniter\CodeIgniter->runController(Object(App\Controllers\PoinMarket_Admin\Mahasiswa))
11 SYSTEMPATH\CodeIgniter.php(366): CodeIgniter\CodeIgniter->handleRequest(null, Object(Config\Cache), false)
12 FCPATH\index.php(67): CodeIgniter\CodeIgniter->run()
13 SYSTEMPATH\Commands\Server\rewrite.php(47): require_once('C:\\xampp\\htdocs\\PoinMarket\\public\\index.php')
INFO - 2025-01-03 07:05:06 --> Session: Class initialized using 'CodeIgniter\Session\Handlers\FileHandler' driver.
INFO - 2025-01-03 07:05:06 --> Session: Class initialized using 'CodeIgniter\Session\Handlers\FileHandler' driver.
INFO - 2025-01-03 07:05:08 --> Session: Class initialized using 'CodeIgniter\Session\Handlers\FileHandler' driver.
INFO - 2025-01-03 07:05:09 --> Session: Class initialized using 'CodeIgniter\Session\Handlers\FileHandler' driver.
INFO - 2025-01-03 07:05:12 --> Session: Class initialized using 'CodeIgniter\Session\Handlers\FileHandler' driver.
ERROR - 2025-01-03 07:05:12 --> mysqli_sql_exception: Cannot delete or update a parent row: a foreign key constraint fails (`poin_market`.`data_transaksi`, CONSTRAINT `data_transaksi_ibfk_1` FOREIGN KEY (`npm`) REFERENCES `mahasiswa` (`npm`)) in C:\xampp\htdocs\PoinMarket\system\Database\MySQLi\Connection.php:295
Stack trace:
#0 C:\xampp\htdocs\PoinMarket\system\Database\MySQLi\Connection.php(295): mysqli->query('UPDATE `mahasis...', 0)
#1 C:\xampp\htdocs\PoinMarket\system\Database\BaseConnection.php(692): CodeIgniter\Database\MySQLi\Connection->execute('UPDATE `mahasis...')
#2 C:\xampp\htdocs\PoinMarket\system\Database\BaseConnection.php(606): CodeIgniter\Database\BaseConnection->simpleQuery('UPDATE `mahasis...')
#3 C:\xampp\htdocs\PoinMarket\system\Database\BaseBuilder.php(2476): CodeIgniter\Database\BaseConnection->query('UPDATE `mahasis...', Array, false)
#4 C:\xampp\htdocs\PoinMarket\system\Model.php(396): CodeIgniter\Database\BaseBuilder->update()
#5 C:\xampp\htdocs\PoinMarket\system\BaseModel.php(943): CodeIgniter\Model->doUpdate(Array, Array)
#6 C:\xampp\htdocs\PoinMarket\system\Model.php(756): CodeIgniter\BaseModel->update(Array, Array)
#7 C:\xampp\htdocs\PoinMarket\app\Controllers\PoinMarket_Admin\Mahasiswa.php(114): CodeIgniter\Model->update('53', Array)
#8 C:\xampp\htdocs\PoinMarket\system\CodeIgniter.php(932): App\Controllers\PoinMarket_Admin\Mahasiswa->update_Mhs('53')
#9 C:\xampp\htdocs\PoinMarket\system\CodeIgniter.php(497): CodeIgniter\CodeIgniter->runController(Object(App\Controllers\PoinMarket_Admin\Mahasiswa))
#10 C:\xampp\htdocs\PoinMarket\system\CodeIgniter.php(366): CodeIgniter\CodeIgniter->handleRequest(NULL, Object(Config\Cache), false)
#11 C:\xampp\htdocs\PoinMarket\public\index.php(67): CodeIgniter\CodeIgniter->run()
#12 C:\xampp\htdocs\PoinMarket\system\Commands\Server\rewrite.php(47): require_once('C:\\xampp\\htdocs...')
#13 {main}
CRITICAL - 2025-01-03 07:05:12 --> Cannot delete or update a parent row: a foreign key constraint fails (`poin_market`.`data_transaksi`, CONSTRAINT `data_transaksi_ibfk_1` FOREIGN KEY (`npm`) REFERENCES `mahasiswa` (`npm`))
in SYSTEMPATH\Database\MySQLi\Connection.php on line 295.
 1 SYSTEMPATH\Database\MySQLi\Connection.php(295): mysqli->query('UPDATE `mahasiswa` SET `nama` = \'Andika Dwi \', `npm` = \'123451\', `point` = \'30\', `gaya_belajar` = \'Visual\', `updated_at` = \'2025-01-03 07:05:12\'
WHERE `mahasiswa`.`id` IN (\'53\')', 0)
 2 SYSTEMPATH\Database\BaseConnection.php(692): CodeIgniter\Database\MySQLi\Connection->execute('UPDATE `mahasiswa` SET `nama` = \'Andika Dwi \', `npm` = \'123451\', `point` = \'30\', `gaya_belajar` = \'Visual\', `updated_at` = \'2025-01-03 07:05:12\'
WHERE `mahasiswa`.`id` IN (\'53\')')
 3 SYSTEMPATH\Database\BaseConnection.php(606): CodeIgniter\Database\BaseConnection->simpleQuery('UPDATE `mahasiswa` SET `nama` = \'Andika Dwi \', `npm` = \'123451\', `point` = \'30\', `gaya_belajar` = \'Visual\', `updated_at` = \'2025-01-03 07:05:12\'
WHERE `mahasiswa`.`id` IN (\'53\')')
 4 SYSTEMPATH\Database\BaseBuilder.php(2476): CodeIgniter\Database\BaseConnection->query('UPDATE `mahasiswa` SET `nama` = :nama:, `npm` = :npm:, `point` = :point:, `gaya_belajar` = :gaya_belajar:, `updated_at` = :updated_at:
WHERE `mahasiswa`.`id` IN :mahasiswa.id:', [...], false)
 5 SYSTEMPATH\Model.php(396): CodeIgniter\Database\BaseBuilder->update()
 6 SYSTEMPATH\BaseModel.php(943): CodeIgniter\Model->doUpdate([...], [...])
 7 SYSTEMPATH\Model.php(756): CodeIgniter\BaseModel->update([...], [...])
 8 APPPATH\Controllers\PoinMarket_Admin\Mahasiswa.php(114): CodeIgniter\Model->update('53', [...])
 9 SYSTEMPATH\CodeIgniter.php(932): App\Controllers\PoinMarket_Admin\Mahasiswa->update_Mhs('53')
10 SYSTEMPATH\CodeIgniter.php(497): CodeIgniter\CodeIgniter->runController(Object(App\Controllers\PoinMarket_Admin\Mahasiswa))
11 SYSTEMPATH\CodeIgniter.php(366): CodeIgniter\CodeIgniter->handleRequest(null, Object(Config\Cache), false)
12 FCPATH\index.php(67): CodeIgniter\CodeIgniter->run()
13 SYSTEMPATH\Commands\Server\rewrite.php(47): require_once('C:\\xampp\\htdocs\\PoinMarket\\public\\index.php')
INFO - 2025-01-03 07:06:40 --> Session: Class initialized using 'CodeIgniter\Session\Handlers\FileHandler' driver.
INFO - 2025-01-03 07:06:40 --> Session: Class initialized using 'CodeIgniter\Session\Handlers\FileHandler' driver.
INFO - 2025-01-03 07:09:04 --> Session: Class initialized using 'CodeIgniter\Session\Handlers\FileHandler' driver.
CRITICAL - 2025-01-03 07:09:04 --> Undefined array key "id"
in APPPATH\Views\PoinMarket_Admin\Tabel\tabel_mahasiswa.php on line 240.
 1 APPPATH\Views\PoinMarket_Admin\Tabel\tabel_mahasiswa.php(240): CodeIgniter\Debug\Exceptions->errorHandler(2, 'Undefined array key "id"', 'C:\\xampp\\htdocs\\PoinMarket\\app\\Views\\PoinMarket_Admin\\Tabel\\tabel_mahasiswa.php', 240)
 2 SYSTEMPATH\View\View.php(224): include('C:\\xampp\\htdocs\\PoinMarket\\app\\Views\\PoinMarket_Admin\\Tabel\\tabel_mahasiswa.php')
 3 SYSTEMPATH\View\View.php(227): CodeIgniter\View\View->CodeIgniter\View\{closure}()
 4 SYSTEMPATH\View\View.php(452): CodeIgniter\View\View->render('PoinMarket_Admin/Tabel/tabel_mahasiswa', null, true)
 5 APPPATH\Views\PoinMarket_Admin\Page\mahasiswa.php(48): CodeIgniter\View\View->include('PoinMarket_Admin/Tabel/tabel_mahasiswa')
 6 SYSTEMPATH\View\View.php(224): include('C:\\xampp\\htdocs\\PoinMarket\\app\\Views\\PoinMarket_Admin\\Page\\mahasiswa.php')
 7 SYSTEMPATH\View\View.php(227): CodeIgniter\View\View->CodeIgniter\View\{closure}()
 8 SYSTEMPATH\Common.php(1180): CodeIgniter\View\View->render('PoinMarket_Admin/Page/mahasiswa', [], true)
 9 APPPATH\Controllers\PoinMarket_Admin\Mahasiswa.php(56): view('PoinMarket_Admin/Page/mahasiswa', [...])
10 SYSTEMPATH\CodeIgniter.php(932): App\Controllers\PoinMarket_Admin\Mahasiswa->Index()
11 SYSTEMPATH\CodeIgniter.php(497): CodeIgniter\CodeIgniter->runController(Object(App\Controllers\PoinMarket_Admin\Mahasiswa))
12 SYSTEMPATH\CodeIgniter.php(366): CodeIgniter\CodeIgniter->handleRequest(null, Object(Config\Cache), false)
13 FCPATH\index.php(67): CodeIgniter\CodeIgniter->run()
14 SYSTEMPATH\Commands\Server\rewrite.php(47): require_once('C:\\xampp\\htdocs\\PoinMarket\\public\\index.php')
INFO - 2025-01-03 07:10:08 --> Session: Class initialized using 'CodeIgniter\Session\Handlers\FileHandler' driver.
CRITICAL - 2025-01-03 07:10:08 --> Undefined array key "id"
in APPPATH\Views\PoinMarket_Admin\Tabel\tabel_mahasiswa.php on line 249.
 1 APPPATH\Views\PoinMarket_Admin\Tabel\tabel_mahasiswa.php(249): CodeIgniter\Debug\Exceptions->errorHandler(2, 'Undefined array key "id"', 'C:\\xampp\\htdocs\\PoinMarket\\app\\Views\\PoinMarket_Admin\\Tabel\\tabel_mahasiswa.php', 249)
 2 SYSTEMPATH\View\View.php(224): include('C:\\xampp\\htdocs\\PoinMarket\\app\\Views\\PoinMarket_Admin\\Tabel\\tabel_mahasiswa.php')
 3 SYSTEMPATH\View\View.php(227): CodeIgniter\View\View->CodeIgniter\View\{closure}()
 4 SYSTEMPATH\View\View.php(452): CodeIgniter\View\View->render('PoinMarket_Admin/Tabel/tabel_mahasiswa', null, true)
 5 APPPATH\Views\PoinMarket_Admin\Page\mahasiswa.php(48): CodeIgniter\View\View->include('PoinMarket_Admin/Tabel/tabel_mahasiswa')
 6 SYSTEMPATH\View\View.php(224): include('C:\\xampp\\htdocs\\PoinMarket\\app\\Views\\PoinMarket_Admin\\Page\\mahasiswa.php')
 7 SYSTEMPATH\View\View.php(227): CodeIgniter\View\View->CodeIgniter\View\{closure}()
 8 SYSTEMPATH\Common.php(1180): CodeIgniter\View\View->render('PoinMarket_Admin/Page/mahasiswa', [], true)
 9 APPPATH\Controllers\PoinMarket_Admin\Mahasiswa.php(56): view('PoinMarket_Admin/Page/mahasiswa', [...])
10 SYSTEMPATH\CodeIgniter.php(932): App\Controllers\PoinMarket_Admin\Mahasiswa->Index()
11 SYSTEMPATH\CodeIgniter.php(497): CodeIgniter\CodeIgniter->runController(Object(App\Controllers\PoinMarket_Admin\Mahasiswa))
12 SYSTEMPATH\CodeIgniter.php(366): CodeIgniter\CodeIgniter->handleRequest(null, Object(Config\Cache), false)
13 FCPATH\index.php(67): CodeIgniter\CodeIgniter->run()
14 SYSTEMPATH\Commands\Server\rewrite.php(47): require_once('C:\\xampp\\htdocs\\PoinMarket\\public\\index.php')
INFO - 2025-01-03 07:10:17 --> Session: Class initialized using 'CodeIgniter\Session\Handlers\FileHandler' driver.
CRITICAL - 2025-01-03 07:10:18 --> Undefined array key "id"
in APPPATH\Views\PoinMarket_Admin\Tabel\tabel_mahasiswa.php on line 294.
 1 APPPATH\Views\PoinMarket_Admin\Tabel\tabel_mahasiswa.php(294): CodeIgniter\Debug\Exceptions->errorHandler(2, 'Undefined array key "id"', 'C:\\xampp\\htdocs\\PoinMarket\\app\\Views\\PoinMarket_Admin\\Tabel\\tabel_mahasiswa.php', 294)
 2 SYSTEMPATH\View\View.php(224): include('C:\\xampp\\htdocs\\PoinMarket\\app\\Views\\PoinMarket_Admin\\Tabel\\tabel_mahasiswa.php')
 3 SYSTEMPATH\View\View.php(227): CodeIgniter\View\View->CodeIgniter\View\{closure}()
 4 SYSTEMPATH\View\View.php(452): CodeIgniter\View\View->render('PoinMarket_Admin/Tabel/tabel_mahasiswa', null, true)
 5 APPPATH\Views\PoinMarket_Admin\Page\mahasiswa.php(48): CodeIgniter\View\View->include('PoinMarket_Admin/Tabel/tabel_mahasiswa')
 6 SYSTEMPATH\View\View.php(224): include('C:\\xampp\\htdocs\\PoinMarket\\app\\Views\\PoinMarket_Admin\\Page\\mahasiswa.php')
 7 SYSTEMPATH\View\View.php(227): CodeIgniter\View\View->CodeIgniter\View\{closure}()
 8 SYSTEMPATH\Common.php(1180): CodeIgniter\View\View->render('PoinMarket_Admin/Page/mahasiswa', [], true)
 9 APPPATH\Controllers\PoinMarket_Admin\Mahasiswa.php(56): view('PoinMarket_Admin/Page/mahasiswa', [...])
10 SYSTEMPATH\CodeIgniter.php(932): App\Controllers\PoinMarket_Admin\Mahasiswa->Index()
11 SYSTEMPATH\CodeIgniter.php(497): CodeIgniter\CodeIgniter->runController(Object(App\Controllers\PoinMarket_Admin\Mahasiswa))
12 SYSTEMPATH\CodeIgniter.php(366): CodeIgniter\CodeIgniter->handleRequest(null, Object(Config\Cache), false)
13 FCPATH\index.php(67): CodeIgniter\CodeIgniter->run()
14 SYSTEMPATH\Commands\Server\rewrite.php(47): require_once('C:\\xampp\\htdocs\\PoinMarket\\public\\index.php')
INFO - 2025-01-03 07:10:38 --> Session: Class initialized using 'CodeIgniter\Session\Handlers\FileHandler' driver.
CRITICAL - 2025-01-03 07:10:38 --> Undefined array key "id"
in APPPATH\Views\PoinMarket_Admin\Tabel\tabel_mahasiswa.php on line 461.
 1 APPPATH\Views\PoinMarket_Admin\Tabel\tabel_mahasiswa.php(461): CodeIgniter\Debug\Exceptions->errorHandler(2, 'Undefined array key "id"', 'C:\\xampp\\htdocs\\PoinMarket\\app\\Views\\PoinMarket_Admin\\Tabel\\tabel_mahasiswa.php', 461)
 2 SYSTEMPATH\View\View.php(224): include('C:\\xampp\\htdocs\\PoinMarket\\app\\Views\\PoinMarket_Admin\\Tabel\\tabel_mahasiswa.php')
 3 SYSTEMPATH\View\View.php(227): CodeIgniter\View\View->CodeIgniter\View\{closure}()
 4 SYSTEMPATH\View\View.php(452): CodeIgniter\View\View->render('PoinMarket_Admin/Tabel/tabel_mahasiswa', null, true)
 5 APPPATH\Views\PoinMarket_Admin\Page\mahasiswa.php(48): CodeIgniter\View\View->include('PoinMarket_Admin/Tabel/tabel_mahasiswa')
 6 SYSTEMPATH\View\View.php(224): include('C:\\xampp\\htdocs\\PoinMarket\\app\\Views\\PoinMarket_Admin\\Page\\mahasiswa.php')
 7 SYSTEMPATH\View\View.php(227): CodeIgniter\View\View->CodeIgniter\View\{closure}()
 8 SYSTEMPATH\Common.php(1180): CodeIgniter\View\View->render('PoinMarket_Admin/Page/mahasiswa', [], true)
 9 APPPATH\Controllers\PoinMarket_Admin\Mahasiswa.php(56): view('PoinMarket_Admin/Page/mahasiswa', [...])
10 SYSTEMPATH\CodeIgniter.php(932): App\Controllers\PoinMarket_Admin\Mahasiswa->Index()
11 SYSTEMPATH\CodeIgniter.php(497): CodeIgniter\CodeIgniter->runController(Object(App\Controllers\PoinMarket_Admin\Mahasiswa))
12 SYSTEMPATH\CodeIgniter.php(366): CodeIgniter\CodeIgniter->handleRequest(null, Object(Config\Cache), false)
13 FCPATH\index.php(67): CodeIgniter\CodeIgniter->run()
14 SYSTEMPATH\Commands\Server\rewrite.php(47): require_once('C:\\xampp\\htdocs\\PoinMarket\\public\\index.php')
INFO - 2025-01-03 07:10:47 --> Session: Class initialized using 'CodeIgniter\Session\Handlers\FileHandler' driver.
CRITICAL - 2025-01-03 07:10:47 --> Undefined array key "id"
in APPPATH\Views\PoinMarket_Admin\Tabel\tabel_mahasiswa.php on line 464.
 1 APPPATH\Views\PoinMarket_Admin\Tabel\tabel_mahasiswa.php(464): CodeIgniter\Debug\Exceptions->errorHandler(2, 'Undefined array key "id"', 'C:\\xampp\\htdocs\\PoinMarket\\app\\Views\\PoinMarket_Admin\\Tabel\\tabel_mahasiswa.php', 464)
 2 SYSTEMPATH\View\View.php(224): include('C:\\xampp\\htdocs\\PoinMarket\\app\\Views\\PoinMarket_Admin\\Tabel\\tabel_mahasiswa.php')
 3 SYSTEMPATH\View\View.php(227): CodeIgniter\View\View->CodeIgniter\View\{closure}()
 4 SYSTEMPATH\View\View.php(452): CodeIgniter\View\View->render('PoinMarket_Admin/Tabel/tabel_mahasiswa', null, true)
 5 APPPATH\Views\PoinMarket_Admin\Page\mahasiswa.php(48): CodeIgniter\View\View->include('PoinMarket_Admin/Tabel/tabel_mahasiswa')
 6 SYSTEMPATH\View\View.php(224): include('C:\\xampp\\htdocs\\PoinMarket\\app\\Views\\PoinMarket_Admin\\Page\\mahasiswa.php')
 7 SYSTEMPATH\View\View.php(227): CodeIgniter\View\View->CodeIgniter\View\{closure}()
 8 SYSTEMPATH\Common.php(1180): CodeIgniter\View\View->render('PoinMarket_Admin/Page/mahasiswa', [], true)
 9 APPPATH\Controllers\PoinMarket_Admin\Mahasiswa.php(56): view('PoinMarket_Admin/Page/mahasiswa', [...])
10 SYSTEMPATH\CodeIgniter.php(932): App\Controllers\PoinMarket_Admin\Mahasiswa->Index()
11 SYSTEMPATH\CodeIgniter.php(497): CodeIgniter\CodeIgniter->runController(Object(App\Controllers\PoinMarket_Admin\Mahasiswa))
12 SYSTEMPATH\CodeIgniter.php(366): CodeIgniter\CodeIgniter->handleRequest(null, Object(Config\Cache), false)
13 FCPATH\index.php(67): CodeIgniter\CodeIgniter->run()
14 SYSTEMPATH\Commands\Server\rewrite.php(47): require_once('C:\\xampp\\htdocs\\PoinMarket\\public\\index.php')
INFO - 2025-01-03 07:11:03 --> Session: Class initialized using 'CodeIgniter\Session\Handlers\FileHandler' driver.
INFO - 2025-01-03 07:11:04 --> Session: Class initialized using 'CodeIgniter\Session\Handlers\FileHandler' driver.
INFO - 2025-01-03 07:11:53 --> Session: Class initialized using 'CodeIgniter\Session\Handlers\FileHandler' driver.
INFO - 2025-01-03 07:11:54 --> Session: Class initialized using 'CodeIgniter\Session\Handlers\FileHandler' driver.
INFO - 2025-01-03 07:11:57 --> Session: Class initialized using 'CodeIgniter\Session\Handlers\FileHandler' driver.
INFO - 2025-01-03 07:11:57 --> Session: Class initialized using 'CodeIgniter\Session\Handlers\FileHandler' driver.
INFO - 2025-01-03 07:12:00 --> Session: Class initialized using 'CodeIgniter\Session\Handlers\FileHandler' driver.
INFO - 2025-01-03 07:12:00 --> Session: Class initialized using 'CodeIgniter\Session\Handlers\FileHandler' driver.
INFO - 2025-01-03 07:12:03 --> Session: Class initialized using 'CodeIgniter\Session\Handlers\FileHandler' driver.
INFO - 2025-01-03 07:12:04 --> Session: Class initialized using 'CodeIgniter\Session\Handlers\FileHandler' driver.
INFO - 2025-01-03 07:12:06 --> Session: Class initialized using 'CodeIgniter\Session\Handlers\FileHandler' driver.
INFO - 2025-01-03 07:12:06 --> Session: Class initialized using 'CodeIgniter\Session\Handlers\FileHandler' driver.
INFO - 2025-01-03 07:12:18 --> Session: Class initialized using 'CodeIgniter\Session\Handlers\FileHandler' driver.
INFO - 2025-01-03 07:12:18 --> Session: Class initialized using 'CodeIgniter\Session\Handlers\FileHandler' driver.
INFO - 2025-01-03 07:12:29 --> Session: Class initialized using 'CodeIgniter\Session\Handlers\FileHandler' driver.
ERROR - 2025-01-03 07:12:29 --> mysqli_sql_exception: Unknown column 'mahasiswa.id' in 'where clause' in C:\xampp\htdocs\PoinMarket\system\Database\MySQLi\Connection.php:295
Stack trace:
#0 C:\xampp\htdocs\PoinMarket\system\Database\MySQLi\Connection.php(295): mysqli->query('UPDATE `mahasis...', 0)
#1 C:\xampp\htdocs\PoinMarket\system\Database\BaseConnection.php(692): CodeIgniter\Database\MySQLi\Connection->execute('UPDATE `mahasis...')
#2 C:\xampp\htdocs\PoinMarket\system\Database\BaseConnection.php(606): CodeIgniter\Database\BaseConnection->simpleQuery('UPDATE `mahasis...')
#3 C:\xampp\htdocs\PoinMarket\system\Database\BaseBuilder.php(2476): CodeIgniter\Database\BaseConnection->query('UPDATE `mahasis...', Array, false)
#4 C:\xampp\htdocs\PoinMarket\system\Model.php(396): CodeIgniter\Database\BaseBuilder->update()
#5 C:\xampp\htdocs\PoinMarket\system\BaseModel.php(943): CodeIgniter\Model->doUpdate(Array, Array)
#6 C:\xampp\htdocs\PoinMarket\system\Model.php(756): CodeIgniter\BaseModel->update(Array, Array)
#7 C:\xampp\htdocs\PoinMarket\app\Controllers\PoinMarket_Admin\Mahasiswa.php(114): CodeIgniter\Model->update('12345', Array)
#8 C:\xampp\htdocs\PoinMarket\system\CodeIgniter.php(932): App\Controllers\PoinMarket_Admin\Mahasiswa->update_Mhs('12345')
#9 C:\xampp\htdocs\PoinMarket\system\CodeIgniter.php(497): CodeIgniter\CodeIgniter->runController(Object(App\Controllers\PoinMarket_Admin\Mahasiswa))
#10 C:\xampp\htdocs\PoinMarket\system\CodeIgniter.php(366): CodeIgniter\CodeIgniter->handleRequest(NULL, Object(Config\Cache), false)
#11 C:\xampp\htdocs\PoinMarket\public\index.php(67): CodeIgniter\CodeIgniter->run()
#12 C:\xampp\htdocs\PoinMarket\system\Commands\Server\rewrite.php(47): require_once('C:\\xampp\\htdocs...')
#13 {main}
CRITICAL - 2025-01-03 07:12:29 --> Unknown column 'mahasiswa.id' in 'where clause'
in SYSTEMPATH\Database\MySQLi\Connection.php on line 295.
 1 SYSTEMPATH\Database\MySQLi\Connection.php(295): mysqli->query('UPDATE `mahasiswa` SET `nama` = \'Dika Dwi\', `npm` = \'123451\', `point` = \'145\', `gaya_belajar` = \'Kinestetik\', `updated_at` = \'2025-01-03 07:12:29\'
WHERE `mahasiswa`.`id` IN (\'12345\')', 0)
 2 SYSTEMPATH\Database\BaseConnection.php(692): CodeIgniter\Database\MySQLi\Connection->execute('UPDATE `mahasiswa` SET `nama` = \'Dika Dwi\', `npm` = \'123451\', `point` = \'145\', `gaya_belajar` = \'Kinestetik\', `updated_at` = \'2025-01-03 07:12:29\'
WHERE `mahasiswa`.`id` IN (\'12345\')')
 3 SYSTEMPATH\Database\BaseConnection.php(606): CodeIgniter\Database\BaseConnection->simpleQuery('UPDATE `mahasiswa` SET `nama` = \'Dika Dwi\', `npm` = \'123451\', `point` = \'145\', `gaya_belajar` = \'Kinestetik\', `updated_at` = \'2025-01-03 07:12:29\'
WHERE `mahasiswa`.`id` IN (\'12345\')')
 4 SYSTEMPATH\Database\BaseBuilder.php(2476): CodeIgniter\Database\BaseConnection->query('UPDATE `mahasiswa` SET `nama` = :nama:, `npm` = :npm:, `point` = :point:, `gaya_belajar` = :gaya_belajar:, `updated_at` = :updated_at:
WHERE `mahasiswa`.`id` IN :mahasiswa.id:', [...], false)
 5 SYSTEMPATH\Model.php(396): CodeIgniter\Database\BaseBuilder->update()
 6 SYSTEMPATH\BaseModel.php(943): CodeIgniter\Model->doUpdate([...], [...])
 7 SYSTEMPATH\Model.php(756): CodeIgniter\BaseModel->update([...], [...])
 8 APPPATH\Controllers\PoinMarket_Admin\Mahasiswa.php(114): CodeIgniter\Model->update('12345', [...])
 9 SYSTEMPATH\CodeIgniter.php(932): App\Controllers\PoinMarket_Admin\Mahasiswa->update_Mhs('12345')
10 SYSTEMPATH\CodeIgniter.php(497): CodeIgniter\CodeIgniter->runController(Object(App\Controllers\PoinMarket_Admin\Mahasiswa))
11 SYSTEMPATH\CodeIgniter.php(366): CodeIgniter\CodeIgniter->handleRequest(null, Object(Config\Cache), false)
12 FCPATH\index.php(67): CodeIgniter\CodeIgniter->run()
13 SYSTEMPATH\Commands\Server\rewrite.php(47): require_once('C:\\xampp\\htdocs\\PoinMarket\\public\\index.php')
INFO - 2025-01-03 07:12:42 --> Session: Class initialized using 'CodeIgniter\Session\Handlers\FileHandler' driver.
INFO - 2025-01-03 07:12:42 --> Session: Class initialized using 'CodeIgniter\Session\Handlers\FileHandler' driver.
INFO - 2025-01-03 07:12:43 --> Session: Class initialized using 'CodeIgniter\Session\Handlers\FileHandler' driver.
INFO - 2025-01-03 07:12:44 --> Session: Class initialized using 'CodeIgniter\Session\Handlers\FileHandler' driver.
INFO - 2025-01-03 07:12:53 --> Session: Class initialized using 'CodeIgniter\Session\Handlers\FileHandler' driver.
INFO - 2025-01-03 07:12:53 --> Session: Class initialized using 'CodeIgniter\Session\Handlers\FileHandler' driver.
INFO - 2025-01-03 07:12:53 --> Session: Class initialized using 'CodeIgniter\Session\Handlers\FileHandler' driver.
INFO - 2025-01-03 07:13:13 --> Session: Class initialized using 'CodeIgniter\Session\Handlers\FileHandler' driver.
ERROR - 2025-01-03 07:13:14 --> mysqli_sql_exception: Unknown column 'mahasiswa.id' in 'where clause' in C:\xampp\htdocs\PoinMarket\system\Database\MySQLi\Connection.php:295
Stack trace:
#0 C:\xampp\htdocs\PoinMarket\system\Database\MySQLi\Connection.php(295): mysqli->query('SELECT *\nFROM `...', 0)
#1 C:\xampp\htdocs\PoinMarket\system\Database\BaseConnection.php(692): CodeIgniter\Database\MySQLi\Connection->execute('SELECT *\nFROM `...')
#2 C:\xampp\htdocs\PoinMarket\system\Database\BaseConnection.php(606): CodeIgniter\Database\BaseConnection->simpleQuery('SELECT *\nFROM `...')
#3 C:\xampp\htdocs\PoinMarket\system\Database\BaseBuilder.php(1616): CodeIgniter\Database\BaseConnection->query('SELECT *\nFROM `...', Array, false)
#4 C:\xampp\htdocs\PoinMarket\system\Model.php(200): CodeIgniter\Database\BaseBuilder->get()
#5 C:\xampp\htdocs\PoinMarket\system\BaseModel.php(557): CodeIgniter\Model->doFind(true, '1234')
#6 C:\xampp\htdocs\PoinMarket\app\Controllers\PoinMarket_Admin\Mahasiswa.php(124): CodeIgniter\BaseModel->find('1234')
#7 C:\xampp\htdocs\PoinMarket\system\CodeIgniter.php(932): App\Controllers\PoinMarket_Admin\Mahasiswa->delete('1234')
#8 C:\xampp\htdocs\PoinMarket\system\CodeIgniter.php(497): CodeIgniter\CodeIgniter->runController(Object(App\Controllers\PoinMarket_Admin\Mahasiswa))
#9 C:\xampp\htdocs\PoinMarket\system\CodeIgniter.php(366): CodeIgniter\CodeIgniter->handleRequest(NULL, Object(Config\Cache), false)
#10 C:\xampp\htdocs\PoinMarket\public\index.php(67): CodeIgniter\CodeIgniter->run()
#11 C:\xampp\htdocs\PoinMarket\system\Commands\Server\rewrite.php(47): require_once('C:\\xampp\\htdocs...')
#12 {main}
CRITICAL - 2025-01-03 07:13:14 --> Unknown column 'mahasiswa.id' in 'where clause'
in SYSTEMPATH\Database\MySQLi\Connection.php on line 295.
 1 SYSTEMPATH\Database\MySQLi\Connection.php(295): mysqli->query('SELECT *
FROM `mahasiswa`
WHERE `mahasiswa`.`id` = \'1234\'', 0)
 2 SYSTEMPATH\Database\BaseConnection.php(692): CodeIgniter\Database\MySQLi\Connection->execute('SELECT *
FROM `mahasiswa`
WHERE `mahasiswa`.`id` = \'1234\'')
 3 SYSTEMPATH\Database\BaseConnection.php(606): CodeIgniter\Database\BaseConnection->simpleQuery('SELECT *
FROM `mahasiswa`
WHERE `mahasiswa`.`id` = \'1234\'')
 4 SYSTEMPATH\Database\BaseBuilder.php(1616): CodeIgniter\Database\BaseConnection->query('SELECT *
FROM `mahasiswa`
WHERE `mahasiswa`.`id` = :mahasiswa.id:', [...], false)
 5 SYSTEMPATH\Model.php(200): CodeIgniter\Database\BaseBuilder->get()
 6 SYSTEMPATH\BaseModel.php(557): CodeIgniter\Model->doFind(true, '1234')
 7 APPPATH\Controllers\PoinMarket_Admin\Mahasiswa.php(124): CodeIgniter\BaseModel->find('1234')
 8 SYSTEMPATH\CodeIgniter.php(932): App\Controllers\PoinMarket_Admin\Mahasiswa->delete('1234')
 9 SYSTEMPATH\CodeIgniter.php(497): CodeIgniter\CodeIgniter->runController(Object(App\Controllers\PoinMarket_Admin\Mahasiswa))
10 SYSTEMPATH\CodeIgniter.php(366): CodeIgniter\CodeIgniter->handleRequest(null, Object(Config\Cache), false)
11 FCPATH\index.php(67): CodeIgniter\CodeIgniter->run()
12 SYSTEMPATH\Commands\Server\rewrite.php(47): require_once('C:\\xampp\\htdocs\\PoinMarket\\public\\index.php')
INFO - 2025-01-03 07:13:43 --> Session: Class initialized using 'CodeIgniter\Session\Handlers\FileHandler' driver.
INFO - 2025-01-03 07:13:43 --> Session: Class initialized using 'CodeIgniter\Session\Handlers\FileHandler' driver.
INFO - 2025-01-03 07:13:44 --> Session: Class initialized using 'CodeIgniter\Session\Handlers\FileHandler' driver.
INFO - 2025-01-03 07:13:45 --> Session: Class initialized using 'CodeIgniter\Session\Handlers\FileHandler' driver.
INFO - 2025-01-03 07:13:47 --> Session: Class initialized using 'CodeIgniter\Session\Handlers\FileHandler' driver.
ERROR - 2025-01-03 07:13:47 --> mysqli_sql_exception: Unknown column 'mahasiswa.id' in 'where clause' in C:\xampp\htdocs\PoinMarket\system\Database\MySQLi\Connection.php:295
Stack trace:
#0 C:\xampp\htdocs\PoinMarket\system\Database\MySQLi\Connection.php(295): mysqli->query('SELECT *\nFROM `...', 0)
#1 C:\xampp\htdocs\PoinMarket\system\Database\BaseConnection.php(692): CodeIgniter\Database\MySQLi\Connection->execute('SELECT *\nFROM `...')
#2 C:\xampp\htdocs\PoinMarket\system\Database\BaseConnection.php(606): CodeIgniter\Database\BaseConnection->simpleQuery('SELECT *\nFROM `...')
#3 C:\xampp\htdocs\PoinMarket\system\Database\BaseBuilder.php(1616): CodeIgniter\Database\BaseConnection->query('SELECT *\nFROM `...', Array, false)
#4 C:\xampp\htdocs\PoinMarket\system\Model.php(200): CodeIgniter\Database\BaseBuilder->get()
#5 C:\xampp\htdocs\PoinMarket\system\BaseModel.php(557): CodeIgniter\Model->doFind(true, '1234')
#6 C:\xampp\htdocs\PoinMarket\app\Controllers\PoinMarket_Admin\Mahasiswa.php(124): CodeIgniter\BaseModel->find('1234')
#7 C:\xampp\htdocs\PoinMarket\system\CodeIgniter.php(932): App\Controllers\PoinMarket_Admin\Mahasiswa->delete('1234')
#8 C:\xampp\htdocs\PoinMarket\system\CodeIgniter.php(497): CodeIgniter\CodeIgniter->runController(Object(App\Controllers\PoinMarket_Admin\Mahasiswa))
#9 C:\xampp\htdocs\PoinMarket\system\CodeIgniter.php(366): CodeIgniter\CodeIgniter->handleRequest(NULL, Object(Config\Cache), false)
#10 C:\xampp\htdocs\PoinMarket\public\index.php(67): CodeIgniter\CodeIgniter->run()
#11 C:\xampp\htdocs\PoinMarket\system\Commands\Server\rewrite.php(47): require_once('C:\\xampp\\htdocs...')
#12 {main}
CRITICAL - 2025-01-03 07:13:47 --> Unknown column 'mahasiswa.id' in 'where clause'
in SYSTEMPATH\Database\MySQLi\Connection.php on line 295.
 1 SYSTEMPATH\Database\MySQLi\Connection.php(295): mysqli->query('SELECT *
FROM `mahasiswa`
WHERE `mahasiswa`.`id` = \'1234\'', 0)
 2 SYSTEMPATH\Database\BaseConnection.php(692): CodeIgniter\Database\MySQLi\Connection->execute('SELECT *
FROM `mahasiswa`
WHERE `mahasiswa`.`id` = \'1234\'')
 3 SYSTEMPATH\Database\BaseConnection.php(606): CodeIgniter\Database\BaseConnection->simpleQuery('SELECT *
FROM `mahasiswa`
WHERE `mahasiswa`.`id` = \'1234\'')
 4 SYSTEMPATH\Database\BaseBuilder.php(1616): CodeIgniter\Database\BaseConnection->query('SELECT *
FROM `mahasiswa`
WHERE `mahasiswa`.`id` = :mahasiswa.id:', [...], false)
 5 SYSTEMPATH\Model.php(200): CodeIgniter\Database\BaseBuilder->get()
 6 SYSTEMPATH\BaseModel.php(557): CodeIgniter\Model->doFind(true, '1234')
 7 APPPATH\Controllers\PoinMarket_Admin\Mahasiswa.php(124): CodeIgniter\BaseModel->find('1234')
 8 SYSTEMPATH\CodeIgniter.php(932): App\Controllers\PoinMarket_Admin\Mahasiswa->delete('1234')
 9 SYSTEMPATH\CodeIgniter.php(497): CodeIgniter\CodeIgniter->runController(Object(App\Controllers\PoinMarket_Admin\Mahasiswa))
10 SYSTEMPATH\CodeIgniter.php(366): CodeIgniter\CodeIgniter->handleRequest(null, Object(Config\Cache), false)
11 FCPATH\index.php(67): CodeIgniter\CodeIgniter->run()
12 SYSTEMPATH\Commands\Server\rewrite.php(47): require_once('C:\\xampp\\htdocs\\PoinMarket\\public\\index.php')
INFO - 2025-01-03 07:14:17 --> Session: Class initialized using 'CodeIgniter\Session\Handlers\FileHandler' driver.
INFO - 2025-01-03 07:14:18 --> Session: Class initialized using 'CodeIgniter\Session\Handlers\FileHandler' driver.
INFO - 2025-01-03 07:14:19 --> Session: Class initialized using 'CodeIgniter\Session\Handlers\FileHandler' driver.
INFO - 2025-01-03 07:14:19 --> Session: Class initialized using 'CodeIgniter\Session\Handlers\FileHandler' driver.
INFO - 2025-01-03 07:14:21 --> Session: Class initialized using 'CodeIgniter\Session\Handlers\FileHandler' driver.
INFO - 2025-01-03 07:14:21 --> Session: Class initialized using 'CodeIgniter\Session\Handlers\FileHandler' driver.
INFO - 2025-01-03 07:14:22 --> Session: Class initialized using 'CodeIgniter\Session\Handlers\FileHandler' driver.
INFO - 2025-01-03 07:14:29 --> Session: Class initialized using 'CodeIgniter\Session\Handlers\FileHandler' driver.
INFO - 2025-01-03 07:14:29 --> Session: Class initialized using 'CodeIgniter\Session\Handlers\FileHandler' driver.
INFO - 2025-01-03 07:14:29 --> Session: Class initialized using 'CodeIgniter\Session\Handlers\FileHandler' driver.
INFO - 2025-01-03 07:14:35 --> Session: Class initialized using 'CodeIgniter\Session\Handlers\FileHandler' driver.
INFO - 2025-01-03 07:14:35 --> Session: Class initialized using 'CodeIgniter\Session\Handlers\FileHandler' driver.
INFO - 2025-01-03 07:14:35 --> Session: Class initialized using 'CodeIgniter\Session\Handlers\FileHandler' driver.
INFO - 2025-01-03 07:22:16 --> Session: Class initialized using 'CodeIgniter\Session\Handlers\FileHandler' driver.
INFO - 2025-01-03 07:22:16 --> Session: Class initialized using 'CodeIgniter\Session\Handlers\FileHandler' driver.
INFO - 2025-01-03 07:22:18 --> Session: Class initialized using 'CodeIgniter\Session\Handlers\FileHandler' driver.
INFO - 2025-01-03 07:22:18 --> Session: Class initialized using 'CodeIgniter\Session\Handlers\FileHandler' driver.
INFO - 2025-01-03 07:22:24 --> Session: Class initialized using 'CodeIgniter\Session\Handlers\FileHandler' driver.
CRITICAL - 2025-01-03 07:22:24 --> Undefined array key "id"
in APPPATH\Controllers\PoinMarket_Admin\Transaksi.php on line 232.
 1 APPPATH\Controllers\PoinMarket_Admin\Transaksi.php(232): CodeIgniter\Debug\Exceptions->errorHandler(2, 'Undefined array key "id"', 'C:\\xampp\\htdocs\\PoinMarket\\app\\Controllers\\PoinMarket_Admin\\Transaksi.php', 232)
 2 SYSTEMPATH\CodeIgniter.php(932): App\Controllers\PoinMarket_Admin\Transaksi->save_Transaksi()
 3 SYSTEMPATH\CodeIgniter.php(497): CodeIgniter\CodeIgniter->runController(Object(App\Controllers\PoinMarket_Admin\Transaksi))
 4 SYSTEMPATH\CodeIgniter.php(366): CodeIgniter\CodeIgniter->handleRequest(null, Object(Config\Cache), false)
 5 FCPATH\index.php(67): CodeIgniter\CodeIgniter->run()
 6 SYSTEMPATH\Commands\Server\rewrite.php(47): require_once('C:\\xampp\\htdocs\\PoinMarket\\public\\index.php')
INFO - 2025-01-03 07:22:30 --> Session: Class initialized using 'CodeIgniter\Session\Handlers\FileHandler' driver.
INFO - 2025-01-03 07:22:30 --> Session: Class initialized using 'CodeIgniter\Session\Handlers\FileHandler' driver.
INFO - 2025-01-03 07:22:36 --> Session: Class initialized using 'CodeIgniter\Session\Handlers\FileHandler' driver.
INFO - 2025-01-03 07:22:37 --> Session: Class initialized using 'CodeIgniter\Session\Handlers\FileHandler' driver.
INFO - 2025-01-03 07:23:23 --> Session: Class initialized using 'CodeIgniter\Session\Handlers\FileHandler' driver.
INFO - 2025-01-03 07:23:23 --> Session: Class initialized using 'CodeIgniter\Session\Handlers\FileHandler' driver.
INFO - 2025-01-03 07:23:29 --> Session: Class initialized using 'CodeIgniter\Session\Handlers\FileHandler' driver.
INFO - 2025-01-03 07:23:29 --> Session: Class initialized using 'CodeIgniter\Session\Handlers\FileHandler' driver.
INFO - 2025-01-03 07:23:30 --> Session: Class initialized using 'CodeIgniter\Session\Handlers\FileHandler' driver.
INFO - 2025-01-03 07:23:35 --> Session: Class initialized using 'CodeIgniter\Session\Handlers\FileHandler' driver.
INFO - 2025-01-03 07:23:35 --> Session: Class initialized using 'CodeIgniter\Session\Handlers\FileHandler' driver.
INFO - 2025-01-03 07:23:46 --> Session: Class initialized using 'CodeIgniter\Session\Handlers\FileHandler' driver.
ERROR - 2025-01-03 07:23:46 --> mysqli_sql_exception: Cannot delete or update a parent row: a foreign key constraint fails (`poin_market`.`data_transaksi`, CONSTRAINT `data_transaksi_ibfk_1` FOREIGN KEY (`npm`) REFERENCES `mahasiswa` (`npm`)) in C:\xampp\htdocs\PoinMarket\system\Database\MySQLi\Connection.php:295
Stack trace:
#0 C:\xampp\htdocs\PoinMarket\system\Database\MySQLi\Connection.php(295): mysqli->query('UPDATE `mahasis...', 0)
#1 C:\xampp\htdocs\PoinMarket\system\Database\BaseConnection.php(692): CodeIgniter\Database\MySQLi\Connection->execute('UPDATE `mahasis...')
#2 C:\xampp\htdocs\PoinMarket\system\Database\BaseConnection.php(606): CodeIgniter\Database\BaseConnection->simpleQuery('UPDATE `mahasis...')
#3 C:\xampp\htdocs\PoinMarket\system\Database\BaseBuilder.php(2476): CodeIgniter\Database\BaseConnection->query('UPDATE `mahasis...', Array, false)
#4 C:\xampp\htdocs\PoinMarket\system\Model.php(396): CodeIgniter\Database\BaseBuilder->update()
#5 C:\xampp\htdocs\PoinMarket\system\BaseModel.php(943): CodeIgniter\Model->doUpdate(Array, Array)
#6 C:\xampp\htdocs\PoinMarket\system\Model.php(756): CodeIgniter\BaseModel->update(Array, Array)
#7 C:\xampp\htdocs\PoinMarket\app\Controllers\PoinMarket_Admin\Mahasiswa.php(114): CodeIgniter\Model->update('12345', Array)
#8 C:\xampp\htdocs\PoinMarket\system\CodeIgniter.php(932): App\Controllers\PoinMarket_Admin\Mahasiswa->update_Mhs('12345')
#9 C:\xampp\htdocs\PoinMarket\system\CodeIgniter.php(497): CodeIgniter\CodeIgniter->runController(Object(App\Controllers\PoinMarket_Admin\Mahasiswa))
#10 C:\xampp\htdocs\PoinMarket\system\CodeIgniter.php(366): CodeIgniter\CodeIgniter->handleRequest(NULL, Object(Config\Cache), false)
#11 C:\xampp\htdocs\PoinMarket\public\index.php(67): CodeIgniter\CodeIgniter->run()
#12 C:\xampp\htdocs\PoinMarket\system\Commands\Server\rewrite.php(47): require_once('C:\\xampp\\htdocs...')
#13 {main}
CRITICAL - 2025-01-03 07:23:46 --> Cannot delete or update a parent row: a foreign key constraint fails (`poin_market`.`data_transaksi`, CONSTRAINT `data_transaksi_ibfk_1` FOREIGN KEY (`npm`) REFERENCES `mahasiswa` (`npm`))
in SYSTEMPATH\Database\MySQLi\Connection.php on line 295.
 1 SYSTEMPATH\Database\MySQLi\Connection.php(295): mysqli->query('UPDATE `mahasiswa` SET `nama` = \'Dika Dwi\', `npm` = \'123458\', `point` = \'145\', `gaya_belajar` = \'Kinestetik\', `updated_at` = \'2025-01-03 07:23:46\'
WHERE `mahasiswa`.`npm` IN (\'12345\')', 0)
 2 SYSTEMPATH\Database\BaseConnection.php(692): CodeIgniter\Database\MySQLi\Connection->execute('UPDATE `mahasiswa` SET `nama` = \'Dika Dwi\', `npm` = \'123458\', `point` = \'145\', `gaya_belajar` = \'Kinestetik\', `updated_at` = \'2025-01-03 07:23:46\'
WHERE `mahasiswa`.`npm` IN (\'12345\')')
 3 SYSTEMPATH\Database\BaseConnection.php(606): CodeIgniter\Database\BaseConnection->simpleQuery('UPDATE `mahasiswa` SET `nama` = \'Dika Dwi\', `npm` = \'123458\', `point` = \'145\', `gaya_belajar` = \'Kinestetik\', `updated_at` = \'2025-01-03 07:23:46\'
WHERE `mahasiswa`.`npm` IN (\'12345\')')
 4 SYSTEMPATH\Database\BaseBuilder.php(2476): CodeIgniter\Database\BaseConnection->query('UPDATE `mahasiswa` SET `nama` = :nama:, `npm` = :npm:, `point` = :point:, `gaya_belajar` = :gaya_belajar:, `updated_at` = :updated_at:
WHERE `mahasiswa`.`npm` IN :mahasiswa.npm:', [...], false)
 5 SYSTEMPATH\Model.php(396): CodeIgniter\Database\BaseBuilder->update()
 6 SYSTEMPATH\BaseModel.php(943): CodeIgniter\Model->doUpdate([...], [...])
 7 SYSTEMPATH\Model.php(756): CodeIgniter\BaseModel->update([...], [...])
 8 APPPATH\Controllers\PoinMarket_Admin\Mahasiswa.php(114): CodeIgniter\Model->update('12345', [...])
 9 SYSTEMPATH\CodeIgniter.php(932): App\Controllers\PoinMarket_Admin\Mahasiswa->update_Mhs('12345')
10 SYSTEMPATH\CodeIgniter.php(497): CodeIgniter\CodeIgniter->runController(Object(App\Controllers\PoinMarket_Admin\Mahasiswa))
11 SYSTEMPATH\CodeIgniter.php(366): CodeIgniter\CodeIgniter->handleRequest(null, Object(Config\Cache), false)
12 FCPATH\index.php(67): CodeIgniter\CodeIgniter->run()
13 SYSTEMPATH\Commands\Server\rewrite.php(47): require_once('C:\\xampp\\htdocs\\PoinMarket\\public\\index.php')
INFO - 2025-01-03 07:24:15 --> Session: Class initialized using 'CodeIgniter\Session\Handlers\FileHandler' driver.
INFO - 2025-01-03 07:24:16 --> Session: Class initialized using 'CodeIgniter\Session\Handlers\FileHandler' driver.
INFO - 2025-01-03 07:24:33 --> Session: Class initialized using 'CodeIgniter\Session\Handlers\FileHandler' driver.
INFO - 2025-01-03 07:24:33 --> Session: Class initialized using 'CodeIgniter\Session\Handlers\FileHandler' driver.
INFO - 2025-01-03 07:24:37 --> Session: Class initialized using 'CodeIgniter\Session\Handlers\FileHandler' driver.
INFO - 2025-01-03 07:24:37 --> Session: Class initialized using 'CodeIgniter\Session\Handlers\FileHandler' driver.
INFO - 2025-01-03 07:24:38 --> Session: Class initialized using 'CodeIgniter\Session\Handlers\FileHandler' driver.
INFO - 2025-01-03 07:24:43 --> Session: Class initialized using 'CodeIgniter\Session\Handlers\FileHandler' driver.
ERROR - 2025-01-03 07:24:43 --> mysqli_sql_exception: Cannot delete or update a parent row: a foreign key constraint fails (`poin_market`.`data_transaksi`, CONSTRAINT `data_transaksi_ibfk_1` FOREIGN KEY (`npm`) REFERENCES `mahasiswa` (`npm`)) in C:\xampp\htdocs\PoinMarket\system\Database\MySQLi\Connection.php:295
Stack trace:
#0 C:\xampp\htdocs\PoinMarket\system\Database\MySQLi\Connection.php(295): mysqli->query('UPDATE `mahasis...', 0)
#1 C:\xampp\htdocs\PoinMarket\system\Database\BaseConnection.php(692): CodeIgniter\Database\MySQLi\Connection->execute('UPDATE `mahasis...')
#2 C:\xampp\htdocs\PoinMarket\system\Database\BaseConnection.php(606): CodeIgniter\Database\BaseConnection->simpleQuery('UPDATE `mahasis...')
#3 C:\xampp\htdocs\PoinMarket\system\Database\BaseBuilder.php(2476): CodeIgniter\Database\BaseConnection->query('UPDATE `mahasis...', Array, false)
#4 C:\xampp\htdocs\PoinMarket\system\Model.php(396): CodeIgniter\Database\BaseBuilder->update()
#5 C:\xampp\htdocs\PoinMarket\system\BaseModel.php(943): CodeIgniter\Model->doUpdate(Array, Array)
#6 C:\xampp\htdocs\PoinMarket\system\Model.php(756): CodeIgniter\BaseModel->update(Array, Array)
#7 C:\xampp\htdocs\PoinMarket\app\Controllers\PoinMarket_Admin\Mahasiswa.php(114): CodeIgniter\Model->update('12345', Array)
#8 C:\xampp\htdocs\PoinMarket\system\CodeIgniter.php(932): App\Controllers\PoinMarket_Admin\Mahasiswa->update_Mhs('12345')
#9 C:\xampp\htdocs\PoinMarket\system\CodeIgniter.php(497): CodeIgniter\CodeIgniter->runController(Object(App\Controllers\PoinMarket_Admin\Mahasiswa))
#10 C:\xampp\htdocs\PoinMarket\system\CodeIgniter.php(366): CodeIgniter\CodeIgniter->handleRequest(NULL, Object(Config\Cache), false)
#11 C:\xampp\htdocs\PoinMarket\public\index.php(67): CodeIgniter\CodeIgniter->run()
#12 C:\xampp\htdocs\PoinMarket\system\Commands\Server\rewrite.php(47): require_once('C:\\xampp\\htdocs...')
#13 {main}
CRITICAL - 2025-01-03 07:24:43 --> Cannot delete or update a parent row: a foreign key constraint fails (`poin_market`.`data_transaksi`, CONSTRAINT `data_transaksi_ibfk_1` FOREIGN KEY (`npm`) REFERENCES `mahasiswa` (`npm`))
in SYSTEMPATH\Database\MySQLi\Connection.php on line 295.
 1 SYSTEMPATH\Database\MySQLi\Connection.php(295): mysqli->query('UPDATE `mahasiswa` SET `nama` = \'Dika Dwi\', `npm` = \'123458\', `point` = \'145\', `gaya_belajar` = \'Kinestetik\', `updated_at` = \'2025-01-03 07:24:43\'
WHERE `mahasiswa`.`npm` IN (\'12345\')', 0)
 2 SYSTEMPATH\Database\BaseConnection.php(692): CodeIgniter\Database\MySQLi\Connection->execute('UPDATE `mahasiswa` SET `nama` = \'Dika Dwi\', `npm` = \'123458\', `point` = \'145\', `gaya_belajar` = \'Kinestetik\', `updated_at` = \'2025-01-03 07:24:43\'
WHERE `mahasiswa`.`npm` IN (\'12345\')')
 3 SYSTEMPATH\Database\BaseConnection.php(606): CodeIgniter\Database\BaseConnection->simpleQuery('UPDATE `mahasiswa` SET `nama` = \'Dika Dwi\', `npm` = \'123458\', `point` = \'145\', `gaya_belajar` = \'Kinestetik\', `updated_at` = \'2025-01-03 07:24:43\'
WHERE `mahasiswa`.`npm` IN (\'12345\')')
 4 SYSTEMPATH\Database\BaseBuilder.php(2476): CodeIgniter\Database\BaseConnection->query('UPDATE `mahasiswa` SET `nama` = :nama:, `npm` = :npm:, `point` = :point:, `gaya_belajar` = :gaya_belajar:, `updated_at` = :updated_at:
WHERE `mahasiswa`.`npm` IN :mahasiswa.npm:', [...], false)
 5 SYSTEMPATH\Model.php(396): CodeIgniter\Database\BaseBuilder->update()
 6 SYSTEMPATH\BaseModel.php(943): CodeIgniter\Model->doUpdate([...], [...])
 7 SYSTEMPATH\Model.php(756): CodeIgniter\BaseModel->update([...], [...])
 8 APPPATH\Controllers\PoinMarket_Admin\Mahasiswa.php(114): CodeIgniter\Model->update('12345', [...])
 9 SYSTEMPATH\CodeIgniter.php(932): App\Controllers\PoinMarket_Admin\Mahasiswa->update_Mhs('12345')
10 SYSTEMPATH\CodeIgniter.php(497): CodeIgniter\CodeIgniter->runController(Object(App\Controllers\PoinMarket_Admin\Mahasiswa))
11 SYSTEMPATH\CodeIgniter.php(366): CodeIgniter\CodeIgniter->handleRequest(null, Object(Config\Cache), false)
12 FCPATH\index.php(67): CodeIgniter\CodeIgniter->run()
13 SYSTEMPATH\Commands\Server\rewrite.php(47): require_once('C:\\xampp\\htdocs\\PoinMarket\\public\\index.php')
INFO - 2025-01-03 07:26:06 --> Session: Class initialized using 'CodeIgniter\Session\Handlers\FileHandler' driver.
INFO - 2025-01-03 07:26:07 --> Session: Class initialized using 'CodeIgniter\Session\Handlers\FileHandler' driver.
INFO - 2025-01-03 07:26:08 --> Session: Class initialized using 'CodeIgniter\Session\Handlers\FileHandler' driver.
INFO - 2025-01-03 07:26:08 --> Session: Class initialized using 'CodeIgniter\Session\Handlers\FileHandler' driver.
INFO - 2025-01-03 07:26:13 --> Session: Class initialized using 'CodeIgniter\Session\Handlers\FileHandler' driver.
INFO - 2025-01-03 07:26:13 --> Session: Class initialized using 'CodeIgniter\Session\Handlers\FileHandler' driver.
INFO - 2025-01-03 07:26:13 --> Session: Class initialized using 'CodeIgniter\Session\Handlers\FileHandler' driver.
INFO - 2025-01-03 07:26:17 --> Session: Class initialized using 'CodeIgniter\Session\Handlers\FileHandler' driver.
INFO - 2025-01-03 07:26:17 --> Session: Class initialized using 'CodeIgniter\Session\Handlers\FileHandler' driver.
INFO - 2025-01-03 07:26:19 --> Session: Class initialized using 'CodeIgniter\Session\Handlers\FileHandler' driver.
INFO - 2025-01-03 07:26:19 --> Session: Class initialized using 'CodeIgniter\Session\Handlers\FileHandler' driver.
INFO - 2025-01-03 07:26:26 --> Session: Class initialized using 'CodeIgniter\Session\Handlers\FileHandler' driver.
INFO - 2025-01-03 07:26:26 --> Session: Class initialized using 'CodeIgniter\Session\Handlers\FileHandler' driver.
INFO - 2025-01-03 07:26:37 --> Session: Class initialized using 'CodeIgniter\Session\Handlers\FileHandler' driver.
ERROR - 2025-01-03 07:26:37 --> mysqli_sql_exception: Duplicate entry '1184097' for key 'npm' in C:\xampp\htdocs\PoinMarket\system\Database\MySQLi\Connection.php:295
Stack trace:
#0 C:\xampp\htdocs\PoinMarket\system\Database\MySQLi\Connection.php(295): mysqli->query('INSERT INTO `da...', 0)
#1 C:\xampp\htdocs\PoinMarket\system\Database\BaseConnection.php(692): CodeIgniter\Database\MySQLi\Connection->execute('INSERT INTO `da...')
#2 C:\xampp\htdocs\PoinMarket\system\Database\BaseConnection.php(606): CodeIgniter\Database\BaseConnection->simpleQuery('INSERT INTO `da...')
#3 C:\xampp\htdocs\PoinMarket\system\Database\BaseBuilder.php(2309): CodeIgniter\Database\BaseConnection->query('INSERT INTO `da...', Array, false)
#4 C:\xampp\htdocs\PoinMarket\system\Model.php(330): CodeIgniter\Database\BaseBuilder->insert()
#5 C:\xampp\htdocs\PoinMarket\system\BaseModel.php(782): CodeIgniter\Model->doInsert(Array)
#6 C:\xampp\htdocs\PoinMarket\system\Model.php(730): CodeIgniter\BaseModel->insert(Array, true)
#7 C:\xampp\htdocs\PoinMarket\app\Controllers\PoinMarket_Admin\Transaksi.php(231): CodeIgniter\Model->insert(Array)
#8 C:\xampp\htdocs\PoinMarket\system\CodeIgniter.php(932): App\Controllers\PoinMarket_Admin\Transaksi->save_Transaksi()
#9 C:\xampp\htdocs\PoinMarket\system\CodeIgniter.php(497): CodeIgniter\CodeIgniter->runController(Object(App\Controllers\PoinMarket_Admin\Transaksi))
#10 C:\xampp\htdocs\PoinMarket\system\CodeIgniter.php(366): CodeIgniter\CodeIgniter->handleRequest(NULL, Object(Config\Cache), false)
#11 C:\xampp\htdocs\PoinMarket\public\index.php(67): CodeIgniter\CodeIgniter->run()
#12 C:\xampp\htdocs\PoinMarket\system\Commands\Server\rewrite.php(47): require_once('C:\\xampp\\htdocs...')
#13 {main}
CRITICAL - 2025-01-03 07:26:37 --> Duplicate entry '1184097' for key 'npm'
in SYSTEMPATH\Database\MySQLi\Connection.php on line 295.
 1 SYSTEMPATH\Database\MySQLi\Connection.php(295): mysqli->query('INSERT INTO `data_transaksi` (`jenis_transaksi`, `nama_transaksi`, `npm`, `poin_digunakan`, `tanggal_transaksi`, `validation`, `claim`) VALUES (\'102\', \'Edukasi Tambahan\', \'1184097\', \'45\', \'2025-01-03 07:26:37\', \'Sudah\', \'Sudah\')', 0)
 2 SYSTEMPATH\Database\BaseConnection.php(692): CodeIgniter\Database\MySQLi\Connection->execute('INSERT INTO `data_transaksi` (`jenis_transaksi`, `nama_transaksi`, `npm`, `poin_digunakan`, `tanggal_transaksi`, `validation`, `claim`) VALUES (\'102\', \'Edukasi Tambahan\', \'1184097\', \'45\', \'2025-01-03 07:26:37\', \'Sudah\', \'Sudah\')')
 3 SYSTEMPATH\Database\BaseConnection.php(606): CodeIgniter\Database\BaseConnection->simpleQuery('INSERT INTO `data_transaksi` (`jenis_transaksi`, `nama_transaksi`, `npm`, `poin_digunakan`, `tanggal_transaksi`, `validation`, `claim`) VALUES (\'102\', \'Edukasi Tambahan\', \'1184097\', \'45\', \'2025-01-03 07:26:37\', \'Sudah\', \'Sudah\')')
 4 SYSTEMPATH\Database\BaseBuilder.php(2309): CodeIgniter\Database\BaseConnection->query('INSERT INTO `data_transaksi` (`jenis_transaksi`, `nama_transaksi`, `npm`, `poin_digunakan`, `tanggal_transaksi`, `validation`, `claim`) VALUES (:jenis_transaksi:, :nama_transaksi:, :npm:, :poin_digunakan:, :tanggal_transaksi:, :validation:, :claim:)', [...], false)
 5 SYSTEMPATH\Model.php(330): CodeIgniter\Database\BaseBuilder->insert()
 6 SYSTEMPATH\BaseModel.php(782): CodeIgniter\Model->doInsert([...])
 7 SYSTEMPATH\Model.php(730): CodeIgniter\BaseModel->insert([...], true)
 8 APPPATH\Controllers\PoinMarket_Admin\Transaksi.php(231): CodeIgniter\Model->insert([...])
 9 SYSTEMPATH\CodeIgniter.php(932): App\Controllers\PoinMarket_Admin\Transaksi->save_Transaksi()
10 SYSTEMPATH\CodeIgniter.php(497): CodeIgniter\CodeIgniter->runController(Object(App\Controllers\PoinMarket_Admin\Transaksi))
11 SYSTEMPATH\CodeIgniter.php(366): CodeIgniter\CodeIgniter->handleRequest(null, Object(Config\Cache), false)
12 FCPATH\index.php(67): CodeIgniter\CodeIgniter->run()
13 SYSTEMPATH\Commands\Server\rewrite.php(47): require_once('C:\\xampp\\htdocs\\PoinMarket\\public\\index.php')
INFO - 2025-01-03 07:27:06 --> Session: Class initialized using 'CodeIgniter\Session\Handlers\FileHandler' driver.
INFO - 2025-01-03 07:27:06 --> Session: Class initialized using 'CodeIgniter\Session\Handlers\FileHandler' driver.
INFO - 2025-01-03 07:27:26 --> Session: Class initialized using 'CodeIgniter\Session\Handlers\FileHandler' driver.
INFO - 2025-01-03 07:27:27 --> Session: Class initialized using 'CodeIgniter\Session\Handlers\FileHandler' driver.
INFO - 2025-01-03 07:27:28 --> Session: Class initialized using 'CodeIgniter\Session\Handlers\FileHandler' driver.
INFO - 2025-01-03 07:27:29 --> Session: Class initialized using 'CodeIgniter\Session\Handlers\FileHandler' driver.
INFO - 2025-01-03 07:27:34 --> Session: Class initialized using 'CodeIgniter\Session\Handlers\FileHandler' driver.
INFO - 2025-01-03 07:27:34 --> Session: Class initialized using 'CodeIgniter\Session\Handlers\FileHandler' driver.
INFO - 2025-01-03 07:27:34 --> Session: Class initialized using 'CodeIgniter\Session\Handlers\FileHandler' driver.
INFO - 2025-01-03 07:27:37 --> Session: Class initialized using 'CodeIgniter\Session\Handlers\FileHandler' driver.
INFO - 2025-01-03 07:27:37 --> Session: Class initialized using 'CodeIgniter\Session\Handlers\FileHandler' driver.
INFO - 2025-01-03 07:27:39 --> Session: Class initialized using 'CodeIgniter\Session\Handlers\FileHandler' driver.
INFO - 2025-01-03 07:27:39 --> Session: Class initialized using 'CodeIgniter\Session\Handlers\FileHandler' driver.
INFO - 2025-01-03 07:52:38 --> Session: Class initialized using 'CodeIgniter\Session\Handlers\FileHandler' driver.
ERROR - 2025-01-03 07:52:38 --> mysqli_sql_exception: Unknown column 'jenis_transaksi' in 'where clause' in C:\xampp\htdocs\PoinMarket\system\Database\MySQLi\Connection.php:295
Stack trace:
#0 C:\xampp\htdocs\PoinMarket\system\Database\MySQLi\Connection.php(295): mysqli->query('SELECT COUNT(*)...', 0)
#1 C:\xampp\htdocs\PoinMarket\system\Database\BaseConnection.php(692): CodeIgniter\Database\MySQLi\Connection->execute('SELECT COUNT(*)...')
#2 C:\xampp\htdocs\PoinMarket\system\Database\BaseConnection.php(606): CodeIgniter\Database\BaseConnection->simpleQuery('SELECT COUNT(*)...')
#3 C:\xampp\htdocs\PoinMarket\system\Database\BaseBuilder.php(1700): CodeIgniter\Database\BaseConnection->query('SELECT COUNT(*)...', Array, false)
#4 C:\xampp\htdocs\PoinMarket\system\Model.php(606): CodeIgniter\Database\BaseBuilder->countAllResults(true)
#5 C:\xampp\htdocs\PoinMarket\app\Models\DataTransaksiModel.php(71): CodeIgniter\Model->countAllResults()
#6 C:\xampp\htdocs\PoinMarket\app\Controllers\PoinMarket_Admin\Mahasiswa.php(50): App\Models\DataTransaksiModel->Reward('123457')
#7 C:\xampp\htdocs\PoinMarket\system\CodeIgniter.php(932): App\Controllers\PoinMarket_Admin\Mahasiswa->Index()
#8 C:\xampp\htdocs\PoinMarket\system\CodeIgniter.php(497): CodeIgniter\CodeIgniter->runController(Object(App\Controllers\PoinMarket_Admin\Mahasiswa))
#9 C:\xampp\htdocs\PoinMarket\system\CodeIgniter.php(366): CodeIgniter\CodeIgniter->handleRequest(NULL, Object(Config\Cache), false)
#10 C:\xampp\htdocs\PoinMarket\public\index.php(67): CodeIgniter\CodeIgniter->run()
#11 C:\xampp\htdocs\PoinMarket\system\Commands\Server\rewrite.php(47): require_once('C:\\xampp\\htdocs...')
#12 {main}
CRITICAL - 2025-01-03 07:52:38 --> Unknown column 'jenis_transaksi' in 'where clause'
in SYSTEMPATH\Database\MySQLi\Connection.php on line 295.
 1 SYSTEMPATH\Database\MySQLi\Connection.php(295): mysqli->query('SELECT COUNT(*) AS `numrows`
FROM `data_transaksi`
WHERE `jenis_transaksi` = 101
AND `npm` = \'123457\'', 0)
 2 SYSTEMPATH\Database\BaseConnection.php(692): CodeIgniter\Database\MySQLi\Connection->execute('SELECT COUNT(*) AS `numrows`
FROM `data_transaksi`
WHERE `jenis_transaksi` = 101
AND `npm` = \'123457\'')
 3 SYSTEMPATH\Database\BaseConnection.php(606): CodeIgniter\Database\BaseConnection->simpleQuery('SELECT COUNT(*) AS `numrows`
FROM `data_transaksi`
WHERE `jenis_transaksi` = 101
AND `npm` = \'123457\'')
 4 SYSTEMPATH\Database\BaseBuilder.php(1700): CodeIgniter\Database\BaseConnection->query('SELECT COUNT(*) AS `numrows`
FROM `data_transaksi`
WHERE `jenis_transaksi` = :jenis_transaksi:
AND `npm` = :npm:', [...], false)
 5 SYSTEMPATH\Model.php(606): CodeIgniter\Database\BaseBuilder->countAllResults(true)
 6 APPPATH\Models\DataTransaksiModel.php(71): CodeIgniter\Model->countAllResults()
 7 APPPATH\Controllers\PoinMarket_Admin\Mahasiswa.php(50): App\Models\DataTransaksiModel->Reward('123457')
 8 SYSTEMPATH\CodeIgniter.php(932): App\Controllers\PoinMarket_Admin\Mahasiswa->Index()
 9 SYSTEMPATH\CodeIgniter.php(497): CodeIgniter\CodeIgniter->runController(Object(App\Controllers\PoinMarket_Admin\Mahasiswa))
10 SYSTEMPATH\CodeIgniter.php(366): CodeIgniter\CodeIgniter->handleRequest(null, Object(Config\Cache), false)
11 FCPATH\index.php(67): CodeIgniter\CodeIgniter->run()
12 SYSTEMPATH\Commands\Server\rewrite.php(47): require_once('C:\\xampp\\htdocs\\PoinMarket\\public\\index.php')
INFO - 2025-01-03 07:54:08 --> Session: Class initialized using 'CodeIgniter\Session\Handlers\FileHandler' driver.
INFO - 2025-01-03 07:54:09 --> Session: Class initialized using 'CodeIgniter\Session\Handlers\FileHandler' driver.
INFO - 2025-01-03 07:54:20 --> Session: Class initialized using 'CodeIgniter\Session\Handlers\FileHandler' driver.
INFO - 2025-01-03 07:54:21 --> Session: Class initialized using 'CodeIgniter\Session\Handlers\FileHandler' driver.
INFO - 2025-01-03 07:54:22 --> Session: Class initialized using 'CodeIgniter\Session\Handlers\FileHandler' driver.
CRITICAL - 2025-01-03 07:54:22 --> Undefined array key "jenis_transaksi"
in APPPATH\Views\PoinMarket_Admin\Tabel\tabel_transaksi.php on line 215.
 1 APPPATH\Views\PoinMarket_Admin\Tabel\tabel_transaksi.php(215): CodeIgniter\Debug\Exceptions->errorHandler(2, 'Undefined array key "jenis_transaksi"', 'C:\\xampp\\htdocs\\PoinMarket\\app\\Views\\PoinMarket_Admin\\Tabel\\tabel_transaksi.php', 215)
 2 SYSTEMPATH\View\View.php(224): include('C:\\xampp\\htdocs\\PoinMarket\\app\\Views\\PoinMarket_Admin\\Tabel\\tabel_transaksi.php')
 3 SYSTEMPATH\View\View.php(227): CodeIgniter\View\View->CodeIgniter\View\{closure}()
 4 SYSTEMPATH\View\View.php(452): CodeIgniter\View\View->render('PoinMarket_Admin/Tabel/tabel_transaksi', null, true)
 5 APPPATH\Views\PoinMarket_Admin\Page\transaksi.php(54): CodeIgniter\View\View->include('PoinMarket_Admin/Tabel/tabel_transaksi')
 6 SYSTEMPATH\View\View.php(224): include('C:\\xampp\\htdocs\\PoinMarket\\app\\Views\\PoinMarket_Admin\\Page\\transaksi.php')
 7 SYSTEMPATH\View\View.php(227): CodeIgniter\View\View->CodeIgniter\View\{closure}()
 8 SYSTEMPATH\Common.php(1180): CodeIgniter\View\View->render('PoinMarket_Admin/Page/transaksi', [], true)
 9 APPPATH\Controllers\PoinMarket_Admin\Transaksi.php(59): view('PoinMarket_Admin/Page/transaksi', [...])
10 SYSTEMPATH\CodeIgniter.php(932): App\Controllers\PoinMarket_Admin\Transaksi->index()
11 SYSTEMPATH\CodeIgniter.php(497): CodeIgniter\CodeIgniter->runController(Object(App\Controllers\PoinMarket_Admin\Transaksi))
12 SYSTEMPATH\CodeIgniter.php(366): CodeIgniter\CodeIgniter->handleRequest(null, Object(Config\Cache), false)
13 FCPATH\index.php(67): CodeIgniter\CodeIgniter->run()
14 SYSTEMPATH\Commands\Server\rewrite.php(47): require_once('C:\\xampp\\htdocs\\PoinMarket\\public\\index.php')
INFO - 2025-01-03 07:55:23 --> Session: Class initialized using 'CodeIgniter\Session\Handlers\FileHandler' driver.
CRITICAL - 2025-01-03 07:55:23 --> Undefined array key "jenis_transaksi"
in APPPATH\Views\PoinMarket_Admin\Tabel\tabel_transaksi.php on line 339.
 1 APPPATH\Views\PoinMarket_Admin\Tabel\tabel_transaksi.php(339): CodeIgniter\Debug\Exceptions->errorHandler(2, 'Undefined array key "jenis_transaksi"', 'C:\\xampp\\htdocs\\PoinMarket\\app\\Views\\PoinMarket_Admin\\Tabel\\tabel_transaksi.php', 339)
 2 SYSTEMPATH\View\View.php(224): include('C:\\xampp\\htdocs\\PoinMarket\\app\\Views\\PoinMarket_Admin\\Tabel\\tabel_transaksi.php')
 3 SYSTEMPATH\View\View.php(227): CodeIgniter\View\View->CodeIgniter\View\{closure}()
 4 SYSTEMPATH\View\View.php(452): CodeIgniter\View\View->render('PoinMarket_Admin/Tabel/tabel_transaksi', null, true)
 5 APPPATH\Views\PoinMarket_Admin\Page\transaksi.php(54): CodeIgniter\View\View->include('PoinMarket_Admin/Tabel/tabel_transaksi')
 6 SYSTEMPATH\View\View.php(224): include('C:\\xampp\\htdocs\\PoinMarket\\app\\Views\\PoinMarket_Admin\\Page\\transaksi.php')
 7 SYSTEMPATH\View\View.php(227): CodeIgniter\View\View->CodeIgniter\View\{closure}()
 8 SYSTEMPATH\Common.php(1180): CodeIgniter\View\View->render('PoinMarket_Admin/Page/transaksi', [], true)
 9 APPPATH\Controllers\PoinMarket_Admin\Transaksi.php(59): view('PoinMarket_Admin/Page/transaksi', [...])
10 SYSTEMPATH\CodeIgniter.php(932): App\Controllers\PoinMarket_Admin\Transaksi->index()
11 SYSTEMPATH\CodeIgniter.php(497): CodeIgniter\CodeIgniter->runController(Object(App\Controllers\PoinMarket_Admin\Transaksi))
12 SYSTEMPATH\CodeIgniter.php(366): CodeIgniter\CodeIgniter->handleRequest(null, Object(Config\Cache), false)
13 FCPATH\index.php(67): CodeIgniter\CodeIgniter->run()
14 SYSTEMPATH\Commands\Server\rewrite.php(47): require_once('C:\\xampp\\htdocs\\PoinMarket\\public\\index.php')
INFO - 2025-01-03 07:55:47 --> Session: Class initialized using 'CodeIgniter\Session\Handlers\FileHandler' driver.
CRITICAL - 2025-01-03 07:55:47 --> Undefined array key "jenis_transaksi"
in APPPATH\Views\PoinMarket_Admin\Tabel\tabel_transaksi.php on line 407.
 1 APPPATH\Views\PoinMarket_Admin\Tabel\tabel_transaksi.php(407): CodeIgniter\Debug\Exceptions->errorHandler(2, 'Undefined array key "jenis_transaksi"', 'C:\\xampp\\htdocs\\PoinMarket\\app\\Views\\PoinMarket_Admin\\Tabel\\tabel_transaksi.php', 407)
 2 SYSTEMPATH\View\View.php(224): include('C:\\xampp\\htdocs\\PoinMarket\\app\\Views\\PoinMarket_Admin\\Tabel\\tabel_transaksi.php')
 3 SYSTEMPATH\View\View.php(227): CodeIgniter\View\View->CodeIgniter\View\{closure}()
 4 SYSTEMPATH\View\View.php(452): CodeIgniter\View\View->render('PoinMarket_Admin/Tabel/tabel_transaksi', null, true)
 5 APPPATH\Views\PoinMarket_Admin\Page\transaksi.php(54): CodeIgniter\View\View->include('PoinMarket_Admin/Tabel/tabel_transaksi')
 6 SYSTEMPATH\View\View.php(224): include('C:\\xampp\\htdocs\\PoinMarket\\app\\Views\\PoinMarket_Admin\\Page\\transaksi.php')
 7 SYSTEMPATH\View\View.php(227): CodeIgniter\View\View->CodeIgniter\View\{closure}()
 8 SYSTEMPATH\Common.php(1180): CodeIgniter\View\View->render('PoinMarket_Admin/Page/transaksi', [], true)
 9 APPPATH\Controllers\PoinMarket_Admin\Transaksi.php(59): view('PoinMarket_Admin/Page/transaksi', [...])
10 SYSTEMPATH\CodeIgniter.php(932): App\Controllers\PoinMarket_Admin\Transaksi->index()
11 SYSTEMPATH\CodeIgniter.php(497): CodeIgniter\CodeIgniter->runController(Object(App\Controllers\PoinMarket_Admin\Transaksi))
12 SYSTEMPATH\CodeIgniter.php(366): CodeIgniter\CodeIgniter->handleRequest(null, Object(Config\Cache), false)
13 FCPATH\index.php(67): CodeIgniter\CodeIgniter->run()
14 SYSTEMPATH\Commands\Server\rewrite.php(47): require_once('C:\\xampp\\htdocs\\PoinMarket\\public\\index.php')
INFO - 2025-01-03 07:56:00 --> Session: Class initialized using 'CodeIgniter\Session\Handlers\FileHandler' driver.
INFO - 2025-01-03 07:56:01 --> Session: Class initialized using 'CodeIgniter\Session\Handlers\FileHandler' driver.
INFO - 2025-01-03 07:56:13 --> Session: Class initialized using 'CodeIgniter\Session\Handlers\FileHandler' driver.
INFO - 2025-01-03 07:56:13 --> Session: Class initialized using 'CodeIgniter\Session\Handlers\FileHandler' driver.
INFO - 2025-01-03 07:56:14 --> Session: Class initialized using 'CodeIgniter\Session\Handlers\FileHandler' driver.
INFO - 2025-01-03 07:56:52 --> Session: Class initialized using 'CodeIgniter\Session\Handlers\FileHandler' driver.
INFO - 2025-01-03 07:56:53 --> Session: Class initialized using 'CodeIgniter\Session\Handlers\FileHandler' driver.
INFO - 2025-01-03 07:57:01 --> Session: Class initialized using 'CodeIgniter\Session\Handlers\FileHandler' driver.
INFO - 2025-01-03 07:57:01 --> Session: Class initialized using 'CodeIgniter\Session\Handlers\FileHandler' driver.
INFO - 2025-01-03 07:57:02 --> Session: Class initialized using 'CodeIgniter\Session\Handlers\FileHandler' driver.
INFO - 2025-01-03 07:57:02 --> Session: Class initialized using 'CodeIgniter\Session\Handlers\FileHandler' driver.
INFO - 2025-01-03 07:57:06 --> Session: Class initialized using 'CodeIgniter\Session\Handlers\FileHandler' driver.
INFO - 2025-01-03 07:57:06 --> Session: Class initialized using 'CodeIgniter\Session\Handlers\FileHandler' driver.
INFO - 2025-01-03 07:57:07 --> Session: Class initialized using 'CodeIgniter\Session\Handlers\FileHandler' driver.
INFO - 2025-01-03 07:57:08 --> Session: Class initialized using 'CodeIgniter\Session\Handlers\FileHandler' driver.
INFO - 2025-01-03 07:57:29 --> Session: Class initialized using 'CodeIgniter\Session\Handlers\FileHandler' driver.
INFO - 2025-01-03 07:57:29 --> Session: Class initialized using 'CodeIgniter\Session\Handlers\FileHandler' driver.
INFO - 2025-01-03 07:57:34 --> Session: Class initialized using 'CodeIgniter\Session\Handlers\FileHandler' driver.
INFO - 2025-01-03 07:57:34 --> Session: Class initialized using 'CodeIgniter\Session\Handlers\FileHandler' driver.
INFO - 2025-01-03 07:57:36 --> Session: Class initialized using 'CodeIgniter\Session\Handlers\FileHandler' driver.
INFO - 2025-01-03 07:57:36 --> Session: Class initialized using 'CodeIgniter\Session\Handlers\FileHandler' driver.
INFO - 2025-01-03 07:59:09 --> Session: Class initialized using 'CodeIgniter\Session\Handlers\FileHandler' driver.
INFO - 2025-01-03 07:59:09 --> Session: Class initialized using 'CodeIgniter\Session\Handlers\FileHandler' driver.
INFO - 2025-01-03 07:59:18 --> Session: Class initialized using 'CodeIgniter\Session\Handlers\FileHandler' driver.
ERROR - 2025-01-03 07:59:18 --> mysqli_sql_exception: Column 'kode_jenis' cannot be null in C:\xampp\htdocs\PoinMarket\system\Database\MySQLi\Connection.php:295
Stack trace:
#0 C:\xampp\htdocs\PoinMarket\system\Database\MySQLi\Connection.php(295): mysqli->query('INSERT INTO `da...', 0)
#1 C:\xampp\htdocs\PoinMarket\system\Database\BaseConnection.php(692): CodeIgniter\Database\MySQLi\Connection->execute('INSERT INTO `da...')
#2 C:\xampp\htdocs\PoinMarket\system\Database\BaseConnection.php(606): CodeIgniter\Database\BaseConnection->simpleQuery('INSERT INTO `da...')
#3 C:\xampp\htdocs\PoinMarket\system\Database\BaseBuilder.php(2309): CodeIgniter\Database\BaseConnection->query('INSERT INTO `da...', Array, false)
#4 C:\xampp\htdocs\PoinMarket\system\Model.php(330): CodeIgniter\Database\BaseBuilder->insert()
#5 C:\xampp\htdocs\PoinMarket\system\BaseModel.php(782): CodeIgniter\Model->doInsert(Array)
#6 C:\xampp\htdocs\PoinMarket\system\Model.php(730): CodeIgniter\BaseModel->insert(Array, true)
#7 C:\xampp\htdocs\PoinMarket\app\Controllers\PoinMarket_Admin\Transaksi.php(266): CodeIgniter\Model->insert(Array)
#8 C:\xampp\htdocs\PoinMarket\system\CodeIgniter.php(932): App\Controllers\PoinMarket_Admin\Transaksi->save_Transaksi()
#9 C:\xampp\htdocs\PoinMarket\system\CodeIgniter.php(497): CodeIgniter\CodeIgniter->runController(Object(App\Controllers\PoinMarket_Admin\Transaksi))
#10 C:\xampp\htdocs\PoinMarket\system\CodeIgniter.php(366): CodeIgniter\CodeIgniter->handleRequest(NULL, Object(Config\Cache), false)
#11 C:\xampp\htdocs\PoinMarket\public\index.php(67): CodeIgniter\CodeIgniter->run()
#12 C:\xampp\htdocs\PoinMarket\system\Commands\Server\rewrite.php(47): require_once('C:\\xampp\\htdocs...')
#13 {main}
CRITICAL - 2025-01-03 07:59:18 --> Column 'kode_jenis' cannot be null
in SYSTEMPATH\Database\MySQLi\Connection.php on line 295.
 1 SYSTEMPATH\Database\MySQLi\Connection.php(295): mysqli->query('INSERT INTO `data_transaksi` (`kode_jenis`, `nama_transaksi`, `npm`, `poin_digunakan`, `tanggal_transaksi`, `validation`, `claim`) VALUES (NULL, \'Tambah Point\', \'1184097\', \'30\', \'2025-01-03 07:59:18\', \'Belum\', \'Belum\')', 0)
 2 SYSTEMPATH\Database\BaseConnection.php(692): CodeIgniter\Database\MySQLi\Connection->execute('INSERT INTO `data_transaksi` (`kode_jenis`, `nama_transaksi`, `npm`, `poin_digunakan`, `tanggal_transaksi`, `validation`, `claim`) VALUES (NULL, \'Tambah Point\', \'1184097\', \'30\', \'2025-01-03 07:59:18\', \'Belum\', \'Belum\')')
 3 SYSTEMPATH\Database\BaseConnection.php(606): CodeIgniter\Database\BaseConnection->simpleQuery('INSERT INTO `data_transaksi` (`kode_jenis`, `nama_transaksi`, `npm`, `poin_digunakan`, `tanggal_transaksi`, `validation`, `claim`) VALUES (NULL, \'Tambah Point\', \'1184097\', \'30\', \'2025-01-03 07:59:18\', \'Belum\', \'Belum\')')
 4 SYSTEMPATH\Database\BaseBuilder.php(2309): CodeIgniter\Database\BaseConnection->query('INSERT INTO `data_transaksi` (`kode_jenis`, `nama_transaksi`, `npm`, `poin_digunakan`, `tanggal_transaksi`, `validation`, `claim`) VALUES (:kode_jenis:, :nama_transaksi:, :npm:, :poin_digunakan:, :tanggal_transaksi:, :validation:, :claim:)', [...], false)
 5 SYSTEMPATH\Model.php(330): CodeIgniter\Database\BaseBuilder->insert()
 6 SYSTEMPATH\BaseModel.php(782): CodeIgniter\Model->doInsert([...])
 7 SYSTEMPATH\Model.php(730): CodeIgniter\BaseModel->insert([...], true)
 8 APPPATH\Controllers\PoinMarket_Admin\Transaksi.php(266): CodeIgniter\Model->insert([...])
 9 SYSTEMPATH\CodeIgniter.php(932): App\Controllers\PoinMarket_Admin\Transaksi->save_Transaksi()
10 SYSTEMPATH\CodeIgniter.php(497): CodeIgniter\CodeIgniter->runController(Object(App\Controllers\PoinMarket_Admin\Transaksi))
11 SYSTEMPATH\CodeIgniter.php(366): CodeIgniter\CodeIgniter->handleRequest(null, Object(Config\Cache), false)
12 FCPATH\index.php(67): CodeIgniter\CodeIgniter->run()
13 SYSTEMPATH\Commands\Server\rewrite.php(47): require_once('C:\\xampp\\htdocs\\PoinMarket\\public\\index.php')
INFO - 2025-01-03 07:59:57 --> Session: Class initialized using 'CodeIgniter\Session\Handlers\FileHandler' driver.
INFO - 2025-01-03 07:59:57 --> Session: Class initialized using 'CodeIgniter\Session\Handlers\FileHandler' driver.
INFO - 2025-01-03 08:00:03 --> Session: Class initialized using 'CodeIgniter\Session\Handlers\FileHandler' driver.
INFO - 2025-01-03 08:00:03 --> Session: Class initialized using 'CodeIgniter\Session\Handlers\FileHandler' driver.
INFO - 2025-01-03 08:00:04 --> Session: Class initialized using 'CodeIgniter\Session\Handlers\FileHandler' driver.
INFO - 2025-01-03 08:00:07 --> Session: Class initialized using 'CodeIgniter\Session\Handlers\FileHandler' driver.
CRITICAL - 2025-01-03 08:00:07 --> Undefined array key "jenis_transaksi"
in APPPATH\Controllers\PoinMarket_Admin\Transaksi.php on line 306.
 1 APPPATH\Controllers\PoinMarket_Admin\Transaksi.php(306): CodeIgniter\Debug\Exceptions->errorHandler(2, 'Undefined array key "jenis_transaksi"', 'C:\\xampp\\htdocs\\PoinMarket\\app\\Controllers\\PoinMarket_Admin\\Transaksi.php', 306)
 2 SYSTEMPATH\CodeIgniter.php(932): App\Controllers\PoinMarket_Admin\Transaksi->delete_Transaksi('116')
 3 SYSTEMPATH\CodeIgniter.php(497): CodeIgniter\CodeIgniter->runController(Object(App\Controllers\PoinMarket_Admin\Transaksi))
 4 SYSTEMPATH\CodeIgniter.php(366): CodeIgniter\CodeIgniter->handleRequest(null, Object(Config\Cache), false)
 5 FCPATH\index.php(67): CodeIgniter\CodeIgniter->run()
 6 SYSTEMPATH\Commands\Server\rewrite.php(47): require_once('C:\\xampp\\htdocs\\PoinMarket\\public\\index.php')
INFO - 2025-01-03 08:00:38 --> Session: Class initialized using 'CodeIgniter\Session\Handlers\FileHandler' driver.
INFO - 2025-01-03 08:00:38 --> Session: Class initialized using 'CodeIgniter\Session\Handlers\FileHandler' driver.
INFO - 2025-01-03 08:00:41 --> Session: Class initialized using 'CodeIgniter\Session\Handlers\FileHandler' driver.
INFO - 2025-01-03 08:00:41 --> Session: Class initialized using 'CodeIgniter\Session\Handlers\FileHandler' driver.
INFO - 2025-01-03 08:00:41 --> Session: Class initialized using 'CodeIgniter\Session\Handlers\FileHandler' driver.
INFO - 2025-01-03 08:01:24 --> Session: Class initialized using 'CodeIgniter\Session\Handlers\FileHandler' driver.
INFO - 2025-01-03 08:01:24 --> Session: Class initialized using 'CodeIgniter\Session\Handlers\FileHandler' driver.
INFO - 2025-01-03 08:01:26 --> Session: Class initialized using 'CodeIgniter\Session\Handlers\FileHandler' driver.
INFO - 2025-01-03 08:01:26 --> Session: Class initialized using 'CodeIgniter\Session\Handlers\FileHandler' driver.
INFO - 2025-01-03 08:01:29 --> Session: Class initialized using 'CodeIgniter\Session\Handlers\FileHandler' driver.
INFO - 2025-01-03 08:01:29 --> Session: Class initialized using 'CodeIgniter\Session\Handlers\FileHandler' driver.
INFO - 2025-01-03 08:01:31 --> Session: Class initialized using 'CodeIgniter\Session\Handlers\FileHandler' driver.
INFO - 2025-01-03 08:01:31 --> Session: Class initialized using 'CodeIgniter\Session\Handlers\FileHandler' driver.
INFO - 2025-01-03 08:01:32 --> Session: Class initialized using 'CodeIgniter\Session\Handlers\FileHandler' driver.
INFO - 2025-01-03 08:01:33 --> Session: Class initialized using 'CodeIgniter\Session\Handlers\FileHandler' driver.
INFO - 2025-01-03 08:01:35 --> Session: Class initialized using 'CodeIgniter\Session\Handlers\FileHandler' driver.
INFO - 2025-01-03 08:01:35 --> Session: Class initialized using 'CodeIgniter\Session\Handlers\FileHandler' driver.
INFO - 2025-01-03 08:01:36 --> Session: Class initialized using 'CodeIgniter\Session\Handlers\FileHandler' driver.
INFO - 2025-01-03 08:01:37 --> Session: Class initialized using 'CodeIgniter\Session\Handlers\FileHandler' driver.
INFO - 2025-01-03 08:01:38 --> Session: Class initialized using 'CodeIgniter\Session\Handlers\FileHandler' driver.
INFO - 2025-01-03 08:01:38 --> Session: Class initialized using 'CodeIgniter\Session\Handlers\FileHandler' driver.
INFO - 2025-01-03 08:01:47 --> Session: Class initialized using 'CodeIgniter\Session\Handlers\FileHandler' driver.
INFO - 2025-01-03 08:01:47 --> Session: Class initialized using 'CodeIgniter\Session\Handlers\FileHandler' driver.
INFO - 2025-01-03 08:02:03 --> Session: Class initialized using 'CodeIgniter\Session\Handlers\FileHandler' driver.
INFO - 2025-01-03 08:02:03 --> Session: Class initialized using 'CodeIgniter\Session\Handlers\FileHandler' driver.
INFO - 2025-01-03 08:02:19 --> Session: Class initialized using 'CodeIgniter\Session\Handlers\FileHandler' driver.
INFO - 2025-01-03 08:02:20 --> Session: Class initialized using 'CodeIgniter\Session\Handlers\FileHandler' driver.
INFO - 2025-01-03 08:02:23 --> Session: Class initialized using 'CodeIgniter\Session\Handlers\FileHandler' driver.
CRITICAL - 2025-01-03 08:02:23 --> Undefined variable $jenis
in APPPATH\Controllers\PoinMarket_Admin\Transaksi.php on line 75.
 1 APPPATH\Controllers\PoinMarket_Admin\Transaksi.php(75): CodeIgniter\Debug\Exceptions->errorHandler(2, 'Undefined variable $jenis', 'C:\\xampp\\htdocs\\PoinMarket\\app\\Controllers\\PoinMarket_Admin\\Transaksi.php', 75)
 2 SYSTEMPATH\CodeIgniter.php(932): App\Controllers\PoinMarket_Admin\Transaksi->reward()
 3 SYSTEMPATH\CodeIgniter.php(497): CodeIgniter\CodeIgniter->runController(Object(App\Controllers\PoinMarket_Admin\Transaksi))
 4 SYSTEMPATH\CodeIgniter.php(366): CodeIgniter\CodeIgniter->handleRequest(null, Object(Config\Cache), false)
 5 FCPATH\index.php(67): CodeIgniter\CodeIgniter->run()
 6 SYSTEMPATH\Commands\Server\rewrite.php(47): require_once('C:\\xampp\\htdocs\\PoinMarket\\public\\index.php')
INFO - 2025-01-03 08:02:26 --> Session: Class initialized using 'CodeIgniter\Session\Handlers\FileHandler' driver.
INFO - 2025-01-03 08:02:26 --> Session: Class initialized using 'CodeIgniter\Session\Handlers\FileHandler' driver.
INFO - 2025-01-03 08:02:47 --> Session: Class initialized using 'CodeIgniter\Session\Handlers\FileHandler' driver.
CRITICAL - 2025-01-03 08:02:47 --> Undefined variable $data_transaksi
in APPPATH\Views\PoinMarket_Admin\Tabel\tabel_transaksi.php on line 9.
 1 APPPATH\Views\PoinMarket_Admin\Tabel\tabel_transaksi.php(9): CodeIgniter\Debug\Exceptions->errorHandler(2, 'Undefined variable $data_transaksi', 'C:\\xampp\\htdocs\\PoinMarket\\app\\Views\\PoinMarket_Admin\\Tabel\\tabel_transaksi.php', 9)
 2 SYSTEMPATH\View\View.php(224): include('C:\\xampp\\htdocs\\PoinMarket\\app\\Views\\PoinMarket_Admin\\Tabel\\tabel_transaksi.php')
 3 SYSTEMPATH\View\View.php(227): CodeIgniter\View\View->CodeIgniter\View\{closure}()
 4 SYSTEMPATH\View\View.php(452): CodeIgniter\View\View->render('PoinMarket_Admin/Tabel/tabel_transaksi', null, true)
 5 APPPATH\Views\PoinMarket_Admin\Page\transaksi_byCode.php(50): CodeIgniter\View\View->include('PoinMarket_Admin/Tabel/tabel_transaksi')
 6 SYSTEMPATH\View\View.php(224): include('C:\\xampp\\htdocs\\PoinMarket\\app\\Views\\PoinMarket_Admin\\Page\\transaksi_byCode.php')
 7 SYSTEMPATH\View\View.php(227): CodeIgniter\View\View->CodeIgniter\View\{closure}()
 8 SYSTEMPATH\Common.php(1180): CodeIgniter\View\View->render('PoinMarket_Admin/Page/transaksi_byCode', [], true)
 9 APPPATH\Controllers\PoinMarket_Admin\Transaksi.php(81): view('PoinMarket_Admin/Page/transaksi_byCode', [...])
10 SYSTEMPATH\CodeIgniter.php(932): App\Controllers\PoinMarket_Admin\Transaksi->reward()
11 SYSTEMPATH\CodeIgniter.php(497): CodeIgniter\CodeIgniter->runController(Object(App\Controllers\PoinMarket_Admin\Transaksi))
12 SYSTEMPATH\CodeIgniter.php(366): CodeIgniter\CodeIgniter->handleRequest(null, Object(Config\Cache), false)
13 FCPATH\index.php(67): CodeIgniter\CodeIgniter->run()
14 SYSTEMPATH\Commands\Server\rewrite.php(47): require_once('C:\\xampp\\htdocs\\PoinMarket\\public\\index.php')
INFO - 2025-01-03 08:03:01 --> Session: Class initialized using 'CodeIgniter\Session\Handlers\FileHandler' driver.
CRITICAL - 2025-01-03 08:03:01 --> Undefined variable $jenis
in APPPATH\Controllers\PoinMarket_Admin\Transaksi.php on line 75.
 1 APPPATH\Controllers\PoinMarket_Admin\Transaksi.php(75): CodeIgniter\Debug\Exceptions->errorHandler(2, 'Undefined variable $jenis', 'C:\\xampp\\htdocs\\PoinMarket\\app\\Controllers\\PoinMarket_Admin\\Transaksi.php', 75)
 2 SYSTEMPATH\CodeIgniter.php(932): App\Controllers\PoinMarket_Admin\Transaksi->reward()
 3 SYSTEMPATH\CodeIgniter.php(497): CodeIgniter\CodeIgniter->runController(Object(App\Controllers\PoinMarket_Admin\Transaksi))
 4 SYSTEMPATH\CodeIgniter.php(366): CodeIgniter\CodeIgniter->handleRequest(null, Object(Config\Cache), false)
 5 FCPATH\index.php(67): CodeIgniter\CodeIgniter->run()
 6 SYSTEMPATH\Commands\Server\rewrite.php(47): require_once('C:\\xampp\\htdocs\\PoinMarket\\public\\index.php')
INFO - 2025-01-03 08:03:05 --> Session: Class initialized using 'CodeIgniter\Session\Handlers\FileHandler' driver.
INFO - 2025-01-03 08:03:06 --> Session: Class initialized using 'CodeIgniter\Session\Handlers\FileHandler' driver.
INFO - 2025-01-03 08:03:24 --> Session: Class initialized using 'CodeIgniter\Session\Handlers\FileHandler' driver.
INFO - 2025-01-03 08:03:24 --> Session: Class initialized using 'CodeIgniter\Session\Handlers\FileHandler' driver.
INFO - 2025-01-03 08:03:31 --> Session: Class initialized using 'CodeIgniter\Session\Handlers\FileHandler' driver.
INFO - 2025-01-03 08:03:31 --> Session: Class initialized using 'CodeIgniter\Session\Handlers\FileHandler' driver.
INFO - 2025-01-03 08:03:32 --> Session: Class initialized using 'CodeIgniter\Session\Handlers\FileHandler' driver.
INFO - 2025-01-03 08:03:33 --> Session: Class initialized using 'CodeIgniter\Session\Handlers\FileHandler' driver.
INFO - 2025-01-03 08:03:45 --> Session: Class initialized using 'CodeIgniter\Session\Handlers\FileHandler' driver.
INFO - 2025-01-03 08:03:45 --> Session: Class initialized using 'CodeIgniter\Session\Handlers\FileHandler' driver.
INFO - 2025-01-03 08:04:03 --> Session: Class initialized using 'CodeIgniter\Session\Handlers\FileHandler' driver.
INFO - 2025-01-03 08:04:04 --> Session: Class initialized using 'CodeIgniter\Session\Handlers\FileHandler' driver.
INFO - 2025-01-03 08:04:24 --> Session: Class initialized using 'CodeIgniter\Session\Handlers\FileHandler' driver.
INFO - 2025-01-03 08:04:24 --> Session: Class initialized using 'CodeIgniter\Session\Handlers\FileHandler' driver.
INFO - 2025-01-03 08:04:25 --> Session: Class initialized using 'CodeIgniter\Session\Handlers\FileHandler' driver.
INFO - 2025-01-03 08:04:25 --> Session: Class initialized using 'CodeIgniter\Session\Handlers\FileHandler' driver.
INFO - 2025-01-03 08:04:26 --> Session: Class initialized using 'CodeIgniter\Session\Handlers\FileHandler' driver.
INFO - 2025-01-03 08:04:27 --> Session: Class initialized using 'CodeIgniter\Session\Handlers\FileHandler' driver.
INFO - 2025-01-03 08:04:35 --> Session: Class initialized using 'CodeIgniter\Session\Handlers\FileHandler' driver.
INFO - 2025-01-03 08:04:35 --> Session: Class initialized using 'CodeIgniter\Session\Handlers\FileHandler' driver.
INFO - 2025-01-03 08:04:38 --> Session: Class initialized using 'CodeIgniter\Session\Handlers\FileHandler' driver.
INFO - 2025-01-03 08:04:38 --> Session: Class initialized using 'CodeIgniter\Session\Handlers\FileHandler' driver.
INFO - 2025-01-03 08:04:39 --> Session: Class initialized using 'CodeIgniter\Session\Handlers\FileHandler' driver.
INFO - 2025-01-03 08:04:40 --> Session: Class initialized using 'CodeIgniter\Session\Handlers\FileHandler' driver.
INFO - 2025-01-03 08:04:42 --> Session: Class initialized using 'CodeIgniter\Session\Handlers\FileHandler' driver.
INFO - 2025-01-03 08:04:42 --> Session: Class initialized using 'CodeIgniter\Session\Handlers\FileHandler' driver.
INFO - 2025-01-03 08:04:43 --> Session: Class initialized using 'CodeIgniter\Session\Handlers\FileHandler' driver.
WARNING - 2025-01-03 08:04:43 --> [DEPRECATED] strtotime(): Passing null to parameter #1 ($datetime) of type string is deprecated in APPPATH\Views\PoinMarket_Admin\Tabel\tabel_user.php on line 92.
 1 APPPATH\Views\PoinMarket_Admin\Tabel\tabel_user.php(92): strtotime(null)
 2 SYSTEMPATH\View\View.php(224): include('C:\\xampp\\htdocs\\PoinMarket\\app\\Views\\PoinMarket_Admin\\Tabel\\tabel_user.php')
 3 SYSTEMPATH\View\View.php(227): CodeIgniter\View\View->CodeIgniter\View\{closure}()
 4 SYSTEMPATH\View\View.php(452): CodeIgniter\View\View->render('PoinMarket_Admin/Tabel/tabel_user', null, true)
 5 APPPATH\Views\PoinMarket_Admin\Page\user.php(64): CodeIgniter\View\View->include('PoinMarket_Admin/Tabel/tabel_user')
 6 SYSTEMPATH\View\View.php(224): include('C:\\xampp\\htdocs\\PoinMarket\\app\\Views\\PoinMarket_Admin\\Page\\user.php')
 7 SYSTEMPATH\View\View.php(227): CodeIgniter\View\View->CodeIgniter\View\{closure}()
 8 SYSTEMPATH\Common.php(1180): CodeIgniter\View\View->render('PoinMarket_Admin/Page/user', [], true)
 9 APPPATH\Controllers\PoinMarket_Admin\User.php(71): view('PoinMarket_Admin/Page/user', [...])
10 SYSTEMPATH\CodeIgniter.php(932): App\Controllers\PoinMarket_Admin\User->index()
11 SYSTEMPATH\CodeIgniter.php(497): CodeIgniter\CodeIgniter->runController(Object(App\Controllers\PoinMarket_Admin\User))
12 SYSTEMPATH\CodeIgniter.php(366): CodeIgniter\CodeIgniter->handleRequest(null, Object(Config\Cache), false)
13 FCPATH\index.php(67): CodeIgniter\CodeIgniter->run()
14 SYSTEMPATH\Commands\Server\rewrite.php(47): require_once('C:\\xampp\\htdocs\\PoinMarket\\public\\index.php')
INFO - 2025-01-03 08:04:44 --> Session: Class initialized using 'CodeIgniter\Session\Handlers\FileHandler' driver.
WARNING - 2025-01-03 08:04:44 --> [DEPRECATED] strtotime(): Passing null to parameter #1 ($datetime) of type string is deprecated in APPPATH\Views\PoinMarket_Admin\Tabel\tabel_user.php on line 92.
 1 APPPATH\Views\PoinMarket_Admin\Tabel\tabel_user.php(92): strtotime(null)
 2 SYSTEMPATH\View\View.php(224): include('C:\\xampp\\htdocs\\PoinMarket\\app\\Views\\PoinMarket_Admin\\Tabel\\tabel_user.php')
 3 SYSTEMPATH\View\View.php(227): CodeIgniter\View\View->CodeIgniter\View\{closure}()
 4 SYSTEMPATH\View\View.php(452): CodeIgniter\View\View->render('PoinMarket_Admin/Tabel/tabel_user', null, true)
 5 APPPATH\Views\PoinMarket_Admin\Page\user.php(64): CodeIgniter\View\View->include('PoinMarket_Admin/Tabel/tabel_user')
 6 SYSTEMPATH\View\View.php(224): include('C:\\xampp\\htdocs\\PoinMarket\\app\\Views\\PoinMarket_Admin\\Page\\user.php')
 7 SYSTEMPATH\View\View.php(227): CodeIgniter\View\View->CodeIgniter\View\{closure}()
 8 SYSTEMPATH\Common.php(1180): CodeIgniter\View\View->render('PoinMarket_Admin/Page/user', [], true)
 9 APPPATH\Controllers\PoinMarket_Admin\User.php(71): view('PoinMarket_Admin/Page/user', [...])
10 SYSTEMPATH\CodeIgniter.php(932): App\Controllers\PoinMarket_Admin\User->index()
11 SYSTEMPATH\CodeIgniter.php(497): CodeIgniter\CodeIgniter->runController(Object(App\Controllers\PoinMarket_Admin\User))
12 SYSTEMPATH\CodeIgniter.php(366): CodeIgniter\CodeIgniter->handleRequest(null, Object(Config\Cache), false)
13 FCPATH\index.php(67): CodeIgniter\CodeIgniter->run()
14 SYSTEMPATH\Commands\Server\rewrite.php(47): require_once('C:\\xampp\\htdocs\\PoinMarket\\public\\index.php')
INFO - 2025-01-03 08:04:45 --> Session: Class initialized using 'CodeIgniter\Session\Handlers\FileHandler' driver.
INFO - 2025-01-03 08:04:45 --> Session: Class initialized using 'CodeIgniter\Session\Handlers\FileHandler' driver.
INFO - 2025-01-03 08:04:47 --> Session: Class initialized using 'CodeIgniter\Session\Handlers\FileHandler' driver.
INFO - 2025-01-03 08:04:47 --> Session: Class initialized using 'CodeIgniter\Session\Handlers\FileHandler' driver.
INFO - 2025-01-03 08:04:49 --> Session: Class initialized using 'CodeIgniter\Session\Handlers\FileHandler' driver.
CRITICAL - 2025-01-03 08:04:50 --> Undefined array key "jenis_transaksi"
in APPPATH\Views\PoinMarket_Admin\Tabel\tabel_validasi.php on line 132.
 1 APPPATH\Views\PoinMarket_Admin\Tabel\tabel_validasi.php(132): CodeIgniter\Debug\Exceptions->errorHandler(2, 'Undefined array key "jenis_transaksi"', 'C:\\xampp\\htdocs\\PoinMarket\\app\\Views\\PoinMarket_Admin\\Tabel\\tabel_validasi.php', 132)
 2 SYSTEMPATH\View\View.php(224): include('C:\\xampp\\htdocs\\PoinMarket\\app\\Views\\PoinMarket_Admin\\Tabel\\tabel_validasi.php')
 3 SYSTEMPATH\View\View.php(227): CodeIgniter\View\View->CodeIgniter\View\{closure}()
 4 SYSTEMPATH\View\View.php(452): CodeIgniter\View\View->render('PoinMarket_Admin/Tabel/tabel_validasi', null, true)
 5 APPPATH\Views\PoinMarket_Admin\Page\validasi.php(39): CodeIgniter\View\View->include('PoinMarket_Admin/Tabel/tabel_validasi')
 6 SYSTEMPATH\View\View.php(224): include('C:\\xampp\\htdocs\\PoinMarket\\app\\Views\\PoinMarket_Admin\\Page\\validasi.php')
 7 SYSTEMPATH\View\View.php(227): CodeIgniter\View\View->CodeIgniter\View\{closure}()
 8 SYSTEMPATH\Common.php(1180): CodeIgniter\View\View->render('PoinMarket_Admin/Page/validasi', [], true)
 9 APPPATH\Controllers\PoinMarket_Admin\Validasi.php(60): view('PoinMarket_Admin/Page/validasi', [...])
10 SYSTEMPATH\CodeIgniter.php(932): App\Controllers\PoinMarket_Admin\Validasi->index()
11 SYSTEMPATH\CodeIgniter.php(497): CodeIgniter\CodeIgniter->runController(Object(App\Controllers\PoinMarket_Admin\Validasi))
12 SYSTEMPATH\CodeIgniter.php(366): CodeIgniter\CodeIgniter->handleRequest(null, Object(Config\Cache), false)
13 FCPATH\index.php(67): CodeIgniter\CodeIgniter->run()
14 SYSTEMPATH\Commands\Server\rewrite.php(47): require_once('C:\\xampp\\htdocs\\PoinMarket\\public\\index.php')
INFO - 2025-01-03 08:05:50 --> Session: Class initialized using 'CodeIgniter\Session\Handlers\FileHandler' driver.
CRITICAL - 2025-01-03 08:05:50 --> Undefined array key "jenis_transaksi"
in APPPATH\Views\PoinMarket_Admin\Tabel\tabel_validasi.php on line 249.
 1 APPPATH\Views\PoinMarket_Admin\Tabel\tabel_validasi.php(249): CodeIgniter\Debug\Exceptions->errorHandler(2, 'Undefined array key "jenis_transaksi"', 'C:\\xampp\\htdocs\\PoinMarket\\app\\Views\\PoinMarket_Admin\\Tabel\\tabel_validasi.php', 249)
 2 SYSTEMPATH\View\View.php(224): include('C:\\xampp\\htdocs\\PoinMarket\\app\\Views\\PoinMarket_Admin\\Tabel\\tabel_validasi.php')
 3 SYSTEMPATH\View\View.php(227): CodeIgniter\View\View->CodeIgniter\View\{closure}()
 4 SYSTEMPATH\View\View.php(452): CodeIgniter\View\View->render('PoinMarket_Admin/Tabel/tabel_validasi', null, true)
 5 APPPATH\Views\PoinMarket_Admin\Page\validasi.php(39): CodeIgniter\View\View->include('PoinMarket_Admin/Tabel/tabel_validasi')
 6 SYSTEMPATH\View\View.php(224): include('C:\\xampp\\htdocs\\PoinMarket\\app\\Views\\PoinMarket_Admin\\Page\\validasi.php')
 7 SYSTEMPATH\View\View.php(227): CodeIgniter\View\View->CodeIgniter\View\{closure}()
 8 SYSTEMPATH\Common.php(1180): CodeIgniter\View\View->render('PoinMarket_Admin/Page/validasi', [], true)
 9 APPPATH\Controllers\PoinMarket_Admin\Validasi.php(60): view('PoinMarket_Admin/Page/validasi', [...])
10 SYSTEMPATH\CodeIgniter.php(932): App\Controllers\PoinMarket_Admin\Validasi->index()
11 SYSTEMPATH\CodeIgniter.php(497): CodeIgniter\CodeIgniter->runController(Object(App\Controllers\PoinMarket_Admin\Validasi))
12 SYSTEMPATH\CodeIgniter.php(366): CodeIgniter\CodeIgniter->handleRequest(null, Object(Config\Cache), false)
13 FCPATH\index.php(67): CodeIgniter\CodeIgniter->run()
14 SYSTEMPATH\Commands\Server\rewrite.php(47): require_once('C:\\xampp\\htdocs\\PoinMarket\\public\\index.php')
INFO - 2025-01-03 08:06:03 --> Session: Class initialized using 'CodeIgniter\Session\Handlers\FileHandler' driver.
CRITICAL - 2025-01-03 08:06:03 --> Undefined array key "jenis_transaksi"
in APPPATH\Views\PoinMarket_Admin\Tabel\tabel_validasi.php on line 249.
 1 APPPATH\Views\PoinMarket_Admin\Tabel\tabel_validasi.php(249): CodeIgniter\Debug\Exceptions->errorHandler(2, 'Undefined array key "jenis_transaksi"', 'C:\\xampp\\htdocs\\PoinMarket\\app\\Views\\PoinMarket_Admin\\Tabel\\tabel_validasi.php', 249)
 2 SYSTEMPATH\View\View.php(224): include('C:\\xampp\\htdocs\\PoinMarket\\app\\Views\\PoinMarket_Admin\\Tabel\\tabel_validasi.php')
 3 SYSTEMPATH\View\View.php(227): CodeIgniter\View\View->CodeIgniter\View\{closure}()
 4 SYSTEMPATH\View\View.php(452): CodeIgniter\View\View->render('PoinMarket_Admin/Tabel/tabel_validasi', null, true)
 5 APPPATH\Views\PoinMarket_Admin\Page\validasi.php(39): CodeIgniter\View\View->include('PoinMarket_Admin/Tabel/tabel_validasi')
 6 SYSTEMPATH\View\View.php(224): include('C:\\xampp\\htdocs\\PoinMarket\\app\\Views\\PoinMarket_Admin\\Page\\validasi.php')
 7 SYSTEMPATH\View\View.php(227): CodeIgniter\View\View->CodeIgniter\View\{closure}()
 8 SYSTEMPATH\Common.php(1180): CodeIgniter\View\View->render('PoinMarket_Admin/Page/validasi', [], true)
 9 APPPATH\Controllers\PoinMarket_Admin\Validasi.php(60): view('PoinMarket_Admin/Page/validasi', [...])
10 SYSTEMPATH\CodeIgniter.php(932): App\Controllers\PoinMarket_Admin\Validasi->index()
11 SYSTEMPATH\CodeIgniter.php(497): CodeIgniter\CodeIgniter->runController(Object(App\Controllers\PoinMarket_Admin\Validasi))
12 SYSTEMPATH\CodeIgniter.php(366): CodeIgniter\CodeIgniter->handleRequest(null, Object(Config\Cache), false)
13 FCPATH\index.php(67): CodeIgniter\CodeIgniter->run()
14 SYSTEMPATH\Commands\Server\rewrite.php(47): require_once('C:\\xampp\\htdocs\\PoinMarket\\public\\index.php')
INFO - 2025-01-03 08:06:20 --> Session: Class initialized using 'CodeIgniter\Session\Handlers\FileHandler' driver.
INFO - 2025-01-03 08:06:20 --> Session: Class initialized using 'CodeIgniter\Session\Handlers\FileHandler' driver.
INFO - 2025-01-03 08:06:29 --> Session: Class initialized using 'CodeIgniter\Session\Handlers\FileHandler' driver.
INFO - 2025-01-03 08:06:29 --> Session: Class initialized using 'CodeIgniter\Session\Handlers\FileHandler' driver.
INFO - 2025-01-03 08:06:30 --> Session: Class initialized using 'CodeIgniter\Session\Handlers\FileHandler' driver.
INFO - 2025-01-03 08:06:33 --> Session: Class initialized using 'CodeIgniter\Session\Handlers\FileHandler' driver.
INFO - 2025-01-03 08:06:33 --> Session: Class initialized using 'CodeIgniter\Session\Handlers\FileHandler' driver.
INFO - 2025-01-03 08:06:38 --> Session: Class initialized using 'CodeIgniter\Session\Handlers\FileHandler' driver.
INFO - 2025-01-03 08:06:38 --> Session: Class initialized using 'CodeIgniter\Session\Handlers\FileHandler' driver.
INFO - 2025-01-03 08:06:40 --> Session: Class initialized using 'CodeIgniter\Session\Handlers\FileHandler' driver.
INFO - 2025-01-03 08:06:41 --> Session: Class initialized using 'CodeIgniter\Session\Handlers\FileHandler' driver.
INFO - 2025-01-03 08:06:42 --> Session: Class initialized using 'CodeIgniter\Session\Handlers\FileHandler' driver.
INFO - 2025-01-03 08:06:42 --> Session: Class initialized using 'CodeIgniter\Session\Handlers\FileHandler' driver.
INFO - 2025-01-03 08:06:49 --> Session: Class initialized using 'CodeIgniter\Session\Handlers\FileHandler' driver.
INFO - 2025-01-03 08:06:49 --> Session: Class initialized using 'CodeIgniter\Session\Handlers\FileHandler' driver.
INFO - 2025-01-03 08:06:49 --> Session: Class initialized using 'CodeIgniter\Session\Handlers\FileHandler' driver.
INFO - 2025-01-03 08:06:52 --> Session: Class initialized using 'CodeIgniter\Session\Handlers\FileHandler' driver.
CRITICAL - 2025-01-03 08:06:52 --> Undefined array key "jenis_transaksi"
in APPPATH\Views\PoinMarket_Admin\Tabel\tabel_misitambah.php on line 102.
 1 APPPATH\Views\PoinMarket_Admin\Tabel\tabel_misitambah.php(102): CodeIgniter\Debug\Exceptions->errorHandler(2, 'Undefined array key "jenis_transaksi"', 'C:\\xampp\\htdocs\\PoinMarket\\app\\Views\\PoinMarket_Admin\\Tabel\\tabel_misitambah.php', 102)
 2 SYSTEMPATH\View\View.php(224): include('C:\\xampp\\htdocs\\PoinMarket\\app\\Views\\PoinMarket_Admin\\Tabel\\tabel_misitambah.php')
 3 SYSTEMPATH\View\View.php(227): CodeIgniter\View\View->CodeIgniter\View\{closure}()
 4 SYSTEMPATH\View\View.php(452): CodeIgniter\View\View->render('PoinMarket_Admin/Tabel/tabel_misitambah', null, true)
 5 APPPATH\Views\PoinMarket_Admin\Page\misi_tambah.php(53): CodeIgniter\View\View->include('PoinMarket_Admin/Tabel/tabel_misitambah')
 6 SYSTEMPATH\View\View.php(224): include('C:\\xampp\\htdocs\\PoinMarket\\app\\Views\\PoinMarket_Admin\\Page\\misi_tambah.php')
 7 SYSTEMPATH\View\View.php(227): CodeIgniter\View\View->CodeIgniter\View\{closure}()
 8 SYSTEMPATH\Common.php(1180): CodeIgniter\View\View->render('PoinMarket_Admin/Page/misi_tambah', [], true)
 9 APPPATH\Controllers\PoinMarket_Admin\Misi_tambah.php(52): view('PoinMarket_Admin/Page/misi_tambah', [...])
10 SYSTEMPATH\CodeIgniter.php(932): App\Controllers\PoinMarket_Admin\Misi_tambah->index()
11 SYSTEMPATH\CodeIgniter.php(497): CodeIgniter\CodeIgniter->runController(Object(App\Controllers\PoinMarket_Admin\Misi_tambah))
12 SYSTEMPATH\CodeIgniter.php(366): CodeIgniter\CodeIgniter->handleRequest(null, Object(Config\Cache), false)
13 FCPATH\index.php(67): CodeIgniter\CodeIgniter->run()
14 SYSTEMPATH\Commands\Server\rewrite.php(47): require_once('C:\\xampp\\htdocs\\PoinMarket\\public\\index.php')
INFO - 2025-01-03 08:07:11 --> Session: Class initialized using 'CodeIgniter\Session\Handlers\FileHandler' driver.
CRITICAL - 2025-01-03 08:07:11 --> Undefined array key "jenis_transaksi"
in APPPATH\Views\PoinMarket_Admin\Tabel\tabel_misitambah.php on line 211.
 1 APPPATH\Views\PoinMarket_Admin\Tabel\tabel_misitambah.php(211): CodeIgniter\Debug\Exceptions->errorHandler(2, 'Undefined array key "jenis_transaksi"', 'C:\\xampp\\htdocs\\PoinMarket\\app\\Views\\PoinMarket_Admin\\Tabel\\tabel_misitambah.php', 211)
 2 SYSTEMPATH\View\View.php(224): include('C:\\xampp\\htdocs\\PoinMarket\\app\\Views\\PoinMarket_Admin\\Tabel\\tabel_misitambah.php')
 3 SYSTEMPATH\View\View.php(227): CodeIgniter\View\View->CodeIgniter\View\{closure}()
 4 SYSTEMPATH\View\View.php(452): CodeIgniter\View\View->render('PoinMarket_Admin/Tabel/tabel_misitambah', null, true)
 5 APPPATH\Views\PoinMarket_Admin\Page\misi_tambah.php(53): CodeIgniter\View\View->include('PoinMarket_Admin/Tabel/tabel_misitambah')
 6 SYSTEMPATH\View\View.php(224): include('C:\\xampp\\htdocs\\PoinMarket\\app\\Views\\PoinMarket_Admin\\Page\\misi_tambah.php')
 7 SYSTEMPATH\View\View.php(227): CodeIgniter\View\View->CodeIgniter\View\{closure}()
 8 SYSTEMPATH\Common.php(1180): CodeIgniter\View\View->render('PoinMarket_Admin/Page/misi_tambah', [], true)
 9 APPPATH\Controllers\PoinMarket_Admin\Misi_tambah.php(52): view('PoinMarket_Admin/Page/misi_tambah', [...])
10 SYSTEMPATH\CodeIgniter.php(932): App\Controllers\PoinMarket_Admin\Misi_tambah->index()
11 SYSTEMPATH\CodeIgniter.php(497): CodeIgniter\CodeIgniter->runController(Object(App\Controllers\PoinMarket_Admin\Misi_tambah))
12 SYSTEMPATH\CodeIgniter.php(366): CodeIgniter\CodeIgniter->handleRequest(null, Object(Config\Cache), false)
13 FCPATH\index.php(67): CodeIgniter\CodeIgniter->run()
14 SYSTEMPATH\Commands\Server\rewrite.php(47): require_once('C:\\xampp\\htdocs\\PoinMarket\\public\\index.php')
INFO - 2025-01-03 08:07:28 --> Session: Class initialized using 'CodeIgniter\Session\Handlers\FileHandler' driver.
CRITICAL - 2025-01-03 08:07:28 --> Undefined array key "jenis_transaksi"
in APPPATH\Views\PoinMarket_Admin\Tabel\tabel_misitambah.php on line 278.
 1 APPPATH\Views\PoinMarket_Admin\Tabel\tabel_misitambah.php(278): CodeIgniter\Debug\Exceptions->errorHandler(2, 'Undefined array key "jenis_transaksi"', 'C:\\xampp\\htdocs\\PoinMarket\\app\\Views\\PoinMarket_Admin\\Tabel\\tabel_misitambah.php', 278)
 2 SYSTEMPATH\View\View.php(224): include('C:\\xampp\\htdocs\\PoinMarket\\app\\Views\\PoinMarket_Admin\\Tabel\\tabel_misitambah.php')
 3 SYSTEMPATH\View\View.php(227): CodeIgniter\View\View->CodeIgniter\View\{closure}()
 4 SYSTEMPATH\View\View.php(452): CodeIgniter\View\View->render('PoinMarket_Admin/Tabel/tabel_misitambah', null, true)
 5 APPPATH\Views\PoinMarket_Admin\Page\misi_tambah.php(53): CodeIgniter\View\View->include('PoinMarket_Admin/Tabel/tabel_misitambah')
 6 SYSTEMPATH\View\View.php(224): include('C:\\xampp\\htdocs\\PoinMarket\\app\\Views\\PoinMarket_Admin\\Page\\misi_tambah.php')
 7 SYSTEMPATH\View\View.php(227): CodeIgniter\View\View->CodeIgniter\View\{closure}()
 8 SYSTEMPATH\Common.php(1180): CodeIgniter\View\View->render('PoinMarket_Admin/Page/misi_tambah', [], true)
 9 APPPATH\Controllers\PoinMarket_Admin\Misi_tambah.php(52): view('PoinMarket_Admin/Page/misi_tambah', [...])
10 SYSTEMPATH\CodeIgniter.php(932): App\Controllers\PoinMarket_Admin\Misi_tambah->index()
11 SYSTEMPATH\CodeIgniter.php(497): CodeIgniter\CodeIgniter->runController(Object(App\Controllers\PoinMarket_Admin\Misi_tambah))
12 SYSTEMPATH\CodeIgniter.php(366): CodeIgniter\CodeIgniter->handleRequest(null, Object(Config\Cache), false)
13 FCPATH\index.php(67): CodeIgniter\CodeIgniter->run()
14 SYSTEMPATH\Commands\Server\rewrite.php(47): require_once('C:\\xampp\\htdocs\\PoinMarket\\public\\index.php')
INFO - 2025-01-03 08:07:39 --> Session: Class initialized using 'CodeIgniter\Session\Handlers\FileHandler' driver.
INFO - 2025-01-03 08:07:39 --> Session: Class initialized using 'CodeIgniter\Session\Handlers\FileHandler' driver.
INFO - 2025-01-03 08:07:42 --> Session: Class initialized using 'CodeIgniter\Session\Handlers\FileHandler' driver.
INFO - 2025-01-03 08:07:43 --> Session: Class initialized using 'CodeIgniter\Session\Handlers\FileHandler' driver.
INFO - 2025-01-03 08:07:47 --> Session: Class initialized using 'CodeIgniter\Session\Handlers\FileHandler' driver.
INFO - 2025-01-03 08:07:48 --> Session: Class initialized using 'CodeIgniter\Session\Handlers\FileHandler' driver.
INFO - 2025-01-03 08:07:49 --> Session: Class initialized using 'CodeIgniter\Session\Handlers\FileHandler' driver.
INFO - 2025-01-03 08:07:50 --> Session: Class initialized using 'CodeIgniter\Session\Handlers\FileHandler' driver.
INFO - 2025-01-03 08:07:52 --> Session: Class initialized using 'CodeIgniter\Session\Handlers\FileHandler' driver.
INFO - 2025-01-03 08:07:52 --> Session: Class initialized using 'CodeIgniter\Session\Handlers\FileHandler' driver.
INFO - 2025-01-03 08:07:52 --> Session: Class initialized using 'CodeIgniter\Session\Handlers\FileHandler' driver.
INFO - 2025-01-03 08:07:55 --> Session: Class initialized using 'CodeIgniter\Session\Handlers\FileHandler' driver.
INFO - 2025-01-03 08:07:55 --> Session: Class initialized using 'CodeIgniter\Session\Handlers\FileHandler' driver.
INFO - 2025-01-03 08:07:59 --> Session: Class initialized using 'CodeIgniter\Session\Handlers\FileHandler' driver.
INFO - 2025-01-03 08:07:59 --> Session: Class initialized using 'CodeIgniter\Session\Handlers\FileHandler' driver.
INFO - 2025-01-03 08:08:02 --> Session: Class initialized using 'CodeIgniter\Session\Handlers\FileHandler' driver.
INFO - 2025-01-03 08:08:03 --> Session: Class initialized using 'CodeIgniter\Session\Handlers\FileHandler' driver.
INFO - 2025-01-03 08:08:04 --> Session: Class initialized using 'CodeIgniter\Session\Handlers\FileHandler' driver.
INFO - 2025-01-03 08:08:04 --> Session: Class initialized using 'CodeIgniter\Session\Handlers\FileHandler' driver.
INFO - 2025-01-03 08:08:06 --> Session: Class initialized using 'CodeIgniter\Session\Handlers\FileHandler' driver.
INFO - 2025-01-03 08:08:07 --> Session: Class initialized using 'CodeIgniter\Session\Handlers\FileHandler' driver.
INFO - 2025-01-03 08:08:09 --> Session: Class initialized using 'CodeIgniter\Session\Handlers\FileHandler' driver.
INFO - 2025-01-03 08:08:09 --> Session: Class initialized using 'CodeIgniter\Session\Handlers\FileHandler' driver.
INFO - 2025-01-03 08:08:13 --> Session: Class initialized using 'CodeIgniter\Session\Handlers\FileHandler' driver.
INFO - 2025-01-03 08:08:19 --> Session: Class initialized using 'CodeIgniter\Session\Handlers\FileHandler' driver.
INFO - 2025-01-03 08:08:19 --> Session: Class initialized using 'CodeIgniter\Session\Handlers\FileHandler' driver.
INFO - 2025-01-03 08:08:32 --> Session: Class initialized using 'CodeIgniter\Session\Handlers\FileHandler' driver.
CRITICAL - 2025-01-03 08:08:32 --> Undefined array key "id"
in APPPATH\Controllers\Login.php on line 80.
 1 APPPATH\Controllers\Login.php(80): CodeIgniter\Debug\Exceptions->errorHandler(2, 'Undefined array key "id"', 'C:\\xampp\\htdocs\\PoinMarket\\app\\Controllers\\Login.php', 80)
 2 SYSTEMPATH\CodeIgniter.php(932): App\Controllers\Login->process()
 3 SYSTEMPATH\CodeIgniter.php(497): CodeIgniter\CodeIgniter->runController(Object(App\Controllers\Login))
 4 SYSTEMPATH\CodeIgniter.php(366): CodeIgniter\CodeIgniter->handleRequest(null, Object(Config\Cache), false)
 5 FCPATH\index.php(67): CodeIgniter\CodeIgniter->run()
 6 SYSTEMPATH\Commands\Server\rewrite.php(47): require_once('C:\\xampp\\htdocs\\PoinMarket\\public\\index.php')
INFO - 2025-01-03 08:09:11 --> Session: Class initialized using 'CodeIgniter\Session\Handlers\FileHandler' driver.
INFO - 2025-01-03 08:09:17 --> Session: Class initialized using 'CodeIgniter\Session\Handlers\FileHandler' driver.
INFO - 2025-01-03 08:09:17 --> Session: Class initialized using 'CodeIgniter\Session\Handlers\FileHandler' driver.
CRITICAL - 2025-01-03 08:09:17 --> Undefined array key "jenis_transaksi"
in APPPATH\Views\User\index_user.php on line 373.
 1 APPPATH\Views\User\index_user.php(373): CodeIgniter\Debug\Exceptions->errorHandler(2, 'Undefined array key "jenis_transaksi"', 'C:\\xampp\\htdocs\\PoinMarket\\app\\Views\\User\\index_user.php', 373)
 2 SYSTEMPATH\View\View.php(224): include('C:\\xampp\\htdocs\\PoinMarket\\app\\Views\\User\\index_user.php')
 3 SYSTEMPATH\View\View.php(227): CodeIgniter\View\View->CodeIgniter\View\{closure}()
 4 SYSTEMPATH\Common.php(1180): CodeIgniter\View\View->render('User/index_user', [], true)
 5 APPPATH\Controllers\Role_User.php(64): view('User/index_user', [...])
 6 SYSTEMPATH\CodeIgniter.php(932): App\Controllers\Role_User->index()
 7 SYSTEMPATH\CodeIgniter.php(497): CodeIgniter\CodeIgniter->runController(Object(App\Controllers\Role_User))
 8 SYSTEMPATH\CodeIgniter.php(366): CodeIgniter\CodeIgniter->handleRequest(null, Object(Config\Cache), false)
 9 FCPATH\index.php(67): CodeIgniter\CodeIgniter->run()
10 SYSTEMPATH\Commands\Server\rewrite.php(47): require_once('C:\\xampp\\htdocs\\PoinMarket\\public\\index.php')
INFO - 2025-01-03 08:10:13 --> Session: Class initialized using 'CodeIgniter\Session\Handlers\FileHandler' driver.
INFO - 2025-01-03 08:10:13 --> Session: Class initialized using 'CodeIgniter\Session\Handlers\FileHandler' driver.
INFO - 2025-01-03 08:10:27 --> Session: Class initialized using 'CodeIgniter\Session\Handlers\FileHandler' driver.
CRITICAL - 2025-01-03 08:10:28 --> Undefined array key "jenis_transaksi"
in APPPATH\Views\User\transaksi\tabel_data.php on line 51.
 1 APPPATH\Views\User\transaksi\tabel_data.php(51): CodeIgniter\Debug\Exceptions->errorHandler(2, 'Undefined array key "jenis_transaksi"', 'C:\\xampp\\htdocs\\PoinMarket\\app\\Views\\User\\transaksi\\tabel_data.php', 51)
 2 SYSTEMPATH\View\View.php(224): include('C:\\xampp\\htdocs\\PoinMarket\\app\\Views\\User\\transaksi\\tabel_data.php')
 3 SYSTEMPATH\View\View.php(227): CodeIgniter\View\View->CodeIgniter\View\{closure}()
 4 SYSTEMPATH\View\View.php(452): CodeIgniter\View\View->render('User/transaksi/tabel_data', null, true)
 5 APPPATH\Views\User\transaksi\data_transaksi.php(49): CodeIgniter\View\View->include('User/transaksi/tabel_data')
 6 SYSTEMPATH\View\View.php(224): include('C:\\xampp\\htdocs\\PoinMarket\\app\\Views\\User\\transaksi\\data_transaksi.php')
 7 SYSTEMPATH\View\View.php(227): CodeIgniter\View\View->CodeIgniter\View\{closure}()
 8 SYSTEMPATH\Common.php(1180): CodeIgniter\View\View->render('User/transaksi/data_transaksi', [], true)
 9 APPPATH\Controllers\Role_User.php(202): view('User/transaksi/data_transaksi', [...])
10 SYSTEMPATH\CodeIgniter.php(932): App\Controllers\Role_User->data_transaksi()
11 SYSTEMPATH\CodeIgniter.php(497): CodeIgniter\CodeIgniter->runController(Object(App\Controllers\Role_User))
12 SYSTEMPATH\CodeIgniter.php(366): CodeIgniter\CodeIgniter->handleRequest(null, Object(Config\Cache), false)
13 FCPATH\index.php(67): CodeIgniter\CodeIgniter->run()
14 SYSTEMPATH\Commands\Server\rewrite.php(47): require_once('C:\\xampp\\htdocs\\PoinMarket\\public\\index.php')
INFO - 2025-01-03 08:10:35 --> Session: Class initialized using 'CodeIgniter\Session\Handlers\FileHandler' driver.
INFO - 2025-01-03 08:10:35 --> Session: Class initialized using 'CodeIgniter\Session\Handlers\FileHandler' driver.
INFO - 2025-01-03 08:10:57 --> Session: Class initialized using 'CodeIgniter\Session\Handlers\FileHandler' driver.
INFO - 2025-01-03 08:10:57 --> Session: Class initialized using 'CodeIgniter\Session\Handlers\FileHandler' driver.
INFO - 2025-01-03 08:11:15 --> Session: Class initialized using 'CodeIgniter\Session\Handlers\FileHandler' driver.
INFO - 2025-01-03 08:11:15 --> Session: Class initialized using 'CodeIgniter\Session\Handlers\FileHandler' driver.
INFO - 2025-01-03 08:11:21 --> Session: Class initialized using 'CodeIgniter\Session\Handlers\FileHandler' driver.
INFO - 2025-01-03 08:11:21 --> Session: Class initialized using 'CodeIgniter\Session\Handlers\FileHandler' driver.
INFO - 2025-01-03 08:11:34 --> Session: Class initialized using 'CodeIgniter\Session\Handlers\FileHandler' driver.
CRITICAL - 2025-01-03 08:11:34 --> Undefined array key "jenis_transaksi"
in APPPATH\Views\User\transaksi\tabel_data.php on line 51.
 1 APPPATH\Views\User\transaksi\tabel_data.php(51): CodeIgniter\Debug\Exceptions->errorHandler(2, 'Undefined array key "jenis_transaksi"', 'C:\\xampp\\htdocs\\PoinMarket\\app\\Views\\User\\transaksi\\tabel_data.php', 51)
 2 SYSTEMPATH\View\View.php(224): include('C:\\xampp\\htdocs\\PoinMarket\\app\\Views\\User\\transaksi\\tabel_data.php')
 3 SYSTEMPATH\View\View.php(227): CodeIgniter\View\View->CodeIgniter\View\{closure}()
 4 SYSTEMPATH\View\View.php(452): CodeIgniter\View\View->render('User/transaksi/tabel_data', null, true)
 5 APPPATH\Views\User\transaksi\data_transaksi.php(49): CodeIgniter\View\View->include('User/transaksi/tabel_data')
 6 SYSTEMPATH\View\View.php(224): include('C:\\xampp\\htdocs\\PoinMarket\\app\\Views\\User\\transaksi\\data_transaksi.php')
 7 SYSTEMPATH\View\View.php(227): CodeIgniter\View\View->CodeIgniter\View\{closure}()
 8 SYSTEMPATH\Common.php(1180): CodeIgniter\View\View->render('User/transaksi/data_transaksi', [], true)
 9 APPPATH\Controllers\Role_User.php(202): view('User/transaksi/data_transaksi', [...])
10 SYSTEMPATH\CodeIgniter.php(932): App\Controllers\Role_User->data_transaksi()
11 SYSTEMPATH\CodeIgniter.php(497): CodeIgniter\CodeIgniter->runController(Object(App\Controllers\Role_User))
12 SYSTEMPATH\CodeIgniter.php(366): CodeIgniter\CodeIgniter->handleRequest(null, Object(Config\Cache), false)
13 FCPATH\index.php(67): CodeIgniter\CodeIgniter->run()
14 SYSTEMPATH\Commands\Server\rewrite.php(47): require_once('C:\\xampp\\htdocs\\PoinMarket\\public\\index.php')
INFO - 2025-01-03 08:11:56 --> Session: Class initialized using 'CodeIgniter\Session\Handlers\FileHandler' driver.
CRITICAL - 2025-01-03 08:11:56 --> Undefined array key "jenis_transaksi"
in APPPATH\Views\User\transaksi\tabel_data.php on line 120.
 1 APPPATH\Views\User\transaksi\tabel_data.php(120): CodeIgniter\Debug\Exceptions->errorHandler(2, 'Undefined array key "jenis_transaksi"', 'C:\\xampp\\htdocs\\PoinMarket\\app\\Views\\User\\transaksi\\tabel_data.php', 120)
 2 SYSTEMPATH\View\View.php(224): include('C:\\xampp\\htdocs\\PoinMarket\\app\\Views\\User\\transaksi\\tabel_data.php')
 3 SYSTEMPATH\View\View.php(227): CodeIgniter\View\View->CodeIgniter\View\{closure}()
 4 SYSTEMPATH\View\View.php(452): CodeIgniter\View\View->render('User/transaksi/tabel_data', null, true)
 5 APPPATH\Views\User\transaksi\data_transaksi.php(49): CodeIgniter\View\View->include('User/transaksi/tabel_data')
 6 SYSTEMPATH\View\View.php(224): include('C:\\xampp\\htdocs\\PoinMarket\\app\\Views\\User\\transaksi\\data_transaksi.php')
 7 SYSTEMPATH\View\View.php(227): CodeIgniter\View\View->CodeIgniter\View\{closure}()
 8 SYSTEMPATH\Common.php(1180): CodeIgniter\View\View->render('User/transaksi/data_transaksi', [], true)
 9 APPPATH\Controllers\Role_User.php(202): view('User/transaksi/data_transaksi', [...])
10 SYSTEMPATH\CodeIgniter.php(932): App\Controllers\Role_User->data_transaksi()
11 SYSTEMPATH\CodeIgniter.php(497): CodeIgniter\CodeIgniter->runController(Object(App\Controllers\Role_User))
12 SYSTEMPATH\CodeIgniter.php(366): CodeIgniter\CodeIgniter->handleRequest(null, Object(Config\Cache), false)
13 FCPATH\index.php(67): CodeIgniter\CodeIgniter->run()
14 SYSTEMPATH\Commands\Server\rewrite.php(47): require_once('C:\\xampp\\htdocs\\PoinMarket\\public\\index.php')
INFO - 2025-01-03 08:12:08 --> Session: Class initialized using 'CodeIgniter\Session\Handlers\FileHandler' driver.
INFO - 2025-01-03 08:12:08 --> Session: Class initialized using 'CodeIgniter\Session\Handlers\FileHandler' driver.
INFO - 2025-01-03 08:12:21 --> Session: Class initialized using 'CodeIgniter\Session\Handlers\FileHandler' driver.
CRITICAL - 2025-01-03 08:12:21 --> Undefined array key "jenis_transaksi"
in APPPATH\Views\User\transaksi\tabel_data.php on line 34.
 1 APPPATH\Views\User\transaksi\tabel_data.php(34): CodeIgniter\Debug\Exceptions->errorHandler(2, 'Undefined array key "jenis_transaksi"', 'C:\\xampp\\htdocs\\PoinMarket\\app\\Views\\User\\transaksi\\tabel_data.php', 34)
 2 [internal function]: CodeIgniter\View\View->{closure}([...])
 3 APPPATH\Views\User\transaksi\tabel_data.php(32): array_filter([...], Object(Closure))
 4 SYSTEMPATH\View\View.php(224): include('C:\\xampp\\htdocs\\PoinMarket\\app\\Views\\User\\transaksi\\tabel_data.php')
 5 SYSTEMPATH\View\View.php(227): CodeIgniter\View\View->CodeIgniter\View\{closure}()
 6 SYSTEMPATH\View\View.php(452): CodeIgniter\View\View->render('User/transaksi/tabel_data', null, true)
 7 APPPATH\Views\User\transaksi\data_transaksi.php(49): CodeIgniter\View\View->include('User/transaksi/tabel_data')
 8 SYSTEMPATH\View\View.php(224): include('C:\\xampp\\htdocs\\PoinMarket\\app\\Views\\User\\transaksi\\data_transaksi.php')
 9 SYSTEMPATH\View\View.php(227): CodeIgniter\View\View->CodeIgniter\View\{closure}()
10 SYSTEMPATH\Common.php(1180): CodeIgniter\View\View->render('User/transaksi/data_transaksi', [], true)
11 APPPATH\Controllers\Role_User.php(202): view('User/transaksi/data_transaksi', [...])
12 SYSTEMPATH\CodeIgniter.php(932): App\Controllers\Role_User->data_transaksi()
13 SYSTEMPATH\CodeIgniter.php(497): CodeIgniter\CodeIgniter->runController(Object(App\Controllers\Role_User))
14 SYSTEMPATH\CodeIgniter.php(366): CodeIgniter\CodeIgniter->handleRequest(null, Object(Config\Cache), false)
15 FCPATH\index.php(67): CodeIgniter\CodeIgniter->run()
16 SYSTEMPATH\Commands\Server\rewrite.php(47): require_once('C:\\xampp\\htdocs\\PoinMarket\\public\\index.php')
INFO - 2025-01-03 08:12:31 --> Session: Class initialized using 'CodeIgniter\Session\Handlers\FileHandler' driver.
INFO - 2025-01-03 08:12:31 --> Session: Class initialized using 'CodeIgniter\Session\Handlers\FileHandler' driver.
INFO - 2025-01-03 08:12:33 --> Session: Class initialized using 'CodeIgniter\Session\Handlers\FileHandler' driver.
INFO - 2025-01-03 08:12:33 --> Session: Class initialized using 'CodeIgniter\Session\Handlers\FileHandler' driver.
INFO - 2025-01-03 08:12:35 --> Session: Class initialized using 'CodeIgniter\Session\Handlers\FileHandler' driver.
CRITICAL - 2025-01-03 08:12:35 --> Undefined array key "jenis_transaksi"
in APPPATH\Controllers\Role_User.php on line 76.
 1 APPPATH\Controllers\Role_User.php(76): CodeIgniter\Debug\Exceptions->errorHandler(2, 'Undefined array key "jenis_transaksi"', 'C:\\xampp\\htdocs\\PoinMarket\\app\\Controllers\\Role_User.php', 76)
 2 [internal function]: App\Controllers\Role_User->App\Controllers\{closure}([...])
 3 APPPATH\Controllers\Role_User.php(73): array_filter([...], Object(Closure))
 4 SYSTEMPATH\CodeIgniter.php(932): App\Controllers\Role_User->misi_tambah()
 5 SYSTEMPATH\CodeIgniter.php(497): CodeIgniter\CodeIgniter->runController(Object(App\Controllers\Role_User))
 6 SYSTEMPATH\CodeIgniter.php(366): CodeIgniter\CodeIgniter->handleRequest(null, Object(Config\Cache), false)
 7 FCPATH\index.php(67): CodeIgniter\CodeIgniter->run()
 8 SYSTEMPATH\Commands\Server\rewrite.php(47): require_once('C:\\xampp\\htdocs\\PoinMarket\\public\\index.php')
INFO - 2025-01-03 08:13:27 --> Session: Class initialized using 'CodeIgniter\Session\Handlers\FileHandler' driver.
INFO - 2025-01-03 08:13:28 --> Session: Class initialized using 'CodeIgniter\Session\Handlers\FileHandler' driver.
INFO - 2025-01-03 08:13:34 --> Session: Class initialized using 'CodeIgniter\Session\Handlers\FileHandler' driver.
INFO - 2025-01-03 08:13:35 --> Session: Class initialized using 'CodeIgniter\Session\Handlers\FileHandler' driver.
INFO - 2025-01-03 08:13:36 --> Session: Class initialized using 'CodeIgniter\Session\Handlers\FileHandler' driver.
INFO - 2025-01-03 08:13:37 --> Session: Class initialized using 'CodeIgniter\Session\Handlers\FileHandler' driver.
INFO - 2025-01-03 08:13:38 --> Session: Class initialized using 'CodeIgniter\Session\Handlers\FileHandler' driver.
INFO - 2025-01-03 08:13:38 --> Session: Class initialized using 'CodeIgniter\Session\Handlers\FileHandler' driver.
INFO - 2025-01-03 08:13:39 --> Session: Class initialized using 'CodeIgniter\Session\Handlers\FileHandler' driver.
INFO - 2025-01-03 08:13:39 --> Session: Class initialized using 'CodeIgniter\Session\Handlers\FileHandler' driver.
INFO - 2025-01-03 08:13:41 --> Session: Class initialized using 'CodeIgniter\Session\Handlers\FileHandler' driver.
INFO - 2025-01-03 08:13:41 --> Session: Class initialized using 'CodeIgniter\Session\Handlers\FileHandler' driver.
INFO - 2025-01-03 08:13:42 --> Session: Class initialized using 'CodeIgniter\Session\Handlers\FileHandler' driver.
INFO - 2025-01-03 08:13:43 --> Session: Class initialized using 'CodeIgniter\Session\Handlers\FileHandler' driver.
INFO - 2025-01-03 08:13:46 --> Session: Class initialized using 'CodeIgniter\Session\Handlers\FileHandler' driver.
INFO - 2025-01-03 08:13:46 --> Session: Class initialized using 'CodeIgniter\Session\Handlers\FileHandler' driver.
INFO - 2025-01-03 08:13:47 --> Session: Class initialized using 'CodeIgniter\Session\Handlers\FileHandler' driver.
INFO - 2025-01-03 08:14:20 --> Session: Class initialized using 'CodeIgniter\Session\Handlers\FileHandler' driver.
INFO - 2025-01-03 08:14:21 --> Session: Class initialized using 'CodeIgniter\Session\Handlers\FileHandler' driver.
INFO - 2025-01-03 08:14:23 --> Session: Class initialized using 'CodeIgniter\Session\Handlers\FileHandler' driver.
INFO - 2025-01-03 08:14:23 --> Session: Class initialized using 'CodeIgniter\Session\Handlers\FileHandler' driver.
INFO - 2025-01-03 08:14:23 --> Session: Class initialized using 'CodeIgniter\Session\Handlers\FileHandler' driver.
INFO - 2025-01-03 08:14:43 --> Session: Class initialized using 'CodeIgniter\Session\Handlers\FileHandler' driver.
INFO - 2025-01-03 08:14:43 --> Session: Class initialized using 'CodeIgniter\Session\Handlers\FileHandler' driver.
INFO - 2025-01-03 08:15:26 --> Session: Class initialized using 'CodeIgniter\Session\Handlers\FileHandler' driver.
INFO - 2025-01-03 08:15:27 --> Session: Class initialized using 'CodeIgniter\Session\Handlers\FileHandler' driver.
INFO - 2025-01-03 08:15:30 --> Session: Class initialized using 'CodeIgniter\Session\Handlers\FileHandler' driver.
CRITICAL - 2025-01-03 08:15:30 --> Undefined array key "id"
in APPPATH\Controllers\Marketplace.php on line 127.
 1 APPPATH\Controllers\Marketplace.php(127): CodeIgniter\Debug\Exceptions->errorHandler(2, 'Undefined array key "id"', 'C:\\xampp\\htdocs\\PoinMarket\\app\\Controllers\\Marketplace.php', 127)
 2 SYSTEMPATH\CodeIgniter.php(932): App\Controllers\Marketplace->buy()
 3 SYSTEMPATH\CodeIgniter.php(497): CodeIgniter\CodeIgniter->runController(Object(App\Controllers\Marketplace))
 4 SYSTEMPATH\CodeIgniter.php(366): CodeIgniter\CodeIgniter->handleRequest(null, Object(Config\Cache), false)
 5 FCPATH\index.php(67): CodeIgniter\CodeIgniter->run()
 6 SYSTEMPATH\Commands\Server\rewrite.php(47): require_once('C:\\xampp\\htdocs\\PoinMarket\\public\\index.php')
INFO - 2025-01-03 08:16:15 --> Session: Class initialized using 'CodeIgniter\Session\Handlers\FileHandler' driver.
INFO - 2025-01-03 08:16:15 --> Session: Class initialized using 'CodeIgniter\Session\Handlers\FileHandler' driver.
INFO - 2025-01-03 08:16:16 --> Session: Class initialized using 'CodeIgniter\Session\Handlers\FileHandler' driver.
INFO - 2025-01-03 08:16:16 --> Session: Class initialized using 'CodeIgniter\Session\Handlers\FileHandler' driver.
INFO - 2025-01-03 08:16:20 --> Session: Class initialized using 'CodeIgniter\Session\Handlers\FileHandler' driver.
INFO - 2025-01-03 08:16:20 --> Session: Class initialized using 'CodeIgniter\Session\Handlers\FileHandler' driver.
INFO - 2025-01-03 08:16:22 --> Session: Class initialized using 'CodeIgniter\Session\Handlers\FileHandler' driver.
INFO - 2025-01-03 08:16:22 --> Session: Class initialized using 'CodeIgniter\Session\Handlers\FileHandler' driver.
INFO - 2025-01-03 08:16:23 --> Session: Class initialized using 'CodeIgniter\Session\Handlers\FileHandler' driver.
INFO - 2025-01-03 08:16:25 --> Session: Class initialized using 'CodeIgniter\Session\Handlers\FileHandler' driver.
INFO - 2025-01-03 08:16:26 --> Session: Class initialized using 'CodeIgniter\Session\Handlers\FileHandler' driver.
INFO - 2025-01-03 08:16:34 --> Session: Class initialized using 'CodeIgniter\Session\Handlers\FileHandler' driver.
INFO - 2025-01-03 08:16:34 --> Session: Class initialized using 'CodeIgniter\Session\Handlers\FileHandler' driver.
INFO - 2025-01-03 08:16:37 --> Session: Class initialized using 'CodeIgniter\Session\Handlers\FileHandler' driver.
INFO - 2025-01-03 08:16:37 --> Session: Class initialized using 'CodeIgniter\Session\Handlers\FileHandler' driver.
INFO - 2025-01-03 08:16:38 --> Session: Class initialized using 'CodeIgniter\Session\Handlers\FileHandler' driver.
INFO - 2025-01-03 08:16:40 --> Session: Class initialized using 'CodeIgniter\Session\Handlers\FileHandler' driver.
INFO - 2025-01-03 08:16:41 --> Session: Class initialized using 'CodeIgniter\Session\Handlers\FileHandler' driver.
INFO - 2025-01-03 08:16:48 --> Session: Class initialized using 'CodeIgniter\Session\Handlers\FileHandler' driver.
INFO - 2025-01-03 08:16:48 --> Session: Class initialized using 'CodeIgniter\Session\Handlers\FileHandler' driver.
INFO - 2025-01-03 08:16:50 --> Session: Class initialized using 'CodeIgniter\Session\Handlers\FileHandler' driver.
INFO - 2025-01-03 08:16:51 --> Session: Class initialized using 'CodeIgniter\Session\Handlers\FileHandler' driver.
INFO - 2025-01-03 08:16:52 --> Session: Class initialized using 'CodeIgniter\Session\Handlers\FileHandler' driver.
INFO - 2025-01-03 08:16:52 --> Session: Class initialized using 'CodeIgniter\Session\Handlers\FileHandler' driver.
INFO - 2025-01-03 08:16:53 --> Session: Class initialized using 'CodeIgniter\Session\Handlers\FileHandler' driver.
INFO - 2025-01-03 08:16:54 --> Session: Class initialized using 'CodeIgniter\Session\Handlers\FileHandler' driver.
INFO - 2025-01-03 08:16:54 --> Session: Class initialized using 'CodeIgniter\Session\Handlers\FileHandler' driver.
INFO - 2025-01-03 08:16:55 --> Session: Class initialized using 'CodeIgniter\Session\Handlers\FileHandler' driver.
INFO - 2025-01-03 08:16:56 --> Session: Class initialized using 'CodeIgniter\Session\Handlers\FileHandler' driver.
INFO - 2025-01-03 08:16:56 --> Session: Class initialized using 'CodeIgniter\Session\Handlers\FileHandler' driver.
INFO - 2025-01-03 08:16:56 --> Session: Class initialized using 'CodeIgniter\Session\Handlers\FileHandler' driver.
INFO - 2025-01-03 08:16:58 --> Session: Class initialized using 'CodeIgniter\Session\Handlers\FileHandler' driver.
INFO - 2025-01-03 08:16:58 --> Session: Class initialized using 'CodeIgniter\Session\Handlers\FileHandler' driver.
INFO - 2025-01-03 08:17:06 --> Session: Class initialized using 'CodeIgniter\Session\Handlers\FileHandler' driver.
CRITICAL - 2025-01-03 08:17:06 --> Attempt to read property "id" on null
in APPPATH\Views\PoinMarket_Admin\Template\topmenu.php on line 78.
 1 APPPATH\Views\PoinMarket_Admin\Template\topmenu.php(78): CodeIgniter\Debug\Exceptions->errorHandler(2, 'Attempt to read property "id" on null', 'C:\\xampp\\htdocs\\PoinMarket\\app\\Views\\PoinMarket_Admin\\Template\\topmenu.php', 78)
 2 SYSTEMPATH\View\View.php(224): include('C:\\xampp\\htdocs\\PoinMarket\\app\\Views\\PoinMarket_Admin\\Template\\topmenu.php')
 3 SYSTEMPATH\View\View.php(227): CodeIgniter\View\View->CodeIgniter\View\{closure}()
 4 SYSTEMPATH\View\View.php(452): CodeIgniter\View\View->render('PoinMarket_Admin/Template/topmenu', null, true)
 5 APPPATH\Views\PoinMarket_Admin\Template\dashboard.php(221): CodeIgniter\View\View->include('PoinMarket_Admin/Template/topmenu')
 6 SYSTEMPATH\View\View.php(224): include('C:\\xampp\\htdocs\\PoinMarket\\app\\Views\\PoinMarket_Admin\\Template\\dashboard.php')
 7 SYSTEMPATH\View\View.php(227): CodeIgniter\View\View->CodeIgniter\View\{closure}()
 8 SYSTEMPATH\View\View.php(240): CodeIgniter\View\View->render('PoinMarket_Admin/Template/dashboard', [], true)
 9 SYSTEMPATH\Common.php(1180): CodeIgniter\View\View->render('CMS/index', [], true)
10 APPPATH\Controllers\CMS.php(33): view('CMS/index', [...])
11 SYSTEMPATH\CodeIgniter.php(932): App\Controllers\CMS->index()
12 SYSTEMPATH\CodeIgniter.php(497): CodeIgniter\CodeIgniter->runController(Object(App\Controllers\CMS))
13 SYSTEMPATH\CodeIgniter.php(366): CodeIgniter\CodeIgniter->handleRequest(null, Object(Config\Cache), false)
14 FCPATH\index.php(67): CodeIgniter\CodeIgniter->run()
15 SYSTEMPATH\Commands\Server\rewrite.php(47): require_once('C:\\xampp\\htdocs\\PoinMarket\\public\\index.php')
INFO - 2025-01-03 08:17:09 --> Session: Class initialized using 'CodeIgniter\Session\Handlers\FileHandler' driver.
CRITICAL - 2025-01-03 08:17:09 --> Attempt to read property "id" on null
in APPPATH\Views\PoinMarket_Admin\Template\topmenu.php on line 78.
 1 APPPATH\Views\PoinMarket_Admin\Template\topmenu.php(78): CodeIgniter\Debug\Exceptions->errorHandler(2, 'Attempt to read property "id" on null', 'C:\\xampp\\htdocs\\PoinMarket\\app\\Views\\PoinMarket_Admin\\Template\\topmenu.php', 78)
 2 SYSTEMPATH\View\View.php(224): include('C:\\xampp\\htdocs\\PoinMarket\\app\\Views\\PoinMarket_Admin\\Template\\topmenu.php')
 3 SYSTEMPATH\View\View.php(227): CodeIgniter\View\View->CodeIgniter\View\{closure}()
 4 SYSTEMPATH\View\View.php(452): CodeIgniter\View\View->render('PoinMarket_Admin/Template/topmenu', null, true)
 5 APPPATH\Views\PoinMarket_Admin\Template\dashboard.php(221): CodeIgniter\View\View->include('PoinMarket_Admin/Template/topmenu')
 6 SYSTEMPATH\View\View.php(224): include('C:\\xampp\\htdocs\\PoinMarket\\app\\Views\\PoinMarket_Admin\\Template\\dashboard.php')
 7 SYSTEMPATH\View\View.php(227): CodeIgniter\View\View->CodeIgniter\View\{closure}()
 8 SYSTEMPATH\View\View.php(240): CodeIgniter\View\View->render('PoinMarket_Admin/Template/dashboard', [], true)
 9 SYSTEMPATH\Common.php(1180): CodeIgniter\View\View->render('CMS/index', [], true)
10 APPPATH\Controllers\CMS.php(33): view('CMS/index', [...])
11 SYSTEMPATH\CodeIgniter.php(932): App\Controllers\CMS->index()
12 SYSTEMPATH\CodeIgniter.php(497): CodeIgniter\CodeIgniter->runController(Object(App\Controllers\CMS))
13 SYSTEMPATH\CodeIgniter.php(366): CodeIgniter\CodeIgniter->handleRequest(null, Object(Config\Cache), false)
14 FCPATH\index.php(67): CodeIgniter\CodeIgniter->run()
15 SYSTEMPATH\Commands\Server\rewrite.php(47): require_once('C:\\xampp\\htdocs\\PoinMarket\\public\\index.php')
INFO - 2025-01-03 08:17:20 --> Session: Class initialized using 'CodeIgniter\Session\Handlers\FileHandler' driver.
INFO - 2025-01-03 08:17:21 --> Session: Class initialized using 'CodeIgniter\Session\Handlers\FileHandler' driver.
INFO - 2025-01-03 08:17:22 --> Session: Class initialized using 'CodeIgniter\Session\Handlers\FileHandler' driver.
INFO - 2025-01-03 08:17:22 --> Session: Class initialized using 'CodeIgniter\Session\Handlers\FileHandler' driver.
INFO - 2025-01-03 08:17:25 --> Session: Class initialized using 'CodeIgniter\Session\Handlers\FileHandler' driver.
INFO - 2025-01-03 08:17:25 --> Session: Class initialized using 'CodeIgniter\Session\Handlers\FileHandler' driver.
INFO - 2025-01-03 08:17:27 --> Session: Class initialized using 'CodeIgniter\Session\Handlers\FileHandler' driver.
WARNING - 2025-01-03 08:17:27 --> [DEPRECATED] strtotime(): Passing null to parameter #1 ($datetime) of type string is deprecated in APPPATH\Views\PoinMarket_Admin\Tabel\tabel_user.php on line 92.
 1 APPPATH\Views\PoinMarket_Admin\Tabel\tabel_user.php(92): strtotime(null)
 2 SYSTEMPATH\View\View.php(224): include('C:\\xampp\\htdocs\\PoinMarket\\app\\Views\\PoinMarket_Admin\\Tabel\\tabel_user.php')
 3 SYSTEMPATH\View\View.php(227): CodeIgniter\View\View->CodeIgniter\View\{closure}()
 4 SYSTEMPATH\View\View.php(452): CodeIgniter\View\View->render('PoinMarket_Admin/Tabel/tabel_user', null, true)
 5 APPPATH\Views\PoinMarket_Admin\Page\user.php(64): CodeIgniter\View\View->include('PoinMarket_Admin/Tabel/tabel_user')
 6 SYSTEMPATH\View\View.php(224): include('C:\\xampp\\htdocs\\PoinMarket\\app\\Views\\PoinMarket_Admin\\Page\\user.php')
 7 SYSTEMPATH\View\View.php(227): CodeIgniter\View\View->CodeIgniter\View\{closure}()
 8 SYSTEMPATH\Common.php(1180): CodeIgniter\View\View->render('PoinMarket_Admin/Page/user', [], true)
 9 APPPATH\Controllers\PoinMarket_Admin\User.php(71): view('PoinMarket_Admin/Page/user', [...])
10 SYSTEMPATH\CodeIgniter.php(932): App\Controllers\PoinMarket_Admin\User->index()
11 SYSTEMPATH\CodeIgniter.php(497): CodeIgniter\CodeIgniter->runController(Object(App\Controllers\PoinMarket_Admin\User))
12 SYSTEMPATH\CodeIgniter.php(366): CodeIgniter\CodeIgniter->handleRequest(null, Object(Config\Cache), false)
13 FCPATH\index.php(67): CodeIgniter\CodeIgniter->run()
14 SYSTEMPATH\Commands\Server\rewrite.php(47): require_once('C:\\xampp\\htdocs\\PoinMarket\\public\\index.php')
INFO - 2025-01-03 08:17:27 --> Session: Class initialized using 'CodeIgniter\Session\Handlers\FileHandler' driver.
WARNING - 2025-01-03 08:17:27 --> [DEPRECATED] strtotime(): Passing null to parameter #1 ($datetime) of type string is deprecated in APPPATH\Views\PoinMarket_Admin\Tabel\tabel_user.php on line 92.
 1 APPPATH\Views\PoinMarket_Admin\Tabel\tabel_user.php(92): strtotime(null)
 2 SYSTEMPATH\View\View.php(224): include('C:\\xampp\\htdocs\\PoinMarket\\app\\Views\\PoinMarket_Admin\\Tabel\\tabel_user.php')
 3 SYSTEMPATH\View\View.php(227): CodeIgniter\View\View->CodeIgniter\View\{closure}()
 4 SYSTEMPATH\View\View.php(452): CodeIgniter\View\View->render('PoinMarket_Admin/Tabel/tabel_user', null, true)
 5 APPPATH\Views\PoinMarket_Admin\Page\user.php(64): CodeIgniter\View\View->include('PoinMarket_Admin/Tabel/tabel_user')
 6 SYSTEMPATH\View\View.php(224): include('C:\\xampp\\htdocs\\PoinMarket\\app\\Views\\PoinMarket_Admin\\Page\\user.php')
 7 SYSTEMPATH\View\View.php(227): CodeIgniter\View\View->CodeIgniter\View\{closure}()
 8 SYSTEMPATH\Common.php(1180): CodeIgniter\View\View->render('PoinMarket_Admin/Page/user', [], true)
 9 APPPATH\Controllers\PoinMarket_Admin\User.php(71): view('PoinMarket_Admin/Page/user', [...])
10 SYSTEMPATH\CodeIgniter.php(932): App\Controllers\PoinMarket_Admin\User->index()
11 SYSTEMPATH\CodeIgniter.php(497): CodeIgniter\CodeIgniter->runController(Object(App\Controllers\PoinMarket_Admin\User))
12 SYSTEMPATH\CodeIgniter.php(366): CodeIgniter\CodeIgniter->handleRequest(null, Object(Config\Cache), false)
13 FCPATH\index.php(67): CodeIgniter\CodeIgniter->run()
14 SYSTEMPATH\Commands\Server\rewrite.php(47): require_once('C:\\xampp\\htdocs\\PoinMarket\\public\\index.php')
INFO - 2025-01-03 08:17:29 --> Session: Class initialized using 'CodeIgniter\Session\Handlers\FileHandler' driver.
INFO - 2025-01-03 08:17:30 --> Session: Class initialized using 'CodeIgniter\Session\Handlers\FileHandler' driver.
INFO - 2025-01-03 08:17:39 --> Session: Class initialized using 'CodeIgniter\Session\Handlers\FileHandler' driver.
INFO - 2025-01-03 08:17:39 --> Session: Class initialized using 'CodeIgniter\Session\Handlers\FileHandler' driver.
INFO - 2025-01-03 08:17:40 --> Session: Class initialized using 'CodeIgniter\Session\Handlers\FileHandler' driver.
INFO - 2025-01-03 08:17:43 --> Session: Class initialized using 'CodeIgniter\Session\Handlers\FileHandler' driver.
INFO - 2025-01-03 08:17:43 --> Session: Class initialized using 'CodeIgniter\Session\Handlers\FileHandler' driver.
INFO - 2025-01-03 08:17:45 --> Session: Class initialized using 'CodeIgniter\Session\Handlers\FileHandler' driver.
INFO - 2025-01-03 08:17:45 --> Session: Class initialized using 'CodeIgniter\Session\Handlers\FileHandler' driver.
INFO - 2025-01-03 08:17:45 --> Session: Class initialized using 'CodeIgniter\Session\Handlers\FileHandler' driver.
INFO - 2025-01-03 08:17:47 --> Session: Class initialized using 'CodeIgniter\Session\Handlers\FileHandler' driver.
INFO - 2025-01-03 08:17:47 --> Session: Class initialized using 'CodeIgniter\Session\Handlers\FileHandler' driver.
INFO - 2025-01-03 08:17:47 --> Session: Class initialized using 'CodeIgniter\Session\Handlers\FileHandler' driver.
INFO - 2025-01-03 08:17:50 --> Session: Class initialized using 'CodeIgniter\Session\Handlers\FileHandler' driver.
INFO - 2025-01-03 08:17:50 --> Session: Class initialized using 'CodeIgniter\Session\Handlers\FileHandler' driver.
INFO - 2025-01-03 08:17:51 --> Session: Class initialized using 'CodeIgniter\Session\Handlers\FileHandler' driver.
INFO - 2025-01-03 08:17:54 --> Session: Class initialized using 'CodeIgniter\Session\Handlers\FileHandler' driver.
INFO - 2025-01-03 08:17:54 --> Session: Class initialized using 'CodeIgniter\Session\Handlers\FileHandler' driver.
INFO - 2025-01-03 08:17:55 --> Session: Class initialized using 'CodeIgniter\Session\Handlers\FileHandler' driver.
INFO - 2025-01-03 08:18:55 --> Session: Class initialized using 'CodeIgniter\Session\Handlers\FileHandler' driver.
INFO - 2025-01-03 08:18:56 --> Session: Class initialized using 'CodeIgniter\Session\Handlers\FileHandler' driver.
INFO - 2025-01-03 08:19:06 --> Session: Class initialized using 'CodeIgniter\Session\Handlers\FileHandler' driver.
INFO - 2025-01-03 08:19:06 --> Session: Class initialized using 'CodeIgniter\Session\Handlers\FileHandler' driver.
INFO - 2025-01-03 08:19:07 --> Session: Class initialized using 'CodeIgniter\Session\Handlers\FileHandler' driver.
INFO - 2025-01-03 08:19:09 --> Session: Class initialized using 'CodeIgniter\Session\Handlers\FileHandler' driver.
INFO - 2025-01-03 08:19:10 --> Session: Class initialized using 'CodeIgniter\Session\Handlers\FileHandler' driver.
INFO - 2025-01-03 08:19:13 --> Session: Class initialized using 'CodeIgniter\Session\Handlers\FileHandler' driver.
INFO - 2025-01-03 08:19:13 --> Session: Class initialized using 'CodeIgniter\Session\Handlers\FileHandler' driver.
INFO - 2025-01-03 08:19:14 --> Session: Class initialized using 'CodeIgniter\Session\Handlers\FileHandler' driver.
INFO - 2025-01-03 08:19:16 --> Session: Class initialized using 'CodeIgniter\Session\Handlers\FileHandler' driver.
INFO - 2025-01-03 08:19:16 --> Session: Class initialized using 'CodeIgniter\Session\Handlers\FileHandler' driver.
INFO - 2025-01-03 08:19:20 --> Session: Class initialized using 'CodeIgniter\Session\Handlers\FileHandler' driver.
INFO - 2025-01-03 08:19:20 --> Session: Class initialized using 'CodeIgniter\Session\Handlers\FileHandler' driver.
INFO - 2025-01-03 08:19:20 --> Session: Class initialized using 'CodeIgniter\Session\Handlers\FileHandler' driver.
INFO - 2025-01-03 08:21:39 --> Session: Class initialized using 'CodeIgniter\Session\Handlers\FileHandler' driver.
INFO - 2025-01-03 08:21:39 --> Session: Class initialized using 'CodeIgniter\Session\Handlers\FileHandler' driver.
INFO - 2025-01-03 08:21:40 --> Session: Class initialized using 'CodeIgniter\Session\Handlers\FileHandler' driver.
INFO - 2025-01-03 08:21:40 --> Session: Class initialized using 'CodeIgniter\Session\Handlers\FileHandler' driver.
INFO - 2025-01-03 08:21:41 --> Session: Class initialized using 'CodeIgniter\Session\Handlers\FileHandler' driver.
INFO - 2025-01-03 08:21:56 --> Session: Class initialized using 'CodeIgniter\Session\Handlers\FileHandler' driver.
INFO - 2025-01-03 08:21:57 --> Session: Class initialized using 'CodeIgniter\Session\Handlers\FileHandler' driver.
INFO - 2025-01-03 08:23:41 --> Session: Class initialized using 'CodeIgniter\Session\Handlers\FileHandler' driver.
INFO - 2025-01-03 08:23:42 --> Session: Class initialized using 'CodeIgniter\Session\Handlers\FileHandler' driver.
INFO - 2025-01-03 08:24:21 --> Session: Class initialized using 'CodeIgniter\Session\Handlers\FileHandler' driver.
INFO - 2025-01-03 08:24:22 --> Session: Class initialized using 'CodeIgniter\Session\Handlers\FileHandler' driver.
INFO - 2025-01-03 08:24:27 --> Session: Class initialized using 'CodeIgniter\Session\Handlers\FileHandler' driver.
INFO - 2025-01-03 08:24:27 --> Session: Class initialized using 'CodeIgniter\Session\Handlers\FileHandler' driver.
INFO - 2025-01-03 08:24:27 --> Session: Class initialized using 'CodeIgniter\Session\Handlers\FileHandler' driver.
INFO - 2025-01-03 08:24:29 --> Session: Class initialized using 'CodeIgniter\Session\Handlers\FileHandler' driver.
INFO - 2025-01-03 08:24:30 --> Session: Class initialized using 'CodeIgniter\Session\Handlers\FileHandler' driver.
INFO - 2025-01-03 08:24:30 --> Session: Class initialized using 'CodeIgniter\Session\Handlers\FileHandler' driver.
INFO - 2025-01-03 08:24:32 --> Session: Class initialized using 'CodeIgniter\Session\Handlers\FileHandler' driver.
INFO - 2025-01-03 08:24:32 --> Session: Class initialized using 'CodeIgniter\Session\Handlers\FileHandler' driver.
INFO - 2025-01-03 08:24:32 --> Session: Class initialized using 'CodeIgniter\Session\Handlers\FileHandler' driver.
INFO - 2025-01-03 08:24:33 --> Session: Class initialized using 'CodeIgniter\Session\Handlers\FileHandler' driver.
INFO - 2025-01-03 08:24:34 --> Session: Class initialized using 'CodeIgniter\Session\Handlers\FileHandler' driver.
INFO - 2025-01-03 08:24:34 --> Session: Class initialized using 'CodeIgniter\Session\Handlers\FileHandler' driver.
INFO - 2025-01-03 08:24:35 --> Session: Class initialized using 'CodeIgniter\Session\Handlers\FileHandler' driver.
INFO - 2025-01-03 08:24:35 --> Session: Class initialized using 'CodeIgniter\Session\Handlers\FileHandler' driver.
INFO - 2025-01-03 08:24:38 --> Session: Class initialized using 'CodeIgniter\Session\Handlers\FileHandler' driver.
INFO - 2025-01-03 08:24:38 --> Session: Class initialized using 'CodeIgniter\Session\Handlers\FileHandler' driver.
INFO - 2025-01-03 08:24:40 --> Session: Class initialized using 'CodeIgniter\Session\Handlers\FileHandler' driver.
INFO - 2025-01-03 08:24:41 --> Session: Class initialized using 'CodeIgniter\Session\Handlers\FileHandler' driver.
INFO - 2025-01-03 08:24:55 --> Session: Class initialized using 'CodeIgniter\Session\Handlers\FileHandler' driver.
INFO - 2025-01-03 08:24:55 --> Session: Class initialized using 'CodeIgniter\Session\Handlers\FileHandler' driver.
INFO - 2025-01-03 08:25:00 --> Session: Class initialized using 'CodeIgniter\Session\Handlers\FileHandler' driver.
INFO - 2025-01-03 08:25:00 --> Session: Class initialized using 'CodeIgniter\Session\Handlers\FileHandler' driver.
INFO - 2025-01-03 08:25:00 --> Session: Class initialized using 'CodeIgniter\Session\Handlers\FileHandler' driver.
INFO - 2025-01-03 08:25:34 --> Session: Class initialized using 'CodeIgniter\Session\Handlers\FileHandler' driver.
INFO - 2025-01-03 08:25:34 --> Session: Class initialized using 'CodeIgniter\Session\Handlers\FileHandler' driver.
INFO - 2025-01-03 08:25:36 --> Session: Class initialized using 'CodeIgniter\Session\Handlers\FileHandler' driver.
INFO - 2025-01-03 08:25:36 --> Session: Class initialized using 'CodeIgniter\Session\Handlers\FileHandler' driver.
INFO - 2025-01-03 08:25:37 --> Session: Class initialized using 'CodeIgniter\Session\Handlers\FileHandler' driver.
INFO - 2025-01-03 08:25:38 --> Session: Class initialized using 'CodeIgniter\Session\Handlers\FileHandler' driver.
INFO - 2025-01-03 08:25:38 --> Session: Class initialized using 'CodeIgniter\Session\Handlers\FileHandler' driver.
INFO - 2025-01-03 08:25:39 --> Session: Class initialized using 'CodeIgniter\Session\Handlers\FileHandler' driver.
INFO - 2025-01-03 08:25:40 --> Session: Class initialized using 'CodeIgniter\Session\Handlers\FileHandler' driver.
INFO - 2025-01-03 08:25:40 --> Session: Class initialized using 'CodeIgniter\Session\Handlers\FileHandler' driver.
INFO - 2025-01-03 08:25:40 --> Session: Class initialized using 'CodeIgniter\Session\Handlers\FileHandler' driver.
INFO - 2025-01-03 08:25:41 --> Session: Class initialized using 'CodeIgniter\Session\Handlers\FileHandler' driver.
INFO - 2025-01-03 08:25:41 --> Session: Class initialized using 'CodeIgniter\Session\Handlers\FileHandler' driver.
INFO - 2025-01-03 08:25:41 --> Session: Class initialized using 'CodeIgniter\Session\Handlers\FileHandler' driver.
INFO - 2025-01-03 08:25:42 --> Session: Class initialized using 'CodeIgniter\Session\Handlers\FileHandler' driver.
INFO - 2025-01-03 08:25:42 --> Session: Class initialized using 'CodeIgniter\Session\Handlers\FileHandler' driver.
INFO - 2025-01-03 08:25:43 --> Session: Class initialized using 'CodeIgniter\Session\Handlers\FileHandler' driver.
INFO - 2025-01-03 08:29:29 --> Session: Class initialized using 'CodeIgniter\Session\Handlers\FileHandler' driver.
INFO - 2025-01-03 08:29:30 --> Session: Class initialized using 'CodeIgniter\Session\Handlers\FileHandler' driver.
INFO - 2025-01-03 08:29:32 --> Session: Class initialized using 'CodeIgniter\Session\Handlers\FileHandler' driver.
INFO - 2025-01-03 08:29:32 --> Session: Class initialized using 'CodeIgniter\Session\Handlers\FileHandler' driver.
INFO - 2025-01-03 08:29:34 --> Session: Class initialized using 'CodeIgniter\Session\Handlers\FileHandler' driver.
INFO - 2025-01-03 08:29:34 --> Session: Class initialized using 'CodeIgniter\Session\Handlers\FileHandler' driver.
INFO - 2025-01-03 08:30:09 --> Session: Class initialized using 'CodeIgniter\Session\Handlers\FileHandler' driver.
INFO - 2025-01-03 08:30:09 --> Session: Class initialized using 'CodeIgniter\Session\Handlers\FileHandler' driver.
INFO - 2025-01-03 08:30:21 --> Session: Class initialized using 'CodeIgniter\Session\Handlers\FileHandler' driver.
INFO - 2025-01-03 08:30:21 --> Session: Class initialized using 'CodeIgniter\Session\Handlers\FileHandler' driver.
INFO - 2025-01-03 08:30:25 --> Session: Class initialized using 'CodeIgniter\Session\Handlers\FileHandler' driver.
INFO - 2025-01-03 08:30:25 --> Session: Class initialized using 'CodeIgniter\Session\Handlers\FileHandler' driver.
INFO - 2025-01-03 08:30:29 --> Session: Class initialized using 'CodeIgniter\Session\Handlers\FileHandler' driver.
INFO - 2025-01-03 08:30:30 --> Session: Class initialized using 'CodeIgniter\Session\Handlers\FileHandler' driver.
INFO - 2025-01-03 08:31:02 --> Session: Class initialized using 'CodeIgniter\Session\Handlers\FileHandler' driver.
INFO - 2025-01-03 08:31:03 --> Session: Class initialized using 'CodeIgniter\Session\Handlers\FileHandler' driver.
INFO - 2025-01-03 08:31:05 --> Session: Class initialized using 'CodeIgniter\Session\Handlers\FileHandler' driver.
INFO - 2025-01-03 08:31:05 --> Session: Class initialized using 'CodeIgniter\Session\Handlers\FileHandler' driver.
INFO - 2025-01-03 08:31:18 --> Session: Class initialized using 'CodeIgniter\Session\Handlers\FileHandler' driver.
INFO - 2025-01-03 08:31:18 --> Session: Class initialized using 'CodeIgniter\Session\Handlers\FileHandler' driver.
INFO - 2025-01-03 08:34:11 --> Session: Class initialized using 'CodeIgniter\Session\Handlers\FileHandler' driver.
INFO - 2025-01-03 08:34:12 --> Session: Class initialized using 'CodeIgniter\Session\Handlers\FileHandler' driver.
INFO - 2025-01-03 08:34:16 --> Session: Class initialized using 'CodeIgniter\Session\Handlers\FileHandler' driver.
INFO - 2025-01-03 08:34:16 --> Session: Class initialized using 'CodeIgniter\Session\Handlers\FileHandler' driver.
INFO - 2025-01-03 08:34:27 --> Session: Class initialized using 'CodeIgniter\Session\Handlers\FileHandler' driver.
INFO - 2025-01-03 08:34:28 --> Session: Class initialized using 'CodeIgniter\Session\Handlers\FileHandler' driver.
INFO - 2025-01-03 08:34:31 --> Session: Class initialized using 'CodeIgniter\Session\Handlers\FileHandler' driver.
INFO - 2025-01-03 08:34:31 --> Session: Class initialized using 'CodeIgniter\Session\Handlers\FileHandler' driver.
INFO - 2025-01-03 08:34:34 --> Session: Class initialized using 'CodeIgniter\Session\Handlers\FileHandler' driver.
INFO - 2025-01-03 08:34:35 --> Session: Class initialized using 'CodeIgniter\Session\Handlers\FileHandler' driver.
INFO - 2025-01-03 08:34:35 --> Session: Class initialized using 'CodeIgniter\Session\Handlers\FileHandler' driver.
INFO - 2025-01-03 08:34:44 --> Session: Class initialized using 'CodeIgniter\Session\Handlers\FileHandler' driver.
INFO - 2025-01-03 08:34:44 --> Session: Class initialized using 'CodeIgniter\Session\Handlers\FileHandler' driver.
INFO - 2025-01-03 08:34:44 --> Session: Class initialized using 'CodeIgniter\Session\Handlers\FileHandler' driver.
INFO - 2025-01-03 08:34:46 --> Session: Class initialized using 'CodeIgniter\Session\Handlers\FileHandler' driver.
INFO - 2025-01-03 08:34:46 --> Session: Class initialized using 'CodeIgniter\Session\Handlers\FileHandler' driver.
INFO - 2025-01-03 08:34:46 --> Session: Class initialized using 'CodeIgniter\Session\Handlers\FileHandler' driver.
INFO - 2025-01-03 08:35:05 --> Session: Class initialized using 'CodeIgniter\Session\Handlers\FileHandler' driver.
INFO - 2025-01-03 08:35:05 --> Session: Class initialized using 'CodeIgniter\Session\Handlers\FileHandler' driver.
INFO - 2025-01-03 08:35:05 --> Session: Class initialized using 'CodeIgniter\Session\Handlers\FileHandler' driver.
INFO - 2025-01-03 08:35:58 --> Session: Class initialized using 'CodeIgniter\Session\Handlers\FileHandler' driver.
INFO - 2025-01-03 08:35:58 --> Session: Class initialized using 'CodeIgniter\Session\Handlers\FileHandler' driver.
INFO - 2025-01-03 08:36:02 --> Session: Class initialized using 'CodeIgniter\Session\Handlers\FileHandler' driver.
INFO - 2025-01-03 08:36:02 --> Session: Class initialized using 'CodeIgniter\Session\Handlers\FileHandler' driver.
INFO - 2025-01-03 08:36:02 --> Session: Class initialized using 'CodeIgniter\Session\Handlers\FileHandler' driver.
INFO - 2025-01-03 08:36:11 --> Session: Class initialized using 'CodeIgniter\Session\Handlers\FileHandler' driver.
INFO - 2025-01-03 08:36:12 --> Session: Class initialized using 'CodeIgniter\Session\Handlers\FileHandler' driver.
INFO - 2025-01-03 08:36:15 --> Session: Class initialized using 'CodeIgniter\Session\Handlers\FileHandler' driver.
INFO - 2025-01-03 08:36:15 --> Session: Class initialized using 'CodeIgniter\Session\Handlers\FileHandler' driver.
INFO - 2025-01-03 08:36:16 --> Session: Class initialized using 'CodeIgniter\Session\Handlers\FileHandler' driver.
INFO - 2025-01-03 08:36:23 --> Session: Class initialized using 'CodeIgniter\Session\Handlers\FileHandler' driver.
INFO - 2025-01-03 08:36:24 --> Session: Class initialized using 'CodeIgniter\Session\Handlers\FileHandler' driver.
INFO - 2025-01-03 08:36:31 --> Session: Class initialized using 'CodeIgniter\Session\Handlers\FileHandler' driver.
INFO - 2025-01-03 08:36:31 --> Session: Class initialized using 'CodeIgniter\Session\Handlers\FileHandler' driver.
INFO - 2025-01-03 08:36:34 --> Session: Class initialized using 'CodeIgniter\Session\Handlers\FileHandler' driver.
INFO - 2025-01-03 08:36:34 --> Session: Class initialized using 'CodeIgniter\Session\Handlers\FileHandler' driver.
INFO - 2025-01-03 08:36:34 --> Session: Class initialized using 'CodeIgniter\Session\Handlers\FileHandler' driver.
INFO - 2025-01-03 08:36:37 --> Session: Class initialized using 'CodeIgniter\Session\Handlers\FileHandler' driver.
INFO - 2025-01-03 08:36:37 --> Session: Class initialized using 'CodeIgniter\Session\Handlers\FileHandler' driver.
INFO - 2025-01-03 08:36:51 --> Session: Class initialized using 'CodeIgniter\Session\Handlers\FileHandler' driver.
INFO - 2025-01-03 08:36:51 --> Session: Class initialized using 'CodeIgniter\Session\Handlers\FileHandler' driver.
INFO - 2025-01-03 08:36:52 --> Session: Class initialized using 'CodeIgniter\Session\Handlers\FileHandler' driver.
INFO - 2025-01-03 08:36:59 --> Session: Class initialized using 'CodeIgniter\Session\Handlers\FileHandler' driver.
INFO - 2025-01-03 08:36:59 --> Session: Class initialized using 'CodeIgniter\Session\Handlers\FileHandler' driver.
INFO - 2025-01-03 08:37:02 --> Session: Class initialized using 'CodeIgniter\Session\Handlers\FileHandler' driver.
INFO - 2025-01-03 08:37:03 --> Session: Class initialized using 'CodeIgniter\Session\Handlers\FileHandler' driver.
INFO - 2025-01-03 08:37:05 --> Session: Class initialized using 'CodeIgniter\Session\Handlers\FileHandler' driver.
INFO - 2025-01-03 08:37:05 --> Session: Class initialized using 'CodeIgniter\Session\Handlers\FileHandler' driver.
INFO - 2025-01-03 08:37:06 --> Session: Class initialized using 'CodeIgniter\Session\Handlers\FileHandler' driver.
INFO - 2025-01-03 08:37:10 --> Session: Class initialized using 'CodeIgniter\Session\Handlers\FileHandler' driver.
INFO - 2025-01-03 08:37:10 --> Session: Class initialized using 'CodeIgniter\Session\Handlers\FileHandler' driver.
INFO - 2025-01-03 08:37:11 --> Session: Class initialized using 'CodeIgniter\Session\Handlers\FileHandler' driver.
INFO - 2025-01-03 08:37:12 --> Session: Class initialized using 'CodeIgniter\Session\Handlers\FileHandler' driver.
INFO - 2025-01-03 08:37:14 --> Session: Class initialized using 'CodeIgniter\Session\Handlers\FileHandler' driver.
INFO - 2025-01-03 08:37:14 --> Session: Class initialized using 'CodeIgniter\Session\Handlers\FileHandler' driver.
INFO - 2025-01-03 08:37:15 --> Session: Class initialized using 'CodeIgniter\Session\Handlers\FileHandler' driver.
INFO - 2025-01-03 08:37:15 --> Session: Class initialized using 'CodeIgniter\Session\Handlers\FileHandler' driver.
INFO - 2025-01-03 08:37:16 --> Session: Class initialized using 'CodeIgniter\Session\Handlers\FileHandler' driver.
INFO - 2025-01-03 08:37:19 --> Session: Class initialized using 'CodeIgniter\Session\Handlers\FileHandler' driver.
INFO - 2025-01-03 08:37:20 --> Session: Class initialized using 'CodeIgniter\Session\Handlers\FileHandler' driver.
INFO - 2025-01-03 08:37:22 --> Session: Class initialized using 'CodeIgniter\Session\Handlers\FileHandler' driver.
INFO - 2025-01-03 08:37:23 --> Session: Class initialized using 'CodeIgniter\Session\Handlers\FileHandler' driver.
INFO - 2025-01-03 08:37:28 --> Session: Class initialized using 'CodeIgniter\Session\Handlers\FileHandler' driver.
INFO - 2025-01-03 08:37:28 --> Session: Class initialized using 'CodeIgniter\Session\Handlers\FileHandler' driver.
INFO - 2025-01-03 08:37:35 --> Session: Class initialized using 'CodeIgniter\Session\Handlers\FileHandler' driver.
INFO - 2025-01-03 08:37:35 --> Session: Class initialized using 'CodeIgniter\Session\Handlers\FileHandler' driver.
INFO - 2025-01-03 08:37:45 --> Session: Class initialized using 'CodeIgniter\Session\Handlers\FileHandler' driver.
INFO - 2025-01-03 08:37:45 --> Session: Class initialized using 'CodeIgniter\Session\Handlers\FileHandler' driver.
INFO - 2025-01-03 08:37:45 --> Session: Class initialized using 'CodeIgniter\Session\Handlers\FileHandler' driver.
INFO - 2025-01-03 08:37:50 --> Session: Class initialized using 'CodeIgniter\Session\Handlers\FileHandler' driver.
INFO - 2025-01-03 08:37:50 --> Session: Class initialized using 'CodeIgniter\Session\Handlers\FileHandler' driver.
INFO - 2025-01-03 08:37:51 --> Session: Class initialized using 'CodeIgniter\Session\Handlers\FileHandler' driver.
INFO - 2025-01-03 08:37:52 --> Session: Class initialized using 'CodeIgniter\Session\Handlers\FileHandler' driver.
INFO - 2025-01-03 08:37:54 --> Session: Class initialized using 'CodeIgniter\Session\Handlers\FileHandler' driver.
INFO - 2025-01-03 08:37:54 --> Session: Class initialized using 'CodeIgniter\Session\Handlers\FileHandler' driver.
INFO - 2025-01-03 08:37:54 --> Session: Class initialized using 'CodeIgniter\Session\Handlers\FileHandler' driver.
INFO - 2025-01-03 08:37:58 --> Session: Class initialized using 'CodeIgniter\Session\Handlers\FileHandler' driver.
INFO - 2025-01-03 08:37:58 --> Session: Class initialized using 'CodeIgniter\Session\Handlers\FileHandler' driver.
INFO - 2025-01-03 08:38:00 --> Session: Class initialized using 'CodeIgniter\Session\Handlers\FileHandler' driver.
INFO - 2025-01-03 08:38:00 --> Session: Class initialized using 'CodeIgniter\Session\Handlers\FileHandler' driver.
INFO - 2025-01-03 08:38:00 --> Session: Class initialized using 'CodeIgniter\Session\Handlers\FileHandler' driver.
INFO - 2025-01-03 08:38:03 --> Session: Class initialized using 'CodeIgniter\Session\Handlers\FileHandler' driver.
INFO - 2025-01-03 08:38:07 --> Session: Class initialized using 'CodeIgniter\Session\Handlers\FileHandler' driver.
INFO - 2025-01-03 08:38:07 --> Session: Class initialized using 'CodeIgniter\Session\Handlers\FileHandler' driver.
INFO - 2025-01-03 08:38:09 --> Session: Class initialized using 'CodeIgniter\Session\Handlers\FileHandler' driver.
INFO - 2025-01-03 08:38:09 --> Session: Class initialized using 'CodeIgniter\Session\Handlers\FileHandler' driver.
INFO - 2025-01-03 08:38:10 --> Session: Class initialized using 'CodeIgniter\Session\Handlers\FileHandler' driver.
INFO - 2025-01-03 08:38:11 --> Session: Class initialized using 'CodeIgniter\Session\Handlers\FileHandler' driver.
INFO - 2025-01-03 08:38:21 --> Session: Class initialized using 'CodeIgniter\Session\Handlers\FileHandler' driver.
CRITICAL - 2025-01-03 08:38:21 --> Undefined array key "id"
in APPPATH\Controllers\PoinMarket_Admin\Misi_tambah.php on line 106.
 1 APPPATH\Controllers\PoinMarket_Admin\Misi_tambah.php(106): CodeIgniter\Debug\Exceptions->errorHandler(2, 'Undefined array key "id"', 'C:\\xampp\\htdocs\\PoinMarket\\app\\Controllers\\PoinMarket_Admin\\Misi_tambah.php', 106)
 2 SYSTEMPATH\CodeIgniter.php(932): App\Controllers\PoinMarket_Admin\Misi_tambah->save_Misi()
 3 SYSTEMPATH\CodeIgniter.php(497): CodeIgniter\CodeIgniter->runController(Object(App\Controllers\PoinMarket_Admin\Misi_tambah))
 4 SYSTEMPATH\CodeIgniter.php(366): CodeIgniter\CodeIgniter->handleRequest(null, Object(Config\Cache), false)
 5 FCPATH\index.php(67): CodeIgniter\CodeIgniter->run()
 6 SYSTEMPATH\Commands\Server\rewrite.php(47): require_once('C:\\xampp\\htdocs\\PoinMarket\\public\\index.php')
INFO - 2025-01-03 08:38:47 --> Session: Class initialized using 'CodeIgniter\Session\Handlers\FileHandler' driver.
INFO - 2025-01-03 08:38:48 --> Session: Class initialized using 'CodeIgniter\Session\Handlers\FileHandler' driver.
INFO - 2025-01-03 08:38:55 --> Session: Class initialized using 'CodeIgniter\Session\Handlers\FileHandler' driver.
INFO - 2025-01-03 08:38:55 --> Session: Class initialized using 'CodeIgniter\Session\Handlers\FileHandler' driver.
INFO - 2025-01-03 08:39:02 --> Session: Class initialized using 'CodeIgniter\Session\Handlers\FileHandler' driver.
INFO - 2025-01-03 08:39:02 --> Session: Class initialized using 'CodeIgniter\Session\Handlers\FileHandler' driver.
INFO - 2025-01-03 08:39:02 --> Session: Class initialized using 'CodeIgniter\Session\Handlers\FileHandler' driver.
INFO - 2025-01-03 08:39:11 --> Session: Class initialized using 'CodeIgniter\Session\Handlers\FileHandler' driver.
INFO - 2025-01-03 08:39:11 --> Session: Class initialized using 'CodeIgniter\Session\Handlers\FileHandler' driver.
INFO - 2025-01-03 08:39:13 --> Session: Class initialized using 'CodeIgniter\Session\Handlers\FileHandler' driver.
INFO - 2025-01-03 08:39:14 --> Session: Class initialized using 'CodeIgniter\Session\Handlers\FileHandler' driver.
INFO - 2025-01-03 08:39:26 --> Session: Class initialized using 'CodeIgniter\Session\Handlers\FileHandler' driver.
INFO - 2025-01-03 08:39:27 --> Session: Class initialized using 'CodeIgniter\Session\Handlers\FileHandler' driver.
INFO - 2025-01-03 08:40:01 --> Session: Class initialized using 'CodeIgniter\Session\Handlers\FileHandler' driver.
INFO - 2025-01-03 08:40:02 --> Session: Class initialized using 'CodeIgniter\Session\Handlers\FileHandler' driver.
INFO - 2025-01-03 08:40:03 --> Session: Class initialized using 'CodeIgniter\Session\Handlers\FileHandler' driver.
INFO - 2025-01-03 08:40:04 --> Session: Class initialized using 'CodeIgniter\Session\Handlers\FileHandler' driver.
INFO - 2025-01-03 08:40:07 --> Session: Class initialized using 'CodeIgniter\Session\Handlers\FileHandler' driver.
INFO - 2025-01-03 08:40:07 --> Session: Class initialized using 'CodeIgniter\Session\Handlers\FileHandler' driver.
INFO - 2025-01-03 08:40:14 --> Session: Class initialized using 'CodeIgniter\Session\Handlers\FileHandler' driver.
INFO - 2025-01-03 08:40:14 --> Session: Class initialized using 'CodeIgniter\Session\Handlers\FileHandler' driver.
INFO - 2025-01-03 08:40:14 --> Session: Class initialized using 'CodeIgniter\Session\Handlers\FileHandler' driver.
INFO - 2025-01-03 08:40:23 --> Session: Class initialized using 'CodeIgniter\Session\Handlers\FileHandler' driver.
INFO - 2025-01-03 08:40:23 --> Session: Class initialized using 'CodeIgniter\Session\Handlers\FileHandler' driver.
INFO - 2025-01-03 08:40:48 --> Session: Class initialized using 'CodeIgniter\Session\Handlers\FileHandler' driver.
INFO - 2025-01-03 08:40:48 --> Session: Class initialized using 'CodeIgniter\Session\Handlers\FileHandler' driver.
INFO - 2025-01-03 08:40:48 --> Session: Class initialized using 'CodeIgniter\Session\Handlers\FileHandler' driver.
INFO - 2025-01-03 08:40:52 --> Session: Class initialized using 'CodeIgniter\Session\Handlers\FileHandler' driver.
INFO - 2025-01-03 08:40:53 --> Session: Class initialized using 'CodeIgniter\Session\Handlers\FileHandler' driver.
INFO - 2025-01-03 08:41:01 --> Session: Class initialized using 'CodeIgniter\Session\Handlers\FileHandler' driver.
INFO - 2025-01-03 08:41:02 --> Session: Class initialized using 'CodeIgniter\Session\Handlers\FileHandler' driver.
INFO - 2025-01-03 08:41:09 --> Session: Class initialized using 'CodeIgniter\Session\Handlers\FileHandler' driver.
INFO - 2025-01-03 08:41:09 --> Session: Class initialized using 'CodeIgniter\Session\Handlers\FileHandler' driver.
INFO - 2025-01-03 08:41:09 --> Session: Class initialized using 'CodeIgniter\Session\Handlers\FileHandler' driver.
INFO - 2025-01-03 08:41:12 --> Session: Class initialized using 'CodeIgniter\Session\Handlers\FileHandler' driver.
INFO - 2025-01-03 08:41:12 --> Session: Class initialized using 'CodeIgniter\Session\Handlers\FileHandler' driver.
INFO - 2025-01-03 08:41:15 --> Session: Class initialized using 'CodeIgniter\Session\Handlers\FileHandler' driver.
INFO - 2025-01-03 08:41:15 --> Session: Class initialized using 'CodeIgniter\Session\Handlers\FileHandler' driver.
INFO - 2025-01-03 08:41:17 --> Session: Class initialized using 'CodeIgniter\Session\Handlers\FileHandler' driver.
INFO - 2025-01-03 08:41:17 --> Session: Class initialized using 'CodeIgniter\Session\Handlers\FileHandler' driver.
INFO - 2025-01-03 08:41:24 --> Session: Class initialized using 'CodeIgniter\Session\Handlers\FileHandler' driver.
INFO - 2025-01-03 08:41:24 --> Session: Class initialized using 'CodeIgniter\Session\Handlers\FileHandler' driver.
INFO - 2025-01-03 08:41:25 --> Session: Class initialized using 'CodeIgniter\Session\Handlers\FileHandler' driver.
INFO - 2025-01-03 08:41:29 --> Session: Class initialized using 'CodeIgniter\Session\Handlers\FileHandler' driver.
INFO - 2025-01-03 08:41:29 --> Session: Class initialized using 'CodeIgniter\Session\Handlers\FileHandler' driver.
INFO - 2025-01-03 08:41:31 --> Session: Class initialized using 'CodeIgniter\Session\Handlers\FileHandler' driver.
INFO - 2025-01-03 08:41:32 --> Session: Class initialized using 'CodeIgniter\Session\Handlers\FileHandler' driver.
INFO - 2025-01-03 08:41:33 --> Session: Class initialized using 'CodeIgniter\Session\Handlers\FileHandler' driver.
INFO - 2025-01-03 08:41:33 --> Session: Class initialized using 'CodeIgniter\Session\Handlers\FileHandler' driver.
INFO - 2025-01-03 08:41:34 --> Session: Class initialized using 'CodeIgniter\Session\Handlers\FileHandler' driver.
INFO - 2025-01-03 08:42:03 --> Session: Class initialized using 'CodeIgniter\Session\Handlers\FileHandler' driver.
INFO - 2025-01-03 08:42:03 --> Session: Class initialized using 'CodeIgniter\Session\Handlers\FileHandler' driver.
INFO - 2025-01-03 08:42:04 --> Session: Class initialized using 'CodeIgniter\Session\Handlers\FileHandler' driver.
INFO - 2025-01-03 08:42:08 --> Session: Class initialized using 'CodeIgniter\Session\Handlers\FileHandler' driver.
INFO - 2025-01-03 08:42:09 --> Session: Class initialized using 'CodeIgniter\Session\Handlers\FileHandler' driver.
INFO - 2025-01-03 08:42:11 --> Session: Class initialized using 'CodeIgniter\Session\Handlers\FileHandler' driver.
INFO - 2025-01-03 08:42:11 --> Session: Class initialized using 'CodeIgniter\Session\Handlers\FileHandler' driver.
INFO - 2025-01-03 08:42:12 --> Session: Class initialized using 'CodeIgniter\Session\Handlers\FileHandler' driver.
INFO - 2025-01-03 08:42:14 --> Session: Class initialized using 'CodeIgniter\Session\Handlers\FileHandler' driver.
INFO - 2025-01-03 08:42:14 --> Session: Class initialized using 'CodeIgniter\Session\Handlers\FileHandler' driver.
INFO - 2025-01-03 08:42:16 --> Session: Class initialized using 'CodeIgniter\Session\Handlers\FileHandler' driver.
INFO - 2025-01-03 08:42:16 --> Session: Class initialized using 'CodeIgniter\Session\Handlers\FileHandler' driver.
INFO - 2025-01-03 08:42:16 --> Session: Class initialized using 'CodeIgniter\Session\Handlers\FileHandler' driver.
INFO - 2025-01-03 08:42:18 --> Session: Class initialized using 'CodeIgniter\Session\Handlers\FileHandler' driver.
INFO - 2025-01-03 08:42:18 --> Session: Class initialized using 'CodeIgniter\Session\Handlers\FileHandler' driver.
INFO - 2025-01-03 08:42:18 --> Session: Class initialized using 'CodeIgniter\Session\Handlers\FileHandler' driver.
INFO - 2025-01-03 08:42:34 --> Session: Class initialized using 'CodeIgniter\Session\Handlers\FileHandler' driver.
INFO - 2025-01-03 08:42:34 --> Session: Class initialized using 'CodeIgniter\Session\Handlers\FileHandler' driver.
INFO - 2025-01-03 08:42:36 --> Session: Class initialized using 'CodeIgniter\Session\Handlers\FileHandler' driver.
INFO - 2025-01-03 08:42:36 --> Session: Class initialized using 'CodeIgniter\Session\Handlers\FileHandler' driver.
INFO - 2025-01-03 08:42:38 --> Session: Class initialized using 'CodeIgniter\Session\Handlers\FileHandler' driver.
INFO - 2025-01-03 08:42:39 --> Session: Class initialized using 'CodeIgniter\Session\Handlers\FileHandler' driver.
INFO - 2025-01-03 08:42:45 --> Session: Class initialized using 'CodeIgniter\Session\Handlers\FileHandler' driver.
INFO - 2025-01-03 08:42:45 --> Session: Class initialized using 'CodeIgniter\Session\Handlers\FileHandler' driver.
INFO - 2025-01-03 08:42:49 --> Session: Class initialized using 'CodeIgniter\Session\Handlers\FileHandler' driver.
INFO - 2025-01-03 08:42:49 --> Session: Class initialized using 'CodeIgniter\Session\Handlers\FileHandler' driver.
INFO - 2025-01-03 08:42:51 --> Session: Class initialized using 'CodeIgniter\Session\Handlers\FileHandler' driver.
INFO - 2025-01-03 08:42:52 --> Session: Class initialized using 'CodeIgniter\Session\Handlers\FileHandler' driver.
INFO - 2025-01-03 08:44:38 --> Session: Class initialized using 'CodeIgniter\Session\Handlers\FileHandler' driver.
INFO - 2025-01-03 08:44:38 --> Session: Class initialized using 'CodeIgniter\Session\Handlers\FileHandler' driver.
INFO - 2025-01-03 08:44:38 --> Session: Class initialized using 'CodeIgniter\Session\Handlers\FileHandler' driver.
INFO - 2025-01-03 08:44:42 --> Session: Class initialized using 'CodeIgniter\Session\Handlers\FileHandler' driver.
INFO - 2025-01-03 08:44:42 --> Session: Class initialized using 'CodeIgniter\Session\Handlers\FileHandler' driver.
INFO - 2025-01-03 08:44:44 --> Session: Class initialized using 'CodeIgniter\Session\Handlers\FileHandler' driver.
INFO - 2025-01-03 08:44:44 --> Session: Class initialized using 'CodeIgniter\Session\Handlers\FileHandler' driver.
INFO - 2025-01-03 08:44:45 --> Session: Class initialized using 'CodeIgniter\Session\Handlers\FileHandler' driver.
INFO - 2025-01-03 08:44:45 --> Session: Class initialized using 'CodeIgniter\Session\Handlers\FileHandler' driver.
INFO - 2025-01-03 08:44:47 --> Session: Class initialized using 'CodeIgniter\Session\Handlers\FileHandler' driver.
INFO - 2025-01-03 08:44:48 --> Session: Class initialized using 'CodeIgniter\Session\Handlers\FileHandler' driver.
INFO - 2025-01-03 08:44:48 --> Session: Class initialized using 'CodeIgniter\Session\Handlers\FileHandler' driver.
INFO - 2025-01-03 08:44:50 --> Session: Class initialized using 'CodeIgniter\Session\Handlers\FileHandler' driver.
INFO - 2025-01-03 08:44:51 --> Session: Class initialized using 'CodeIgniter\Session\Handlers\FileHandler' driver.
INFO - 2025-01-03 08:44:52 --> Session: Class initialized using 'CodeIgniter\Session\Handlers\FileHandler' driver.
INFO - 2025-01-03 08:44:52 --> Session: Class initialized using 'CodeIgniter\Session\Handlers\FileHandler' driver.
INFO - 2025-01-03 08:44:53 --> Session: Class initialized using 'CodeIgniter\Session\Handlers\FileHandler' driver.
INFO - 2025-01-03 08:44:54 --> Session: Class initialized using 'CodeIgniter\Session\Handlers\FileHandler' driver.
INFO - 2025-01-03 08:44:54 --> Session: Class initialized using 'CodeIgniter\Session\Handlers\FileHandler' driver.
INFO - 2025-01-03 08:44:55 --> Session: Class initialized using 'CodeIgniter\Session\Handlers\FileHandler' driver.
INFO - 2025-01-03 08:45:11 --> Session: Class initialized using 'CodeIgniter\Session\Handlers\FileHandler' driver.
INFO - 2025-01-03 08:45:12 --> Session: Class initialized using 'CodeIgniter\Session\Handlers\FileHandler' driver.
INFO - 2025-01-03 08:45:13 --> Session: Class initialized using 'CodeIgniter\Session\Handlers\FileHandler' driver.
INFO - 2025-01-03 08:45:13 --> Session: Class initialized using 'CodeIgniter\Session\Handlers\FileHandler' driver.
INFO - 2025-01-03 08:45:13 --> Session: Class initialized using 'CodeIgniter\Session\Handlers\FileHandler' driver.
INFO - 2025-01-03 08:45:18 --> Session: Class initialized using 'CodeIgniter\Session\Handlers\FileHandler' driver.
INFO - 2025-01-03 08:45:18 --> Session: Class initialized using 'CodeIgniter\Session\Handlers\FileHandler' driver.
INFO - 2025-01-03 08:45:33 --> Session: Class initialized using 'CodeIgniter\Session\Handlers\FileHandler' driver.
INFO - 2025-01-03 08:45:33 --> Session: Class initialized using 'CodeIgniter\Session\Handlers\FileHandler' driver.
INFO - 2025-01-03 08:45:35 --> Session: Class initialized using 'CodeIgniter\Session\Handlers\FileHandler' driver.
INFO - 2025-01-03 08:45:35 --> Session: Class initialized using 'CodeIgniter\Session\Handlers\FileHandler' driver.
INFO - 2025-01-03 08:45:35 --> Session: Class initialized using 'CodeIgniter\Session\Handlers\FileHandler' driver.
INFO - 2025-01-03 08:45:38 --> Session: Class initialized using 'CodeIgniter\Session\Handlers\FileHandler' driver.
INFO - 2025-01-03 08:45:38 --> Session: Class initialized using 'CodeIgniter\Session\Handlers\FileHandler' driver.
INFO - 2025-01-03 08:45:38 --> Session: Class initialized using 'CodeIgniter\Session\Handlers\FileHandler' driver.
INFO - 2025-01-03 08:50:55 --> Session: Class initialized using 'CodeIgniter\Session\Handlers\FileHandler' driver.
INFO - 2025-01-03 08:50:55 --> Session: Class initialized using 'CodeIgniter\Session\Handlers\FileHandler' driver.
INFO - 2025-01-03 08:50:57 --> Session: Class initialized using 'CodeIgniter\Session\Handlers\FileHandler' driver.
INFO - 2025-01-03 08:50:57 --> Session: Class initialized using 'CodeIgniter\Session\Handlers\FileHandler' driver.
INFO - 2025-01-03 08:50:58 --> Session: Class initialized using 'CodeIgniter\Session\Handlers\FileHandler' driver.
INFO - 2025-01-03 08:51:00 --> Session: Class initialized using 'CodeIgniter\Session\Handlers\FileHandler' driver.
INFO - 2025-01-03 08:51:00 --> Session: Class initialized using 'CodeIgniter\Session\Handlers\FileHandler' driver.
INFO - 2025-01-03 08:51:00 --> Session: Class initialized using 'CodeIgniter\Session\Handlers\FileHandler' driver.
INFO - 2025-01-03 09:12:33 --> Session: Class initialized using 'CodeIgniter\Session\Handlers\FileHandler' driver.
INFO - 2025-01-03 09:12:33 --> Session: Class initialized using 'CodeIgniter\Session\Handlers\FileHandler' driver.
CRITICAL - 2025-01-03 09:17:38 --> Invalid file: "User /template/dashboard.php"
in SYSTEMPATH\Exceptions\FrameworkException.php on line 33.
 1 SYSTEMPATH\View\View.php(212): CodeIgniter\Exceptions\FrameworkException::forInvalidFile('User /template/dashboard.php')
 2 SYSTEMPATH\View\View.php(240): CodeIgniter\View\View->render('User /template/dashboard', [], true)
 3 SYSTEMPATH\Common.php(1180): CodeIgniter\View\View->render('User/quis', [], true)
 4 APPPATH\Controllers\Marketplace.php(24): view('User/quis')
 5 SYSTEMPATH\CodeIgniter.php(932): App\Controllers\Marketplace->quis()
 6 SYSTEMPATH\CodeIgniter.php(497): CodeIgniter\CodeIgniter->runController(Object(App\Controllers\Marketplace))
 7 SYSTEMPATH\CodeIgniter.php(366): CodeIgniter\CodeIgniter->handleRequest(null, Object(Config\Cache), false)
 8 FCPATH\index.php(67): CodeIgniter\CodeIgniter->run()
 9 SYSTEMPATH\Commands\Server\rewrite.php(47): require_once('C:\\xampp\\htdocs\\PoinMarket\\public\\index.php')
CRITICAL - 2025-01-03 09:17:51 --> Undefined variable $title
in APPPATH\Views\User\template\dashboard.php on line 7.
 1 APPPATH\Views\User\template\dashboard.php(7): CodeIgniter\Debug\Exceptions->errorHandler(2, 'Undefined variable $title', 'C:\\xampp\\htdocs\\PoinMarket\\app\\Views\\User\\template\\dashboard.php', 7)
 2 SYSTEMPATH\View\View.php(224): include('C:\\xampp\\htdocs\\PoinMarket\\app\\Views\\User\\template\\dashboard.php')
 3 SYSTEMPATH\View\View.php(227): CodeIgniter\View\View->CodeIgniter\View\{closure}()
 4 SYSTEMPATH\View\View.php(240): CodeIgniter\View\View->render('User/template/dashboard', [], true)
 5 SYSTEMPATH\Common.php(1180): CodeIgniter\View\View->render('User/quis', [], true)
 6 APPPATH\Controllers\Marketplace.php(24): view('User/quis')
 7 SYSTEMPATH\CodeIgniter.php(932): App\Controllers\Marketplace->quis()
 8 SYSTEMPATH\CodeIgniter.php(497): CodeIgniter\CodeIgniter->runController(Object(App\Controllers\Marketplace))
 9 SYSTEMPATH\CodeIgniter.php(366): CodeIgniter\CodeIgniter->handleRequest(null, Object(Config\Cache), false)
10 FCPATH\index.php(67): CodeIgniter\CodeIgniter->run()
11 SYSTEMPATH\Commands\Server\rewrite.php(47): require_once('C:\\xampp\\htdocs\\PoinMarket\\public\\index.php')
INFO - 2025-01-03 09:18:11 --> Session: Class initialized using 'CodeIgniter\Session\Handlers\FileHandler' driver.
CRITICAL - 2025-01-03 09:18:11 --> Undefined variable $username
in APPPATH\Views\User\template\sidemenu.php on line 15.
 1 APPPATH\Views\User\template\sidemenu.php(15): CodeIgniter\Debug\Exceptions->errorHandler(2, 'Undefined variable $username', 'C:\\xampp\\htdocs\\PoinMarket\\app\\Views\\User\\template\\sidemenu.php', 15)
 2 SYSTEMPATH\View\View.php(224): include('C:\\xampp\\htdocs\\PoinMarket\\app\\Views\\User\\template\\sidemenu.php')
 3 SYSTEMPATH\View\View.php(227): CodeIgniter\View\View->CodeIgniter\View\{closure}()
 4 SYSTEMPATH\View\View.php(452): CodeIgniter\View\View->render('User/template/sidemenu', null, true)
 5 APPPATH\Views\User\template\dashboard.php(105): CodeIgniter\View\View->include('User/template/sidemenu')
 6 SYSTEMPATH\View\View.php(224): include('C:\\xampp\\htdocs\\PoinMarket\\app\\Views\\User\\template\\dashboard.php')
 7 SYSTEMPATH\View\View.php(227): CodeIgniter\View\View->CodeIgniter\View\{closure}()
 8 SYSTEMPATH\View\View.php(240): CodeIgniter\View\View->render('User/template/dashboard', [], true)
 9 SYSTEMPATH\Common.php(1180): CodeIgniter\View\View->render('User/quis', [], true)
10 APPPATH\Controllers\Marketplace.php(28): view('User/quis', [...])
11 SYSTEMPATH\CodeIgniter.php(932): App\Controllers\Marketplace->quis()
12 SYSTEMPATH\CodeIgniter.php(497): CodeIgniter\CodeIgniter->runController(Object(App\Controllers\Marketplace))
13 SYSTEMPATH\CodeIgniter.php(366): CodeIgniter\CodeIgniter->handleRequest(null, Object(Config\Cache), false)
14 FCPATH\index.php(67): CodeIgniter\CodeIgniter->run()
15 SYSTEMPATH\Commands\Server\rewrite.php(47): require_once('C:\\xampp\\htdocs\\PoinMarket\\public\\index.php')
INFO - 2025-01-03 09:18:32 --> Session: Class initialized using 'CodeIgniter\Session\Handlers\FileHandler' driver.
INFO - 2025-01-03 09:18:32 --> Session: Class initialized using 'CodeIgniter\Session\Handlers\FileHandler' driver.
INFO - 2025-01-03 09:20:19 --> Session: Class initialized using 'CodeIgniter\Session\Handlers\FileHandler' driver.
INFO - 2025-01-03 09:20:19 --> Session: Class initialized using 'CodeIgniter\Session\Handlers\FileHandler' driver.
INFO - 2025-01-03 09:20:37 --> Session: Class initialized using 'CodeIgniter\Session\Handlers\FileHandler' driver.
INFO - 2025-01-03 09:20:38 --> Session: Class initialized using 'CodeIgniter\Session\Handlers\FileHandler' driver.
INFO - 2025-01-03 09:21:26 --> Session: Class initialized using 'CodeIgniter\Session\Handlers\FileHandler' driver.
INFO - 2025-01-03 09:21:26 --> Session: Class initialized using 'CodeIgniter\Session\Handlers\FileHandler' driver.
INFO - 2025-01-03 09:21:47 --> Session: Class initialized using 'CodeIgniter\Session\Handlers\FileHandler' driver.
INFO - 2025-01-03 09:21:47 --> Session: Class initialized using 'CodeIgniter\Session\Handlers\FileHandler' driver.
INFO - 2025-01-03 09:21:49 --> Session: Class initialized using 'CodeIgniter\Session\Handlers\FileHandler' driver.
INFO - 2025-01-03 09:21:49 --> Session: Class initialized using 'CodeIgniter\Session\Handlers\FileHandler' driver.
INFO - 2025-01-03 09:21:49 --> Session: Class initialized using 'CodeIgniter\Session\Handlers\FileHandler' driver.
INFO - 2025-01-03 09:21:55 --> Session: Class initialized using 'CodeIgniter\Session\Handlers\FileHandler' driver.
INFO - 2025-01-03 09:21:56 --> Session: Class initialized using 'CodeIgniter\Session\Handlers\FileHandler' driver.
INFO - 2025-01-03 09:21:57 --> Session: Class initialized using 'CodeIgniter\Session\Handlers\FileHandler' driver.
INFO - 2025-01-03 09:21:58 --> Session: Class initialized using 'CodeIgniter\Session\Handlers\FileHandler' driver.
INFO - 2025-01-03 09:22:06 --> Session: Class initialized using 'CodeIgniter\Session\Handlers\FileHandler' driver.
INFO - 2025-01-03 09:22:07 --> Session: Class initialized using 'CodeIgniter\Session\Handlers\FileHandler' driver.
INFO - 2025-01-03 09:22:12 --> Session: Class initialized using 'CodeIgniter\Session\Handlers\FileHandler' driver.
INFO - 2025-01-03 09:22:12 --> Session: Class initialized using 'CodeIgniter\Session\Handlers\FileHandler' driver.
INFO - 2025-01-03 09:22:13 --> Session: Class initialized using 'CodeIgniter\Session\Handlers\FileHandler' driver.
INFO - 2025-01-03 09:22:15 --> Session: Class initialized using 'CodeIgniter\Session\Handlers\FileHandler' driver.
INFO - 2025-01-03 09:22:15 --> Session: Class initialized using 'CodeIgniter\Session\Handlers\FileHandler' driver.
INFO - 2025-01-03 09:22:19 --> Session: Class initialized using 'CodeIgniter\Session\Handlers\FileHandler' driver.
INFO - 2025-01-03 09:22:19 --> Session: Class initialized using 'CodeIgniter\Session\Handlers\FileHandler' driver.
INFO - 2025-01-03 09:22:51 --> Session: Class initialized using 'CodeIgniter\Session\Handlers\FileHandler' driver.
INFO - 2025-01-03 09:22:51 --> Session: Class initialized using 'CodeIgniter\Session\Handlers\FileHandler' driver.
INFO - 2025-01-03 09:22:51 --> Session: Class initialized using 'CodeIgniter\Session\Handlers\FileHandler' driver.
INFO - 2025-01-03 09:23:12 --> Session: Class initialized using 'CodeIgniter\Session\Handlers\FileHandler' driver.
INFO - 2025-01-03 09:23:12 --> Session: Class initialized using 'CodeIgniter\Session\Handlers\FileHandler' driver.
INFO - 2025-01-03 09:23:13 --> Session: Class initialized using 'CodeIgniter\Session\Handlers\FileHandler' driver.
INFO - 2025-01-03 09:23:16 --> Session: Class initialized using 'CodeIgniter\Session\Handlers\FileHandler' driver.
INFO - 2025-01-03 09:23:17 --> Session: Class initialized using 'CodeIgniter\Session\Handlers\FileHandler' driver.
INFO - 2025-01-03 09:24:50 --> Session: Class initialized using 'CodeIgniter\Session\Handlers\FileHandler' driver.
INFO - 2025-01-03 09:24:50 --> Session: Class initialized using 'CodeIgniter\Session\Handlers\FileHandler' driver.
INFO - 2025-01-03 09:25:25 --> Session: Class initialized using 'CodeIgniter\Session\Handlers\FileHandler' driver.
INFO - 2025-01-03 09:25:26 --> Session: Class initialized using 'CodeIgniter\Session\Handlers\FileHandler' driver.
INFO - 2025-01-03 09:25:27 --> Session: Class initialized using 'CodeIgniter\Session\Handlers\FileHandler' driver.
INFO - 2025-01-03 09:25:28 --> Session: Class initialized using 'CodeIgniter\Session\Handlers\FileHandler' driver.
INFO - 2025-01-03 09:25:45 --> Session: Class initialized using 'CodeIgniter\Session\Handlers\FileHandler' driver.
INFO - 2025-01-03 09:25:46 --> Session: Class initialized using 'CodeIgniter\Session\Handlers\FileHandler' driver.
INFO - 2025-01-03 09:25:46 --> Session: Class initialized using 'CodeIgniter\Session\Handlers\FileHandler' driver.
INFO - 2025-01-03 09:25:49 --> Session: Class initialized using 'CodeIgniter\Session\Handlers\FileHandler' driver.
INFO - 2025-01-03 09:25:49 --> Session: Class initialized using 'CodeIgniter\Session\Handlers\FileHandler' driver.
INFO - 2025-01-03 09:29:55 --> Session: Class initialized using 'CodeIgniter\Session\Handlers\FileHandler' driver.
INFO - 2025-01-03 09:29:55 --> Session: Class initialized using 'CodeIgniter\Session\Handlers\FileHandler' driver.
INFO - 2025-01-03 09:29:57 --> Session: Class initialized using 'CodeIgniter\Session\Handlers\FileHandler' driver.
INFO - 2025-01-03 09:29:57 --> Session: Class initialized using 'CodeIgniter\Session\Handlers\FileHandler' driver.
INFO - 2025-01-03 09:30:03 --> Session: Class initialized using 'CodeIgniter\Session\Handlers\FileHandler' driver.
INFO - 2025-01-03 09:30:04 --> Session: Class initialized using 'CodeIgniter\Session\Handlers\FileHandler' driver.
INFO - 2025-01-03 09:30:04 --> Session: Class initialized using 'CodeIgniter\Session\Handlers\FileHandler' driver.
INFO - 2025-01-03 09:30:06 --> Session: Class initialized using 'CodeIgniter\Session\Handlers\FileHandler' driver.
INFO - 2025-01-03 09:30:07 --> Session: Class initialized using 'CodeIgniter\Session\Handlers\FileHandler' driver.
INFO - 2025-01-03 14:48:00 --> Session: Class initialized using 'CodeIgniter\Session\Handlers\FileHandler' driver.
INFO - 2025-01-03 14:48:00 --> Session: Class initialized using 'CodeIgniter\Session\Handlers\FileHandler' driver.
INFO - 2025-01-03 14:48:01 --> Session: Class initialized using 'CodeIgniter\Session\Handlers\FileHandler' driver.
INFO - 2025-01-03 14:48:01 --> Session: Class initialized using 'CodeIgniter\Session\Handlers\FileHandler' driver.
INFO - 2025-01-03 14:48:01 --> Session: Class initialized using 'CodeIgniter\Session\Handlers\FileHandler' driver.
INFO - 2025-01-03 14:48:04 --> Session: Class initialized using 'CodeIgniter\Session\Handlers\FileHandler' driver.
INFO - 2025-01-03 14:48:05 --> Session: Class initialized using 'CodeIgniter\Session\Handlers\FileHandler' driver.
INFO - 2025-01-03 14:48:07 --> Session: Class initialized using 'CodeIgniter\Session\Handlers\FileHandler' driver.
INFO - 2025-01-03 14:48:10 --> Session: Class initialized using 'CodeIgniter\Session\Handlers\FileHandler' driver.
INFO - 2025-01-03 14:48:10 --> Session: Class initialized using 'CodeIgniter\Session\Handlers\FileHandler' driver.
INFO - 2025-01-03 14:48:11 --> Session: Class initialized using 'CodeIgniter\Session\Handlers\FileHandler' driver.
INFO - 2025-01-03 14:48:13 --> Session: Class initialized using 'CodeIgniter\Session\Handlers\FileHandler' driver.
INFO - 2025-01-03 14:48:14 --> Session: Class initialized using 'CodeIgniter\Session\Handlers\FileHandler' driver.
INFO - 2025-01-03 14:48:19 --> Session: Class initialized using 'CodeIgniter\Session\Handlers\FileHandler' driver.
INFO - 2025-01-03 14:48:19 --> Session: Class initialized using 'CodeIgniter\Session\Handlers\FileHandler' driver.
INFO - 2025-01-03 14:48:20 --> Session: Class initialized using 'CodeIgniter\Session\Handlers\FileHandler' driver.
INFO - 2025-01-03 14:48:21 --> Session: Class initialized using 'CodeIgniter\Session\Handlers\FileHandler' driver.
INFO - 2025-01-03 14:48:21 --> Session: Class initialized using 'CodeIgniter\Session\Handlers\FileHandler' driver.
INFO - 2025-01-03 14:48:24 --> Session: Class initialized using 'CodeIgniter\Session\Handlers\FileHandler' driver.
INFO - 2025-01-03 14:48:25 --> Session: Class initialized using 'CodeIgniter\Session\Handlers\FileHandler' driver.
INFO - 2025-01-03 14:48:26 --> Session: Class initialized using 'CodeIgniter\Session\Handlers\FileHandler' driver.
INFO - 2025-01-03 14:48:26 --> Session: Class initialized using 'CodeIgniter\Session\Handlers\FileHandler' driver.
INFO - 2025-01-03 14:48:28 --> Session: Class initialized using 'CodeIgniter\Session\Handlers\FileHandler' driver.
INFO - 2025-01-03 14:48:28 --> Session: Class initialized using 'CodeIgniter\Session\Handlers\FileHandler' driver.
INFO - 2025-01-03 14:48:29 --> Session: Class initialized using 'CodeIgniter\Session\Handlers\FileHandler' driver.
INFO - 2025-01-03 14:48:32 --> Session: Class initialized using 'CodeIgniter\Session\Handlers\FileHandler' driver.
INFO - 2025-01-03 14:48:37 --> Session: Class initialized using 'CodeIgniter\Session\Handlers\FileHandler' driver.
INFO - 2025-01-03 14:48:37 --> Session: Class initialized using 'CodeIgniter\Session\Handlers\FileHandler' driver.
INFO - 2025-01-03 14:48:40 --> Session: Class initialized using 'CodeIgniter\Session\Handlers\FileHandler' driver.
INFO - 2025-01-03 14:48:41 --> Session: Class initialized using 'CodeIgniter\Session\Handlers\FileHandler' driver.
INFO - 2025-01-03 14:48:49 --> Session: Class initialized using 'CodeIgniter\Session\Handlers\FileHandler' driver.
INFO - 2025-01-03 14:48:49 --> Session: Class initialized using 'CodeIgniter\Session\Handlers\FileHandler' driver.
INFO - 2025-01-03 14:48:50 --> Session: Class initialized using 'CodeIgniter\Session\Handlers\FileHandler' driver.
INFO - 2025-01-03 14:48:56 --> Session: Class initialized using 'CodeIgniter\Session\Handlers\FileHandler' driver.
INFO - 2025-01-03 14:48:56 --> Session: Class initialized using 'CodeIgniter\Session\Handlers\FileHandler' driver.
INFO - 2025-01-03 14:49:00 --> Session: Class initialized using 'CodeIgniter\Session\Handlers\FileHandler' driver.
INFO - 2025-01-03 14:49:00 --> Session: Class initialized using 'CodeIgniter\Session\Handlers\FileHandler' driver.
INFO - 2025-01-03 14:50:21 --> Session: Class initialized using 'CodeIgniter\Session\Handlers\FileHandler' driver.
INFO - 2025-01-03 14:50:21 --> Session: Class initialized using 'CodeIgniter\Session\Handlers\FileHandler' driver.
INFO - 2025-01-03 14:50:53 --> Session: Class initialized using 'CodeIgniter\Session\Handlers\FileHandler' driver.
INFO - 2025-01-03 14:50:53 --> Session: Class initialized using 'CodeIgniter\Session\Handlers\FileHandler' driver.
INFO - 2025-01-03 14:51:18 --> Session: Class initialized using 'CodeIgniter\Session\Handlers\FileHandler' driver.
INFO - 2025-01-03 14:51:19 --> Session: Class initialized using 'CodeIgniter\Session\Handlers\FileHandler' driver.
INFO - 2025-01-03 14:51:41 --> Session: Class initialized using 'CodeIgniter\Session\Handlers\FileHandler' driver.
INFO - 2025-01-03 14:51:41 --> Session: Class initialized using 'CodeIgniter\Session\Handlers\FileHandler' driver.
INFO - 2025-01-03 14:52:20 --> Session: Class initialized using 'CodeIgniter\Session\Handlers\FileHandler' driver.
INFO - 2025-01-03 14:52:20 --> Session: Class initialized using 'CodeIgniter\Session\Handlers\FileHandler' driver.
INFO - 2025-01-03 14:52:27 --> Session: Class initialized using 'CodeIgniter\Session\Handlers\FileHandler' driver.
INFO - 2025-01-03 14:52:28 --> Session: Class initialized using 'CodeIgniter\Session\Handlers\FileHandler' driver.
INFO - 2025-01-03 14:52:40 --> Session: Class initialized using 'CodeIgniter\Session\Handlers\FileHandler' driver.
INFO - 2025-01-03 14:52:40 --> Session: Class initialized using 'CodeIgniter\Session\Handlers\FileHandler' driver.
INFO - 2025-01-03 14:52:54 --> Session: Class initialized using 'CodeIgniter\Session\Handlers\FileHandler' driver.
INFO - 2025-01-03 14:52:55 --> Session: Class initialized using 'CodeIgniter\Session\Handlers\FileHandler' driver.
INFO - 2025-01-03 14:53:09 --> Session: Class initialized using 'CodeIgniter\Session\Handlers\FileHandler' driver.
INFO - 2025-01-03 14:53:10 --> Session: Class initialized using 'CodeIgniter\Session\Handlers\FileHandler' driver.
INFO - 2025-01-03 14:53:27 --> Session: Class initialized using 'CodeIgniter\Session\Handlers\FileHandler' driver.
INFO - 2025-01-03 14:53:27 --> Session: Class initialized using 'CodeIgniter\Session\Handlers\FileHandler' driver.
INFO - 2025-01-03 14:53:41 --> Session: Class initialized using 'CodeIgniter\Session\Handlers\FileHandler' driver.
INFO - 2025-01-03 14:53:41 --> Session: Class initialized using 'CodeIgniter\Session\Handlers\FileHandler' driver.
INFO - 2025-01-03 14:55:29 --> Session: Class initialized using 'CodeIgniter\Session\Handlers\FileHandler' driver.
INFO - 2025-01-03 14:55:29 --> Session: Class initialized using 'CodeIgniter\Session\Handlers\FileHandler' driver.
INFO - 2025-01-03 14:56:29 --> Session: Class initialized using 'CodeIgniter\Session\Handlers\FileHandler' driver.
INFO - 2025-01-03 14:56:30 --> Session: Class initialized using 'CodeIgniter\Session\Handlers\FileHandler' driver.
INFO - 2025-01-03 14:56:52 --> Session: Class initialized using 'CodeIgniter\Session\Handlers\FileHandler' driver.
INFO - 2025-01-03 14:56:53 --> Session: Class initialized using 'CodeIgniter\Session\Handlers\FileHandler' driver.
INFO - 2025-01-03 14:57:11 --> Session: Class initialized using 'CodeIgniter\Session\Handlers\FileHandler' driver.
INFO - 2025-01-03 14:57:11 --> Session: Class initialized using 'CodeIgniter\Session\Handlers\FileHandler' driver.
INFO - 2025-01-03 14:57:21 --> Session: Class initialized using 'CodeIgniter\Session\Handlers\FileHandler' driver.
INFO - 2025-01-03 14:57:22 --> Session: Class initialized using 'CodeIgniter\Session\Handlers\FileHandler' driver.
INFO - 2025-01-03 14:57:48 --> Session: Class initialized using 'CodeIgniter\Session\Handlers\FileHandler' driver.
INFO - 2025-01-03 14:57:50 --> Session: Class initialized using 'CodeIgniter\Session\Handlers\FileHandler' driver.
INFO - 2025-01-03 14:58:07 --> Session: Class initialized using 'CodeIgniter\Session\Handlers\FileHandler' driver.
INFO - 2025-01-03 14:58:07 --> Session: Class initialized using 'CodeIgniter\Session\Handlers\FileHandler' driver.
INFO - 2025-01-03 14:58:17 --> Session: Class initialized using 'CodeIgniter\Session\Handlers\FileHandler' driver.
INFO - 2025-01-03 14:58:18 --> Session: Class initialized using 'CodeIgniter\Session\Handlers\FileHandler' driver.
INFO - 2025-01-03 14:58:55 --> Session: Class initialized using 'CodeIgniter\Session\Handlers\FileHandler' driver.
INFO - 2025-01-03 14:58:56 --> Session: Class initialized using 'CodeIgniter\Session\Handlers\FileHandler' driver.
INFO - 2025-01-03 14:59:00 --> Session: Class initialized using 'CodeIgniter\Session\Handlers\FileHandler' driver.
INFO - 2025-01-03 14:59:00 --> Session: Class initialized using 'CodeIgniter\Session\Handlers\FileHandler' driver.
INFO - 2025-01-03 14:59:13 --> Session: Class initialized using 'CodeIgniter\Session\Handlers\FileHandler' driver.
INFO - 2025-01-03 14:59:13 --> Session: Class initialized using 'CodeIgniter\Session\Handlers\FileHandler' driver.
INFO - 2025-01-03 14:59:28 --> Session: Class initialized using 'CodeIgniter\Session\Handlers\FileHandler' driver.
INFO - 2025-01-03 14:59:28 --> Session: Class initialized using 'CodeIgniter\Session\Handlers\FileHandler' driver.
INFO - 2025-01-03 14:59:32 --> Session: Class initialized using 'CodeIgniter\Session\Handlers\FileHandler' driver.
INFO - 2025-01-03 14:59:32 --> Session: Class initialized using 'CodeIgniter\Session\Handlers\FileHandler' driver.
INFO - 2025-01-03 14:59:54 --> Session: Class initialized using 'CodeIgniter\Session\Handlers\FileHandler' driver.
INFO - 2025-01-03 14:59:54 --> Session: Class initialized using 'CodeIgniter\Session\Handlers\FileHandler' driver.
INFO - 2025-01-03 15:00:31 --> Session: Class initialized using 'CodeIgniter\Session\Handlers\FileHandler' driver.
INFO - 2025-01-03 15:00:31 --> Session: Class initialized using 'CodeIgniter\Session\Handlers\FileHandler' driver.
INFO - 2025-01-03 15:00:45 --> Session: Class initialized using 'CodeIgniter\Session\Handlers\FileHandler' driver.
INFO - 2025-01-03 15:00:45 --> Session: Class initialized using 'CodeIgniter\Session\Handlers\FileHandler' driver.
INFO - 2025-01-03 15:00:59 --> Session: Class initialized using 'CodeIgniter\Session\Handlers\FileHandler' driver.
INFO - 2025-01-03 15:01:00 --> Session: Class initialized using 'CodeIgniter\Session\Handlers\FileHandler' driver.
INFO - 2025-01-03 15:01:32 --> Session: Class initialized using 'CodeIgniter\Session\Handlers\FileHandler' driver.
INFO - 2025-01-03 15:01:33 --> Session: Class initialized using 'CodeIgniter\Session\Handlers\FileHandler' driver.
INFO - 2025-01-03 15:01:39 --> Session: Class initialized using 'CodeIgniter\Session\Handlers\FileHandler' driver.
INFO - 2025-01-03 15:01:39 --> Session: Class initialized using 'CodeIgniter\Session\Handlers\FileHandler' driver.
INFO - 2025-01-03 15:02:48 --> Session: Class initialized using 'CodeIgniter\Session\Handlers\FileHandler' driver.
INFO - 2025-01-03 15:02:49 --> Session: Class initialized using 'CodeIgniter\Session\Handlers\FileHandler' driver.
INFO - 2025-01-03 15:02:56 --> Session: Class initialized using 'CodeIgniter\Session\Handlers\FileHandler' driver.
INFO - 2025-01-03 15:02:56 --> Session: Class initialized using 'CodeIgniter\Session\Handlers\FileHandler' driver.
INFO - 2025-01-03 15:03:02 --> Session: Class initialized using 'CodeIgniter\Session\Handlers\FileHandler' driver.
INFO - 2025-01-03 15:03:02 --> Session: Class initialized using 'CodeIgniter\Session\Handlers\FileHandler' driver.
INFO - 2025-01-03 15:03:08 --> Session: Class initialized using 'CodeIgniter\Session\Handlers\FileHandler' driver.
INFO - 2025-01-03 15:03:09 --> Session: Class initialized using 'CodeIgniter\Session\Handlers\FileHandler' driver.
INFO - 2025-01-03 15:03:37 --> Session: Class initialized using 'CodeIgniter\Session\Handlers\FileHandler' driver.
INFO - 2025-01-03 15:03:37 --> Session: Class initialized using 'CodeIgniter\Session\Handlers\FileHandler' driver.
INFO - 2025-01-03 15:03:55 --> Session: Class initialized using 'CodeIgniter\Session\Handlers\FileHandler' driver.
INFO - 2025-01-03 15:03:55 --> Session: Class initialized using 'CodeIgniter\Session\Handlers\FileHandler' driver.
INFO - 2025-01-03 15:04:18 --> Session: Class initialized using 'CodeIgniter\Session\Handlers\FileHandler' driver.
INFO - 2025-01-03 15:04:18 --> Session: Class initialized using 'CodeIgniter\Session\Handlers\FileHandler' driver.
INFO - 2025-01-03 15:04:49 --> Session: Class initialized using 'CodeIgniter\Session\Handlers\FileHandler' driver.
INFO - 2025-01-03 15:04:50 --> Session: Class initialized using 'CodeIgniter\Session\Handlers\FileHandler' driver.
INFO - 2025-01-03 15:05:04 --> Session: Class initialized using 'CodeIgniter\Session\Handlers\FileHandler' driver.
INFO - 2025-01-03 15:05:04 --> Session: Class initialized using 'CodeIgniter\Session\Handlers\FileHandler' driver.
INFO - 2025-01-03 15:05:12 --> Session: Class initialized using 'CodeIgniter\Session\Handlers\FileHandler' driver.
INFO - 2025-01-03 15:05:13 --> Session: Class initialized using 'CodeIgniter\Session\Handlers\FileHandler' driver.
INFO - 2025-01-03 15:05:20 --> Session: Class initialized using 'CodeIgniter\Session\Handlers\FileHandler' driver.
INFO - 2025-01-03 15:05:20 --> Session: Class initialized using 'CodeIgniter\Session\Handlers\FileHandler' driver.
INFO - 2025-01-03 15:05:48 --> Session: Class initialized using 'CodeIgniter\Session\Handlers\FileHandler' driver.
INFO - 2025-01-03 15:05:49 --> Session: Class initialized using 'CodeIgniter\Session\Handlers\FileHandler' driver.
INFO - 2025-01-03 15:05:56 --> Session: Class initialized using 'CodeIgniter\Session\Handlers\FileHandler' driver.
INFO - 2025-01-03 15:05:56 --> Session: Class initialized using 'CodeIgniter\Session\Handlers\FileHandler' driver.
INFO - 2025-01-03 15:07:20 --> Session: Class initialized using 'CodeIgniter\Session\Handlers\FileHandler' driver.
INFO - 2025-01-03 15:07:21 --> Session: Class initialized using 'CodeIgniter\Session\Handlers\FileHandler' driver.
INFO - 2025-01-03 15:08:13 --> Session: Class initialized using 'CodeIgniter\Session\Handlers\FileHandler' driver.
INFO - 2025-01-03 15:08:13 --> Session: Class initialized using 'CodeIgniter\Session\Handlers\FileHandler' driver.
INFO - 2025-01-03 15:08:50 --> Session: Class initialized using 'CodeIgniter\Session\Handlers\FileHandler' driver.
INFO - 2025-01-03 15:08:51 --> Session: Class initialized using 'CodeIgniter\Session\Handlers\FileHandler' driver.
INFO - 2025-01-03 15:09:03 --> Session: Class initialized using 'CodeIgniter\Session\Handlers\FileHandler' driver.
INFO - 2025-01-03 15:09:04 --> Session: Class initialized using 'CodeIgniter\Session\Handlers\FileHandler' driver.
INFO - 2025-01-03 15:10:21 --> Session: Class initialized using 'CodeIgniter\Session\Handlers\FileHandler' driver.
INFO - 2025-01-03 15:10:22 --> Session: Class initialized using 'CodeIgniter\Session\Handlers\FileHandler' driver.
INFO - 2025-01-03 15:10:27 --> Session: Class initialized using 'CodeIgniter\Session\Handlers\FileHandler' driver.
INFO - 2025-01-03 15:10:27 --> Session: Class initialized using 'CodeIgniter\Session\Handlers\FileHandler' driver.
INFO - 2025-01-03 15:10:43 --> Session: Class initialized using 'CodeIgniter\Session\Handlers\FileHandler' driver.
INFO - 2025-01-03 15:10:44 --> Session: Class initialized using 'CodeIgniter\Session\Handlers\FileHandler' driver.
INFO - 2025-01-03 15:11:20 --> Session: Class initialized using 'CodeIgniter\Session\Handlers\FileHandler' driver.
INFO - 2025-01-03 15:11:21 --> Session: Class initialized using 'CodeIgniter\Session\Handlers\FileHandler' driver.
INFO - 2025-01-03 15:11:27 --> Session: Class initialized using 'CodeIgniter\Session\Handlers\FileHandler' driver.
INFO - 2025-01-03 15:11:27 --> Session: Class initialized using 'CodeIgniter\Session\Handlers\FileHandler' driver.
INFO - 2025-01-03 15:11:27 --> Session: Class initialized using 'CodeIgniter\Session\Handlers\FileHandler' driver.
INFO - 2025-01-03 15:11:31 --> Session: Class initialized using 'CodeIgniter\Session\Handlers\FileHandler' driver.
INFO - 2025-01-03 15:11:31 --> Session: Class initialized using 'CodeIgniter\Session\Handlers\FileHandler' driver.
INFO - 2025-01-03 15:13:07 --> Session: Class initialized using 'CodeIgniter\Session\Handlers\FileHandler' driver.
INFO - 2025-01-03 15:13:07 --> Session: Class initialized using 'CodeIgniter\Session\Handlers\FileHandler' driver.
INFO - 2025-01-03 15:13:47 --> Session: Class initialized using 'CodeIgniter\Session\Handlers\FileHandler' driver.
INFO - 2025-01-03 15:13:48 --> Session: Class initialized using 'CodeIgniter\Session\Handlers\FileHandler' driver.
INFO - 2025-01-03 15:14:08 --> Session: Class initialized using 'CodeIgniter\Session\Handlers\FileHandler' driver.
INFO - 2025-01-03 15:14:08 --> Session: Class initialized using 'CodeIgniter\Session\Handlers\FileHandler' driver.
INFO - 2025-01-03 15:14:28 --> Session: Class initialized using 'CodeIgniter\Session\Handlers\FileHandler' driver.
INFO - 2025-01-03 15:14:28 --> Session: Class initialized using 'CodeIgniter\Session\Handlers\FileHandler' driver.
INFO - 2025-01-03 15:14:43 --> Session: Class initialized using 'CodeIgniter\Session\Handlers\FileHandler' driver.
INFO - 2025-01-03 15:14:43 --> Session: Class initialized using 'CodeIgniter\Session\Handlers\FileHandler' driver.
INFO - 2025-01-03 15:14:58 --> Session: Class initialized using 'CodeIgniter\Session\Handlers\FileHandler' driver.
INFO - 2025-01-03 15:14:59 --> Session: Class initialized using 'CodeIgniter\Session\Handlers\FileHandler' driver.
INFO - 2025-01-03 15:15:07 --> Session: Class initialized using 'CodeIgniter\Session\Handlers\FileHandler' driver.
INFO - 2025-01-03 15:15:07 --> Session: Class initialized using 'CodeIgniter\Session\Handlers\FileHandler' driver.
INFO - 2025-01-03 15:15:11 --> Session: Class initialized using 'CodeIgniter\Session\Handlers\FileHandler' driver.
INFO - 2025-01-03 15:15:12 --> Session: Class initialized using 'CodeIgniter\Session\Handlers\FileHandler' driver.
INFO - 2025-01-03 15:15:18 --> Session: Class initialized using 'CodeIgniter\Session\Handlers\FileHandler' driver.
INFO - 2025-01-03 15:15:19 --> Session: Class initialized using 'CodeIgniter\Session\Handlers\FileHandler' driver.
INFO - 2025-01-03 15:15:24 --> Session: Class initialized using 'CodeIgniter\Session\Handlers\FileHandler' driver.
INFO - 2025-01-03 15:15:25 --> Session: Class initialized using 'CodeIgniter\Session\Handlers\FileHandler' driver.
INFO - 2025-01-03 15:15:50 --> Session: Class initialized using 'CodeIgniter\Session\Handlers\FileHandler' driver.
INFO - 2025-01-03 15:15:51 --> Session: Class initialized using 'CodeIgniter\Session\Handlers\FileHandler' driver.
INFO - 2025-01-03 15:16:09 --> Session: Class initialized using 'CodeIgniter\Session\Handlers\FileHandler' driver.
INFO - 2025-01-03 15:16:10 --> Session: Class initialized using 'CodeIgniter\Session\Handlers\FileHandler' driver.
INFO - 2025-01-03 15:16:17 --> Session: Class initialized using 'CodeIgniter\Session\Handlers\FileHandler' driver.
INFO - 2025-01-03 15:16:18 --> Session: Class initialized using 'CodeIgniter\Session\Handlers\FileHandler' driver.
INFO - 2025-01-03 15:17:15 --> Session: Class initialized using 'CodeIgniter\Session\Handlers\FileHandler' driver.
INFO - 2025-01-03 15:17:16 --> Session: Class initialized using 'CodeIgniter\Session\Handlers\FileHandler' driver.
INFO - 2025-01-03 15:17:20 --> Session: Class initialized using 'CodeIgniter\Session\Handlers\FileHandler' driver.
INFO - 2025-01-03 15:17:20 --> Session: Class initialized using 'CodeIgniter\Session\Handlers\FileHandler' driver.
INFO - 2025-01-03 15:18:38 --> Session: Class initialized using 'CodeIgniter\Session\Handlers\FileHandler' driver.
INFO - 2025-01-03 15:18:38 --> Session: Class initialized using 'CodeIgniter\Session\Handlers\FileHandler' driver.
INFO - 2025-01-03 15:19:49 --> Session: Class initialized using 'CodeIgniter\Session\Handlers\FileHandler' driver.
INFO - 2025-01-03 15:19:49 --> Session: Class initialized using 'CodeIgniter\Session\Handlers\FileHandler' driver.
INFO - 2025-01-03 15:21:15 --> Session: Class initialized using 'CodeIgniter\Session\Handlers\FileHandler' driver.
INFO - 2025-01-03 15:21:15 --> Session: Class initialized using 'CodeIgniter\Session\Handlers\FileHandler' driver.
INFO - 2025-01-03 15:22:29 --> Session: Class initialized using 'CodeIgniter\Session\Handlers\FileHandler' driver.
INFO - 2025-01-03 15:22:30 --> Session: Class initialized using 'CodeIgniter\Session\Handlers\FileHandler' driver.
INFO - 2025-01-03 15:22:56 --> Session: Class initialized using 'CodeIgniter\Session\Handlers\FileHandler' driver.
INFO - 2025-01-03 15:22:57 --> Session: Class initialized using 'CodeIgniter\Session\Handlers\FileHandler' driver.
INFO - 2025-01-03 15:24:23 --> Session: Class initialized using 'CodeIgniter\Session\Handlers\FileHandler' driver.
INFO - 2025-01-03 15:24:24 --> Session: Class initialized using 'CodeIgniter\Session\Handlers\FileHandler' driver.
INFO - 2025-01-03 15:24:51 --> Session: Class initialized using 'CodeIgniter\Session\Handlers\FileHandler' driver.
INFO - 2025-01-03 15:24:51 --> Session: Class initialized using 'CodeIgniter\Session\Handlers\FileHandler' driver.
INFO - 2025-01-03 15:25:19 --> Session: Class initialized using 'CodeIgniter\Session\Handlers\FileHandler' driver.
INFO - 2025-01-03 15:25:20 --> Session: Class initialized using 'CodeIgniter\Session\Handlers\FileHandler' driver.
INFO - 2025-01-03 15:25:31 --> Session: Class initialized using 'CodeIgniter\Session\Handlers\FileHandler' driver.
INFO - 2025-01-03 15:25:31 --> Session: Class initialized using 'CodeIgniter\Session\Handlers\FileHandler' driver.
INFO - 2025-01-03 15:26:01 --> Session: Class initialized using 'CodeIgniter\Session\Handlers\FileHandler' driver.
INFO - 2025-01-03 15:26:01 --> Session: Class initialized using 'CodeIgniter\Session\Handlers\FileHandler' driver.
INFO - 2025-01-03 15:26:54 --> Session: Class initialized using 'CodeIgniter\Session\Handlers\FileHandler' driver.
INFO - 2025-01-03 15:26:55 --> Session: Class initialized using 'CodeIgniter\Session\Handlers\FileHandler' driver.
INFO - 2025-01-03 15:27:35 --> Session: Class initialized using 'CodeIgniter\Session\Handlers\FileHandler' driver.
INFO - 2025-01-03 15:27:36 --> Session: Class initialized using 'CodeIgniter\Session\Handlers\FileHandler' driver.
INFO - 2025-01-03 15:27:49 --> Session: Class initialized using 'CodeIgniter\Session\Handlers\FileHandler' driver.
INFO - 2025-01-03 15:27:50 --> Session: Class initialized using 'CodeIgniter\Session\Handlers\FileHandler' driver.
INFO - 2025-01-03 15:28:07 --> Session: Class initialized using 'CodeIgniter\Session\Handlers\FileHandler' driver.
INFO - 2025-01-03 15:28:08 --> Session: Class initialized using 'CodeIgniter\Session\Handlers\FileHandler' driver.
INFO - 2025-01-03 15:28:13 --> Session: Class initialized using 'CodeIgniter\Session\Handlers\FileHandler' driver.
INFO - 2025-01-03 15:28:13 --> Session: Class initialized using 'CodeIgniter\Session\Handlers\FileHandler' driver.
INFO - 2025-01-03 15:31:12 --> Session: Class initialized using 'CodeIgniter\Session\Handlers\FileHandler' driver.
INFO - 2025-01-03 15:31:13 --> Session: Class initialized using 'CodeIgniter\Session\Handlers\FileHandler' driver.
INFO - 2025-01-03 15:31:30 --> Session: Class initialized using 'CodeIgniter\Session\Handlers\FileHandler' driver.
INFO - 2025-01-03 15:31:31 --> Session: Class initialized using 'CodeIgniter\Session\Handlers\FileHandler' driver.
INFO - 2025-01-03 15:31:38 --> Session: Class initialized using 'CodeIgniter\Session\Handlers\FileHandler' driver.
INFO - 2025-01-03 15:31:38 --> Session: Class initialized using 'CodeIgniter\Session\Handlers\FileHandler' driver.
INFO - 2025-01-03 15:31:53 --> Session: Class initialized using 'CodeIgniter\Session\Handlers\FileHandler' driver.
INFO - 2025-01-03 15:31:53 --> Session: Class initialized using 'CodeIgniter\Session\Handlers\FileHandler' driver.
INFO - 2025-01-03 15:32:20 --> Session: Class initialized using 'CodeIgniter\Session\Handlers\FileHandler' driver.
INFO - 2025-01-03 15:32:21 --> Session: Class initialized using 'CodeIgniter\Session\Handlers\FileHandler' driver.
INFO - 2025-01-03 15:32:35 --> Session: Class initialized using 'CodeIgniter\Session\Handlers\FileHandler' driver.
INFO - 2025-01-03 15:32:36 --> Session: Class initialized using 'CodeIgniter\Session\Handlers\FileHandler' driver.
INFO - 2025-01-03 15:32:52 --> Session: Class initialized using 'CodeIgniter\Session\Handlers\FileHandler' driver.
INFO - 2025-01-03 15:32:53 --> Session: Class initialized using 'CodeIgniter\Session\Handlers\FileHandler' driver.
INFO - 2025-01-03 15:33:42 --> Session: Class initialized using 'CodeIgniter\Session\Handlers\FileHandler' driver.
INFO - 2025-01-03 15:33:43 --> Session: Class initialized using 'CodeIgniter\Session\Handlers\FileHandler' driver.
INFO - 2025-01-03 15:33:48 --> Session: Class initialized using 'CodeIgniter\Session\Handlers\FileHandler' driver.
INFO - 2025-01-03 15:33:49 --> Session: Class initialized using 'CodeIgniter\Session\Handlers\FileHandler' driver.
INFO - 2025-01-03 15:35:08 --> Session: Class initialized using 'CodeIgniter\Session\Handlers\FileHandler' driver.
INFO - 2025-01-03 15:35:08 --> Session: Class initialized using 'CodeIgniter\Session\Handlers\FileHandler' driver.
INFO - 2025-01-03 15:36:02 --> Session: Class initialized using 'CodeIgniter\Session\Handlers\FileHandler' driver.
INFO - 2025-01-03 15:36:02 --> Session: Class initialized using 'CodeIgniter\Session\Handlers\FileHandler' driver.
INFO - 2025-01-03 15:36:09 --> Session: Class initialized using 'CodeIgniter\Session\Handlers\FileHandler' driver.
INFO - 2025-01-03 15:36:09 --> Session: Class initialized using 'CodeIgniter\Session\Handlers\FileHandler' driver.
INFO - 2025-01-03 15:37:04 --> Session: Class initialized using 'CodeIgniter\Session\Handlers\FileHandler' driver.
INFO - 2025-01-03 15:37:05 --> Session: Class initialized using 'CodeIgniter\Session\Handlers\FileHandler' driver.
INFO - 2025-01-03 15:37:11 --> Session: Class initialized using 'CodeIgniter\Session\Handlers\FileHandler' driver.
INFO - 2025-01-03 15:37:12 --> Session: Class initialized using 'CodeIgniter\Session\Handlers\FileHandler' driver.
INFO - 2025-01-03 15:37:28 --> Session: Class initialized using 'CodeIgniter\Session\Handlers\FileHandler' driver.
INFO - 2025-01-03 15:37:29 --> Session: Class initialized using 'CodeIgniter\Session\Handlers\FileHandler' driver.
INFO - 2025-01-03 15:38:09 --> Session: Class initialized using 'CodeIgniter\Session\Handlers\FileHandler' driver.
INFO - 2025-01-03 15:38:09 --> Session: Class initialized using 'CodeIgniter\Session\Handlers\FileHandler' driver.
INFO - 2025-01-03 15:38:12 --> Session: Class initialized using 'CodeIgniter\Session\Handlers\FileHandler' driver.
INFO - 2025-01-03 15:38:13 --> Session: Class initialized using 'CodeIgniter\Session\Handlers\FileHandler' driver.
INFO - 2025-01-03 15:39:44 --> Session: Class initialized using 'CodeIgniter\Session\Handlers\FileHandler' driver.
INFO - 2025-01-03 15:39:45 --> Session: Class initialized using 'CodeIgniter\Session\Handlers\FileHandler' driver.
INFO - 2025-01-03 15:40:37 --> Session: Class initialized using 'CodeIgniter\Session\Handlers\FileHandler' driver.
INFO - 2025-01-03 15:40:38 --> Session: Class initialized using 'CodeIgniter\Session\Handlers\FileHandler' driver.
INFO - 2025-01-03 15:40:48 --> Session: Class initialized using 'CodeIgniter\Session\Handlers\FileHandler' driver.
INFO - 2025-01-03 15:40:49 --> Session: Class initialized using 'CodeIgniter\Session\Handlers\FileHandler' driver.
INFO - 2025-01-03 16:33:08 --> Session: Class initialized using 'CodeIgniter\Session\Handlers\FileHandler' driver.
INFO - 2025-01-03 16:33:09 --> Session: Class initialized using 'CodeIgniter\Session\Handlers\FileHandler' driver.
INFO - 2025-01-03 16:33:12 --> Session: Class initialized using 'CodeIgniter\Session\Handlers\FileHandler' driver.
INFO - 2025-01-03 16:33:12 --> Session: Class initialized using 'CodeIgniter\Session\Handlers\FileHandler' driver.
INFO - 2025-01-03 16:35:40 --> Session: Class initialized using 'CodeIgniter\Session\Handlers\FileHandler' driver.
INFO - 2025-01-03 16:35:40 --> Session: Class initialized using 'CodeIgniter\Session\Handlers\FileHandler' driver.
INFO - 2025-01-03 16:35:48 --> Session: Class initialized using 'CodeIgniter\Session\Handlers\FileHandler' driver.
INFO - 2025-01-03 16:35:48 --> Session: Class initialized using 'CodeIgniter\Session\Handlers\FileHandler' driver.
INFO - 2025-01-03 16:36:04 --> Session: Class initialized using 'CodeIgniter\Session\Handlers\FileHandler' driver.
INFO - 2025-01-03 16:36:04 --> Session: Class initialized using 'CodeIgniter\Session\Handlers\FileHandler' driver.
INFO - 2025-01-03 16:36:12 --> Session: Class initialized using 'CodeIgniter\Session\Handlers\FileHandler' driver.
INFO - 2025-01-03 16:36:13 --> Session: Class initialized using 'CodeIgniter\Session\Handlers\FileHandler' driver.
INFO - 2025-01-03 16:36:35 --> Session: Class initialized using 'CodeIgniter\Session\Handlers\FileHandler' driver.
INFO - 2025-01-03 16:36:35 --> Session: Class initialized using 'CodeIgniter\Session\Handlers\FileHandler' driver.
INFO - 2025-01-03 16:36:48 --> Session: Class initialized using 'CodeIgniter\Session\Handlers\FileHandler' driver.
INFO - 2025-01-03 16:36:51 --> Session: Class initialized using 'CodeIgniter\Session\Handlers\FileHandler' driver.
INFO - 2025-01-03 16:37:44 --> Session: Class initialized using 'CodeIgniter\Session\Handlers\FileHandler' driver.
INFO - 2025-01-03 16:37:45 --> Session: Class initialized using 'CodeIgniter\Session\Handlers\FileHandler' driver.
INFO - 2025-01-03 16:38:39 --> Session: Class initialized using 'CodeIgniter\Session\Handlers\FileHandler' driver.
INFO - 2025-01-03 16:38:39 --> Session: Class initialized using 'CodeIgniter\Session\Handlers\FileHandler' driver.
INFO - 2025-01-03 16:38:46 --> Session: Class initialized using 'CodeIgniter\Session\Handlers\FileHandler' driver.
INFO - 2025-01-03 16:38:46 --> Session: Class initialized using 'CodeIgniter\Session\Handlers\FileHandler' driver.
INFO - 2025-01-03 16:38:55 --> Session: Class initialized using 'CodeIgniter\Session\Handlers\FileHandler' driver.
INFO - 2025-01-03 16:38:56 --> Session: Class initialized using 'CodeIgniter\Session\Handlers\FileHandler' driver.
INFO - 2025-01-03 16:39:38 --> Session: Class initialized using 'CodeIgniter\Session\Handlers\FileHandler' driver.
INFO - 2025-01-03 16:39:42 --> Session: Class initialized using 'CodeIgniter\Session\Handlers\FileHandler' driver.
INFO - 2025-01-03 16:39:46 --> Session: Class initialized using 'CodeIgniter\Session\Handlers\FileHandler' driver.
INFO - 2025-01-03 16:39:47 --> Session: Class initialized using 'CodeIgniter\Session\Handlers\FileHandler' driver.
INFO - 2025-01-03 16:39:48 --> Session: Class initialized using 'CodeIgniter\Session\Handlers\FileHandler' driver.
INFO - 2025-01-03 16:39:48 --> Session: Class initialized using 'CodeIgniter\Session\Handlers\FileHandler' driver.
INFO - 2025-01-03 16:40:27 --> Session: Class initialized using 'CodeIgniter\Session\Handlers\FileHandler' driver.
INFO - 2025-01-03 16:40:27 --> Session: Class initialized using 'CodeIgniter\Session\Handlers\FileHandler' driver.
INFO - 2025-01-03 16:41:26 --> Session: Class initialized using 'CodeIgniter\Session\Handlers\FileHandler' driver.
CRITICAL - 2025-01-03 16:41:26 --> Undefined variable $users
in APPPATH\Views\User\transaksi\tabel_data.php on line 9.
 1 APPPATH\Views\User\transaksi\tabel_data.php(9): CodeIgniter\Debug\Exceptions->errorHandler(2, 'Undefined variable $users', 'C:\\xampp\\htdocs\\PoinMarket\\app\\Views\\User\\transaksi\\tabel_data.php', 9)
 2 SYSTEMPATH\View\View.php(224): include('C:\\xampp\\htdocs\\PoinMarket\\app\\Views\\User\\transaksi\\tabel_data.php')
 3 SYSTEMPATH\View\View.php(227): CodeIgniter\View\View->CodeIgniter\View\{closure}()
 4 SYSTEMPATH\View\View.php(452): CodeIgniter\View\View->render('User/transaksi/tabel_data', null, true)
 5 APPPATH\Views\User\transaksi\data_transaksi.php(52): CodeIgniter\View\View->include('User/transaksi/tabel_data')
 6 SYSTEMPATH\View\View.php(224): include('C:\\xampp\\htdocs\\PoinMarket\\app\\Views\\User\\transaksi\\data_transaksi.php')
 7 SYSTEMPATH\View\View.php(227): CodeIgniter\View\View->CodeIgniter\View\{closure}()
 8 SYSTEMPATH\Common.php(1180): CodeIgniter\View\View->render('User/transaksi/data_transaksi', [], true)
 9 APPPATH\Controllers\Role_User.php(202): view('User/transaksi/data_transaksi', [...])
10 SYSTEMPATH\CodeIgniter.php(932): App\Controllers\Role_User->data_transaksi()
11 SYSTEMPATH\CodeIgniter.php(497): CodeIgniter\CodeIgniter->runController(Object(App\Controllers\Role_User))
12 SYSTEMPATH\CodeIgniter.php(366): CodeIgniter\CodeIgniter->handleRequest(null, Object(Config\Cache), false)
13 FCPATH\index.php(67): CodeIgniter\CodeIgniter->run()
14 SYSTEMPATH\Commands\Server\rewrite.php(47): require_once('C:\\xampp\\htdocs\\PoinMarket\\public\\index.php')
INFO - 2025-01-03 16:41:51 --> Session: Class initialized using 'CodeIgniter\Session\Handlers\FileHandler' driver.
INFO - 2025-01-03 16:41:52 --> Session: Class initialized using 'CodeIgniter\Session\Handlers\FileHandler' driver.
INFO - 2025-01-03 16:42:24 --> Session: Class initialized using 'CodeIgniter\Session\Handlers\FileHandler' driver.
INFO - 2025-01-03 16:42:25 --> Session: Class initialized using 'CodeIgniter\Session\Handlers\FileHandler' driver.
INFO - 2025-01-03 16:42:29 --> Session: Class initialized using 'CodeIgniter\Session\Handlers\FileHandler' driver.
INFO - 2025-01-03 16:42:29 --> Session: Class initialized using 'CodeIgniter\Session\Handlers\FileHandler' driver.
INFO - 2025-01-03 16:44:19 --> Session: Class initialized using 'CodeIgniter\Session\Handlers\FileHandler' driver.
INFO - 2025-01-03 16:44:19 --> Session: Class initialized using 'CodeIgniter\Session\Handlers\FileHandler' driver.
INFO - 2025-01-03 16:45:38 --> Session: Class initialized using 'CodeIgniter\Session\Handlers\FileHandler' driver.
INFO - 2025-01-03 16:45:39 --> Session: Class initialized using 'CodeIgniter\Session\Handlers\FileHandler' driver.
INFO - 2025-01-03 16:45:45 --> Session: Class initialized using 'CodeIgniter\Session\Handlers\FileHandler' driver.
WARNING - 2025-01-03 16:45:46 --> [DEPRECATED] strtotime(): Passing null to parameter #1 ($datetime) of type string is deprecated in APPPATH\Views\PoinMarket_Admin\Tabel\tabel_user.php on line 92.
 1 APPPATH\Views\PoinMarket_Admin\Tabel\tabel_user.php(92): strtotime(null)
 2 SYSTEMPATH\View\View.php(224): include('C:\\xampp\\htdocs\\PoinMarket\\app\\Views\\PoinMarket_Admin\\Tabel\\tabel_user.php')
 3 SYSTEMPATH\View\View.php(227): CodeIgniter\View\View->CodeIgniter\View\{closure}()
 4 SYSTEMPATH\View\View.php(452): CodeIgniter\View\View->render('PoinMarket_Admin/Tabel/tabel_user', null, true)
 5 APPPATH\Views\PoinMarket_Admin\Page\user.php(64): CodeIgniter\View\View->include('PoinMarket_Admin/Tabel/tabel_user')
 6 SYSTEMPATH\View\View.php(224): include('C:\\xampp\\htdocs\\PoinMarket\\app\\Views\\PoinMarket_Admin\\Page\\user.php')
 7 SYSTEMPATH\View\View.php(227): CodeIgniter\View\View->CodeIgniter\View\{closure}()
 8 SYSTEMPATH\Common.php(1180): CodeIgniter\View\View->render('PoinMarket_Admin/Page/user', [], true)
 9 APPPATH\Controllers\PoinMarket_Admin\User.php(71): view('PoinMarket_Admin/Page/user', [...])
10 SYSTEMPATH\CodeIgniter.php(932): App\Controllers\PoinMarket_Admin\User->index()
11 SYSTEMPATH\CodeIgniter.php(497): CodeIgniter\CodeIgniter->runController(Object(App\Controllers\PoinMarket_Admin\User))
12 SYSTEMPATH\CodeIgniter.php(366): CodeIgniter\CodeIgniter->handleRequest(null, Object(Config\Cache), false)
13 FCPATH\index.php(67): CodeIgniter\CodeIgniter->run()
14 SYSTEMPATH\Commands\Server\rewrite.php(47): require_once('C:\\xampp\\htdocs\\PoinMarket\\public\\index.php')
INFO - 2025-01-03 16:45:46 --> Session: Class initialized using 'CodeIgniter\Session\Handlers\FileHandler' driver.
WARNING - 2025-01-03 16:45:46 --> [DEPRECATED] strtotime(): Passing null to parameter #1 ($datetime) of type string is deprecated in APPPATH\Views\PoinMarket_Admin\Tabel\tabel_user.php on line 92.
 1 APPPATH\Views\PoinMarket_Admin\Tabel\tabel_user.php(92): strtotime(null)
 2 SYSTEMPATH\View\View.php(224): include('C:\\xampp\\htdocs\\PoinMarket\\app\\Views\\PoinMarket_Admin\\Tabel\\tabel_user.php')
 3 SYSTEMPATH\View\View.php(227): CodeIgniter\View\View->CodeIgniter\View\{closure}()
 4 SYSTEMPATH\View\View.php(452): CodeIgniter\View\View->render('PoinMarket_Admin/Tabel/tabel_user', null, true)
 5 APPPATH\Views\PoinMarket_Admin\Page\user.php(64): CodeIgniter\View\View->include('PoinMarket_Admin/Tabel/tabel_user')
 6 SYSTEMPATH\View\View.php(224): include('C:\\xampp\\htdocs\\PoinMarket\\app\\Views\\PoinMarket_Admin\\Page\\user.php')
 7 SYSTEMPATH\View\View.php(227): CodeIgniter\View\View->CodeIgniter\View\{closure}()
 8 SYSTEMPATH\Common.php(1180): CodeIgniter\View\View->render('PoinMarket_Admin/Page/user', [], true)
 9 APPPATH\Controllers\PoinMarket_Admin\User.php(71): view('PoinMarket_Admin/Page/user', [...])
10 SYSTEMPATH\CodeIgniter.php(932): App\Controllers\PoinMarket_Admin\User->index()
11 SYSTEMPATH\CodeIgniter.php(497): CodeIgniter\CodeIgniter->runController(Object(App\Controllers\PoinMarket_Admin\User))
12 SYSTEMPATH\CodeIgniter.php(366): CodeIgniter\CodeIgniter->handleRequest(null, Object(Config\Cache), false)
13 FCPATH\index.php(67): CodeIgniter\CodeIgniter->run()
14 SYSTEMPATH\Commands\Server\rewrite.php(47): require_once('C:\\xampp\\htdocs\\PoinMarket\\public\\index.php')
INFO - 2025-01-03 16:46:02 --> Session: Class initialized using 'CodeIgniter\Session\Handlers\FileHandler' driver.
INFO - 2025-01-03 16:46:02 --> Session: Class initialized using 'CodeIgniter\Session\Handlers\FileHandler' driver.
INFO - 2025-01-03 16:46:05 --> Session: Class initialized using 'CodeIgniter\Session\Handlers\FileHandler' driver.
INFO - 2025-01-03 16:46:06 --> Session: Class initialized using 'CodeIgniter\Session\Handlers\FileHandler' driver.
INFO - 2025-01-03 16:46:07 --> Session: Class initialized using 'CodeIgniter\Session\Handlers\FileHandler' driver.
INFO - 2025-01-03 16:46:08 --> Session: Class initialized using 'CodeIgniter\Session\Handlers\FileHandler' driver.
INFO - 2025-01-03 16:46:16 --> Session: Class initialized using 'CodeIgniter\Session\Handlers\FileHandler' driver.
WARNING - 2025-01-03 16:46:16 --> [DEPRECATED] strtotime(): Passing null to parameter #1 ($datetime) of type string is deprecated in APPPATH\Views\PoinMarket_Admin\Tabel\tabel_user.php on line 92.
 1 APPPATH\Views\PoinMarket_Admin\Tabel\tabel_user.php(92): strtotime(null)
 2 SYSTEMPATH\View\View.php(224): include('C:\\xampp\\htdocs\\PoinMarket\\app\\Views\\PoinMarket_Admin\\Tabel\\tabel_user.php')
 3 SYSTEMPATH\View\View.php(227): CodeIgniter\View\View->CodeIgniter\View\{closure}()
 4 SYSTEMPATH\View\View.php(452): CodeIgniter\View\View->render('PoinMarket_Admin/Tabel/tabel_user', null, true)
 5 APPPATH\Views\PoinMarket_Admin\Page\user.php(64): CodeIgniter\View\View->include('PoinMarket_Admin/Tabel/tabel_user')
 6 SYSTEMPATH\View\View.php(224): include('C:\\xampp\\htdocs\\PoinMarket\\app\\Views\\PoinMarket_Admin\\Page\\user.php')
 7 SYSTEMPATH\View\View.php(227): CodeIgniter\View\View->CodeIgniter\View\{closure}()
 8 SYSTEMPATH\Common.php(1180): CodeIgniter\View\View->render('PoinMarket_Admin/Page/user', [], true)
 9 APPPATH\Controllers\PoinMarket_Admin\User.php(71): view('PoinMarket_Admin/Page/user', [...])
10 SYSTEMPATH\CodeIgniter.php(932): App\Controllers\PoinMarket_Admin\User->index()
11 SYSTEMPATH\CodeIgniter.php(497): CodeIgniter\CodeIgniter->runController(Object(App\Controllers\PoinMarket_Admin\User))
12 SYSTEMPATH\CodeIgniter.php(366): CodeIgniter\CodeIgniter->handleRequest(null, Object(Config\Cache), false)
13 FCPATH\index.php(67): CodeIgniter\CodeIgniter->run()
14 SYSTEMPATH\Commands\Server\rewrite.php(47): require_once('C:\\xampp\\htdocs\\PoinMarket\\public\\index.php')
INFO - 2025-01-03 16:46:16 --> Session: Class initialized using 'CodeIgniter\Session\Handlers\FileHandler' driver.
WARNING - 2025-01-03 16:46:17 --> [DEPRECATED] strtotime(): Passing null to parameter #1 ($datetime) of type string is deprecated in APPPATH\Views\PoinMarket_Admin\Tabel\tabel_user.php on line 92.
 1 APPPATH\Views\PoinMarket_Admin\Tabel\tabel_user.php(92): strtotime(null)
 2 SYSTEMPATH\View\View.php(224): include('C:\\xampp\\htdocs\\PoinMarket\\app\\Views\\PoinMarket_Admin\\Tabel\\tabel_user.php')
 3 SYSTEMPATH\View\View.php(227): CodeIgniter\View\View->CodeIgniter\View\{closure}()
 4 SYSTEMPATH\View\View.php(452): CodeIgniter\View\View->render('PoinMarket_Admin/Tabel/tabel_user', null, true)
 5 APPPATH\Views\PoinMarket_Admin\Page\user.php(64): CodeIgniter\View\View->include('PoinMarket_Admin/Tabel/tabel_user')
 6 SYSTEMPATH\View\View.php(224): include('C:\\xampp\\htdocs\\PoinMarket\\app\\Views\\PoinMarket_Admin\\Page\\user.php')
 7 SYSTEMPATH\View\View.php(227): CodeIgniter\View\View->CodeIgniter\View\{closure}()
 8 SYSTEMPATH\Common.php(1180): CodeIgniter\View\View->render('PoinMarket_Admin/Page/user', [], true)
 9 APPPATH\Controllers\PoinMarket_Admin\User.php(71): view('PoinMarket_Admin/Page/user', [...])
10 SYSTEMPATH\CodeIgniter.php(932): App\Controllers\PoinMarket_Admin\User->index()
11 SYSTEMPATH\CodeIgniter.php(497): CodeIgniter\CodeIgniter->runController(Object(App\Controllers\PoinMarket_Admin\User))
12 SYSTEMPATH\CodeIgniter.php(366): CodeIgniter\CodeIgniter->handleRequest(null, Object(Config\Cache), false)
13 FCPATH\index.php(67): CodeIgniter\CodeIgniter->run()
14 SYSTEMPATH\Commands\Server\rewrite.php(47): require_once('C:\\xampp\\htdocs\\PoinMarket\\public\\index.php')
INFO - 2025-01-03 16:46:19 --> Session: Class initialized using 'CodeIgniter\Session\Handlers\FileHandler' driver.
INFO - 2025-01-03 16:46:20 --> Session: Class initialized using 'CodeIgniter\Session\Handlers\FileHandler' driver.
INFO - 2025-01-03 16:46:30 --> Session: Class initialized using 'CodeIgniter\Session\Handlers\FileHandler' driver.
INFO - 2025-01-03 16:46:30 --> Session: Class initialized using 'CodeIgniter\Session\Handlers\FileHandler' driver.
INFO - 2025-01-03 16:46:42 --> Session: Class initialized using 'CodeIgniter\Session\Handlers\FileHandler' driver.
INFO - 2025-01-03 16:46:42 --> Session: Class initialized using 'CodeIgniter\Session\Handlers\FileHandler' driver.
INFO - 2025-01-03 16:46:43 --> Session: Class initialized using 'CodeIgniter\Session\Handlers\FileHandler' driver.
INFO - 2025-01-03 16:46:44 --> Session: Class initialized using 'CodeIgniter\Session\Handlers\FileHandler' driver.
INFO - 2025-01-03 16:46:45 --> Session: Class initialized using 'CodeIgniter\Session\Handlers\FileHandler' driver.
INFO - 2025-01-03 16:46:46 --> Session: Class initialized using 'CodeIgniter\Session\Handlers\FileHandler' driver.
INFO - 2025-01-03 16:46:49 --> Session: Class initialized using 'CodeIgniter\Session\Handlers\FileHandler' driver.
INFO - 2025-01-03 16:46:50 --> Session: Class initialized using 'CodeIgniter\Session\Handlers\FileHandler' driver.
INFO - 2025-01-03 16:46:54 --> Session: Class initialized using 'CodeIgniter\Session\Handlers\FileHandler' driver.
INFO - 2025-01-03 16:46:55 --> Session: Class initialized using 'CodeIgniter\Session\Handlers\FileHandler' driver.
INFO - 2025-01-03 16:47:33 --> Session: Class initialized using 'CodeIgniter\Session\Handlers\FileHandler' driver.
INFO - 2025-01-03 16:47:34 --> Session: Class initialized using 'CodeIgniter\Session\Handlers\FileHandler' driver.
INFO - 2025-01-03 16:49:00 --> Session: Class initialized using 'CodeIgniter\Session\Handlers\FileHandler' driver.
INFO - 2025-01-03 16:49:00 --> Session: Class initialized using 'CodeIgniter\Session\Handlers\FileHandler' driver.
INFO - 2025-01-03 16:49:32 --> Session: Class initialized using 'CodeIgniter\Session\Handlers\FileHandler' driver.
INFO - 2025-01-03 16:49:32 --> Session: Class initialized using 'CodeIgniter\Session\Handlers\FileHandler' driver.
INFO - 2025-01-03 16:49:48 --> Session: Class initialized using 'CodeIgniter\Session\Handlers\FileHandler' driver.
INFO - 2025-01-03 16:49:48 --> Session: Class initialized using 'CodeIgniter\Session\Handlers\FileHandler' driver.
INFO - 2025-01-03 16:50:42 --> Session: Class initialized using 'CodeIgniter\Session\Handlers\FileHandler' driver.
INFO - 2025-01-03 16:50:43 --> Session: Class initialized using 'CodeIgniter\Session\Handlers\FileHandler' driver.
INFO - 2025-01-03 16:51:08 --> Session: Class initialized using 'CodeIgniter\Session\Handlers\FileHandler' driver.
INFO - 2025-01-03 16:51:08 --> Session: Class initialized using 'CodeIgniter\Session\Handlers\FileHandler' driver.
INFO - 2025-01-03 16:51:57 --> Session: Class initialized using 'CodeIgniter\Session\Handlers\FileHandler' driver.
INFO - 2025-01-03 16:51:57 --> Session: Class initialized using 'CodeIgniter\Session\Handlers\FileHandler' driver.
INFO - 2025-01-03 16:52:06 --> Session: Class initialized using 'CodeIgniter\Session\Handlers\FileHandler' driver.
INFO - 2025-01-03 16:52:06 --> Session: Class initialized using 'CodeIgniter\Session\Handlers\FileHandler' driver.
INFO - 2025-01-03 16:52:10 --> Session: Class initialized using 'CodeIgniter\Session\Handlers\FileHandler' driver.
INFO - 2025-01-03 16:52:10 --> Session: Class initialized using 'CodeIgniter\Session\Handlers\FileHandler' driver.
INFO - 2025-01-03 16:52:12 --> Session: Class initialized using 'CodeIgniter\Session\Handlers\FileHandler' driver.
INFO - 2025-01-03 16:52:13 --> Session: Class initialized using 'CodeIgniter\Session\Handlers\FileHandler' driver.
INFO - 2025-01-03 16:52:17 --> Session: Class initialized using 'CodeIgniter\Session\Handlers\FileHandler' driver.
INFO - 2025-01-03 16:52:17 --> Session: Class initialized using 'CodeIgniter\Session\Handlers\FileHandler' driver.
INFO - 2025-01-03 16:53:14 --> Session: Class initialized using 'CodeIgniter\Session\Handlers\FileHandler' driver.
CRITICAL - 2025-01-03 16:53:14 --> Undefined variable $data_transaksi
in APPPATH\Views\User\transaksi\tabel_jenis.php on line 9.
 1 APPPATH\Views\User\transaksi\tabel_jenis.php(9): CodeIgniter\Debug\Exceptions->errorHandler(2, 'Undefined variable $data_transaksi', 'C:\\xampp\\htdocs\\PoinMarket\\app\\Views\\User\\transaksi\\tabel_jenis.php', 9)
 2 SYSTEMPATH\View\View.php(224): include('C:\\xampp\\htdocs\\PoinMarket\\app\\Views\\User\\transaksi\\tabel_jenis.php')
 3 SYSTEMPATH\View\View.php(227): CodeIgniter\View\View->CodeIgniter\View\{closure}()
 4 SYSTEMPATH\View\View.php(452): CodeIgniter\View\View->render('User/transaksi/tabel_jenis', null, true)
 5 APPPATH\Views\User\transaksi\jenis_transaksi.php(44): CodeIgniter\View\View->include('User/transaksi/tabel_jenis')
 6 SYSTEMPATH\View\View.php(224): include('C:\\xampp\\htdocs\\PoinMarket\\app\\Views\\User\\transaksi\\jenis_transaksi.php')
 7 SYSTEMPATH\View\View.php(227): CodeIgniter\View\View->CodeIgniter\View\{closure}()
 8 SYSTEMPATH\Common.php(1180): CodeIgniter\View\View->render('User/transaksi/jenis_transaksi', [], true)
 9 APPPATH\Controllers\Role_User.php(317): view('User/transaksi/jenis_transaksi', [...])
10 SYSTEMPATH\CodeIgniter.php(932): App\Controllers\Role_User->reward()
11 SYSTEMPATH\CodeIgniter.php(497): CodeIgniter\CodeIgniter->runController(Object(App\Controllers\Role_User))
12 SYSTEMPATH\CodeIgniter.php(366): CodeIgniter\CodeIgniter->handleRequest(null, Object(Config\Cache), false)
13 FCPATH\index.php(67): CodeIgniter\CodeIgniter->run()
14 SYSTEMPATH\Commands\Server\rewrite.php(47): require_once('C:\\xampp\\htdocs\\PoinMarket\\public\\index.php')
INFO - 2025-01-03 16:53:29 --> Session: Class initialized using 'CodeIgniter\Session\Handlers\FileHandler' driver.
INFO - 2025-01-03 16:53:29 --> Session: Class initialized using 'CodeIgniter\Session\Handlers\FileHandler' driver.
INFO - 2025-01-03 16:54:20 --> Session: Class initialized using 'CodeIgniter\Session\Handlers\FileHandler' driver.
INFO - 2025-01-03 16:54:21 --> Session: Class initialized using 'CodeIgniter\Session\Handlers\FileHandler' driver.
INFO - 2025-01-03 16:54:59 --> Session: Class initialized using 'CodeIgniter\Session\Handlers\FileHandler' driver.
INFO - 2025-01-03 16:55:00 --> Session: Class initialized using 'CodeIgniter\Session\Handlers\FileHandler' driver.
INFO - 2025-01-03 16:55:07 --> Session: Class initialized using 'CodeIgniter\Session\Handlers\FileHandler' driver.
INFO - 2025-01-03 16:55:07 --> Session: Class initialized using 'CodeIgniter\Session\Handlers\FileHandler' driver.
INFO - 2025-01-03 16:55:41 --> Session: Class initialized using 'CodeIgniter\Session\Handlers\FileHandler' driver.
INFO - 2025-01-03 16:55:41 --> Session: Class initialized using 'CodeIgniter\Session\Handlers\FileHandler' driver.
INFO - 2025-01-03 16:56:29 --> Session: Class initialized using 'CodeIgniter\Session\Handlers\FileHandler' driver.
INFO - 2025-01-03 16:56:29 --> Session: Class initialized using 'CodeIgniter\Session\Handlers\FileHandler' driver.
INFO - 2025-01-03 16:56:45 --> Session: Class initialized using 'CodeIgniter\Session\Handlers\FileHandler' driver.
INFO - 2025-01-03 16:56:46 --> Session: Class initialized using 'CodeIgniter\Session\Handlers\FileHandler' driver.
INFO - 2025-01-03 16:56:49 --> Session: Class initialized using 'CodeIgniter\Session\Handlers\FileHandler' driver.
INFO - 2025-01-03 16:56:50 --> Session: Class initialized using 'CodeIgniter\Session\Handlers\FileHandler' driver.
INFO - 2025-01-03 16:56:52 --> Session: Class initialized using 'CodeIgniter\Session\Handlers\FileHandler' driver.
INFO - 2025-01-03 16:56:52 --> Session: Class initialized using 'CodeIgniter\Session\Handlers\FileHandler' driver.
INFO - 2025-01-03 16:56:54 --> Session: Class initialized using 'CodeIgniter\Session\Handlers\FileHandler' driver.
INFO - 2025-01-03 16:56:55 --> Session: Class initialized using 'CodeIgniter\Session\Handlers\FileHandler' driver.
INFO - 2025-01-03 16:56:57 --> Session: Class initialized using 'CodeIgniter\Session\Handlers\FileHandler' driver.
INFO - 2025-01-03 16:56:57 --> Session: Class initialized using 'CodeIgniter\Session\Handlers\FileHandler' driver.
INFO - 2025-01-03 16:57:43 --> Session: Class initialized using 'CodeIgniter\Session\Handlers\FileHandler' driver.
INFO - 2025-01-03 16:57:44 --> Session: Class initialized using 'CodeIgniter\Session\Handlers\FileHandler' driver.
INFO - 2025-01-03 16:57:46 --> Session: Class initialized using 'CodeIgniter\Session\Handlers\FileHandler' driver.
INFO - 2025-01-03 16:57:47 --> Session: Class initialized using 'CodeIgniter\Session\Handlers\FileHandler' driver.
INFO - 2025-01-03 16:57:53 --> Session: Class initialized using 'CodeIgniter\Session\Handlers\FileHandler' driver.
INFO - 2025-01-03 16:57:54 --> Session: Class initialized using 'CodeIgniter\Session\Handlers\FileHandler' driver.
INFO - 2025-01-03 16:57:56 --> Session: Class initialized using 'CodeIgniter\Session\Handlers\FileHandler' driver.
INFO - 2025-01-03 16:57:56 --> Session: Class initialized using 'CodeIgniter\Session\Handlers\FileHandler' driver.
INFO - 2025-01-03 16:57:59 --> Session: Class initialized using 'CodeIgniter\Session\Handlers\FileHandler' driver.
INFO - 2025-01-03 16:57:59 --> Session: Class initialized using 'CodeIgniter\Session\Handlers\FileHandler' driver.
INFO - 2025-01-03 16:58:01 --> Session: Class initialized using 'CodeIgniter\Session\Handlers\FileHandler' driver.
INFO - 2025-01-03 16:58:02 --> Session: Class initialized using 'CodeIgniter\Session\Handlers\FileHandler' driver.
INFO - 2025-01-03 16:58:16 --> Session: Class initialized using 'CodeIgniter\Session\Handlers\FileHandler' driver.
INFO - 2025-01-03 16:58:17 --> Session: Class initialized using 'CodeIgniter\Session\Handlers\FileHandler' driver.
INFO - 2025-01-03 16:58:44 --> Session: Class initialized using 'CodeIgniter\Session\Handlers\FileHandler' driver.
INFO - 2025-01-03 16:58:45 --> Session: Class initialized using 'CodeIgniter\Session\Handlers\FileHandler' driver.
INFO - 2025-01-03 16:58:51 --> Session: Class initialized using 'CodeIgniter\Session\Handlers\FileHandler' driver.
INFO - 2025-01-03 16:58:52 --> Session: Class initialized using 'CodeIgniter\Session\Handlers\FileHandler' driver.
INFO - 2025-01-03 16:58:55 --> Session: Class initialized using 'CodeIgniter\Session\Handlers\FileHandler' driver.
INFO - 2025-01-03 16:58:56 --> Session: Class initialized using 'CodeIgniter\Session\Handlers\FileHandler' driver.
INFO - 2025-01-03 16:59:01 --> Session: Class initialized using 'CodeIgniter\Session\Handlers\FileHandler' driver.
INFO - 2025-01-03 16:59:02 --> Session: Class initialized using 'CodeIgniter\Session\Handlers\FileHandler' driver.
INFO - 2025-01-03 16:59:05 --> Session: Class initialized using 'CodeIgniter\Session\Handlers\FileHandler' driver.
INFO - 2025-01-03 16:59:06 --> Session: Class initialized using 'CodeIgniter\Session\Handlers\FileHandler' driver.
INFO - 2025-01-03 16:59:10 --> Session: Class initialized using 'CodeIgniter\Session\Handlers\FileHandler' driver.
INFO - 2025-01-03 16:59:10 --> Session: Class initialized using 'CodeIgniter\Session\Handlers\FileHandler' driver.
INFO - 2025-01-03 17:00:15 --> Session: Class initialized using 'CodeIgniter\Session\Handlers\FileHandler' driver.
INFO - 2025-01-03 17:00:16 --> Session: Class initialized using 'CodeIgniter\Session\Handlers\FileHandler' driver.
INFO - 2025-01-03 17:00:18 --> Session: Class initialized using 'CodeIgniter\Session\Handlers\FileHandler' driver.
INFO - 2025-01-03 17:00:19 --> Session: Class initialized using 'CodeIgniter\Session\Handlers\FileHandler' driver.
INFO - 2025-01-03 17:00:22 --> Session: Class initialized using 'CodeIgniter\Session\Handlers\FileHandler' driver.
INFO - 2025-01-03 17:00:22 --> Session: Class initialized using 'CodeIgniter\Session\Handlers\FileHandler' driver.
INFO - 2025-01-03 17:00:24 --> Session: Class initialized using 'CodeIgniter\Session\Handlers\FileHandler' driver.
INFO - 2025-01-03 17:00:24 --> Session: Class initialized using 'CodeIgniter\Session\Handlers\FileHandler' driver.
INFO - 2025-01-03 17:00:25 --> Session: Class initialized using 'CodeIgniter\Session\Handlers\FileHandler' driver.
INFO - 2025-01-03 17:00:28 --> Session: Class initialized using 'CodeIgniter\Session\Handlers\FileHandler' driver.
INFO - 2025-01-03 17:00:29 --> Session: Class initialized using 'CodeIgniter\Session\Handlers\FileHandler' driver.
INFO - 2025-01-03 17:01:18 --> Session: Class initialized using 'CodeIgniter\Session\Handlers\FileHandler' driver.
INFO - 2025-01-03 17:01:18 --> Session: Class initialized using 'CodeIgniter\Session\Handlers\FileHandler' driver.
INFO - 2025-01-03 17:01:28 --> Session: Class initialized using 'CodeIgniter\Session\Handlers\FileHandler' driver.
INFO - 2025-01-03 17:01:28 --> Session: Class initialized using 'CodeIgniter\Session\Handlers\FileHandler' driver.
INFO - 2025-01-03 17:01:29 --> Session: Class initialized using 'CodeIgniter\Session\Handlers\FileHandler' driver.
INFO - 2025-01-03 17:01:29 --> Session: Class initialized using 'CodeIgniter\Session\Handlers\FileHandler' driver.
INFO - 2025-01-03 17:01:36 --> Session: Class initialized using 'CodeIgniter\Session\Handlers\FileHandler' driver.
INFO - 2025-01-03 17:01:36 --> Session: Class initialized using 'CodeIgniter\Session\Handlers\FileHandler' driver.
INFO - 2025-01-03 17:01:36 --> Session: Class initialized using 'CodeIgniter\Session\Handlers\FileHandler' driver.
INFO - 2025-01-03 17:01:40 --> Session: Class initialized using 'CodeIgniter\Session\Handlers\FileHandler' driver.
INFO - 2025-01-03 17:01:40 --> Session: Class initialized using 'CodeIgniter\Session\Handlers\FileHandler' driver.
INFO - 2025-01-03 17:02:02 --> Session: Class initialized using 'CodeIgniter\Session\Handlers\FileHandler' driver.
INFO - 2025-01-03 17:02:03 --> Session: Class initialized using 'CodeIgniter\Session\Handlers\FileHandler' driver.
INFO - 2025-01-03 17:03:49 --> Session: Class initialized using 'CodeIgniter\Session\Handlers\FileHandler' driver.
INFO - 2025-01-03 17:03:49 --> Session: Class initialized using 'CodeIgniter\Session\Handlers\FileHandler' driver.
INFO - 2025-01-03 17:03:50 --> Session: Class initialized using 'CodeIgniter\Session\Handlers\FileHandler' driver.
INFO - 2025-01-03 17:03:51 --> Session: Class initialized using 'CodeIgniter\Session\Handlers\FileHandler' driver.
INFO - 2025-01-03 17:03:53 --> Session: Class initialized using 'CodeIgniter\Session\Handlers\FileHandler' driver.
INFO - 2025-01-03 17:03:54 --> Session: Class initialized using 'CodeIgniter\Session\Handlers\FileHandler' driver.
INFO - 2025-01-03 17:03:56 --> Session: Class initialized using 'CodeIgniter\Session\Handlers\FileHandler' driver.
INFO - 2025-01-03 17:03:56 --> Session: Class initialized using 'CodeIgniter\Session\Handlers\FileHandler' driver.
INFO - 2025-01-03 17:04:01 --> Session: Class initialized using 'CodeIgniter\Session\Handlers\FileHandler' driver.
INFO - 2025-01-03 17:04:01 --> Session: Class initialized using 'CodeIgniter\Session\Handlers\FileHandler' driver.
INFO - 2025-01-03 17:05:14 --> Session: Class initialized using 'CodeIgniter\Session\Handlers\FileHandler' driver.
INFO - 2025-01-03 17:05:14 --> Session: Class initialized using 'CodeIgniter\Session\Handlers\FileHandler' driver.
INFO - 2025-01-03 17:05:31 --> Session: Class initialized using 'CodeIgniter\Session\Handlers\FileHandler' driver.
INFO - 2025-01-03 17:05:32 --> Session: Class initialized using 'CodeIgniter\Session\Handlers\FileHandler' driver.
INFO - 2025-01-03 17:06:02 --> Session: Class initialized using 'CodeIgniter\Session\Handlers\FileHandler' driver.
INFO - 2025-01-03 17:06:03 --> Session: Class initialized using 'CodeIgniter\Session\Handlers\FileHandler' driver.
INFO - 2025-01-03 17:06:10 --> Session: Class initialized using 'CodeIgniter\Session\Handlers\FileHandler' driver.
INFO - 2025-01-03 17:06:10 --> Session: Class initialized using 'CodeIgniter\Session\Handlers\FileHandler' driver.
INFO - 2025-01-03 17:06:16 --> Session: Class initialized using 'CodeIgniter\Session\Handlers\FileHandler' driver.
INFO - 2025-01-03 17:06:16 --> Session: Class initialized using 'CodeIgniter\Session\Handlers\FileHandler' driver.
INFO - 2025-01-03 17:06:54 --> Session: Class initialized using 'CodeIgniter\Session\Handlers\FileHandler' driver.
INFO - 2025-01-03 17:06:54 --> Session: Class initialized using 'CodeIgniter\Session\Handlers\FileHandler' driver.
INFO - 2025-01-03 17:08:20 --> Session: Class initialized using 'CodeIgniter\Session\Handlers\FileHandler' driver.
INFO - 2025-01-03 17:08:21 --> Session: Class initialized using 'CodeIgniter\Session\Handlers\FileHandler' driver.
INFO - 2025-01-03 17:08:43 --> Session: Class initialized using 'CodeIgniter\Session\Handlers\FileHandler' driver.
INFO - 2025-01-03 17:08:43 --> Session: Class initialized using 'CodeIgniter\Session\Handlers\FileHandler' driver.
INFO - 2025-01-03 17:09:01 --> Session: Class initialized using 'CodeIgniter\Session\Handlers\FileHandler' driver.
INFO - 2025-01-03 17:09:01 --> Session: Class initialized using 'CodeIgniter\Session\Handlers\FileHandler' driver.
INFO - 2025-01-03 17:09:15 --> Session: Class initialized using 'CodeIgniter\Session\Handlers\FileHandler' driver.
INFO - 2025-01-03 17:09:15 --> Session: Class initialized using 'CodeIgniter\Session\Handlers\FileHandler' driver.
INFO - 2025-01-03 17:10:11 --> Session: Class initialized using 'CodeIgniter\Session\Handlers\FileHandler' driver.
INFO - 2025-01-03 17:10:11 --> Session: Class initialized using 'CodeIgniter\Session\Handlers\FileHandler' driver.
INFO - 2025-01-03 17:10:35 --> Session: Class initialized using 'CodeIgniter\Session\Handlers\FileHandler' driver.
INFO - 2025-01-03 17:10:35 --> Session: Class initialized using 'CodeIgniter\Session\Handlers\FileHandler' driver.
INFO - 2025-01-03 17:10:52 --> Session: Class initialized using 'CodeIgniter\Session\Handlers\FileHandler' driver.
INFO - 2025-01-03 17:10:52 --> Session: Class initialized using 'CodeIgniter\Session\Handlers\FileHandler' driver.
INFO - 2025-01-03 17:11:06 --> Session: Class initialized using 'CodeIgniter\Session\Handlers\FileHandler' driver.
INFO - 2025-01-03 17:11:06 --> Session: Class initialized using 'CodeIgniter\Session\Handlers\FileHandler' driver.
INFO - 2025-01-03 17:11:11 --> Session: Class initialized using 'CodeIgniter\Session\Handlers\FileHandler' driver.
INFO - 2025-01-03 17:11:11 --> Session: Class initialized using 'CodeIgniter\Session\Handlers\FileHandler' driver.
INFO - 2025-01-03 17:12:31 --> Session: Class initialized using 'CodeIgniter\Session\Handlers\FileHandler' driver.
INFO - 2025-01-03 17:12:31 --> Session: Class initialized using 'CodeIgniter\Session\Handlers\FileHandler' driver.
INFO - 2025-01-03 17:12:34 --> Session: Class initialized using 'CodeIgniter\Session\Handlers\FileHandler' driver.
INFO - 2025-01-03 17:12:34 --> Session: Class initialized using 'CodeIgniter\Session\Handlers\FileHandler' driver.
INFO - 2025-01-03 17:12:40 --> Session: Class initialized using 'CodeIgniter\Session\Handlers\FileHandler' driver.
INFO - 2025-01-03 17:12:40 --> Session: Class initialized using 'CodeIgniter\Session\Handlers\FileHandler' driver.
