INFO - 2025-02-24 01:21:33 --> Session: Class initialized using 'CodeIgniter\Session\Handlers\FileHandler' driver.
INFO - 2025-02-24 01:21:38 --> Session: Class initialized using 'CodeIgniter\Session\Handlers\FileHandler' driver.
DEBUG - 2025-02-24 01:21:40 --> Token updated and saved to session for user ID: 13
INFO - 2025-02-24 01:21:40 --> Session: Class initialized using 'CodeIgniter\Session\Handlers\FileHandler' driver.
INFO - 2025-02-24 01:21:43 --> Session: Class initialized using 'CodeIgniter\Session\Handlers\FileHandler' driver.
INFO - 2025-02-24 01:21:52 --> Session: Class initialized using 'CodeIgniter\Session\Handlers\FileHandler' driver.
INFO - 2025-02-24 01:21:53 --> Session: Class initialized using 'CodeIgniter\Session\Handlers\FileHandler' driver.
INFO - 2025-02-24 01:21:59 --> Session: Class initialized using 'CodeIgniter\Session\Handlers\FileHandler' driver.
INFO - 2025-02-24 01:21:59 --> Session: Class initialized using 'CodeIgniter\Session\Handlers\FileHandler' driver.
INFO - 2025-02-24 01:22:03 --> Session: Class initialized using 'CodeIgniter\Session\Handlers\FileHandler' driver.
DEBUG - 2025-02-24 01:22:03 --> Token updated and saved to session for user ID: 1
INFO - 2025-02-24 01:22:04 --> Session: Class initialized using 'CodeIgniter\Session\Handlers\FileHandler' driver.
INFO - 2025-02-24 01:22:05 --> Session: Class initialized using 'CodeIgniter\Session\Handlers\FileHandler' driver.
INFO - 2025-02-24 01:22:11 --> Session: Class initialized using 'CodeIgniter\Session\Handlers\FileHandler' driver.
INFO - 2025-02-24 01:22:12 --> Session: Class initialized using 'CodeIgniter\Session\Handlers\FileHandler' driver.
INFO - 2025-02-24 01:22:30 --> Session: Class initialized using 'CodeIgniter\Session\Handlers\FileHandler' driver.
INFO - 2025-02-24 01:24:54 --> Session: Class initialized using 'CodeIgniter\Session\Handlers\FileHandler' driver.
INFO - 2025-02-24 01:24:55 --> Session: Class initialized using 'CodeIgniter\Session\Handlers\FileHandler' driver.
INFO - 2025-02-24 01:25:01 --> Session: Class initialized using 'CodeIgniter\Session\Handlers\FileHandler' driver.
INFO - 2025-02-24 01:25:02 --> Session: Class initialized using 'CodeIgniter\Session\Handlers\FileHandler' driver.
INFO - 2025-02-24 01:25:04 --> Session: Class initialized using 'CodeIgniter\Session\Handlers\FileHandler' driver.
INFO - 2025-02-24 01:25:09 --> Session: Class initialized using 'CodeIgniter\Session\Handlers\FileHandler' driver.
INFO - 2025-02-24 01:25:11 --> Session: Class initialized using 'CodeIgniter\Session\Handlers\FileHandler' driver.
INFO - 2025-02-24 01:25:20 --> Session: Class initialized using 'CodeIgniter\Session\Handlers\FileHandler' driver.
INFO - 2025-02-24 01:25:21 --> Session: Class initialized using 'CodeIgniter\Session\Handlers\FileHandler' driver.
INFO - 2025-02-24 01:25:26 --> Session: Class initialized using 'CodeIgniter\Session\Handlers\FileHandler' driver.
INFO - 2025-02-24 01:25:27 --> Session: Class initialized using 'CodeIgniter\Session\Handlers\FileHandler' driver.
INFO - 2025-02-24 01:25:38 --> Session: Class initialized using 'CodeIgniter\Session\Handlers\FileHandler' driver.
INFO - 2025-02-24 01:25:39 --> Session: Class initialized using 'CodeIgniter\Session\Handlers\FileHandler' driver.
INFO - 2025-02-24 01:25:41 --> Session: Class initialized using 'CodeIgniter\Session\Handlers\FileHandler' driver.
INFO - 2025-02-24 01:25:42 --> Session: Class initialized using 'CodeIgniter\Session\Handlers\FileHandler' driver.
INFO - 2025-02-24 01:26:34 --> Session: Class initialized using 'CodeIgniter\Session\Handlers\FileHandler' driver.
INFO - 2025-02-24 01:26:35 --> Session: Class initialized using 'CodeIgniter\Session\Handlers\FileHandler' driver.
INFO - 2025-02-24 01:26:43 --> Session: Class initialized using 'CodeIgniter\Session\Handlers\FileHandler' driver.
INFO - 2025-02-24 01:26:44 --> Session: Class initialized using 'CodeIgniter\Session\Handlers\FileHandler' driver.
INFO - 2025-02-24 01:26:47 --> Session: Class initialized using 'CodeIgniter\Session\Handlers\FileHandler' driver.
INFO - 2025-02-24 01:26:48 --> Session: Class initialized using 'CodeIgniter\Session\Handlers\FileHandler' driver.
INFO - 2025-02-24 01:26:52 --> Session: Class initialized using 'CodeIgniter\Session\Handlers\FileHandler' driver.
INFO - 2025-02-24 01:26:52 --> Session: Class initialized using 'CodeIgniter\Session\Handlers\FileHandler' driver.
INFO - 2025-02-24 01:26:54 --> Session: Class initialized using 'CodeIgniter\Session\Handlers\FileHandler' driver.
INFO - 2025-02-24 01:26:57 --> Session: Class initialized using 'CodeIgniter\Session\Handlers\FileHandler' driver.
INFO - 2025-02-24 01:26:58 --> Session: Class initialized using 'CodeIgniter\Session\Handlers\FileHandler' driver.
INFO - 2025-02-24 01:27:00 --> Session: Class initialized using 'CodeIgniter\Session\Handlers\FileHandler' driver.
INFO - 2025-02-24 01:27:02 --> Session: Class initialized using 'CodeIgniter\Session\Handlers\FileHandler' driver.
INFO - 2025-02-24 01:27:29 --> Session: Class initialized using 'CodeIgniter\Session\Handlers\FileHandler' driver.
INFO - 2025-02-24 01:27:31 --> Session: Class initialized using 'CodeIgniter\Session\Handlers\FileHandler' driver.
INFO - 2025-02-24 01:28:15 --> Session: Class initialized using 'CodeIgniter\Session\Handlers\FileHandler' driver.
INFO - 2025-02-24 01:28:16 --> Session: Class initialized using 'CodeIgniter\Session\Handlers\FileHandler' driver.
INFO - 2025-02-24 01:28:23 --> Session: Class initialized using 'CodeIgniter\Session\Handlers\FileHandler' driver.
INFO - 2025-02-24 01:28:23 --> Session: Class initialized using 'CodeIgniter\Session\Handlers\FileHandler' driver.
INFO - 2025-02-24 01:28:24 --> Session: Class initialized using 'CodeIgniter\Session\Handlers\FileHandler' driver.
INFO - 2025-02-24 01:28:27 --> Session: Class initialized using 'CodeIgniter\Session\Handlers\FileHandler' driver.
INFO - 2025-02-24 01:28:29 --> Session: Class initialized using 'CodeIgniter\Session\Handlers\FileHandler' driver.
INFO - 2025-02-24 01:29:05 --> Session: Class initialized using 'CodeIgniter\Session\Handlers\FileHandler' driver.
INFO - 2025-02-24 01:29:06 --> Session: Class initialized using 'CodeIgniter\Session\Handlers\FileHandler' driver.
INFO - 2025-02-24 01:29:11 --> Session: Class initialized using 'CodeIgniter\Session\Handlers\FileHandler' driver.
INFO - 2025-02-24 01:29:12 --> Session: Class initialized using 'CodeIgniter\Session\Handlers\FileHandler' driver.
INFO - 2025-02-24 01:29:19 --> Session: Class initialized using 'CodeIgniter\Session\Handlers\FileHandler' driver.
INFO - 2025-02-24 01:29:20 --> Session: Class initialized using 'CodeIgniter\Session\Handlers\FileHandler' driver.
INFO - 2025-02-24 01:29:32 --> Session: Class initialized using 'CodeIgniter\Session\Handlers\FileHandler' driver.
INFO - 2025-02-24 01:29:33 --> Session: Class initialized using 'CodeIgniter\Session\Handlers\FileHandler' driver.
INFO - 2025-02-24 01:29:42 --> Session: Class initialized using 'CodeIgniter\Session\Handlers\FileHandler' driver.
INFO - 2025-02-24 01:29:43 --> Session: Class initialized using 'CodeIgniter\Session\Handlers\FileHandler' driver.
INFO - 2025-02-24 01:29:43 --> Session: Class initialized using 'CodeIgniter\Session\Handlers\FileHandler' driver.
INFO - 2025-02-24 01:29:48 --> Session: Class initialized using 'CodeIgniter\Session\Handlers\FileHandler' driver.
INFO - 2025-02-24 01:29:49 --> Session: Class initialized using 'CodeIgniter\Session\Handlers\FileHandler' driver.
INFO - 2025-02-24 01:29:55 --> Session: Class initialized using 'CodeIgniter\Session\Handlers\FileHandler' driver.
INFO - 2025-02-24 01:29:56 --> Session: Class initialized using 'CodeIgniter\Session\Handlers\FileHandler' driver.
INFO - 2025-02-24 01:30:05 --> Session: Class initialized using 'CodeIgniter\Session\Handlers\FileHandler' driver.
INFO - 2025-02-24 01:30:06 --> Session: Class initialized using 'CodeIgniter\Session\Handlers\FileHandler' driver.
INFO - 2025-02-24 01:30:06 --> Session: Class initialized using 'CodeIgniter\Session\Handlers\FileHandler' driver.
INFO - 2025-02-24 01:30:10 --> Session: Class initialized using 'CodeIgniter\Session\Handlers\FileHandler' driver.
INFO - 2025-02-24 01:30:12 --> Session: Class initialized using 'CodeIgniter\Session\Handlers\FileHandler' driver.
INFO - 2025-02-24 01:36:03 --> Session: Class initialized using 'CodeIgniter\Session\Handlers\FileHandler' driver.
INFO - 2025-02-24 01:36:04 --> Session: Class initialized using 'CodeIgniter\Session\Handlers\FileHandler' driver.
INFO - 2025-02-24 01:36:06 --> Session: Class initialized using 'CodeIgniter\Session\Handlers\FileHandler' driver.
INFO - 2025-02-24 01:36:07 --> Session: Class initialized using 'CodeIgniter\Session\Handlers\FileHandler' driver.
INFO - 2025-02-24 01:36:30 --> Session: Class initialized using 'CodeIgniter\Session\Handlers\FileHandler' driver.
INFO - 2025-02-24 01:36:30 --> Session: Class initialized using 'CodeIgniter\Session\Handlers\FileHandler' driver.
INFO - 2025-02-24 01:36:31 --> Session: Class initialized using 'CodeIgniter\Session\Handlers\FileHandler' driver.
INFO - 2025-02-24 01:36:35 --> Session: Class initialized using 'CodeIgniter\Session\Handlers\FileHandler' driver.
INFO - 2025-02-24 01:36:36 --> Session: Class initialized using 'CodeIgniter\Session\Handlers\FileHandler' driver.
INFO - 2025-02-24 01:36:59 --> Session: Class initialized using 'CodeIgniter\Session\Handlers\FileHandler' driver.
INFO - 2025-02-24 01:36:59 --> Session: Class initialized using 'CodeIgniter\Session\Handlers\FileHandler' driver.
INFO - 2025-02-24 01:37:35 --> Session: Class initialized using 'CodeIgniter\Session\Handlers\FileHandler' driver.
INFO - 2025-02-24 01:37:36 --> Session: Class initialized using 'CodeIgniter\Session\Handlers\FileHandler' driver.
INFO - 2025-02-24 01:37:39 --> Session: Class initialized using 'CodeIgniter\Session\Handlers\FileHandler' driver.
INFO - 2025-02-24 01:37:40 --> Session: Class initialized using 'CodeIgniter\Session\Handlers\FileHandler' driver.
INFO - 2025-02-24 01:37:48 --> Session: Class initialized using 'CodeIgniter\Session\Handlers\FileHandler' driver.
INFO - 2025-02-24 01:37:49 --> Session: Class initialized using 'CodeIgniter\Session\Handlers\FileHandler' driver.
INFO - 2025-02-24 01:37:51 --> Session: Class initialized using 'CodeIgniter\Session\Handlers\FileHandler' driver.
INFO - 2025-02-24 01:37:52 --> Session: Class initialized using 'CodeIgniter\Session\Handlers\FileHandler' driver.
INFO - 2025-02-24 01:38:45 --> Session: Class initialized using 'CodeIgniter\Session\Handlers\FileHandler' driver.
INFO - 2025-02-24 01:38:46 --> Session: Class initialized using 'CodeIgniter\Session\Handlers\FileHandler' driver.
INFO - 2025-02-24 01:41:48 --> Session: Class initialized using 'CodeIgniter\Session\Handlers\FileHandler' driver.
INFO - 2025-02-24 01:41:49 --> Session: Class initialized using 'CodeIgniter\Session\Handlers\FileHandler' driver.
INFO - 2025-02-24 01:42:41 --> Session: Class initialized using 'CodeIgniter\Session\Handlers\FileHandler' driver.
INFO - 2025-02-24 01:42:42 --> Session: Class initialized using 'CodeIgniter\Session\Handlers\FileHandler' driver.
INFO - 2025-02-24 01:42:45 --> Session: Class initialized using 'CodeIgniter\Session\Handlers\FileHandler' driver.
INFO - 2025-02-24 01:42:46 --> Session: Class initialized using 'CodeIgniter\Session\Handlers\FileHandler' driver.
INFO - 2025-02-24 01:42:46 --> Session: Class initialized using 'CodeIgniter\Session\Handlers\FileHandler' driver.
INFO - 2025-02-24 01:42:51 --> Session: Class initialized using 'CodeIgniter\Session\Handlers\FileHandler' driver.
INFO - 2025-02-24 01:42:52 --> Session: Class initialized using 'CodeIgniter\Session\Handlers\FileHandler' driver.
INFO - 2025-02-24 01:42:57 --> Session: Class initialized using 'CodeIgniter\Session\Handlers\FileHandler' driver.
INFO - 2025-02-24 01:42:58 --> Session: Class initialized using 'CodeIgniter\Session\Handlers\FileHandler' driver.
INFO - 2025-02-24 01:43:00 --> Session: Class initialized using 'CodeIgniter\Session\Handlers\FileHandler' driver.
INFO - 2025-02-24 01:43:01 --> Session: Class initialized using 'CodeIgniter\Session\Handlers\FileHandler' driver.
INFO - 2025-02-24 01:50:11 --> Session: Class initialized using 'CodeIgniter\Session\Handlers\FileHandler' driver.
INFO - 2025-02-24 01:50:12 --> Session: Class initialized using 'CodeIgniter\Session\Handlers\FileHandler' driver.
INFO - 2025-02-24 01:50:20 --> Session: Class initialized using 'CodeIgniter\Session\Handlers\FileHandler' driver.
INFO - 2025-02-24 01:50:21 --> Session: Class initialized using 'CodeIgniter\Session\Handlers\FileHandler' driver.
INFO - 2025-02-24 01:50:25 --> Session: Class initialized using 'CodeIgniter\Session\Handlers\FileHandler' driver.
INFO - 2025-02-24 01:50:25 --> Session: Class initialized using 'CodeIgniter\Session\Handlers\FileHandler' driver.
INFO - 2025-02-24 01:50:26 --> Session: Class initialized using 'CodeIgniter\Session\Handlers\FileHandler' driver.
INFO - 2025-02-24 01:50:29 --> Session: Class initialized using 'CodeIgniter\Session\Handlers\FileHandler' driver.
INFO - 2025-02-24 01:50:29 --> Session: Class initialized using 'CodeIgniter\Session\Handlers\FileHandler' driver.
INFO - 2025-02-24 01:50:34 --> Session: Class initialized using 'CodeIgniter\Session\Handlers\FileHandler' driver.
INFO - 2025-02-24 01:50:35 --> Session: Class initialized using 'CodeIgniter\Session\Handlers\FileHandler' driver.
INFO - 2025-02-24 01:50:40 --> Session: Class initialized using 'CodeIgniter\Session\Handlers\FileHandler' driver.
INFO - 2025-02-24 01:50:40 --> Session: Class initialized using 'CodeIgniter\Session\Handlers\FileHandler' driver.
INFO - 2025-02-24 01:50:41 --> Session: Class initialized using 'CodeIgniter\Session\Handlers\FileHandler' driver.
INFO - 2025-02-24 01:50:44 --> Session: Class initialized using 'CodeIgniter\Session\Handlers\FileHandler' driver.
INFO - 2025-02-24 01:50:45 --> Session: Class initialized using 'CodeIgniter\Session\Handlers\FileHandler' driver.
INFO - 2025-02-24 01:50:47 --> Session: Class initialized using 'CodeIgniter\Session\Handlers\FileHandler' driver.
INFO - 2025-02-24 01:50:48 --> Session: Class initialized using 'CodeIgniter\Session\Handlers\FileHandler' driver.
INFO - 2025-02-24 01:57:23 --> Session: Class initialized using 'CodeIgniter\Session\Handlers\FileHandler' driver.
INFO - 2025-02-24 01:57:23 --> Session: Class initialized using 'CodeIgniter\Session\Handlers\FileHandler' driver.
INFO - 2025-02-24 01:57:27 --> Session: Class initialized using 'CodeIgniter\Session\Handlers\FileHandler' driver.
INFO - 2025-02-24 01:57:28 --> Session: Class initialized using 'CodeIgniter\Session\Handlers\FileHandler' driver.
INFO - 2025-02-24 01:57:45 --> Session: Class initialized using 'CodeIgniter\Session\Handlers\FileHandler' driver.
INFO - 2025-02-24 01:57:45 --> Session: Class initialized using 'CodeIgniter\Session\Handlers\FileHandler' driver.
INFO - 2025-02-24 01:57:46 --> Session: Class initialized using 'CodeIgniter\Session\Handlers\FileHandler' driver.
INFO - 2025-02-24 01:57:49 --> Session: Class initialized using 'CodeIgniter\Session\Handlers\FileHandler' driver.
INFO - 2025-02-24 01:57:50 --> Session: Class initialized using 'CodeIgniter\Session\Handlers\FileHandler' driver.
INFO - 2025-02-24 01:58:00 --> Session: Class initialized using 'CodeIgniter\Session\Handlers\FileHandler' driver.
INFO - 2025-02-24 01:58:01 --> Session: Class initialized using 'CodeIgniter\Session\Handlers\FileHandler' driver.
INFO - 2025-02-24 01:58:05 --> Session: Class initialized using 'CodeIgniter\Session\Handlers\FileHandler' driver.
INFO - 2025-02-24 01:58:06 --> Session: Class initialized using 'CodeIgniter\Session\Handlers\FileHandler' driver.
INFO - 2025-02-24 01:58:09 --> Session: Class initialized using 'CodeIgniter\Session\Handlers\FileHandler' driver.
INFO - 2025-02-24 01:58:10 --> Session: Class initialized using 'CodeIgniter\Session\Handlers\FileHandler' driver.
INFO - 2025-02-24 01:58:12 --> Session: Class initialized using 'CodeIgniter\Session\Handlers\FileHandler' driver.
INFO - 2025-02-24 01:58:13 --> Session: Class initialized using 'CodeIgniter\Session\Handlers\FileHandler' driver.
INFO - 2025-02-24 01:58:13 --> Session: Class initialized using 'CodeIgniter\Session\Handlers\FileHandler' driver.
INFO - 2025-02-24 01:58:17 --> Session: Class initialized using 'CodeIgniter\Session\Handlers\FileHandler' driver.
INFO - 2025-02-24 01:58:18 --> Session: Class initialized using 'CodeIgniter\Session\Handlers\FileHandler' driver.
INFO - 2025-02-24 01:58:22 --> Session: Class initialized using 'CodeIgniter\Session\Handlers\FileHandler' driver.
INFO - 2025-02-24 01:58:23 --> Session: Class initialized using 'CodeIgniter\Session\Handlers\FileHandler' driver.
INFO - 2025-02-24 01:58:26 --> Session: Class initialized using 'CodeIgniter\Session\Handlers\FileHandler' driver.
INFO - 2025-02-24 01:58:27 --> Session: Class initialized using 'CodeIgniter\Session\Handlers\FileHandler' driver.
INFO - 2025-02-24 01:58:30 --> Session: Class initialized using 'CodeIgniter\Session\Handlers\FileHandler' driver.
INFO - 2025-02-24 01:58:31 --> Session: Class initialized using 'CodeIgniter\Session\Handlers\FileHandler' driver.
INFO - 2025-02-24 01:58:35 --> Session: Class initialized using 'CodeIgniter\Session\Handlers\FileHandler' driver.
INFO - 2025-02-24 01:58:36 --> Session: Class initialized using 'CodeIgniter\Session\Handlers\FileHandler' driver.
INFO - 2025-02-24 01:58:39 --> Session: Class initialized using 'CodeIgniter\Session\Handlers\FileHandler' driver.
INFO - 2025-02-24 01:58:40 --> Session: Class initialized using 'CodeIgniter\Session\Handlers\FileHandler' driver.
INFO - 2025-02-24 01:58:48 --> Session: Class initialized using 'CodeIgniter\Session\Handlers\FileHandler' driver.
INFO - 2025-02-24 01:58:49 --> Session: Class initialized using 'CodeIgniter\Session\Handlers\FileHandler' driver.
INFO - 2025-02-24 01:58:49 --> Session: Class initialized using 'CodeIgniter\Session\Handlers\FileHandler' driver.
INFO - 2025-02-24 01:58:53 --> Session: Class initialized using 'CodeIgniter\Session\Handlers\FileHandler' driver.
INFO - 2025-02-24 01:58:54 --> Session: Class initialized using 'CodeIgniter\Session\Handlers\FileHandler' driver.
INFO - 2025-02-24 01:58:55 --> Session: Class initialized using 'CodeIgniter\Session\Handlers\FileHandler' driver.
INFO - 2025-02-24 01:58:56 --> Session: Class initialized using 'CodeIgniter\Session\Handlers\FileHandler' driver.
INFO - 2025-02-24 01:59:02 --> Session: Class initialized using 'CodeIgniter\Session\Handlers\FileHandler' driver.
INFO - 2025-02-24 01:59:02 --> Session: Class initialized using 'CodeIgniter\Session\Handlers\FileHandler' driver.
INFO - 2025-02-24 01:59:06 --> Session: Class initialized using 'CodeIgniter\Session\Handlers\FileHandler' driver.
INFO - 2025-02-24 01:59:06 --> Session: Class initialized using 'CodeIgniter\Session\Handlers\FileHandler' driver.
INFO - 2025-02-24 01:59:07 --> Session: Class initialized using 'CodeIgniter\Session\Handlers\FileHandler' driver.
INFO - 2025-02-24 01:59:10 --> Session: Class initialized using 'CodeIgniter\Session\Handlers\FileHandler' driver.
INFO - 2025-02-24 01:59:11 --> Session: Class initialized using 'CodeIgniter\Session\Handlers\FileHandler' driver.
INFO - 2025-02-24 01:59:16 --> Session: Class initialized using 'CodeIgniter\Session\Handlers\FileHandler' driver.
INFO - 2025-02-24 01:59:17 --> Session: Class initialized using 'CodeIgniter\Session\Handlers\FileHandler' driver.
INFO - 2025-02-24 01:59:25 --> Session: Class initialized using 'CodeIgniter\Session\Handlers\FileHandler' driver.
CRITICAL - 2025-02-24 01:59:25 --> Unsupported operand types: string + string
in APPPATH\Controllers\PoinMarket_Admin\Transaksi.php on line 412.
 1 SYSTEMPATH\CodeIgniter.php(932): App\Controllers\PoinMarket_Admin\Transaksi->save_Transaksi()
 2 SYSTEMPATH\CodeIgniter.php(497): CodeIgniter\CodeIgniter->runController(Object(App\Controllers\PoinMarket_Admin\Transaksi))
 3 SYSTEMPATH\CodeIgniter.php(366): CodeIgniter\CodeIgniter->handleRequest(null, Object(Config\Cache), false)
 4 FCPATH\index.php(67): CodeIgniter\CodeIgniter->run()
 5 SYSTEMPATH\Commands\Server\rewrite.php(47): require_once('C:\\xampp\\htdocs\\PoinMarket\\public\\index.php')
INFO - 2025-02-24 02:00:37 --> Session: Class initialized using 'CodeIgniter\Session\Handlers\FileHandler' driver.
INFO - 2025-02-24 02:00:37 --> Session: Class initialized using 'CodeIgniter\Session\Handlers\FileHandler' driver.
INFO - 2025-02-24 02:00:38 --> Session: Class initialized using 'CodeIgniter\Session\Handlers\FileHandler' driver.
INFO - 2025-02-24 02:00:41 --> Session: Class initialized using 'CodeIgniter\Session\Handlers\FileHandler' driver.
INFO - 2025-02-24 02:00:42 --> Session: Class initialized using 'CodeIgniter\Session\Handlers\FileHandler' driver.
INFO - 2025-02-24 02:00:46 --> Session: Class initialized using 'CodeIgniter\Session\Handlers\FileHandler' driver.
INFO - 2025-02-24 02:00:46 --> Session: Class initialized using 'CodeIgniter\Session\Handlers\FileHandler' driver.
INFO - 2025-02-24 02:00:47 --> Session: Class initialized using 'CodeIgniter\Session\Handlers\FileHandler' driver.
INFO - 2025-02-24 02:00:51 --> Session: Class initialized using 'CodeIgniter\Session\Handlers\FileHandler' driver.
INFO - 2025-02-24 02:00:52 --> Session: Class initialized using 'CodeIgniter\Session\Handlers\FileHandler' driver.
INFO - 2025-02-24 02:00:57 --> Session: Class initialized using 'CodeIgniter\Session\Handlers\FileHandler' driver.
INFO - 2025-02-24 02:00:58 --> Session: Class initialized using 'CodeIgniter\Session\Handlers\FileHandler' driver.
INFO - 2025-02-24 02:02:38 --> Session: Class initialized using 'CodeIgniter\Session\Handlers\FileHandler' driver.
INFO - 2025-02-24 02:02:39 --> Session: Class initialized using 'CodeIgniter\Session\Handlers\FileHandler' driver.
INFO - 2025-02-24 02:02:43 --> Session: Class initialized using 'CodeIgniter\Session\Handlers\FileHandler' driver.
INFO - 2025-02-24 02:02:44 --> Session: Class initialized using 'CodeIgniter\Session\Handlers\FileHandler' driver.
INFO - 2025-02-24 02:02:52 --> Session: Class initialized using 'CodeIgniter\Session\Handlers\FileHandler' driver.
INFO - 2025-02-24 02:02:53 --> Session: Class initialized using 'CodeIgniter\Session\Handlers\FileHandler' driver.
INFO - 2025-02-24 02:02:53 --> Session: Class initialized using 'CodeIgniter\Session\Handlers\FileHandler' driver.
INFO - 2025-02-24 02:02:57 --> Session: Class initialized using 'CodeIgniter\Session\Handlers\FileHandler' driver.
INFO - 2025-02-24 02:02:58 --> Session: Class initialized using 'CodeIgniter\Session\Handlers\FileHandler' driver.
INFO - 2025-02-24 02:03:03 --> Session: Class initialized using 'CodeIgniter\Session\Handlers\FileHandler' driver.
INFO - 2025-02-24 02:03:04 --> Session: Class initialized using 'CodeIgniter\Session\Handlers\FileHandler' driver.
INFO - 2025-02-24 02:03:08 --> Session: Class initialized using 'CodeIgniter\Session\Handlers\FileHandler' driver.
INFO - 2025-02-24 02:03:08 --> Session: Class initialized using 'CodeIgniter\Session\Handlers\FileHandler' driver.
INFO - 2025-02-24 02:03:09 --> Session: Class initialized using 'CodeIgniter\Session\Handlers\FileHandler' driver.
INFO - 2025-02-24 02:03:12 --> Session: Class initialized using 'CodeIgniter\Session\Handlers\FileHandler' driver.
INFO - 2025-02-24 02:03:13 --> Session: Class initialized using 'CodeIgniter\Session\Handlers\FileHandler' driver.
INFO - 2025-02-24 02:04:32 --> Session: Class initialized using 'CodeIgniter\Session\Handlers\FileHandler' driver.
INFO - 2025-02-24 02:04:33 --> Session: Class initialized using 'CodeIgniter\Session\Handlers\FileHandler' driver.
INFO - 2025-02-24 02:04:35 --> Session: Class initialized using 'CodeIgniter\Session\Handlers\FileHandler' driver.
INFO - 2025-02-24 02:04:36 --> Session: Class initialized using 'CodeIgniter\Session\Handlers\FileHandler' driver.
INFO - 2025-02-24 02:04:42 --> Session: Class initialized using 'CodeIgniter\Session\Handlers\FileHandler' driver.
INFO - 2025-02-24 02:04:42 --> Session: Class initialized using 'CodeIgniter\Session\Handlers\FileHandler' driver.
INFO - 2025-02-24 02:04:53 --> Session: Class initialized using 'CodeIgniter\Session\Handlers\FileHandler' driver.
INFO - 2025-02-24 02:04:59 --> Session: Class initialized using 'CodeIgniter\Session\Handlers\FileHandler' driver.
INFO - 2025-02-24 02:05:00 --> Session: Class initialized using 'CodeIgniter\Session\Handlers\FileHandler' driver.
INFO - 2025-02-24 02:05:01 --> Session: Class initialized using 'CodeIgniter\Session\Handlers\FileHandler' driver.
INFO - 2025-02-24 02:05:28 --> Session: Class initialized using 'CodeIgniter\Session\Handlers\FileHandler' driver.
INFO - 2025-02-24 02:05:29 --> Session: Class initialized using 'CodeIgniter\Session\Handlers\FileHandler' driver.
INFO - 2025-02-24 02:05:34 --> Session: Class initialized using 'CodeIgniter\Session\Handlers\FileHandler' driver.
INFO - 2025-02-24 02:05:35 --> Session: Class initialized using 'CodeIgniter\Session\Handlers\FileHandler' driver.
INFO - 2025-02-24 02:06:28 --> Session: Class initialized using 'CodeIgniter\Session\Handlers\FileHandler' driver.
INFO - 2025-02-24 02:06:29 --> Session: Class initialized using 'CodeIgniter\Session\Handlers\FileHandler' driver.
INFO - 2025-02-24 02:06:31 --> Session: Class initialized using 'CodeIgniter\Session\Handlers\FileHandler' driver.
INFO - 2025-02-24 02:06:33 --> Session: Class initialized using 'CodeIgniter\Session\Handlers\FileHandler' driver.
INFO - 2025-02-24 02:06:35 --> Session: Class initialized using 'CodeIgniter\Session\Handlers\FileHandler' driver.
INFO - 2025-02-24 02:06:36 --> Session: Class initialized using 'CodeIgniter\Session\Handlers\FileHandler' driver.
INFO - 2025-02-24 02:06:54 --> Session: Class initialized using 'CodeIgniter\Session\Handlers\FileHandler' driver.
INFO - 2025-02-24 02:06:54 --> Session: Class initialized using 'CodeIgniter\Session\Handlers\FileHandler' driver.
INFO - 2025-02-24 02:06:55 --> Session: Class initialized using 'CodeIgniter\Session\Handlers\FileHandler' driver.
INFO - 2025-02-24 02:06:58 --> Session: Class initialized using 'CodeIgniter\Session\Handlers\FileHandler' driver.
INFO - 2025-02-24 02:06:59 --> Session: Class initialized using 'CodeIgniter\Session\Handlers\FileHandler' driver.
INFO - 2025-02-24 02:07:01 --> Session: Class initialized using 'CodeIgniter\Session\Handlers\FileHandler' driver.
INFO - 2025-02-24 02:07:02 --> Session: Class initialized using 'CodeIgniter\Session\Handlers\FileHandler' driver.
INFO - 2025-02-24 02:07:02 --> Session: Class initialized using 'CodeIgniter\Session\Handlers\FileHandler' driver.
INFO - 2025-02-24 02:07:03 --> Session: Class initialized using 'CodeIgniter\Session\Handlers\FileHandler' driver.
INFO - 2025-02-24 02:07:03 --> Session: Class initialized using 'CodeIgniter\Session\Handlers\FileHandler' driver.
INFO - 2025-02-24 02:07:06 --> Session: Class initialized using 'CodeIgniter\Session\Handlers\FileHandler' driver.
INFO - 2025-02-24 02:07:07 --> Session: Class initialized using 'CodeIgniter\Session\Handlers\FileHandler' driver.
INFO - 2025-02-24 02:10:23 --> Session: Class initialized using 'CodeIgniter\Session\Handlers\FileHandler' driver.
INFO - 2025-02-24 02:10:23 --> Session: Class initialized using 'CodeIgniter\Session\Handlers\FileHandler' driver.
INFO - 2025-02-24 02:10:26 --> Session: Class initialized using 'CodeIgniter\Session\Handlers\FileHandler' driver.
INFO - 2025-02-24 02:10:27 --> Session: Class initialized using 'CodeIgniter\Session\Handlers\FileHandler' driver.
INFO - 2025-02-24 02:10:30 --> Session: Class initialized using 'CodeIgniter\Session\Handlers\FileHandler' driver.
INFO - 2025-02-24 02:10:31 --> Session: Class initialized using 'CodeIgniter\Session\Handlers\FileHandler' driver.
INFO - 2025-02-24 02:10:39 --> Session: Class initialized using 'CodeIgniter\Session\Handlers\FileHandler' driver.
CRITICAL - 2025-02-24 02:10:39 --> Undefined property: App\Controllers\PoinMarket_Admin\Transaksi::$db
in APPPATH\Controllers\PoinMarket_Admin\Transaksi.php on line 429.
 1 APPPATH\Controllers\PoinMarket_Admin\Transaksi.php(429): CodeIgniter\Debug\Exceptions->errorHandler(2, 'Undefined property: App\\Controllers\\PoinMarket_Admin\\Transaksi::$db', 'C:\\xampp\\htdocs\\PoinMarket\\app\\Controllers\\PoinMarket_Admin\\Transaksi.php', 429)
 2 SYSTEMPATH\CodeIgniter.php(932): App\Controllers\PoinMarket_Admin\Transaksi->save_Transaksi()
 3 SYSTEMPATH\CodeIgniter.php(497): CodeIgniter\CodeIgniter->runController(Object(App\Controllers\PoinMarket_Admin\Transaksi))
 4 SYSTEMPATH\CodeIgniter.php(366): CodeIgniter\CodeIgniter->handleRequest(null, Object(Config\Cache), false)
 5 FCPATH\index.php(67): CodeIgniter\CodeIgniter->run()
 6 SYSTEMPATH\Commands\Server\rewrite.php(47): require_once('C:\\xampp\\htdocs\\PoinMarket\\public\\index.php')
INFO - 2025-02-24 02:11:55 --> Session: Class initialized using 'CodeIgniter\Session\Handlers\FileHandler' driver.
INFO - 2025-02-24 02:11:56 --> Session: Class initialized using 'CodeIgniter\Session\Handlers\FileHandler' driver.
INFO - 2025-02-24 02:11:57 --> Session: Class initialized using 'CodeIgniter\Session\Handlers\FileHandler' driver.
INFO - 2025-02-24 02:11:58 --> Session: Class initialized using 'CodeIgniter\Session\Handlers\FileHandler' driver.
INFO - 2025-02-24 02:12:05 --> Session: Class initialized using 'CodeIgniter\Session\Handlers\FileHandler' driver.
INFO - 2025-02-24 02:12:05 --> Session: Class initialized using 'CodeIgniter\Session\Handlers\FileHandler' driver.
INFO - 2025-02-24 02:12:06 --> Session: Class initialized using 'CodeIgniter\Session\Handlers\FileHandler' driver.
INFO - 2025-02-24 02:12:10 --> Session: Class initialized using 'CodeIgniter\Session\Handlers\FileHandler' driver.
INFO - 2025-02-24 02:12:11 --> Session: Class initialized using 'CodeIgniter\Session\Handlers\FileHandler' driver.
INFO - 2025-02-24 02:12:26 --> Session: Class initialized using 'CodeIgniter\Session\Handlers\FileHandler' driver.
INFO - 2025-02-24 02:12:27 --> Session: Class initialized using 'CodeIgniter\Session\Handlers\FileHandler' driver.
INFO - 2025-02-24 02:14:23 --> Session: Class initialized using 'CodeIgniter\Session\Handlers\FileHandler' driver.
INFO - 2025-02-24 02:14:24 --> Session: Class initialized using 'CodeIgniter\Session\Handlers\FileHandler' driver.
INFO - 2025-02-24 02:14:24 --> Session: Class initialized using 'CodeIgniter\Session\Handlers\FileHandler' driver.
INFO - 2025-02-24 02:14:27 --> Session: Class initialized using 'CodeIgniter\Session\Handlers\FileHandler' driver.
INFO - 2025-02-24 02:14:29 --> Session: Class initialized using 'CodeIgniter\Session\Handlers\FileHandler' driver.
INFO - 2025-02-24 02:14:34 --> Session: Class initialized using 'CodeIgniter\Session\Handlers\FileHandler' driver.
INFO - 2025-02-24 02:14:34 --> Session: Class initialized using 'CodeIgniter\Session\Handlers\FileHandler' driver.
INFO - 2025-02-24 02:14:42 --> Session: Class initialized using 'CodeIgniter\Session\Handlers\FileHandler' driver.
INFO - 2025-02-24 02:14:43 --> Session: Class initialized using 'CodeIgniter\Session\Handlers\FileHandler' driver.
INFO - 2025-02-24 02:14:43 --> Session: Class initialized using 'CodeIgniter\Session\Handlers\FileHandler' driver.
INFO - 2025-02-24 02:14:48 --> Session: Class initialized using 'CodeIgniter\Session\Handlers\FileHandler' driver.
INFO - 2025-02-24 02:14:49 --> Session: Class initialized using 'CodeIgniter\Session\Handlers\FileHandler' driver.
INFO - 2025-02-24 02:17:24 --> Session: Class initialized using 'CodeIgniter\Session\Handlers\FileHandler' driver.
INFO - 2025-02-24 02:17:25 --> Session: Class initialized using 'CodeIgniter\Session\Handlers\FileHandler' driver.
INFO - 2025-02-24 02:17:30 --> Session: Class initialized using 'CodeIgniter\Session\Handlers\FileHandler' driver.
INFO - 2025-02-24 02:17:31 --> Session: Class initialized using 'CodeIgniter\Session\Handlers\FileHandler' driver.
INFO - 2025-02-24 02:17:40 --> Session: Class initialized using 'CodeIgniter\Session\Handlers\FileHandler' driver.
INFO - 2025-02-24 02:17:41 --> Session: Class initialized using 'CodeIgniter\Session\Handlers\FileHandler' driver.
INFO - 2025-02-24 02:17:47 --> Session: Class initialized using 'CodeIgniter\Session\Handlers\FileHandler' driver.
INFO - 2025-02-24 02:17:47 --> Session: Class initialized using 'CodeIgniter\Session\Handlers\FileHandler' driver.
INFO - 2025-02-24 02:17:48 --> Session: Class initialized using 'CodeIgniter\Session\Handlers\FileHandler' driver.
INFO - 2025-02-24 02:17:51 --> Session: Class initialized using 'CodeIgniter\Session\Handlers\FileHandler' driver.
INFO - 2025-02-24 02:17:52 --> Session: Class initialized using 'CodeIgniter\Session\Handlers\FileHandler' driver.
INFO - 2025-02-24 02:18:12 --> Session: Class initialized using 'CodeIgniter\Session\Handlers\FileHandler' driver.
INFO - 2025-02-24 02:18:13 --> Session: Class initialized using 'CodeIgniter\Session\Handlers\FileHandler' driver.
INFO - 2025-02-24 02:18:22 --> Session: Class initialized using 'CodeIgniter\Session\Handlers\FileHandler' driver.
INFO - 2025-02-24 02:18:22 --> Session: Class initialized using 'CodeIgniter\Session\Handlers\FileHandler' driver.
INFO - 2025-02-24 02:18:33 --> Session: Class initialized using 'CodeIgniter\Session\Handlers\FileHandler' driver.
INFO - 2025-02-24 02:18:34 --> Session: Class initialized using 'CodeIgniter\Session\Handlers\FileHandler' driver.
INFO - 2025-02-24 02:18:36 --> Session: Class initialized using 'CodeIgniter\Session\Handlers\FileHandler' driver.
INFO - 2025-02-24 02:18:38 --> Session: Class initialized using 'CodeIgniter\Session\Handlers\FileHandler' driver.
INFO - 2025-02-24 02:18:49 --> Session: Class initialized using 'CodeIgniter\Session\Handlers\FileHandler' driver.
INFO - 2025-02-24 02:18:50 --> Session: Class initialized using 'CodeIgniter\Session\Handlers\FileHandler' driver.
INFO - 2025-02-24 02:18:55 --> Session: Class initialized using 'CodeIgniter\Session\Handlers\FileHandler' driver.
INFO - 2025-02-24 02:18:56 --> Session: Class initialized using 'CodeIgniter\Session\Handlers\FileHandler' driver.
INFO - 2025-02-24 02:18:58 --> Session: Class initialized using 'CodeIgniter\Session\Handlers\FileHandler' driver.
INFO - 2025-02-24 02:18:59 --> Session: Class initialized using 'CodeIgniter\Session\Handlers\FileHandler' driver.
INFO - 2025-02-24 02:19:11 --> Session: Class initialized using 'CodeIgniter\Session\Handlers\FileHandler' driver.
INFO - 2025-02-24 02:19:12 --> Session: Class initialized using 'CodeIgniter\Session\Handlers\FileHandler' driver.
INFO - 2025-02-24 02:21:48 --> Session: Class initialized using 'CodeIgniter\Session\Handlers\FileHandler' driver.
INFO - 2025-02-24 02:21:49 --> Session: Class initialized using 'CodeIgniter\Session\Handlers\FileHandler' driver.
INFO - 2025-02-24 02:21:59 --> Session: Class initialized using 'CodeIgniter\Session\Handlers\FileHandler' driver.
INFO - 2025-02-24 02:22:01 --> Session: Class initialized using 'CodeIgniter\Session\Handlers\FileHandler' driver.
INFO - 2025-02-24 02:23:31 --> Session: Class initialized using 'CodeIgniter\Session\Handlers\FileHandler' driver.
INFO - 2025-02-24 02:23:32 --> Session: Class initialized using 'CodeIgniter\Session\Handlers\FileHandler' driver.
INFO - 2025-02-24 02:23:38 --> Session: Class initialized using 'CodeIgniter\Session\Handlers\FileHandler' driver.
INFO - 2025-02-24 02:23:39 --> Session: Class initialized using 'CodeIgniter\Session\Handlers\FileHandler' driver.
INFO - 2025-02-24 02:23:48 --> Session: Class initialized using 'CodeIgniter\Session\Handlers\FileHandler' driver.
WARNING - 2025-02-24 02:23:48 --> [DEPRECATED] strtotime(): Passing null to parameter #1 ($datetime) of type string is deprecated in APPPATH\Views\PoinMarket_Admin\Tabel\tabel_user.php on line 92.
 1 APPPATH\Views\PoinMarket_Admin\Tabel\tabel_user.php(92): strtotime(null)
 2 SYSTEMPATH\View\View.php(224): include('C:\\xampp\\htdocs\\PoinMarket\\app\\Views\\PoinMarket_Admin\\Tabel\\tabel_user.php')
 3 SYSTEMPATH\View\View.php(227): CodeIgniter\View\View->CodeIgniter\View\{closure}()
 4 SYSTEMPATH\View\View.php(452): CodeIgniter\View\View->render('PoinMarket_Admin/Tabel/tabel_user', null, true)
 5 APPPATH\Views\PoinMarket_Admin\Page\user.php(66): CodeIgniter\View\View->include('PoinMarket_Admin/Tabel/tabel_user')
 6 SYSTEMPATH\View\View.php(224): include('C:\\xampp\\htdocs\\PoinMarket\\app\\Views\\PoinMarket_Admin\\Page\\user.php')
 7 SYSTEMPATH\View\View.php(227): CodeIgniter\View\View->CodeIgniter\View\{closure}()
 8 SYSTEMPATH\Common.php(1180): CodeIgniter\View\View->render('PoinMarket_Admin/Page/user', [], true)
 9 APPPATH\Controllers\PoinMarket_Admin\User.php(73): view('PoinMarket_Admin/Page/user', [...])
10 SYSTEMPATH\CodeIgniter.php(932): App\Controllers\PoinMarket_Admin\User->index()
11 SYSTEMPATH\CodeIgniter.php(497): CodeIgniter\CodeIgniter->runController(Object(App\Controllers\PoinMarket_Admin\User))
12 SYSTEMPATH\CodeIgniter.php(366): CodeIgniter\CodeIgniter->handleRequest(null, Object(Config\Cache), false)
13 FCPATH\index.php(67): CodeIgniter\CodeIgniter->run()
14 SYSTEMPATH\Commands\Server\rewrite.php(47): require_once('C:\\xampp\\htdocs\\PoinMarket\\public\\index.php')
WARNING - 2025-02-24 02:23:48 --> [DEPRECATED] strtotime(): Passing null to parameter #1 ($datetime) of type string is deprecated in APPPATH\Views\PoinMarket_Admin\Tabel\tabel_user.php on line 92.
 1 APPPATH\Views\PoinMarket_Admin\Tabel\tabel_user.php(92): strtotime(null)
 2 SYSTEMPATH\View\View.php(224): include('C:\\xampp\\htdocs\\PoinMarket\\app\\Views\\PoinMarket_Admin\\Tabel\\tabel_user.php')
 3 SYSTEMPATH\View\View.php(227): CodeIgniter\View\View->CodeIgniter\View\{closure}()
 4 SYSTEMPATH\View\View.php(452): CodeIgniter\View\View->render('PoinMarket_Admin/Tabel/tabel_user', null, true)
 5 APPPATH\Views\PoinMarket_Admin\Page\user.php(66): CodeIgniter\View\View->include('PoinMarket_Admin/Tabel/tabel_user')
 6 SYSTEMPATH\View\View.php(224): include('C:\\xampp\\htdocs\\PoinMarket\\app\\Views\\PoinMarket_Admin\\Page\\user.php')
 7 SYSTEMPATH\View\View.php(227): CodeIgniter\View\View->CodeIgniter\View\{closure}()
 8 SYSTEMPATH\Common.php(1180): CodeIgniter\View\View->render('PoinMarket_Admin/Page/user', [], true)
 9 APPPATH\Controllers\PoinMarket_Admin\User.php(73): view('PoinMarket_Admin/Page/user', [...])
10 SYSTEMPATH\CodeIgniter.php(932): App\Controllers\PoinMarket_Admin\User->index()
11 SYSTEMPATH\CodeIgniter.php(497): CodeIgniter\CodeIgniter->runController(Object(App\Controllers\PoinMarket_Admin\User))
12 SYSTEMPATH\CodeIgniter.php(366): CodeIgniter\CodeIgniter->handleRequest(null, Object(Config\Cache), false)
13 FCPATH\index.php(67): CodeIgniter\CodeIgniter->run()
14 SYSTEMPATH\Commands\Server\rewrite.php(47): require_once('C:\\xampp\\htdocs\\PoinMarket\\public\\index.php')
INFO - 2025-02-24 02:23:48 --> Session: Class initialized using 'CodeIgniter\Session\Handlers\FileHandler' driver.
WARNING - 2025-02-24 02:23:48 --> [DEPRECATED] strtotime(): Passing null to parameter #1 ($datetime) of type string is deprecated in APPPATH\Views\PoinMarket_Admin\Tabel\tabel_user.php on line 92.
 1 APPPATH\Views\PoinMarket_Admin\Tabel\tabel_user.php(92): strtotime(null)
 2 SYSTEMPATH\View\View.php(224): include('C:\\xampp\\htdocs\\PoinMarket\\app\\Views\\PoinMarket_Admin\\Tabel\\tabel_user.php')
 3 SYSTEMPATH\View\View.php(227): CodeIgniter\View\View->CodeIgniter\View\{closure}()
 4 SYSTEMPATH\View\View.php(452): CodeIgniter\View\View->render('PoinMarket_Admin/Tabel/tabel_user', null, true)
 5 APPPATH\Views\PoinMarket_Admin\Page\user.php(66): CodeIgniter\View\View->include('PoinMarket_Admin/Tabel/tabel_user')
 6 SYSTEMPATH\View\View.php(224): include('C:\\xampp\\htdocs\\PoinMarket\\app\\Views\\PoinMarket_Admin\\Page\\user.php')
 7 SYSTEMPATH\View\View.php(227): CodeIgniter\View\View->CodeIgniter\View\{closure}()
 8 SYSTEMPATH\Common.php(1180): CodeIgniter\View\View->render('PoinMarket_Admin/Page/user', [], true)
 9 APPPATH\Controllers\PoinMarket_Admin\User.php(73): view('PoinMarket_Admin/Page/user', [...])
10 SYSTEMPATH\CodeIgniter.php(932): App\Controllers\PoinMarket_Admin\User->index()
11 SYSTEMPATH\CodeIgniter.php(497): CodeIgniter\CodeIgniter->runController(Object(App\Controllers\PoinMarket_Admin\User))
12 SYSTEMPATH\CodeIgniter.php(366): CodeIgniter\CodeIgniter->handleRequest(null, Object(Config\Cache), false)
13 FCPATH\index.php(67): CodeIgniter\CodeIgniter->run()
14 SYSTEMPATH\Commands\Server\rewrite.php(47): require_once('C:\\xampp\\htdocs\\PoinMarket\\public\\index.php')
WARNING - 2025-02-24 02:23:48 --> [DEPRECATED] strtotime(): Passing null to parameter #1 ($datetime) of type string is deprecated in APPPATH\Views\PoinMarket_Admin\Tabel\tabel_user.php on line 92.
 1 APPPATH\Views\PoinMarket_Admin\Tabel\tabel_user.php(92): strtotime(null)
 2 SYSTEMPATH\View\View.php(224): include('C:\\xampp\\htdocs\\PoinMarket\\app\\Views\\PoinMarket_Admin\\Tabel\\tabel_user.php')
 3 SYSTEMPATH\View\View.php(227): CodeIgniter\View\View->CodeIgniter\View\{closure}()
 4 SYSTEMPATH\View\View.php(452): CodeIgniter\View\View->render('PoinMarket_Admin/Tabel/tabel_user', null, true)
 5 APPPATH\Views\PoinMarket_Admin\Page\user.php(66): CodeIgniter\View\View->include('PoinMarket_Admin/Tabel/tabel_user')
 6 SYSTEMPATH\View\View.php(224): include('C:\\xampp\\htdocs\\PoinMarket\\app\\Views\\PoinMarket_Admin\\Page\\user.php')
 7 SYSTEMPATH\View\View.php(227): CodeIgniter\View\View->CodeIgniter\View\{closure}()
 8 SYSTEMPATH\Common.php(1180): CodeIgniter\View\View->render('PoinMarket_Admin/Page/user', [], true)
 9 APPPATH\Controllers\PoinMarket_Admin\User.php(73): view('PoinMarket_Admin/Page/user', [...])
10 SYSTEMPATH\CodeIgniter.php(932): App\Controllers\PoinMarket_Admin\User->index()
11 SYSTEMPATH\CodeIgniter.php(497): CodeIgniter\CodeIgniter->runController(Object(App\Controllers\PoinMarket_Admin\User))
12 SYSTEMPATH\CodeIgniter.php(366): CodeIgniter\CodeIgniter->handleRequest(null, Object(Config\Cache), false)
13 FCPATH\index.php(67): CodeIgniter\CodeIgniter->run()
14 SYSTEMPATH\Commands\Server\rewrite.php(47): require_once('C:\\xampp\\htdocs\\PoinMarket\\public\\index.php')
INFO - 2025-02-24 02:24:27 --> Session: Class initialized using 'CodeIgniter\Session\Handlers\FileHandler' driver.
INFO - 2025-02-24 02:24:28 --> Session: Class initialized using 'CodeIgniter\Session\Handlers\FileHandler' driver.
INFO - 2025-02-24 02:24:35 --> Session: Class initialized using 'CodeIgniter\Session\Handlers\FileHandler' driver.
INFO - 2025-02-24 02:24:35 --> Session: Class initialized using 'CodeIgniter\Session\Handlers\FileHandler' driver.
INFO - 2025-02-24 02:24:48 --> Session: Class initialized using 'CodeIgniter\Session\Handlers\FileHandler' driver.
INFO - 2025-02-24 02:24:49 --> Session: Class initialized using 'CodeIgniter\Session\Handlers\FileHandler' driver.
INFO - 2025-02-24 02:24:53 --> Session: Class initialized using 'CodeIgniter\Session\Handlers\FileHandler' driver.
INFO - 2025-02-24 02:24:54 --> Session: Class initialized using 'CodeIgniter\Session\Handlers\FileHandler' driver.
INFO - 2025-02-24 02:26:29 --> Session: Class initialized using 'CodeIgniter\Session\Handlers\FileHandler' driver.
INFO - 2025-02-24 02:26:30 --> Session: Class initialized using 'CodeIgniter\Session\Handlers\FileHandler' driver.
INFO - 2025-02-24 02:26:34 --> Session: Class initialized using 'CodeIgniter\Session\Handlers\FileHandler' driver.
INFO - 2025-02-24 02:26:35 --> Session: Class initialized using 'CodeIgniter\Session\Handlers\FileHandler' driver.
INFO - 2025-02-24 02:27:14 --> Session: Class initialized using 'CodeIgniter\Session\Handlers\FileHandler' driver.
INFO - 2025-02-24 02:27:15 --> Session: Class initialized using 'CodeIgniter\Session\Handlers\FileHandler' driver.
INFO - 2025-02-24 02:28:35 --> Session: Class initialized using 'CodeIgniter\Session\Handlers\FileHandler' driver.
INFO - 2025-02-24 02:28:36 --> Session: Class initialized using 'CodeIgniter\Session\Handlers\FileHandler' driver.
INFO - 2025-02-24 02:28:57 --> Session: Class initialized using 'CodeIgniter\Session\Handlers\FileHandler' driver.
INFO - 2025-02-24 02:28:58 --> Session: Class initialized using 'CodeIgniter\Session\Handlers\FileHandler' driver.
INFO - 2025-02-24 02:33:12 --> Session: Class initialized using 'CodeIgniter\Session\Handlers\FileHandler' driver.
INFO - 2025-02-24 02:33:13 --> Session: Class initialized using 'CodeIgniter\Session\Handlers\FileHandler' driver.
CRITICAL - 2025-02-24 02:33:48 --> Invalid file: "layout/template.php"
in SYSTEMPATH\Exceptions\FrameworkException.php on line 33.
 1 SYSTEMPATH\View\View.php(212): CodeIgniter\Exceptions\FrameworkException::forInvalidFile('layout/template.php')
 2 SYSTEMPATH\View\View.php(240): CodeIgniter\View\View->render('layout/template', [], true)
 3 SYSTEMPATH\Common.php(1180): CodeIgniter\View\View->render('PoinMarket/wallet', [], true)
 4 APPPATH\Controllers\PoinMarket\Wallet.php(22): view('PoinMarket/wallet')
 5 SYSTEMPATH\CodeIgniter.php(932): App\Controllers\PoinMarket\Wallet->index()
 6 SYSTEMPATH\CodeIgniter.php(497): CodeIgniter\CodeIgniter->runController(Object(App\Controllers\PoinMarket\Wallet))
 7 SYSTEMPATH\CodeIgniter.php(366): CodeIgniter\CodeIgniter->handleRequest(null, Object(Config\Cache), false)
 8 FCPATH\index.php(67): CodeIgniter\CodeIgniter->run()
 9 SYSTEMPATH\Commands\Server\rewrite.php(47): require_once('C:\\xampp\\htdocs\\PoinMarket\\public\\index.php')
INFO - 2025-02-24 02:35:37 --> Session: Class initialized using 'CodeIgniter\Session\Handlers\FileHandler' driver.
CRITICAL - 2025-02-24 02:36:16 --> Undefined variable $title
in APPPATH\Views\PoinMarket_Admin\Template\dashboard.php on line 7.
 1 APPPATH\Views\PoinMarket_Admin\Template\dashboard.php(7): CodeIgniter\Debug\Exceptions->errorHandler(2, 'Undefined variable $title', 'C:\\xampp\\htdocs\\PoinMarket\\app\\Views\\PoinMarket_Admin\\Template\\dashboard.php', 7)
 2 SYSTEMPATH\View\View.php(224): include('C:\\xampp\\htdocs\\PoinMarket\\app\\Views\\PoinMarket_Admin\\Template\\dashboard.php')
 3 SYSTEMPATH\View\View.php(227): CodeIgniter\View\View->CodeIgniter\View\{closure}()
 4 SYSTEMPATH\View\View.php(240): CodeIgniter\View\View->render('PoinMarket_Admin/Template/dashboard', [], true)
 5 SYSTEMPATH\Common.php(1180): CodeIgniter\View\View->render('PoinMarket/wallet', [], true)
 6 APPPATH\Controllers\PoinMarket\Wallet.php(22): view('PoinMarket/wallet')
 7 SYSTEMPATH\CodeIgniter.php(932): App\Controllers\PoinMarket\Wallet->index()
 8 SYSTEMPATH\CodeIgniter.php(497): CodeIgniter\CodeIgniter->runController(Object(App\Controllers\PoinMarket\Wallet))
 9 SYSTEMPATH\CodeIgniter.php(366): CodeIgniter\CodeIgniter->handleRequest(null, Object(Config\Cache), false)
10 FCPATH\index.php(67): CodeIgniter\CodeIgniter->run()
11 SYSTEMPATH\Commands\Server\rewrite.php(47): require_once('C:\\xampp\\htdocs\\PoinMarket\\public\\index.php')
CRITICAL - 2025-02-24 02:37:02 --> Undefined variable $topMenuPages
in APPPATH\Views\PoinMarket_Admin\Template\topmenu.php on line 7.
 1 APPPATH\Views\PoinMarket_Admin\Template\topmenu.php(7): CodeIgniter\Debug\Exceptions->errorHandler(2, 'Undefined variable $topMenuPages', 'C:\\xampp\\htdocs\\PoinMarket\\app\\Views\\PoinMarket_Admin\\Template\\topmenu.php', 7)
 2 SYSTEMPATH\View\View.php(224): include('C:\\xampp\\htdocs\\PoinMarket\\app\\Views\\PoinMarket_Admin\\Template\\topmenu.php')
 3 SYSTEMPATH\View\View.php(227): CodeIgniter\View\View->CodeIgniter\View\{closure}()
 4 SYSTEMPATH\View\View.php(452): CodeIgniter\View\View->render('PoinMarket_Admin/Template/topmenu', null, true)
 5 APPPATH\Views\PoinMarket_Admin\Template\dashboard.php(239): CodeIgniter\View\View->include('PoinMarket_Admin/Template/topmenu')
 6 SYSTEMPATH\View\View.php(224): include('C:\\xampp\\htdocs\\PoinMarket\\app\\Views\\PoinMarket_Admin\\Template\\dashboard.php')
 7 SYSTEMPATH\View\View.php(227): CodeIgniter\View\View->CodeIgniter\View\{closure}()
 8 SYSTEMPATH\View\View.php(240): CodeIgniter\View\View->render('PoinMarket_Admin/Template/dashboard', [], true)
 9 SYSTEMPATH\Common.php(1180): CodeIgniter\View\View->render('PoinMarket/wallet', [], true)
10 APPPATH\Controllers\PoinMarket\Wallet.php(26): view('PoinMarket/wallet', [...])
11 SYSTEMPATH\CodeIgniter.php(932): App\Controllers\PoinMarket\Wallet->index()
12 SYSTEMPATH\CodeIgniter.php(497): CodeIgniter\CodeIgniter->runController(Object(App\Controllers\PoinMarket\Wallet))
13 SYSTEMPATH\CodeIgniter.php(366): CodeIgniter\CodeIgniter->handleRequest(null, Object(Config\Cache), false)
14 FCPATH\index.php(67): CodeIgniter\CodeIgniter->run()
15 SYSTEMPATH\Commands\Server\rewrite.php(47): require_once('C:\\xampp\\htdocs\\PoinMarket\\public\\index.php')
INFO - 2025-02-24 02:37:19 --> Session: Class initialized using 'CodeIgniter\Session\Handlers\FileHandler' driver.
INFO - 2025-02-24 02:40:30 --> Session: Class initialized using 'CodeIgniter\Session\Handlers\FileHandler' driver.
INFO - 2025-02-24 02:42:21 --> Session: Class initialized using 'CodeIgniter\Session\Handlers\FileHandler' driver.
INFO - 2025-02-24 02:52:33 --> Session: Class initialized using 'CodeIgniter\Session\Handlers\FileHandler' driver.
INFO - 2025-02-24 02:52:33 --> Session: Class initialized using 'CodeIgniter\Session\Handlers\FileHandler' driver.
INFO - 2025-02-24 02:52:42 --> Session: Class initialized using 'CodeIgniter\Session\Handlers\FileHandler' driver.
INFO - 2025-02-24 02:52:43 --> Session: Class initialized using 'CodeIgniter\Session\Handlers\FileHandler' driver.
CRITICAL - 2025-02-24 02:58:44 --> "tokenAuth" filter must have a matching alias defined.
in SYSTEMPATH\Filters\Filters.php on line 340.
 1 SYSTEMPATH\Filters\Filters.php(340): CodeIgniter\Filters\Exceptions\FilterException::forNoAlias('tokenAuth')
 2 SYSTEMPATH\CodeIgniter.php(464): CodeIgniter\Filters\Filters->enableFilter('tokenAuth', 'before')
 3 SYSTEMPATH\CodeIgniter.php(366): CodeIgniter\CodeIgniter->handleRequest(null, Object(Config\Cache), false)
 4 FCPATH\index.php(67): CodeIgniter\CodeIgniter->run()
 5 SYSTEMPATH\Commands\Server\rewrite.php(47): require_once('C:\\xampp\\htdocs\\PoinMarket\\public\\index.php')
INFO - 2025-02-24 02:59:20 --> Session: Class initialized using 'CodeIgniter\Session\Handlers\FileHandler' driver.
INFO - 2025-02-24 02:59:23 --> Session: Class initialized using 'CodeIgniter\Session\Handlers\FileHandler' driver.
INFO - 2025-02-24 02:59:35 --> Session: Class initialized using 'CodeIgniter\Session\Handlers\FileHandler' driver.
DEBUG - 2025-02-24 02:59:35 --> Token updated and saved to session for user ID: 13
INFO - 2025-02-24 02:59:35 --> Session: Class initialized using 'CodeIgniter\Session\Handlers\FileHandler' driver.
INFO - 2025-02-24 02:59:36 --> Session: Class initialized using 'CodeIgniter\Session\Handlers\FileHandler' driver.
INFO - 2025-02-24 02:59:40 --> Session: Class initialized using 'CodeIgniter\Session\Handlers\FileHandler' driver.
INFO - 2025-02-24 02:59:51 --> Session: Class initialized using 'CodeIgniter\Session\Handlers\FileHandler' driver.
INFO - 2025-02-24 02:59:51 --> Session: Class initialized using 'CodeIgniter\Session\Handlers\FileHandler' driver.
INFO - 2025-02-24 02:59:54 --> Session: Class initialized using 'CodeIgniter\Session\Handlers\FileHandler' driver.
INFO - 2025-02-24 03:01:57 --> Session: Class initialized using 'CodeIgniter\Session\Handlers\FileHandler' driver.
INFO - 2025-02-24 03:02:13 --> Session: Class initialized using 'CodeIgniter\Session\Handlers\FileHandler' driver.
DEBUG - 2025-02-24 03:02:13 --> Token updated and saved to session for user ID: 13
INFO - 2025-02-24 03:02:14 --> Session: Class initialized using 'CodeIgniter\Session\Handlers\FileHandler' driver.
INFO - 2025-02-24 03:02:14 --> Session: Class initialized using 'CodeIgniter\Session\Handlers\FileHandler' driver.
INFO - 2025-02-24 03:02:17 --> Session: Class initialized using 'CodeIgniter\Session\Handlers\FileHandler' driver.
INFO - 2025-02-24 03:02:18 --> Session: Class initialized using 'CodeIgniter\Session\Handlers\FileHandler' driver.
INFO - 2025-02-24 03:02:20 --> Session: Class initialized using 'CodeIgniter\Session\Handlers\FileHandler' driver.
INFO - 2025-02-24 03:03:02 --> Session: Class initialized using 'CodeIgniter\Session\Handlers\FileHandler' driver.
INFO - 2025-02-24 03:03:02 --> Session: Class initialized using 'CodeIgniter\Session\Handlers\FileHandler' driver.
INFO - 2025-02-24 03:03:47 --> Session: Class initialized using 'CodeIgniter\Session\Handlers\FileHandler' driver.
INFO - 2025-02-24 03:03:47 --> Session: Class initialized using 'CodeIgniter\Session\Handlers\FileHandler' driver.
INFO - 2025-02-24 03:03:53 --> Session: Class initialized using 'CodeIgniter\Session\Handlers\FileHandler' driver.
CRITICAL - 2025-02-24 03:03:53 --> Undefined property: stdClass::$token
in APPPATH\Views\PoinMarket_Admin\Page\profile.php on line 65.
 1 APPPATH\Views\PoinMarket_Admin\Page\profile.php(65): CodeIgniter\Debug\Exceptions->errorHandler(2, 'Undefined property: stdClass::$token', 'C:\\xampp\\htdocs\\PoinMarket\\app\\Views\\PoinMarket_Admin\\Page\\profile.php', 65)
 2 SYSTEMPATH\View\View.php(224): include('C:\\xampp\\htdocs\\PoinMarket\\app\\Views\\PoinMarket_Admin\\Page\\profile.php')
 3 SYSTEMPATH\View\View.php(227): CodeIgniter\View\View->CodeIgniter\View\{closure}()
 4 SYSTEMPATH\Common.php(1180): CodeIgniter\View\View->render('PoinMarket_Admin/Page/profile', [], true)
 5 APPPATH\Controllers\PoinMarket_Admin\Admin.php(100): view('PoinMarket_Admin/Page/profile', [...])
 6 SYSTEMPATH\CodeIgniter.php(932): App\Controllers\PoinMarket_Admin\Admin->profile('13')
 7 SYSTEMPATH\CodeIgniter.php(497): CodeIgniter\CodeIgniter->runController(Object(App\Controllers\PoinMarket_Admin\Admin))
 8 SYSTEMPATH\CodeIgniter.php(366): CodeIgniter\CodeIgniter->handleRequest(null, Object(Config\Cache), false)
 9 FCPATH\index.php(67): CodeIgniter\CodeIgniter->run()
10 SYSTEMPATH\Commands\Server\rewrite.php(47): require_once('C:\\xampp\\htdocs\\PoinMarket\\public\\index.php')
INFO - 2025-02-24 03:05:02 --> Session: Class initialized using 'CodeIgniter\Session\Handlers\FileHandler' driver.
INFO - 2025-02-24 03:05:03 --> Session: Class initialized using 'CodeIgniter\Session\Handlers\FileHandler' driver.
INFO - 2025-02-24 03:05:05 --> Session: Class initialized using 'CodeIgniter\Session\Handlers\FileHandler' driver.
INFO - 2025-02-24 03:05:05 --> Session: Class initialized using 'CodeIgniter\Session\Handlers\FileHandler' driver.
INFO - 2025-02-24 03:05:07 --> Session: Class initialized using 'CodeIgniter\Session\Handlers\FileHandler' driver.
CRITICAL - 2025-02-24 03:05:07 --> Undefined variable $token
in VENDORPATH\myth\auth\src\Controllers\AuthController.php on line 95.
 1 VENDORPATH\myth\auth\src\Controllers\AuthController.php(95): CodeIgniter\Debug\Exceptions->errorHandler(2, 'Undefined variable $token', 'C:\\xampp\\htdocs\\PoinMarket\\vendor\\myth\\auth\\src\\Controllers\\AuthController.php', 95)
 2 SYSTEMPATH\CodeIgniter.php(932): Myth\Auth\Controllers\AuthController->attemptLogin()
 3 SYSTEMPATH\CodeIgniter.php(497): CodeIgniter\CodeIgniter->runController(Object(Myth\Auth\Controllers\AuthController))
 4 SYSTEMPATH\CodeIgniter.php(366): CodeIgniter\CodeIgniter->handleRequest(null, Object(Config\Cache), false)
 5 FCPATH\index.php(67): CodeIgniter\CodeIgniter->run()
 6 SYSTEMPATH\Commands\Server\rewrite.php(47): require_once('C:\\xampp\\htdocs\\PoinMarket\\public\\index.php')
INFO - 2025-02-24 03:05:24 --> Session: Class initialized using 'CodeIgniter\Session\Handlers\FileHandler' driver.
INFO - 2025-02-24 03:05:25 --> Session: Class initialized using 'CodeIgniter\Session\Handlers\FileHandler' driver.
INFO - 2025-02-24 03:05:27 --> Session: Class initialized using 'CodeIgniter\Session\Handlers\FileHandler' driver.
DEBUG - 2025-02-24 03:05:27 --> Token updated and saved to session for user ID: 13
INFO - 2025-02-24 03:05:27 --> Session: Class initialized using 'CodeIgniter\Session\Handlers\FileHandler' driver.
INFO - 2025-02-24 03:05:27 --> Session: Class initialized using 'CodeIgniter\Session\Handlers\FileHandler' driver.
INFO - 2025-02-24 03:05:30 --> Session: Class initialized using 'CodeIgniter\Session\Handlers\FileHandler' driver.
CRITICAL - 2025-02-24 03:05:30 --> Undefined property: stdClass::$token
in APPPATH\Views\PoinMarket_Admin\Page\profile.php on line 65.
 1 APPPATH\Views\PoinMarket_Admin\Page\profile.php(65): CodeIgniter\Debug\Exceptions->errorHandler(2, 'Undefined property: stdClass::$token', 'C:\\xampp\\htdocs\\PoinMarket\\app\\Views\\PoinMarket_Admin\\Page\\profile.php', 65)
 2 SYSTEMPATH\View\View.php(224): include('C:\\xampp\\htdocs\\PoinMarket\\app\\Views\\PoinMarket_Admin\\Page\\profile.php')
 3 SYSTEMPATH\View\View.php(227): CodeIgniter\View\View->CodeIgniter\View\{closure}()
 4 SYSTEMPATH\Common.php(1180): CodeIgniter\View\View->render('PoinMarket_Admin/Page/profile', [], true)
 5 APPPATH\Controllers\PoinMarket_Admin\Admin.php(100): view('PoinMarket_Admin/Page/profile', [...])
 6 SYSTEMPATH\CodeIgniter.php(932): App\Controllers\PoinMarket_Admin\Admin->profile('13')
 7 SYSTEMPATH\CodeIgniter.php(497): CodeIgniter\CodeIgniter->runController(Object(App\Controllers\PoinMarket_Admin\Admin))
 8 SYSTEMPATH\CodeIgniter.php(366): CodeIgniter\CodeIgniter->handleRequest(null, Object(Config\Cache), false)
 9 FCPATH\index.php(67): CodeIgniter\CodeIgniter->run()
10 SYSTEMPATH\Commands\Server\rewrite.php(47): require_once('C:\\xampp\\htdocs\\PoinMarket\\public\\index.php')
INFO - 2025-02-24 03:07:25 --> Session: Class initialized using 'CodeIgniter\Session\Handlers\FileHandler' driver.
CRITICAL - 2025-02-24 03:07:25 --> Undefined property: stdClass::$token
in APPPATH\Views\PoinMarket_Admin\Page\profile.php on line 65.
 1 APPPATH\Views\PoinMarket_Admin\Page\profile.php(65): CodeIgniter\Debug\Exceptions->errorHandler(2, 'Undefined property: stdClass::$token', 'C:\\xampp\\htdocs\\PoinMarket\\app\\Views\\PoinMarket_Admin\\Page\\profile.php', 65)
 2 SYSTEMPATH\View\View.php(224): include('C:\\xampp\\htdocs\\PoinMarket\\app\\Views\\PoinMarket_Admin\\Page\\profile.php')
 3 SYSTEMPATH\View\View.php(227): CodeIgniter\View\View->CodeIgniter\View\{closure}()
 4 SYSTEMPATH\Common.php(1180): CodeIgniter\View\View->render('PoinMarket_Admin/Page/profile', [], true)
 5 APPPATH\Controllers\PoinMarket_Admin\Admin.php(101): view('PoinMarket_Admin/Page/profile', [...])
 6 SYSTEMPATH\CodeIgniter.php(932): App\Controllers\PoinMarket_Admin\Admin->profile('13')
 7 SYSTEMPATH\CodeIgniter.php(497): CodeIgniter\CodeIgniter->runController(Object(App\Controllers\PoinMarket_Admin\Admin))
 8 SYSTEMPATH\CodeIgniter.php(366): CodeIgniter\CodeIgniter->handleRequest(null, Object(Config\Cache), false)
 9 FCPATH\index.php(67): CodeIgniter\CodeIgniter->run()
10 SYSTEMPATH\Commands\Server\rewrite.php(47): require_once('C:\\xampp\\htdocs\\PoinMarket\\public\\index.php')
INFO - 2025-02-24 03:07:26 --> Session: Class initialized using 'CodeIgniter\Session\Handlers\FileHandler' driver.
CRITICAL - 2025-02-24 03:07:26 --> Undefined property: stdClass::$token
in APPPATH\Views\PoinMarket_Admin\Page\profile.php on line 65.
 1 APPPATH\Views\PoinMarket_Admin\Page\profile.php(65): CodeIgniter\Debug\Exceptions->errorHandler(2, 'Undefined property: stdClass::$token', 'C:\\xampp\\htdocs\\PoinMarket\\app\\Views\\PoinMarket_Admin\\Page\\profile.php', 65)
 2 SYSTEMPATH\View\View.php(224): include('C:\\xampp\\htdocs\\PoinMarket\\app\\Views\\PoinMarket_Admin\\Page\\profile.php')
 3 SYSTEMPATH\View\View.php(227): CodeIgniter\View\View->CodeIgniter\View\{closure}()
 4 SYSTEMPATH\Common.php(1180): CodeIgniter\View\View->render('PoinMarket_Admin/Page/profile', [], true)
 5 APPPATH\Controllers\PoinMarket_Admin\Admin.php(101): view('PoinMarket_Admin/Page/profile', [...])
 6 SYSTEMPATH\CodeIgniter.php(932): App\Controllers\PoinMarket_Admin\Admin->profile('13')
 7 SYSTEMPATH\CodeIgniter.php(497): CodeIgniter\CodeIgniter->runController(Object(App\Controllers\PoinMarket_Admin\Admin))
 8 SYSTEMPATH\CodeIgniter.php(366): CodeIgniter\CodeIgniter->handleRequest(null, Object(Config\Cache), false)
 9 FCPATH\index.php(67): CodeIgniter\CodeIgniter->run()
10 SYSTEMPATH\Commands\Server\rewrite.php(47): require_once('C:\\xampp\\htdocs\\PoinMarket\\public\\index.php')
ERROR - 2025-02-24 03:08:43 --> mysqli_sql_exception: Duplicate column name 'token' in C:\xampp\htdocs\PoinMarket\system\Database\MySQLi\Connection.php:295
Stack trace:
#0 C:\xampp\htdocs\PoinMarket\system\Database\MySQLi\Connection.php(295): mysqli->query('ALTER TABLE `us...', 0)
#1 C:\xampp\htdocs\PoinMarket\system\Database\BaseConnection.php(692): CodeIgniter\Database\MySQLi\Connection->execute('ALTER TABLE `us...')
#2 C:\xampp\htdocs\PoinMarket\system\Database\BaseConnection.php(606): CodeIgniter\Database\BaseConnection->simpleQuery('ALTER TABLE `us...')
#3 C:\xampp\htdocs\PoinMarket\system\Database\Forge.php(745): CodeIgniter\Database\BaseConnection->query('ALTER TABLE `us...')
#4 C:\xampp\htdocs\PoinMarket\app\Database\Migrations\2024-02-24-030736_AddTokenToUsers.php(11): CodeIgniter\Database\Forge->addColumn('users', Array)
#5 C:\xampp\htdocs\PoinMarket\system\Database\MigrationRunner.php(877): App\Database\Migrations\AddTokenToUsers->up()
#6 C:\xampp\htdocs\PoinMarket\system\Database\MigrationRunner.php(188): CodeIgniter\Database\MigrationRunner->migrate('up', Object(stdClass))
#7 C:\xampp\htdocs\PoinMarket\system\Commands\Database\Migrate.php(84): CodeIgniter\Database\MigrationRunner->latest(NULL)
#8 C:\xampp\htdocs\PoinMarket\system\CLI\Commands.php(65): CodeIgniter\Commands\Database\Migrate->run(Array)
#9 C:\xampp\htdocs\PoinMarket\system\CLI\Console.php(37): CodeIgniter\CLI\Commands->run('migrate', Array)
#10 C:\xampp\htdocs\PoinMarket\spark(97): CodeIgniter\CLI\Console->run()
#11 {main}
INFO - 2025-02-24 03:09:15 --> Session: Class initialized using 'CodeIgniter\Session\Handlers\FileHandler' driver.
INFO - 2025-02-24 03:09:16 --> Session: Class initialized using 'CodeIgniter\Session\Handlers\FileHandler' driver.
INFO - 2025-02-24 03:09:37 --> Session: Class initialized using 'CodeIgniter\Session\Handlers\FileHandler' driver.
INFO - 2025-02-24 03:09:43 --> Session: Class initialized using 'CodeIgniter\Session\Handlers\FileHandler' driver.
INFO - 2025-02-24 03:09:47 --> Session: Class initialized using 'CodeIgniter\Session\Handlers\FileHandler' driver.
INFO - 2025-02-24 03:10:28 --> Session: Class initialized using 'CodeIgniter\Session\Handlers\FileHandler' driver.
INFO - 2025-02-24 03:12:04 --> Session: Class initialized using 'CodeIgniter\Session\Handlers\FileHandler' driver.
INFO - 2025-02-24 03:12:05 --> Session: Class initialized using 'CodeIgniter\Session\Handlers\FileHandler' driver.
INFO - 2025-02-24 03:15:51 --> Session: Class initialized using 'CodeIgniter\Session\Handlers\FileHandler' driver.
INFO - 2025-02-24 03:15:52 --> Session: Class initialized using 'CodeIgniter\Session\Handlers\FileHandler' driver.
INFO - 2025-02-24 03:16:05 --> Session: Class initialized using 'CodeIgniter\Session\Handlers\FileHandler' driver.
INFO - 2025-02-24 03:16:05 --> Session: Class initialized using 'CodeIgniter\Session\Handlers\FileHandler' driver.
INFO - 2025-02-24 03:17:19 --> Session: Class initialized using 'CodeIgniter\Session\Handlers\FileHandler' driver.
INFO - 2025-02-24 03:17:19 --> Session: Class initialized using 'CodeIgniter\Session\Handlers\FileHandler' driver.
INFO - 2025-02-24 03:17:52 --> Session: Class initialized using 'CodeIgniter\Session\Handlers\FileHandler' driver.
INFO - 2025-02-24 03:17:52 --> Session: Class initialized using 'CodeIgniter\Session\Handlers\FileHandler' driver.
INFO - 2025-02-24 03:18:07 --> Session: Class initialized using 'CodeIgniter\Session\Handlers\FileHandler' driver.
INFO - 2025-02-24 03:18:08 --> Session: Class initialized using 'CodeIgniter\Session\Handlers\FileHandler' driver.
INFO - 2025-02-24 03:20:43 --> Session: Class initialized using 'CodeIgniter\Session\Handlers\FileHandler' driver.
INFO - 2025-02-24 03:20:44 --> Session: Class initialized using 'CodeIgniter\Session\Handlers\FileHandler' driver.
INFO - 2025-02-24 03:20:45 --> Session: Class initialized using 'CodeIgniter\Session\Handlers\FileHandler' driver.
DEBUG - 2025-02-24 03:20:45 --> Token updated and saved to session for user ID: 13
INFO - 2025-02-24 03:20:45 --> Session: Class initialized using 'CodeIgniter\Session\Handlers\FileHandler' driver.
INFO - 2025-02-24 03:20:46 --> Session: Class initialized using 'CodeIgniter\Session\Handlers\FileHandler' driver.
INFO - 2025-02-24 03:20:55 --> Session: Class initialized using 'CodeIgniter\Session\Handlers\FileHandler' driver.
INFO - 2025-02-24 03:20:55 --> Session: Class initialized using 'CodeIgniter\Session\Handlers\FileHandler' driver.
INFO - 2025-02-24 03:20:58 --> Session: Class initialized using 'CodeIgniter\Session\Handlers\FileHandler' driver.
DEBUG - 2025-02-24 03:20:58 --> Token updated and saved to session for user ID: 1
INFO - 2025-02-24 03:20:58 --> Session: Class initialized using 'CodeIgniter\Session\Handlers\FileHandler' driver.
INFO - 2025-02-24 03:20:59 --> Session: Class initialized using 'CodeIgniter\Session\Handlers\FileHandler' driver.
INFO - 2025-02-24 03:21:29 --> Session: Class initialized using 'CodeIgniter\Session\Handlers\FileHandler' driver.
INFO - 2025-02-24 03:21:30 --> Session: Class initialized using 'CodeIgniter\Session\Handlers\FileHandler' driver.
INFO - 2025-02-24 03:21:59 --> Session: Class initialized using 'CodeIgniter\Session\Handlers\FileHandler' driver.
INFO - 2025-02-24 03:22:00 --> Session: Class initialized using 'CodeIgniter\Session\Handlers\FileHandler' driver.
INFO - 2025-02-24 03:28:45 --> Session: Class initialized using 'CodeIgniter\Session\Handlers\FileHandler' driver.
INFO - 2025-02-24 03:28:46 --> Session: Class initialized using 'CodeIgniter\Session\Handlers\FileHandler' driver.
INFO - 2025-02-24 03:29:18 --> Session: Class initialized using 'CodeIgniter\Session\Handlers\FileHandler' driver.
INFO - 2025-02-24 03:29:19 --> Session: Class initialized using 'CodeIgniter\Session\Handlers\FileHandler' driver.
INFO - 2025-02-24 03:29:27 --> Session: Class initialized using 'CodeIgniter\Session\Handlers\FileHandler' driver.
INFO - 2025-02-24 03:29:27 --> Session: Class initialized using 'CodeIgniter\Session\Handlers\FileHandler' driver.
INFO - 2025-02-24 03:29:58 --> Session: Class initialized using 'CodeIgniter\Session\Handlers\FileHandler' driver.
INFO - 2025-02-24 03:29:58 --> Session: Class initialized using 'CodeIgniter\Session\Handlers\FileHandler' driver.
INFO - 2025-02-24 03:30:34 --> Session: Class initialized using 'CodeIgniter\Session\Handlers\FileHandler' driver.
INFO - 2025-02-24 03:30:34 --> Session: Class initialized using 'CodeIgniter\Session\Handlers\FileHandler' driver.
INFO - 2025-02-24 03:30:43 --> Session: Class initialized using 'CodeIgniter\Session\Handlers\FileHandler' driver.
INFO - 2025-02-24 03:30:43 --> Session: Class initialized using 'CodeIgniter\Session\Handlers\FileHandler' driver.
INFO - 2025-02-24 03:30:47 --> Session: Class initialized using 'CodeIgniter\Session\Handlers\FileHandler' driver.
INFO - 2025-02-24 03:30:48 --> Session: Class initialized using 'CodeIgniter\Session\Handlers\FileHandler' driver.
INFO - 2025-02-24 03:31:08 --> Session: Class initialized using 'CodeIgniter\Session\Handlers\FileHandler' driver.
INFO - 2025-02-24 03:31:08 --> Session: Class initialized using 'CodeIgniter\Session\Handlers\FileHandler' driver.
INFO - 2025-02-24 03:33:04 --> Session: Class initialized using 'CodeIgniter\Session\Handlers\FileHandler' driver.
INFO - 2025-02-24 03:33:04 --> Session: Class initialized using 'CodeIgniter\Session\Handlers\FileHandler' driver.
INFO - 2025-02-24 03:43:19 --> Session: Class initialized using 'CodeIgniter\Session\Handlers\FileHandler' driver.
INFO - 2025-02-24 03:43:19 --> Session: Class initialized using 'CodeIgniter\Session\Handlers\FileHandler' driver.
INFO - 2025-02-24 03:43:22 --> Session: Class initialized using 'CodeIgniter\Session\Handlers\FileHandler' driver.
INFO - 2025-02-24 03:43:29 --> Session: Class initialized using 'CodeIgniter\Session\Handlers\FileHandler' driver.
INFO - 2025-02-24 03:43:29 --> Session: Class initialized using 'CodeIgniter\Session\Handlers\FileHandler' driver.
INFO - 2025-02-24 03:43:30 --> Session: Class initialized using 'CodeIgniter\Session\Handlers\FileHandler' driver.
INFO - 2025-02-24 03:46:08 --> Session: Class initialized using 'CodeIgniter\Session\Handlers\FileHandler' driver.
INFO - 2025-02-24 03:46:08 --> Session: Class initialized using 'CodeIgniter\Session\Handlers\FileHandler' driver.
ERROR - 2025-02-24 03:47:43 --> mysqli_sql_exception: Duplicate column name 'token' in C:\xampp\htdocs\PoinMarket\system\Database\MySQLi\Connection.php:295
Stack trace:
#0 C:\xampp\htdocs\PoinMarket\system\Database\MySQLi\Connection.php(295): mysqli->query('ALTER TABLE `us...', 0)
#1 C:\xampp\htdocs\PoinMarket\system\Database\BaseConnection.php(692): CodeIgniter\Database\MySQLi\Connection->execute('ALTER TABLE `us...')
#2 C:\xampp\htdocs\PoinMarket\system\Database\BaseConnection.php(606): CodeIgniter\Database\BaseConnection->simpleQuery('ALTER TABLE `us...')
#3 C:\xampp\htdocs\PoinMarket\system\Database\Forge.php(745): CodeIgniter\Database\BaseConnection->query('ALTER TABLE `us...')
#4 C:\xampp\htdocs\PoinMarket\app\Database\Migrations\2024-02-24-030736_AddTokenToUsers.php(11): CodeIgniter\Database\Forge->addColumn('users', Array)
#5 C:\xampp\htdocs\PoinMarket\system\Database\MigrationRunner.php(877): App\Database\Migrations\AddTokenToUsers->up()
#6 C:\xampp\htdocs\PoinMarket\system\Database\MigrationRunner.php(188): CodeIgniter\Database\MigrationRunner->migrate('up', Object(stdClass))
#7 C:\xampp\htdocs\PoinMarket\system\Commands\Database\Migrate.php(84): CodeIgniter\Database\MigrationRunner->latest(NULL)
#8 C:\xampp\htdocs\PoinMarket\system\CLI\Commands.php(65): CodeIgniter\Commands\Database\Migrate->run(Array)
#9 C:\xampp\htdocs\PoinMarket\system\CLI\Console.php(37): CodeIgniter\CLI\Commands->run('migrate', Array)
#10 C:\xampp\htdocs\PoinMarket\spark(97): CodeIgniter\CLI\Console->run()
#11 {main}
INFO - 2025-02-24 03:49:44 --> Session: Class initialized using 'CodeIgniter\Session\Handlers\FileHandler' driver.
INFO - 2025-02-24 03:49:44 --> Session: Class initialized using 'CodeIgniter\Session\Handlers\FileHandler' driver.
INFO - 2025-02-24 03:49:51 --> Session: Class initialized using 'CodeIgniter\Session\Handlers\FileHandler' driver.
INFO - 2025-02-24 03:49:51 --> Session: Class initialized using 'CodeIgniter\Session\Handlers\FileHandler' driver.
INFO - 2025-02-24 03:49:52 --> Session: Class initialized using 'CodeIgniter\Session\Handlers\FileHandler' driver.
INFO - 2025-02-24 03:49:55 --> Session: Class initialized using 'CodeIgniter\Session\Handlers\FileHandler' driver.
INFO - 2025-02-24 03:50:02 --> Session: Class initialized using 'CodeIgniter\Session\Handlers\FileHandler' driver.
INFO - 2025-02-24 03:50:02 --> Session: Class initialized using 'CodeIgniter\Session\Handlers\FileHandler' driver.
INFO - 2025-02-24 03:50:02 --> Session: Class initialized using 'CodeIgniter\Session\Handlers\FileHandler' driver.
INFO - 2025-02-24 03:50:25 --> Session: Class initialized using 'CodeIgniter\Session\Handlers\FileHandler' driver.
INFO - 2025-02-24 03:50:31 --> Session: Class initialized using 'CodeIgniter\Session\Handlers\FileHandler' driver.
INFO - 2025-02-24 03:50:31 --> Session: Class initialized using 'CodeIgniter\Session\Handlers\FileHandler' driver.
INFO - 2025-02-24 03:50:32 --> Session: Class initialized using 'CodeIgniter\Session\Handlers\FileHandler' driver.
INFO - 2025-02-24 03:51:29 --> Session: Class initialized using 'CodeIgniter\Session\Handlers\FileHandler' driver.
INFO - 2025-02-24 03:51:29 --> Session: Class initialized using 'CodeIgniter\Session\Handlers\FileHandler' driver.
INFO - 2025-02-24 03:51:52 --> Session: Class initialized using 'CodeIgniter\Session\Handlers\FileHandler' driver.
INFO - 2025-02-24 03:51:52 --> Session: Class initialized using 'CodeIgniter\Session\Handlers\FileHandler' driver.
INFO - 2025-02-24 03:51:58 --> Session: Class initialized using 'CodeIgniter\Session\Handlers\FileHandler' driver.
INFO - 2025-02-24 03:51:58 --> Session: Class initialized using 'CodeIgniter\Session\Handlers\FileHandler' driver.
INFO - 2025-02-24 03:51:59 --> Session: Class initialized using 'CodeIgniter\Session\Handlers\FileHandler' driver.
INFO - 2025-02-24 03:53:31 --> Session: Class initialized using 'CodeIgniter\Session\Handlers\FileHandler' driver.
INFO - 2025-02-24 03:53:31 --> Session: Class initialized using 'CodeIgniter\Session\Handlers\FileHandler' driver.
INFO - 2025-02-24 03:53:33 --> Session: Class initialized using 'CodeIgniter\Session\Handlers\FileHandler' driver.
INFO - 2025-02-24 03:53:34 --> Session: Class initialized using 'CodeIgniter\Session\Handlers\FileHandler' driver.
INFO - 2025-02-24 03:53:36 --> Session: Class initialized using 'CodeIgniter\Session\Handlers\FileHandler' driver.
INFO - 2025-02-24 03:53:37 --> Session: Class initialized using 'CodeIgniter\Session\Handlers\FileHandler' driver.
INFO - 2025-02-24 03:53:38 --> Session: Class initialized using 'CodeIgniter\Session\Handlers\FileHandler' driver.
INFO - 2025-02-24 03:53:38 --> Session: Class initialized using 'CodeIgniter\Session\Handlers\FileHandler' driver.
INFO - 2025-02-24 03:53:40 --> Session: Class initialized using 'CodeIgniter\Session\Handlers\FileHandler' driver.
INFO - 2025-02-24 03:53:40 --> Session: Class initialized using 'CodeIgniter\Session\Handlers\FileHandler' driver.
INFO - 2025-02-24 03:54:04 --> Session: Class initialized using 'CodeIgniter\Session\Handlers\FileHandler' driver.
INFO - 2025-02-24 03:54:04 --> Session: Class initialized using 'CodeIgniter\Session\Handlers\FileHandler' driver.
INFO - 2025-02-24 03:54:46 --> Session: Class initialized using 'CodeIgniter\Session\Handlers\FileHandler' driver.
CRITICAL - 2025-02-24 03:54:46 --> Undefined variable $user
in APPPATH\Views\User\Page\profile.php on line 57.
 1 APPPATH\Views\User\Page\profile.php(57): CodeIgniter\Debug\Exceptions->errorHandler(2, 'Undefined variable $user', 'C:\\xampp\\htdocs\\PoinMarket\\app\\Views\\User\\Page\\profile.php', 57)
 2 SYSTEMPATH\View\View.php(224): include('C:\\xampp\\htdocs\\PoinMarket\\app\\Views\\User\\Page\\profile.php')
 3 SYSTEMPATH\View\View.php(227): CodeIgniter\View\View->CodeIgniter\View\{closure}()
 4 SYSTEMPATH\Common.php(1180): CodeIgniter\View\View->render('User/Page/profile', [], true)
 5 APPPATH\Controllers\Role_User.php(361): view('User/Page/profile', [...])
 6 SYSTEMPATH\CodeIgniter.php(932): App\Controllers\Role_User->profile()
 7 SYSTEMPATH\CodeIgniter.php(497): CodeIgniter\CodeIgniter->runController(Object(App\Controllers\Role_User))
 8 SYSTEMPATH\CodeIgniter.php(366): CodeIgniter\CodeIgniter->handleRequest(null, Object(Config\Cache), false)
 9 FCPATH\index.php(67): CodeIgniter\CodeIgniter->run()
10 SYSTEMPATH\Commands\Server\rewrite.php(47): require_once('C:\\xampp\\htdocs\\PoinMarket\\public\\index.php')
INFO - 2025-02-24 03:55:00 --> Session: Class initialized using 'CodeIgniter\Session\Handlers\FileHandler' driver.
CRITICAL - 2025-02-24 03:55:00 --> Undefined variable $token
in APPPATH\Views\User\Page\profile.php on line 57.
 1 APPPATH\Views\User\Page\profile.php(57): CodeIgniter\Debug\Exceptions->errorHandler(2, 'Undefined variable $token', 'C:\\xampp\\htdocs\\PoinMarket\\app\\Views\\User\\Page\\profile.php', 57)
 2 SYSTEMPATH\View\View.php(224): include('C:\\xampp\\htdocs\\PoinMarket\\app\\Views\\User\\Page\\profile.php')
 3 SYSTEMPATH\View\View.php(227): CodeIgniter\View\View->CodeIgniter\View\{closure}()
 4 SYSTEMPATH\Common.php(1180): CodeIgniter\View\View->render('User/Page/profile', [], true)
 5 APPPATH\Controllers\Role_User.php(361): view('User/Page/profile', [...])
 6 SYSTEMPATH\CodeIgniter.php(932): App\Controllers\Role_User->profile()
 7 SYSTEMPATH\CodeIgniter.php(497): CodeIgniter\CodeIgniter->runController(Object(App\Controllers\Role_User))
 8 SYSTEMPATH\CodeIgniter.php(366): CodeIgniter\CodeIgniter->handleRequest(null, Object(Config\Cache), false)
 9 FCPATH\index.php(67): CodeIgniter\CodeIgniter->run()
10 SYSTEMPATH\Commands\Server\rewrite.php(47): require_once('C:\\xampp\\htdocs\\PoinMarket\\public\\index.php')
INFO - 2025-02-24 03:55:34 --> Session: Class initialized using 'CodeIgniter\Session\Handlers\FileHandler' driver.
INFO - 2025-02-24 03:55:34 --> Session: Class initialized using 'CodeIgniter\Session\Handlers\FileHandler' driver.
INFO - 2025-02-24 03:56:19 --> Session: Class initialized using 'CodeIgniter\Session\Handlers\FileHandler' driver.
INFO - 2025-02-24 03:56:19 --> Session: Class initialized using 'CodeIgniter\Session\Handlers\FileHandler' driver.
INFO - 2025-02-24 03:56:52 --> Session: Class initialized using 'CodeIgniter\Session\Handlers\FileHandler' driver.
INFO - 2025-02-24 03:56:52 --> Session: Class initialized using 'CodeIgniter\Session\Handlers\FileHandler' driver.
INFO - 2025-02-24 04:00:02 --> Session: Class initialized using 'CodeIgniter\Session\Handlers\FileHandler' driver.
INFO - 2025-02-24 04:00:02 --> Session: Class initialized using 'CodeIgniter\Session\Handlers\FileHandler' driver.
INFO - 2025-02-24 04:00:36 --> Session: Class initialized using 'CodeIgniter\Session\Handlers\FileHandler' driver.
INFO - 2025-02-24 04:00:36 --> Session: Class initialized using 'CodeIgniter\Session\Handlers\FileHandler' driver.
INFO - 2025-02-24 04:00:56 --> Session: Class initialized using 'CodeIgniter\Session\Handlers\FileHandler' driver.
INFO - 2025-02-24 04:00:56 --> Session: Class initialized using 'CodeIgniter\Session\Handlers\FileHandler' driver.
INFO - 2025-02-24 04:01:38 --> Session: Class initialized using 'CodeIgniter\Session\Handlers\FileHandler' driver.
INFO - 2025-02-24 04:01:39 --> Session: Class initialized using 'CodeIgniter\Session\Handlers\FileHandler' driver.
INFO - 2025-02-24 04:04:44 --> Session: Class initialized using 'CodeIgniter\Session\Handlers\FileHandler' driver.
INFO - 2025-02-24 04:04:45 --> Session: Class initialized using 'CodeIgniter\Session\Handlers\FileHandler' driver.
INFO - 2025-02-24 04:04:45 --> Session: Class initialized using 'CodeIgniter\Session\Handlers\FileHandler' driver.
INFO - 2025-02-24 04:04:46 --> Session: Class initialized using 'CodeIgniter\Session\Handlers\FileHandler' driver.
INFO - 2025-02-24 04:04:47 --> Session: Class initialized using 'CodeIgniter\Session\Handlers\FileHandler' driver.
INFO - 2025-02-24 04:04:47 --> Session: Class initialized using 'CodeIgniter\Session\Handlers\FileHandler' driver.
INFO - 2025-02-24 04:04:57 --> Session: Class initialized using 'CodeIgniter\Session\Handlers\FileHandler' driver.
INFO - 2025-02-24 04:04:57 --> Session: Class initialized using 'CodeIgniter\Session\Handlers\FileHandler' driver.
INFO - 2025-02-24 04:05:00 --> Session: Class initialized using 'CodeIgniter\Session\Handlers\FileHandler' driver.
INFO - 2025-02-24 04:05:01 --> Session: Class initialized using 'CodeIgniter\Session\Handlers\FileHandler' driver.
INFO - 2025-02-24 04:05:29 --> Session: Class initialized using 'CodeIgniter\Session\Handlers\FileHandler' driver.
INFO - 2025-02-24 04:05:30 --> Session: Class initialized using 'CodeIgniter\Session\Handlers\FileHandler' driver.
DEBUG - 2025-02-24 04:05:30 --> Raw Authorization header: Bearer 4ba7e09c05959fa376e207ef8928d580b0d6920882eb45924c9f67efe3467d02
DEBUG - 2025-02-24 04:05:30 --> Extracted token: 4ba7e09c05959fa376e207ef8928d580b0d6920882eb45924c9f67efe3467d02
DEBUG - 2025-02-24 04:05:30 --> Mahasiswa found with NPM: 123456
INFO - 2025-02-24 04:05:33 --> Session: Class initialized using 'CodeIgniter\Session\Handlers\FileHandler' driver.
INFO - 2025-02-24 04:05:33 --> Session: Class initialized using 'CodeIgniter\Session\Handlers\FileHandler' driver.
INFO - 2025-02-24 04:05:39 --> Session: Class initialized using 'CodeIgniter\Session\Handlers\FileHandler' driver.
INFO - 2025-02-24 04:05:39 --> Session: Class initialized using 'CodeIgniter\Session\Handlers\FileHandler' driver.
INFO - 2025-02-24 04:05:39 --> Session: Class initialized using 'CodeIgniter\Session\Handlers\FileHandler' driver.
INFO - 2025-02-24 04:05:43 --> Session: Class initialized using 'CodeIgniter\Session\Handlers\FileHandler' driver.
INFO - 2025-02-24 04:05:43 --> Session: Class initialized using 'CodeIgniter\Session\Handlers\FileHandler' driver.
INFO - 2025-02-24 04:05:49 --> Session: Class initialized using 'CodeIgniter\Session\Handlers\FileHandler' driver.
INFO - 2025-02-24 04:05:49 --> Session: Class initialized using 'CodeIgniter\Session\Handlers\FileHandler' driver.
INFO - 2025-02-24 04:05:50 --> Session: Class initialized using 'CodeIgniter\Session\Handlers\FileHandler' driver.
INFO - 2025-02-24 04:06:52 --> Session: Class initialized using 'CodeIgniter\Session\Handlers\FileHandler' driver.
INFO - 2025-02-24 04:06:52 --> Session: Class initialized using 'CodeIgniter\Session\Handlers\FileHandler' driver.
INFO - 2025-02-24 04:06:52 --> Session: Class initialized using 'CodeIgniter\Session\Handlers\FileHandler' driver.
INFO - 2025-02-24 04:06:57 --> Session: Class initialized using 'CodeIgniter\Session\Handlers\FileHandler' driver.
INFO - 2025-02-24 04:06:57 --> Session: Class initialized using 'CodeIgniter\Session\Handlers\FileHandler' driver.
INFO - 2025-02-24 04:06:58 --> Session: Class initialized using 'CodeIgniter\Session\Handlers\FileHandler' driver.
ERROR - 2025-02-24 04:08:25 --> mysqli_sql_exception: Duplicate column name 'token' in C:\xampp\htdocs\PoinMarket\system\Database\MySQLi\Connection.php:295
Stack trace:
#0 C:\xampp\htdocs\PoinMarket\system\Database\MySQLi\Connection.php(295): mysqli->query('ALTER TABLE `us...', 0)
#1 C:\xampp\htdocs\PoinMarket\system\Database\BaseConnection.php(692): CodeIgniter\Database\MySQLi\Connection->execute('ALTER TABLE `us...')
#2 C:\xampp\htdocs\PoinMarket\system\Database\BaseConnection.php(606): CodeIgniter\Database\BaseConnection->simpleQuery('ALTER TABLE `us...')
#3 C:\xampp\htdocs\PoinMarket\system\Database\Forge.php(745): CodeIgniter\Database\BaseConnection->query('ALTER TABLE `us...')
#4 C:\xampp\htdocs\PoinMarket\app\Database\Migrations\2024-02-24-030736_AddTokenToUsers.php(11): CodeIgniter\Database\Forge->addColumn('users', Array)
#5 C:\xampp\htdocs\PoinMarket\system\Database\MigrationRunner.php(877): App\Database\Migrations\AddTokenToUsers->up()
#6 C:\xampp\htdocs\PoinMarket\system\Database\MigrationRunner.php(188): CodeIgniter\Database\MigrationRunner->migrate('up', Object(stdClass))
#7 C:\xampp\htdocs\PoinMarket\system\Commands\Database\Migrate.php(84): CodeIgniter\Database\MigrationRunner->latest(NULL)
#8 C:\xampp\htdocs\PoinMarket\system\CLI\Commands.php(65): CodeIgniter\Commands\Database\Migrate->run(Array)
#9 C:\xampp\htdocs\PoinMarket\system\CLI\Console.php(37): CodeIgniter\CLI\Commands->run('migrate', Array)
#10 C:\xampp\htdocs\PoinMarket\spark(97): CodeIgniter\CLI\Console->run()
#11 {main}
INFO - 2025-02-24 04:09:16 --> Session: Class initialized using 'CodeIgniter\Session\Handlers\FileHandler' driver.
INFO - 2025-02-24 04:09:16 --> Session: Class initialized using 'CodeIgniter\Session\Handlers\FileHandler' driver.
DEBUG - 2025-02-24 04:09:23 --> NPM: 123456, Generated token: 3334f8546d12d8087900bbc103483f142613c81295d1c45a054d557cb082c202
DEBUG - 2025-02-24 04:09:23 --> Token berhasil disimpan ke database
DEBUG - 2025-02-24 04:09:23 --> Token di database: 4ba7e09c05959fa376e207ef8928d580b0d6920882eb45924c9f67efe3467d02
INFO - 2025-02-24 04:09:23 --> Session: Class initialized using 'CodeIgniter\Session\Handlers\FileHandler' driver.
INFO - 2025-02-24 04:09:23 --> Session: Class initialized using 'CodeIgniter\Session\Handlers\FileHandler' driver.
INFO - 2025-02-24 04:09:24 --> Session: Class initialized using 'CodeIgniter\Session\Handlers\FileHandler' driver.
INFO - 2025-02-24 04:12:07 --> Session: Class initialized using 'CodeIgniter\Session\Handlers\FileHandler' driver.
INFO - 2025-02-24 04:12:07 --> Session: Class initialized using 'CodeIgniter\Session\Handlers\FileHandler' driver.
INFO - 2025-02-24 04:12:09 --> Session: Class initialized using 'CodeIgniter\Session\Handlers\FileHandler' driver.
INFO - 2025-02-24 04:12:29 --> Session: Class initialized using 'CodeIgniter\Session\Handlers\FileHandler' driver.
INFO - 2025-02-24 04:12:29 --> Session: Class initialized using 'CodeIgniter\Session\Handlers\FileHandler' driver.
DEBUG - 2025-02-24 04:12:37 --> NPM: 123456, Generated token: 5b526c871d2c9a436cf99e3502d9df4ea55988a6ec2ad4ac570caa8cda5c4f42
DEBUG - 2025-02-24 04:12:37 --> Token berhasil disimpan ke database
DEBUG - 2025-02-24 04:12:37 --> Token di database: 4ba7e09c05959fa376e207ef8928d580b0d6920882eb45924c9f67efe3467d02
INFO - 2025-02-24 04:12:37 --> Session: Class initialized using 'CodeIgniter\Session\Handlers\FileHandler' driver.
INFO - 2025-02-24 04:12:37 --> Session: Class initialized using 'CodeIgniter\Session\Handlers\FileHandler' driver.
INFO - 2025-02-24 04:12:38 --> Session: Class initialized using 'CodeIgniter\Session\Handlers\FileHandler' driver.
INFO - 2025-02-24 04:15:43 --> Session: Class initialized using 'CodeIgniter\Session\Handlers\FileHandler' driver.
INFO - 2025-02-24 04:15:44 --> Session: Class initialized using 'CodeIgniter\Session\Handlers\FileHandler' driver.
DEBUG - 2025-02-24 04:15:51 --> ID: 2, Generated token: 0187de6d66cdfad49e643b684e0f0cdf7bcd16ce1a02dae5e7fc14923a591ba5
CRITICAL - 2025-02-24 04:15:51 --> Call to undefined method App\Models\MahasiswaModel::updateToken
in SYSTEMPATH\Model.php on line 838.
 1 APPPATH\Controllers\Login.php(89): CodeIgniter\Model->__call('updateToken', [...])
 2 SYSTEMPATH\CodeIgniter.php(932): App\Controllers\Login->process()
 3 SYSTEMPATH\CodeIgniter.php(497): CodeIgniter\CodeIgniter->runController(Object(App\Controllers\Login))
 4 SYSTEMPATH\CodeIgniter.php(366): CodeIgniter\CodeIgniter->handleRequest(null, Object(Config\Cache), false)
 5 FCPATH\index.php(67): CodeIgniter\CodeIgniter->run()
 6 SYSTEMPATH\Commands\Server\rewrite.php(47): require_once('C:\\xampp\\htdocs\\PoinMarket\\public\\index.php')
INFO - 2025-02-24 04:16:28 --> Session: Class initialized using 'CodeIgniter\Session\Handlers\FileHandler' driver.
INFO - 2025-02-24 04:16:29 --> Session: Class initialized using 'CodeIgniter\Session\Handlers\FileHandler' driver.
DEBUG - 2025-02-24 04:16:35 --> NPM: 123456, Generated token: da85577b4503ad648a79b04ebc764c7014d19bb571fcfb4c03d65252eddea250
DEBUG - 2025-02-24 04:16:35 --> Token berhasil disimpan ke database
INFO - 2025-02-24 04:16:35 --> Session: Class initialized using 'CodeIgniter\Session\Handlers\FileHandler' driver.
INFO - 2025-02-24 04:16:35 --> Session: Class initialized using 'CodeIgniter\Session\Handlers\FileHandler' driver.
INFO - 2025-02-24 04:16:36 --> Session: Class initialized using 'CodeIgniter\Session\Handlers\FileHandler' driver.
INFO - 2025-02-24 04:16:37 --> Session: Class initialized using 'CodeIgniter\Session\Handlers\FileHandler' driver.
DEBUG - 2025-02-24 04:16:37 --> Session token: da85577b4503ad648a79b04ebc764c7014d19bb571fcfb4c03d65252eddea250
DEBUG - 2025-02-24 04:16:37 --> Raw Authorization header: Bearer da85577b4503ad648a79b04ebc764c7014d19bb571fcfb4c03d65252eddea250
DEBUG - 2025-02-24 04:16:37 --> Token dari header: da85577b4503ad648a79b04ebc764c7014d19bb571fcfb4c03d65252eddea250
DEBUG - 2025-02-24 04:16:37 --> SQL: SELECT *
FROM `mahasiswa`
WHERE `token` = 'da85577b4503ad648a79b04ebc764c7014d19bb571fcfb4c03d65252eddea250'
 LIMIT 1
DEBUG - 2025-02-24 04:16:37 --> Token yang dicari: da85577b4503ad648a79b04ebc764c7014d19bb571fcfb4c03d65252eddea250
DEBUG - 2025-02-24 04:16:37 --> Hasil pencarian: {"id":"2","user_id":null,"npm":"123456","nama":"Dwi A","email":"","password":"$2y$10$XcEnyKV.StLAS9wl9QfUcuULBWbD54jyfoQXYOff6pFgAzR8ZRMKO","point":"270","gaya_belajar":"Auditori","created_at":"2024-12-13 02:30:02","updated_at":"2025-02-24 03:51:58","deleted_at":null,"token":"da85577b4503ad648a79b04ebc764c7014d19bb571fcfb4c03d65252eddea250","last_login":"2025-02-24 10:49:22"}
INFO - 2025-02-24 04:16:42 --> Session: Class initialized using 'CodeIgniter\Session\Handlers\FileHandler' driver.
INFO - 2025-02-24 04:16:42 --> Session: Class initialized using 'CodeIgniter\Session\Handlers\FileHandler' driver.
INFO - 2025-02-24 04:16:42 --> Session: Class initialized using 'CodeIgniter\Session\Handlers\FileHandler' driver.
DEBUG - 2025-02-24 04:16:42 --> Session token: da85577b4503ad648a79b04ebc764c7014d19bb571fcfb4c03d65252eddea250
DEBUG - 2025-02-24 04:16:42 --> Raw Authorization header: Bearer da85577b4503ad648a79b04ebc764c7014d19bb571fcfb4c03d65252eddea250
DEBUG - 2025-02-24 04:16:42 --> Token dari header: da85577b4503ad648a79b04ebc764c7014d19bb571fcfb4c03d65252eddea250
DEBUG - 2025-02-24 04:16:42 --> SQL: SELECT *
FROM `mahasiswa`
WHERE `token` = 'da85577b4503ad648a79b04ebc764c7014d19bb571fcfb4c03d65252eddea250'
 LIMIT 1
DEBUG - 2025-02-24 04:16:42 --> Token yang dicari: da85577b4503ad648a79b04ebc764c7014d19bb571fcfb4c03d65252eddea250
DEBUG - 2025-02-24 04:16:42 --> Hasil pencarian: {"id":"2","user_id":null,"npm":"123456","nama":"Dwi A","email":"","password":"$2y$10$XcEnyKV.StLAS9wl9QfUcuULBWbD54jyfoQXYOff6pFgAzR8ZRMKO","point":"270","gaya_belajar":"Auditori","created_at":"2024-12-13 02:30:02","updated_at":"2025-02-24 03:51:58","deleted_at":null,"token":"da85577b4503ad648a79b04ebc764c7014d19bb571fcfb4c03d65252eddea250","last_login":"2025-02-24 10:49:22"}
INFO - 2025-02-24 04:17:02 --> Session: Class initialized using 'CodeIgniter\Session\Handlers\FileHandler' driver.
INFO - 2025-02-24 04:17:02 --> Session: Class initialized using 'CodeIgniter\Session\Handlers\FileHandler' driver.
INFO - 2025-02-24 04:17:02 --> Session: Class initialized using 'CodeIgniter\Session\Handlers\FileHandler' driver.
DEBUG - 2025-02-24 04:17:02 --> Session token: da85577b4503ad648a79b04ebc764c7014d19bb571fcfb4c03d65252eddea250
DEBUG - 2025-02-24 04:17:02 --> Raw Authorization header: Bearer da85577b4503ad648a79b04ebc764c7014d19bb571fcfb4c03d65252eddea250
DEBUG - 2025-02-24 04:17:02 --> Token dari header: da85577b4503ad648a79b04ebc764c7014d19bb571fcfb4c03d65252eddea250
DEBUG - 2025-02-24 04:17:02 --> SQL: SELECT *
FROM `mahasiswa`
WHERE `token` = 'da85577b4503ad648a79b04ebc764c7014d19bb571fcfb4c03d65252eddea250'
 LIMIT 1
DEBUG - 2025-02-24 04:17:02 --> Token yang dicari: da85577b4503ad648a79b04ebc764c7014d19bb571fcfb4c03d65252eddea250
DEBUG - 2025-02-24 04:17:02 --> Hasil pencarian: {"id":"2","user_id":null,"npm":"123456","nama":"Dwi A","email":"","password":"$2y$10$XcEnyKV.StLAS9wl9QfUcuULBWbD54jyfoQXYOff6pFgAzR8ZRMKO","point":"270","gaya_belajar":"Auditori","created_at":"2024-12-13 02:30:02","updated_at":"2025-02-24 03:51:58","deleted_at":null,"token":"da85577b4503ad648a79b04ebc764c7014d19bb571fcfb4c03d65252eddea250","last_login":"2025-02-24 10:49:22"}
INFO - 2025-02-24 04:17:56 --> Session: Class initialized using 'CodeIgniter\Session\Handlers\FileHandler' driver.
INFO - 2025-02-24 04:17:57 --> Session: Class initialized using 'CodeIgniter\Session\Handlers\FileHandler' driver.
INFO - 2025-02-24 04:17:57 --> Session: Class initialized using 'CodeIgniter\Session\Handlers\FileHandler' driver.
DEBUG - 2025-02-24 04:17:57 --> Session token: da85577b4503ad648a79b04ebc764c7014d19bb571fcfb4c03d65252eddea250
DEBUG - 2025-02-24 04:17:57 --> Raw Authorization header: Bearer da85577b4503ad648a79b04ebc764c7014d19bb571fcfb4c03d65252eddea250
DEBUG - 2025-02-24 04:17:57 --> Token dari header: da85577b4503ad648a79b04ebc764c7014d19bb571fcfb4c03d65252eddea250
DEBUG - 2025-02-24 04:17:57 --> SQL: SELECT *
FROM `mahasiswa`
WHERE `token` = 'da85577b4503ad648a79b04ebc764c7014d19bb571fcfb4c03d65252eddea250'
 LIMIT 1
DEBUG - 2025-02-24 04:17:57 --> Token yang dicari: da85577b4503ad648a79b04ebc764c7014d19bb571fcfb4c03d65252eddea250
DEBUG - 2025-02-24 04:17:57 --> Hasil pencarian: {"id":"2","user_id":null,"npm":"123456","nama":"Dwi A","email":"","password":"$2y$10$XcEnyKV.StLAS9wl9QfUcuULBWbD54jyfoQXYOff6pFgAzR8ZRMKO","point":"270","gaya_belajar":"Auditori","created_at":"2024-12-13 02:30:02","updated_at":"2025-02-24 03:51:58","deleted_at":null,"token":"da85577b4503ad648a79b04ebc764c7014d19bb571fcfb4c03d65252eddea250","last_login":"2025-02-24 10:49:22"}
INFO - 2025-02-24 04:20:24 --> Session: Class initialized using 'CodeIgniter\Session\Handlers\FileHandler' driver.
INFO - 2025-02-24 04:20:24 --> Session: Class initialized using 'CodeIgniter\Session\Handlers\FileHandler' driver.
INFO - 2025-02-24 04:20:24 --> Session: Class initialized using 'CodeIgniter\Session\Handlers\FileHandler' driver.
DEBUG - 2025-02-24 04:20:24 --> Session token: da85577b4503ad648a79b04ebc764c7014d19bb571fcfb4c03d65252eddea250
DEBUG - 2025-02-24 04:20:24 --> Raw Authorization header: Bearer da85577b4503ad648a79b04ebc764c7014d19bb571fcfb4c03d65252eddea250
DEBUG - 2025-02-24 04:20:24 --> Token dari header: da85577b4503ad648a79b04ebc764c7014d19bb571fcfb4c03d65252eddea250
DEBUG - 2025-02-24 04:20:24 --> SQL: SELECT *
FROM `mahasiswa`
WHERE `token` = 'da85577b4503ad648a79b04ebc764c7014d19bb571fcfb4c03d65252eddea250'
 LIMIT 1
DEBUG - 2025-02-24 04:20:24 --> Token yang dicari: da85577b4503ad648a79b04ebc764c7014d19bb571fcfb4c03d65252eddea250
DEBUG - 2025-02-24 04:20:24 --> Hasil pencarian: {"id":"2","user_id":null,"npm":"123456","nama":"Dwi A","email":"","password":"$2y$10$XcEnyKV.StLAS9wl9QfUcuULBWbD54jyfoQXYOff6pFgAzR8ZRMKO","point":"270","gaya_belajar":"Auditori","created_at":"2024-12-13 02:30:02","updated_at":"2025-02-24 03:51:58","deleted_at":null,"token":"da85577b4503ad648a79b04ebc764c7014d19bb571fcfb4c03d65252eddea250","last_login":"2025-02-24 10:49:22"}
ERROR - 2025-02-24 04:20:24 --> mysqli_sql_exception: Unknown column 'npm' in 'where clause' in C:\xampp\htdocs\PoinMarket\system\Database\MySQLi\Connection.php:295
Stack trace:
#0 C:\xampp\htdocs\PoinMarket\system\Database\MySQLi\Connection.php(295): mysqli->query('SELECT *\nFROM `...', 0)
#1 C:\xampp\htdocs\PoinMarket\system\Database\BaseConnection.php(692): CodeIgniter\Database\MySQLi\Connection->execute('SELECT *\nFROM `...')
#2 C:\xampp\htdocs\PoinMarket\system\Database\BaseConnection.php(606): CodeIgniter\Database\BaseConnection->simpleQuery('SELECT *\nFROM `...')
#3 C:\xampp\htdocs\PoinMarket\system\Database\BaseBuilder.php(1616): CodeIgniter\Database\BaseConnection->query('SELECT *\nFROM `...', Array, false)
#4 C:\xampp\htdocs\PoinMarket\system\Model.php(203): CodeIgniter\Database\BaseBuilder->get()
#5 C:\xampp\htdocs\PoinMarket\system\BaseModel.php(557): CodeIgniter\Model->doFind(false, NULL)
#6 C:\xampp\htdocs\PoinMarket\app\Controllers\API\WalletAPI.php(252): CodeIgniter\BaseModel->find()
#7 C:\xampp\htdocs\PoinMarket\system\CodeIgniter.php(932): App\Controllers\API\WalletAPI->getMyWallet()
#8 C:\xampp\htdocs\PoinMarket\system\CodeIgniter.php(497): CodeIgniter\CodeIgniter->runController(Object(App\Controllers\API\WalletAPI))
#9 C:\xampp\htdocs\PoinMarket\system\CodeIgniter.php(366): CodeIgniter\CodeIgniter->handleRequest(NULL, Object(Config\Cache), false)
#10 C:\xampp\htdocs\PoinMarket\public\index.php(67): CodeIgniter\CodeIgniter->run()
#11 C:\xampp\htdocs\PoinMarket\system\Commands\Server\rewrite.php(47): require_once('C:\\xampp\\htdocs...')
#12 {main}
CRITICAL - 2025-02-24 04:20:24 --> Unknown column 'npm' in 'where clause'
in SYSTEMPATH\Database\MySQLi\Connection.php on line 295.
 1 SYSTEMPATH\Database\MySQLi\Connection.php(295): mysqli->query('SELECT *
FROM `transaksi`
WHERE `npm` = \'123456\'
ORDER BY `created_at` DESC
 LIMIT 5', 0)
 2 SYSTEMPATH\Database\BaseConnection.php(692): CodeIgniter\Database\MySQLi\Connection->execute('SELECT *
FROM `transaksi`
WHERE `npm` = \'123456\'
ORDER BY `created_at` DESC
 LIMIT 5')
 3 SYSTEMPATH\Database\BaseConnection.php(606): CodeIgniter\Database\BaseConnection->simpleQuery('SELECT *
FROM `transaksi`
WHERE `npm` = \'123456\'
ORDER BY `created_at` DESC
 LIMIT 5')
 4 SYSTEMPATH\Database\BaseBuilder.php(1616): CodeIgniter\Database\BaseConnection->query('SELECT *
FROM `transaksi`
WHERE `npm` = :npm:
ORDER BY `created_at` DESC
 LIMIT 5', [...], false)
 5 SYSTEMPATH\Model.php(203): CodeIgniter\Database\BaseBuilder->get()
 6 SYSTEMPATH\BaseModel.php(557): CodeIgniter\Model->doFind(false, null)
 7 APPPATH\Controllers\API\WalletAPI.php(252): CodeIgniter\BaseModel->find()
 8 SYSTEMPATH\CodeIgniter.php(932): App\Controllers\API\WalletAPI->getMyWallet()
 9 SYSTEMPATH\CodeIgniter.php(497): CodeIgniter\CodeIgniter->runController(Object(App\Controllers\API\WalletAPI))
10 SYSTEMPATH\CodeIgniter.php(366): CodeIgniter\CodeIgniter->handleRequest(null, Object(Config\Cache), false)
11 FCPATH\index.php(67): CodeIgniter\CodeIgniter->run()
12 SYSTEMPATH\Commands\Server\rewrite.php(47): require_once('C:\\xampp\\htdocs\\PoinMarket\\public\\index.php')
INFO - 2025-02-24 04:20:54 --> Session: Class initialized using 'CodeIgniter\Session\Handlers\FileHandler' driver.
INFO - 2025-02-24 04:20:55 --> Session: Class initialized using 'CodeIgniter\Session\Handlers\FileHandler' driver.
INFO - 2025-02-24 04:20:55 --> Session: Class initialized using 'CodeIgniter\Session\Handlers\FileHandler' driver.
DEBUG - 2025-02-24 04:20:55 --> Session token: da85577b4503ad648a79b04ebc764c7014d19bb571fcfb4c03d65252eddea250
DEBUG - 2025-02-24 04:20:55 --> Raw Authorization header: Bearer da85577b4503ad648a79b04ebc764c7014d19bb571fcfb4c03d65252eddea250
DEBUG - 2025-02-24 04:20:55 --> Token dari header: da85577b4503ad648a79b04ebc764c7014d19bb571fcfb4c03d65252eddea250
DEBUG - 2025-02-24 04:20:55 --> SQL: SELECT *
FROM `mahasiswa`
WHERE `token` = 'da85577b4503ad648a79b04ebc764c7014d19bb571fcfb4c03d65252eddea250'
 LIMIT 1
DEBUG - 2025-02-24 04:20:55 --> Token yang dicari: da85577b4503ad648a79b04ebc764c7014d19bb571fcfb4c03d65252eddea250
DEBUG - 2025-02-24 04:20:55 --> Hasil pencarian: {"id":"2","user_id":null,"npm":"123456","nama":"Dwi A","email":"","password":"$2y$10$XcEnyKV.StLAS9wl9QfUcuULBWbD54jyfoQXYOff6pFgAzR8ZRMKO","point":"270","gaya_belajar":"Auditori","created_at":"2024-12-13 02:30:02","updated_at":"2025-02-24 03:51:58","deleted_at":null,"token":"da85577b4503ad648a79b04ebc764c7014d19bb571fcfb4c03d65252eddea250","last_login":"2025-02-24 10:49:22"}
ERROR - 2025-02-24 04:20:55 --> mysqli_sql_exception: Unknown column 'created_at' in 'order clause' in C:\xampp\htdocs\PoinMarket\system\Database\MySQLi\Connection.php:295
Stack trace:
#0 C:\xampp\htdocs\PoinMarket\system\Database\MySQLi\Connection.php(295): mysqli->query('SELECT *\nFROM `...', 0)
#1 C:\xampp\htdocs\PoinMarket\system\Database\BaseConnection.php(692): CodeIgniter\Database\MySQLi\Connection->execute('SELECT *\nFROM `...')
#2 C:\xampp\htdocs\PoinMarket\system\Database\BaseConnection.php(606): CodeIgniter\Database\BaseConnection->simpleQuery('SELECT *\nFROM `...')
#3 C:\xampp\htdocs\PoinMarket\system\Database\BaseBuilder.php(1616): CodeIgniter\Database\BaseConnection->query('SELECT *\nFROM `...', Array, false)
#4 C:\xampp\htdocs\PoinMarket\system\Model.php(203): CodeIgniter\Database\BaseBuilder->get()
#5 C:\xampp\htdocs\PoinMarket\system\BaseModel.php(557): CodeIgniter\Model->doFind(false, NULL)
#6 C:\xampp\htdocs\PoinMarket\app\Controllers\API\WalletAPI.php(252): CodeIgniter\BaseModel->find()
#7 C:\xampp\htdocs\PoinMarket\system\CodeIgniter.php(932): App\Controllers\API\WalletAPI->getMyWallet()
#8 C:\xampp\htdocs\PoinMarket\system\CodeIgniter.php(497): CodeIgniter\CodeIgniter->runController(Object(App\Controllers\API\WalletAPI))
#9 C:\xampp\htdocs\PoinMarket\system\CodeIgniter.php(366): CodeIgniter\CodeIgniter->handleRequest(NULL, Object(Config\Cache), false)
#10 C:\xampp\htdocs\PoinMarket\public\index.php(67): CodeIgniter\CodeIgniter->run()
#11 C:\xampp\htdocs\PoinMarket\system\Commands\Server\rewrite.php(47): require_once('C:\\xampp\\htdocs...')
#12 {main}
CRITICAL - 2025-02-24 04:20:55 --> Unknown column 'created_at' in 'order clause'
in SYSTEMPATH\Database\MySQLi\Connection.php on line 295.
 1 SYSTEMPATH\Database\MySQLi\Connection.php(295): mysqli->query('SELECT *
FROM `data_transaksi`
WHERE `npm` = \'123456\'
ORDER BY `created_at` DESC
 LIMIT 5', 0)
 2 SYSTEMPATH\Database\BaseConnection.php(692): CodeIgniter\Database\MySQLi\Connection->execute('SELECT *
FROM `data_transaksi`
WHERE `npm` = \'123456\'
ORDER BY `created_at` DESC
 LIMIT 5')
 3 SYSTEMPATH\Database\BaseConnection.php(606): CodeIgniter\Database\BaseConnection->simpleQuery('SELECT *
FROM `data_transaksi`
WHERE `npm` = \'123456\'
ORDER BY `created_at` DESC
 LIMIT 5')
 4 SYSTEMPATH\Database\BaseBuilder.php(1616): CodeIgniter\Database\BaseConnection->query('SELECT *
FROM `data_transaksi`
WHERE `npm` = :npm:
ORDER BY `created_at` DESC
 LIMIT 5', [...], false)
 5 SYSTEMPATH\Model.php(203): CodeIgniter\Database\BaseBuilder->get()
 6 SYSTEMPATH\BaseModel.php(557): CodeIgniter\Model->doFind(false, null)
 7 APPPATH\Controllers\API\WalletAPI.php(252): CodeIgniter\BaseModel->find()
 8 SYSTEMPATH\CodeIgniter.php(932): App\Controllers\API\WalletAPI->getMyWallet()
 9 SYSTEMPATH\CodeIgniter.php(497): CodeIgniter\CodeIgniter->runController(Object(App\Controllers\API\WalletAPI))
10 SYSTEMPATH\CodeIgniter.php(366): CodeIgniter\CodeIgniter->handleRequest(null, Object(Config\Cache), false)
11 FCPATH\index.php(67): CodeIgniter\CodeIgniter->run()
12 SYSTEMPATH\Commands\Server\rewrite.php(47): require_once('C:\\xampp\\htdocs\\PoinMarket\\public\\index.php')
INFO - 2025-02-24 04:21:19 --> Session: Class initialized using 'CodeIgniter\Session\Handlers\FileHandler' driver.
INFO - 2025-02-24 04:21:20 --> Session: Class initialized using 'CodeIgniter\Session\Handlers\FileHandler' driver.
INFO - 2025-02-24 04:21:20 --> Session: Class initialized using 'CodeIgniter\Session\Handlers\FileHandler' driver.
DEBUG - 2025-02-24 04:21:20 --> Session token: da85577b4503ad648a79b04ebc764c7014d19bb571fcfb4c03d65252eddea250
DEBUG - 2025-02-24 04:21:20 --> Raw Authorization header: Bearer da85577b4503ad648a79b04ebc764c7014d19bb571fcfb4c03d65252eddea250
DEBUG - 2025-02-24 04:21:20 --> Token dari header: da85577b4503ad648a79b04ebc764c7014d19bb571fcfb4c03d65252eddea250
DEBUG - 2025-02-24 04:21:20 --> SQL: SELECT *
FROM `mahasiswa`
WHERE `token` = 'da85577b4503ad648a79b04ebc764c7014d19bb571fcfb4c03d65252eddea250'
 LIMIT 1
DEBUG - 2025-02-24 04:21:20 --> Token yang dicari: da85577b4503ad648a79b04ebc764c7014d19bb571fcfb4c03d65252eddea250
DEBUG - 2025-02-24 04:21:20 --> Hasil pencarian: {"id":"2","user_id":null,"npm":"123456","nama":"Dwi A","email":"","password":"$2y$10$XcEnyKV.StLAS9wl9QfUcuULBWbD54jyfoQXYOff6pFgAzR8ZRMKO","point":"270","gaya_belajar":"Auditori","created_at":"2024-12-13 02:30:02","updated_at":"2025-02-24 03:51:58","deleted_at":null,"token":"da85577b4503ad648a79b04ebc764c7014d19bb571fcfb4c03d65252eddea250","last_login":"2025-02-24 10:49:22"}
ERROR - 2025-02-24 04:21:20 --> [WalletAPI.getMyWallet] Undefined array key "id"
INFO - 2025-02-24 04:22:31 --> Session: Class initialized using 'CodeIgniter\Session\Handlers\FileHandler' driver.
INFO - 2025-02-24 04:22:32 --> Session: Class initialized using 'CodeIgniter\Session\Handlers\FileHandler' driver.
INFO - 2025-02-24 04:22:32 --> Session: Class initialized using 'CodeIgniter\Session\Handlers\FileHandler' driver.
DEBUG - 2025-02-24 04:22:32 --> Session token: da85577b4503ad648a79b04ebc764c7014d19bb571fcfb4c03d65252eddea250
DEBUG - 2025-02-24 04:22:32 --> Raw Authorization header: Bearer da85577b4503ad648a79b04ebc764c7014d19bb571fcfb4c03d65252eddea250
DEBUG - 2025-02-24 04:22:32 --> Token dari header: da85577b4503ad648a79b04ebc764c7014d19bb571fcfb4c03d65252eddea250
DEBUG - 2025-02-24 04:22:32 --> SQL: SELECT *
FROM `mahasiswa`
WHERE `token` = 'da85577b4503ad648a79b04ebc764c7014d19bb571fcfb4c03d65252eddea250'
 LIMIT 1
DEBUG - 2025-02-24 04:22:32 --> Token yang dicari: da85577b4503ad648a79b04ebc764c7014d19bb571fcfb4c03d65252eddea250
DEBUG - 2025-02-24 04:22:32 --> Hasil pencarian: {"id":"2","user_id":null,"npm":"123456","nama":"Dwi A","email":"","password":"$2y$10$XcEnyKV.StLAS9wl9QfUcuULBWbD54jyfoQXYOff6pFgAzR8ZRMKO","point":"270","gaya_belajar":"Auditori","created_at":"2024-12-13 02:30:02","updated_at":"2025-02-24 03:51:58","deleted_at":null,"token":"da85577b4503ad648a79b04ebc764c7014d19bb571fcfb4c03d65252eddea250","last_login":"2025-02-24 10:49:22"}
ERROR - 2025-02-24 04:22:32 --> mysqli_sql_exception: Unknown column 'id_mahasiswa' in 'where clause' in C:\xampp\htdocs\PoinMarket\system\Database\MySQLi\Connection.php:295
Stack trace:
#0 C:\xampp\htdocs\PoinMarket\system\Database\MySQLi\Connection.php(295): mysqli->query('SELECT *\nFROM `...', 0)
#1 C:\xampp\htdocs\PoinMarket\system\Database\BaseConnection.php(692): CodeIgniter\Database\MySQLi\Connection->execute('SELECT *\nFROM `...')
#2 C:\xampp\htdocs\PoinMarket\system\Database\BaseConnection.php(606): CodeIgniter\Database\BaseConnection->simpleQuery('SELECT *\nFROM `...')
#3 C:\xampp\htdocs\PoinMarket\system\Database\BaseBuilder.php(1616): CodeIgniter\Database\BaseConnection->query('SELECT *\nFROM `...', Array, false)
#4 C:\xampp\htdocs\PoinMarket\system\Model.php(203): CodeIgniter\Database\BaseBuilder->get()
#5 C:\xampp\htdocs\PoinMarket\system\BaseModel.php(557): CodeIgniter\Model->doFind(false, NULL)
#6 C:\xampp\htdocs\PoinMarket\app\Controllers\API\WalletAPI.php(252): CodeIgniter\BaseModel->find()
#7 C:\xampp\htdocs\PoinMarket\system\CodeIgniter.php(932): App\Controllers\API\WalletAPI->getMyWallet()
#8 C:\xampp\htdocs\PoinMarket\system\CodeIgniter.php(497): CodeIgniter\CodeIgniter->runController(Object(App\Controllers\API\WalletAPI))
#9 C:\xampp\htdocs\PoinMarket\system\CodeIgniter.php(366): CodeIgniter\CodeIgniter->handleRequest(NULL, Object(Config\Cache), false)
#10 C:\xampp\htdocs\PoinMarket\public\index.php(67): CodeIgniter\CodeIgniter->run()
#11 C:\xampp\htdocs\PoinMarket\system\Commands\Server\rewrite.php(47): require_once('C:\\xampp\\htdocs...')
#12 {main}
CRITICAL - 2025-02-24 04:22:32 --> Unknown column 'id_mahasiswa' in 'where clause'
in SYSTEMPATH\Database\MySQLi\Connection.php on line 295.
 1 SYSTEMPATH\Database\MySQLi\Connection.php(295): mysqli->query('SELECT *
FROM `data_transaksi`
WHERE `id_mahasiswa` = \'2\'
ORDER BY `tanggal_transaksi` DESC
 LIMIT 5', 0)
 2 SYSTEMPATH\Database\BaseConnection.php(692): CodeIgniter\Database\MySQLi\Connection->execute('SELECT *
FROM `data_transaksi`
WHERE `id_mahasiswa` = \'2\'
ORDER BY `tanggal_transaksi` DESC
 LIMIT 5')
 3 SYSTEMPATH\Database\BaseConnection.php(606): CodeIgniter\Database\BaseConnection->simpleQuery('SELECT *
FROM `data_transaksi`
WHERE `id_mahasiswa` = \'2\'
ORDER BY `tanggal_transaksi` DESC
 LIMIT 5')
 4 SYSTEMPATH\Database\BaseBuilder.php(1616): CodeIgniter\Database\BaseConnection->query('SELECT *
FROM `data_transaksi`
WHERE `id_mahasiswa` = :id_mahasiswa:
ORDER BY `tanggal_transaksi` DESC
 LIMIT 5', [...], false)
 5 SYSTEMPATH\Model.php(203): CodeIgniter\Database\BaseBuilder->get()
 6 SYSTEMPATH\BaseModel.php(557): CodeIgniter\Model->doFind(false, null)
 7 APPPATH\Controllers\API\WalletAPI.php(252): CodeIgniter\BaseModel->find()
 8 SYSTEMPATH\CodeIgniter.php(932): App\Controllers\API\WalletAPI->getMyWallet()
 9 SYSTEMPATH\CodeIgniter.php(497): CodeIgniter\CodeIgniter->runController(Object(App\Controllers\API\WalletAPI))
10 SYSTEMPATH\CodeIgniter.php(366): CodeIgniter\CodeIgniter->handleRequest(null, Object(Config\Cache), false)
11 FCPATH\index.php(67): CodeIgniter\CodeIgniter->run()
12 SYSTEMPATH\Commands\Server\rewrite.php(47): require_once('C:\\xampp\\htdocs\\PoinMarket\\public\\index.php')
INFO - 2025-02-24 04:22:41 --> Session: Class initialized using 'CodeIgniter\Session\Handlers\FileHandler' driver.
INFO - 2025-02-24 04:22:42 --> Session: Class initialized using 'CodeIgniter\Session\Handlers\FileHandler' driver.
INFO - 2025-02-24 04:22:42 --> Session: Class initialized using 'CodeIgniter\Session\Handlers\FileHandler' driver.
DEBUG - 2025-02-24 04:22:42 --> Session token: da85577b4503ad648a79b04ebc764c7014d19bb571fcfb4c03d65252eddea250
DEBUG - 2025-02-24 04:22:42 --> Raw Authorization header: Bearer da85577b4503ad648a79b04ebc764c7014d19bb571fcfb4c03d65252eddea250
DEBUG - 2025-02-24 04:22:42 --> Token dari header: da85577b4503ad648a79b04ebc764c7014d19bb571fcfb4c03d65252eddea250
DEBUG - 2025-02-24 04:22:42 --> SQL: SELECT *
FROM `mahasiswa`
WHERE `token` = 'da85577b4503ad648a79b04ebc764c7014d19bb571fcfb4c03d65252eddea250'
 LIMIT 1
DEBUG - 2025-02-24 04:22:42 --> Token yang dicari: da85577b4503ad648a79b04ebc764c7014d19bb571fcfb4c03d65252eddea250
DEBUG - 2025-02-24 04:22:42 --> Hasil pencarian: {"id":"2","user_id":null,"npm":"123456","nama":"Dwi A","email":"","password":"$2y$10$XcEnyKV.StLAS9wl9QfUcuULBWbD54jyfoQXYOff6pFgAzR8ZRMKO","point":"270","gaya_belajar":"Auditori","created_at":"2024-12-13 02:30:02","updated_at":"2025-02-24 03:51:58","deleted_at":null,"token":"da85577b4503ad648a79b04ebc764c7014d19bb571fcfb4c03d65252eddea250","last_login":"2025-02-24 10:49:22"}
ERROR - 2025-02-24 04:22:42 --> mysqli_sql_exception: Unknown column 'id' in 'where clause' in C:\xampp\htdocs\PoinMarket\system\Database\MySQLi\Connection.php:295
Stack trace:
#0 C:\xampp\htdocs\PoinMarket\system\Database\MySQLi\Connection.php(295): mysqli->query('SELECT *\nFROM `...', 0)
#1 C:\xampp\htdocs\PoinMarket\system\Database\BaseConnection.php(692): CodeIgniter\Database\MySQLi\Connection->execute('SELECT *\nFROM `...')
#2 C:\xampp\htdocs\PoinMarket\system\Database\BaseConnection.php(606): CodeIgniter\Database\BaseConnection->simpleQuery('SELECT *\nFROM `...')
#3 C:\xampp\htdocs\PoinMarket\system\Database\BaseBuilder.php(1616): CodeIgniter\Database\BaseConnection->query('SELECT *\nFROM `...', Array, false)
#4 C:\xampp\htdocs\PoinMarket\system\Model.php(203): CodeIgniter\Database\BaseBuilder->get()
#5 C:\xampp\htdocs\PoinMarket\system\BaseModel.php(557): CodeIgniter\Model->doFind(false, NULL)
#6 C:\xampp\htdocs\PoinMarket\app\Controllers\API\WalletAPI.php(252): CodeIgniter\BaseModel->find()
#7 C:\xampp\htdocs\PoinMarket\system\CodeIgniter.php(932): App\Controllers\API\WalletAPI->getMyWallet()
#8 C:\xampp\htdocs\PoinMarket\system\CodeIgniter.php(497): CodeIgniter\CodeIgniter->runController(Object(App\Controllers\API\WalletAPI))
#9 C:\xampp\htdocs\PoinMarket\system\CodeIgniter.php(366): CodeIgniter\CodeIgniter->handleRequest(NULL, Object(Config\Cache), false)
#10 C:\xampp\htdocs\PoinMarket\public\index.php(67): CodeIgniter\CodeIgniter->run()
#11 C:\xampp\htdocs\PoinMarket\system\Commands\Server\rewrite.php(47): require_once('C:\\xampp\\htdocs...')
#12 {main}
CRITICAL - 2025-02-24 04:22:42 --> Unknown column 'id' in 'where clause'
in SYSTEMPATH\Database\MySQLi\Connection.php on line 295.
 1 SYSTEMPATH\Database\MySQLi\Connection.php(295): mysqli->query('SELECT *
FROM `data_transaksi`
WHERE `id` = \'2\'
ORDER BY `tanggal_transaksi` DESC
 LIMIT 5', 0)
 2 SYSTEMPATH\Database\BaseConnection.php(692): CodeIgniter\Database\MySQLi\Connection->execute('SELECT *
FROM `data_transaksi`
WHERE `id` = \'2\'
ORDER BY `tanggal_transaksi` DESC
 LIMIT 5')
 3 SYSTEMPATH\Database\BaseConnection.php(606): CodeIgniter\Database\BaseConnection->simpleQuery('SELECT *
FROM `data_transaksi`
WHERE `id` = \'2\'
ORDER BY `tanggal_transaksi` DESC
 LIMIT 5')
 4 SYSTEMPATH\Database\BaseBuilder.php(1616): CodeIgniter\Database\BaseConnection->query('SELECT *
FROM `data_transaksi`
WHERE `id` = :id:
ORDER BY `tanggal_transaksi` DESC
 LIMIT 5', [...], false)
 5 SYSTEMPATH\Model.php(203): CodeIgniter\Database\BaseBuilder->get()
 6 SYSTEMPATH\BaseModel.php(557): CodeIgniter\Model->doFind(false, null)
 7 APPPATH\Controllers\API\WalletAPI.php(252): CodeIgniter\BaseModel->find()
 8 SYSTEMPATH\CodeIgniter.php(932): App\Controllers\API\WalletAPI->getMyWallet()
 9 SYSTEMPATH\CodeIgniter.php(497): CodeIgniter\CodeIgniter->runController(Object(App\Controllers\API\WalletAPI))
10 SYSTEMPATH\CodeIgniter.php(366): CodeIgniter\CodeIgniter->handleRequest(null, Object(Config\Cache), false)
11 FCPATH\index.php(67): CodeIgniter\CodeIgniter->run()
12 SYSTEMPATH\Commands\Server\rewrite.php(47): require_once('C:\\xampp\\htdocs\\PoinMarket\\public\\index.php')
INFO - 2025-02-24 04:22:49 --> Session: Class initialized using 'CodeIgniter\Session\Handlers\FileHandler' driver.
INFO - 2025-02-24 04:22:50 --> Session: Class initialized using 'CodeIgniter\Session\Handlers\FileHandler' driver.
INFO - 2025-02-24 04:22:50 --> Session: Class initialized using 'CodeIgniter\Session\Handlers\FileHandler' driver.
DEBUG - 2025-02-24 04:22:50 --> Session token: da85577b4503ad648a79b04ebc764c7014d19bb571fcfb4c03d65252eddea250
DEBUG - 2025-02-24 04:22:50 --> Raw Authorization header: Bearer da85577b4503ad648a79b04ebc764c7014d19bb571fcfb4c03d65252eddea250
DEBUG - 2025-02-24 04:22:50 --> Token dari header: da85577b4503ad648a79b04ebc764c7014d19bb571fcfb4c03d65252eddea250
DEBUG - 2025-02-24 04:22:50 --> SQL: SELECT *
FROM `mahasiswa`
WHERE `token` = 'da85577b4503ad648a79b04ebc764c7014d19bb571fcfb4c03d65252eddea250'
 LIMIT 1
DEBUG - 2025-02-24 04:22:50 --> Token yang dicari: da85577b4503ad648a79b04ebc764c7014d19bb571fcfb4c03d65252eddea250
DEBUG - 2025-02-24 04:22:50 --> Hasil pencarian: {"id":"2","user_id":null,"npm":"123456","nama":"Dwi A","email":"","password":"$2y$10$XcEnyKV.StLAS9wl9QfUcuULBWbD54jyfoQXYOff6pFgAzR8ZRMKO","point":"270","gaya_belajar":"Auditori","created_at":"2024-12-13 02:30:02","updated_at":"2025-02-24 03:51:58","deleted_at":null,"token":"da85577b4503ad648a79b04ebc764c7014d19bb571fcfb4c03d65252eddea250","last_login":"2025-02-24 10:49:22"}
INFO - 2025-02-24 04:22:56 --> Session: Class initialized using 'CodeIgniter\Session\Handlers\FileHandler' driver.
INFO - 2025-02-24 04:22:57 --> Session: Class initialized using 'CodeIgniter\Session\Handlers\FileHandler' driver.
INFO - 2025-02-24 04:22:57 --> Session: Class initialized using 'CodeIgniter\Session\Handlers\FileHandler' driver.
DEBUG - 2025-02-24 04:22:57 --> Session token: da85577b4503ad648a79b04ebc764c7014d19bb571fcfb4c03d65252eddea250
DEBUG - 2025-02-24 04:22:57 --> Raw Authorization header: Bearer da85577b4503ad648a79b04ebc764c7014d19bb571fcfb4c03d65252eddea250
DEBUG - 2025-02-24 04:22:57 --> Token dari header: da85577b4503ad648a79b04ebc764c7014d19bb571fcfb4c03d65252eddea250
DEBUG - 2025-02-24 04:22:57 --> SQL: SELECT *
FROM `mahasiswa`
WHERE `token` = 'da85577b4503ad648a79b04ebc764c7014d19bb571fcfb4c03d65252eddea250'
 LIMIT 1
DEBUG - 2025-02-24 04:22:57 --> Token yang dicari: da85577b4503ad648a79b04ebc764c7014d19bb571fcfb4c03d65252eddea250
DEBUG - 2025-02-24 04:22:57 --> Hasil pencarian: {"id":"2","user_id":null,"npm":"123456","nama":"Dwi A","email":"","password":"$2y$10$XcEnyKV.StLAS9wl9QfUcuULBWbD54jyfoQXYOff6pFgAzR8ZRMKO","point":"270","gaya_belajar":"Auditori","created_at":"2024-12-13 02:30:02","updated_at":"2025-02-24 03:51:58","deleted_at":null,"token":"da85577b4503ad648a79b04ebc764c7014d19bb571fcfb4c03d65252eddea250","last_login":"2025-02-24 10:49:22"}
ERROR - 2025-02-24 04:22:57 --> [WalletAPI.getMyWallet] Undefined array key "jenis_transaksi"
INFO - 2025-02-24 04:23:03 --> Session: Class initialized using 'CodeIgniter\Session\Handlers\FileHandler' driver.
INFO - 2025-02-24 04:23:03 --> Session: Class initialized using 'CodeIgniter\Session\Handlers\FileHandler' driver.
INFO - 2025-02-24 04:23:04 --> Session: Class initialized using 'CodeIgniter\Session\Handlers\FileHandler' driver.
DEBUG - 2025-02-24 04:23:04 --> Session token: da85577b4503ad648a79b04ebc764c7014d19bb571fcfb4c03d65252eddea250
DEBUG - 2025-02-24 04:23:04 --> Raw Authorization header: Bearer da85577b4503ad648a79b04ebc764c7014d19bb571fcfb4c03d65252eddea250
DEBUG - 2025-02-24 04:23:04 --> Token dari header: da85577b4503ad648a79b04ebc764c7014d19bb571fcfb4c03d65252eddea250
DEBUG - 2025-02-24 04:23:04 --> SQL: SELECT *
FROM `mahasiswa`
WHERE `token` = 'da85577b4503ad648a79b04ebc764c7014d19bb571fcfb4c03d65252eddea250'
 LIMIT 1
DEBUG - 2025-02-24 04:23:04 --> Token yang dicari: da85577b4503ad648a79b04ebc764c7014d19bb571fcfb4c03d65252eddea250
DEBUG - 2025-02-24 04:23:04 --> Hasil pencarian: {"id":"2","user_id":null,"npm":"123456","nama":"Dwi A","email":"","password":"$2y$10$XcEnyKV.StLAS9wl9QfUcuULBWbD54jyfoQXYOff6pFgAzR8ZRMKO","point":"270","gaya_belajar":"Auditori","created_at":"2024-12-13 02:30:02","updated_at":"2025-02-24 03:51:58","deleted_at":null,"token":"da85577b4503ad648a79b04ebc764c7014d19bb571fcfb4c03d65252eddea250","last_login":"2025-02-24 10:49:22"}
INFO - 2025-02-24 04:23:57 --> Session: Class initialized using 'CodeIgniter\Session\Handlers\FileHandler' driver.
INFO - 2025-02-24 04:23:58 --> Session: Class initialized using 'CodeIgniter\Session\Handlers\FileHandler' driver.
INFO - 2025-02-24 04:23:58 --> Session: Class initialized using 'CodeIgniter\Session\Handlers\FileHandler' driver.
DEBUG - 2025-02-24 04:23:58 --> Session token: da85577b4503ad648a79b04ebc764c7014d19bb571fcfb4c03d65252eddea250
DEBUG - 2025-02-24 04:23:58 --> Raw Authorization header: Bearer da85577b4503ad648a79b04ebc764c7014d19bb571fcfb4c03d65252eddea250
DEBUG - 2025-02-24 04:23:58 --> Token dari header: da85577b4503ad648a79b04ebc764c7014d19bb571fcfb4c03d65252eddea250
DEBUG - 2025-02-24 04:23:58 --> SQL: SELECT *
FROM `mahasiswa`
WHERE `token` = 'da85577b4503ad648a79b04ebc764c7014d19bb571fcfb4c03d65252eddea250'
 LIMIT 1
DEBUG - 2025-02-24 04:23:58 --> Token yang dicari: da85577b4503ad648a79b04ebc764c7014d19bb571fcfb4c03d65252eddea250
DEBUG - 2025-02-24 04:23:58 --> Hasil pencarian: {"id":"2","user_id":null,"npm":"123456","nama":"Dwi A","email":"","password":"$2y$10$XcEnyKV.StLAS9wl9QfUcuULBWbD54jyfoQXYOff6pFgAzR8ZRMKO","point":"270","gaya_belajar":"Auditori","created_at":"2024-12-13 02:30:02","updated_at":"2025-02-24 03:51:58","deleted_at":null,"token":"da85577b4503ad648a79b04ebc764c7014d19bb571fcfb4c03d65252eddea250","last_login":"2025-02-24 10:49:22"}
INFO - 2025-02-24 04:24:04 --> Session: Class initialized using 'CodeIgniter\Session\Handlers\FileHandler' driver.
INFO - 2025-02-24 04:24:05 --> Session: Class initialized using 'CodeIgniter\Session\Handlers\FileHandler' driver.
INFO - 2025-02-24 04:24:05 --> Session: Class initialized using 'CodeIgniter\Session\Handlers\FileHandler' driver.
DEBUG - 2025-02-24 04:24:05 --> Session token: da85577b4503ad648a79b04ebc764c7014d19bb571fcfb4c03d65252eddea250
DEBUG - 2025-02-24 04:24:05 --> Raw Authorization header: Bearer da85577b4503ad648a79b04ebc764c7014d19bb571fcfb4c03d65252eddea250
DEBUG - 2025-02-24 04:24:05 --> Token dari header: da85577b4503ad648a79b04ebc764c7014d19bb571fcfb4c03d65252eddea250
DEBUG - 2025-02-24 04:24:05 --> SQL: SELECT *
FROM `mahasiswa`
WHERE `token` = 'da85577b4503ad648a79b04ebc764c7014d19bb571fcfb4c03d65252eddea250'
 LIMIT 1
DEBUG - 2025-02-24 04:24:05 --> Token yang dicari: da85577b4503ad648a79b04ebc764c7014d19bb571fcfb4c03d65252eddea250
DEBUG - 2025-02-24 04:24:05 --> Hasil pencarian: {"id":"2","user_id":null,"npm":"123456","nama":"Dwi A","email":"","password":"$2y$10$XcEnyKV.StLAS9wl9QfUcuULBWbD54jyfoQXYOff6pFgAzR8ZRMKO","point":"270","gaya_belajar":"Auditori","created_at":"2024-12-13 02:30:02","updated_at":"2025-02-24 03:51:58","deleted_at":null,"token":"da85577b4503ad648a79b04ebc764c7014d19bb571fcfb4c03d65252eddea250","last_login":"2025-02-24 10:49:22"}
INFO - 2025-02-24 04:24:11 --> Session: Class initialized using 'CodeIgniter\Session\Handlers\FileHandler' driver.
INFO - 2025-02-24 04:24:12 --> Session: Class initialized using 'CodeIgniter\Session\Handlers\FileHandler' driver.
INFO - 2025-02-24 04:24:12 --> Session: Class initialized using 'CodeIgniter\Session\Handlers\FileHandler' driver.
DEBUG - 2025-02-24 04:24:12 --> Session token: da85577b4503ad648a79b04ebc764c7014d19bb571fcfb4c03d65252eddea250
DEBUG - 2025-02-24 04:24:12 --> Raw Authorization header: Bearer da85577b4503ad648a79b04ebc764c7014d19bb571fcfb4c03d65252eddea250
DEBUG - 2025-02-24 04:24:12 --> Token dari header: da85577b4503ad648a79b04ebc764c7014d19bb571fcfb4c03d65252eddea250
DEBUG - 2025-02-24 04:24:12 --> SQL: SELECT *
FROM `mahasiswa`
WHERE `token` = 'da85577b4503ad648a79b04ebc764c7014d19bb571fcfb4c03d65252eddea250'
 LIMIT 1
DEBUG - 2025-02-24 04:24:12 --> Token yang dicari: da85577b4503ad648a79b04ebc764c7014d19bb571fcfb4c03d65252eddea250
DEBUG - 2025-02-24 04:24:12 --> Hasil pencarian: {"id":"2","user_id":null,"npm":"123456","nama":"Dwi A","email":"","password":"$2y$10$XcEnyKV.StLAS9wl9QfUcuULBWbD54jyfoQXYOff6pFgAzR8ZRMKO","point":"270","gaya_belajar":"Auditori","created_at":"2024-12-13 02:30:02","updated_at":"2025-02-24 03:51:58","deleted_at":null,"token":"da85577b4503ad648a79b04ebc764c7014d19bb571fcfb4c03d65252eddea250","last_login":"2025-02-24 10:49:22"}
INFO - 2025-02-24 04:24:33 --> Session: Class initialized using 'CodeIgniter\Session\Handlers\FileHandler' driver.
INFO - 2025-02-24 04:24:33 --> Session: Class initialized using 'CodeIgniter\Session\Handlers\FileHandler' driver.
INFO - 2025-02-24 04:24:34 --> Session: Class initialized using 'CodeIgniter\Session\Handlers\FileHandler' driver.
DEBUG - 2025-02-24 04:24:34 --> Session token: da85577b4503ad648a79b04ebc764c7014d19bb571fcfb4c03d65252eddea250
DEBUG - 2025-02-24 04:24:34 --> Raw Authorization header: Bearer da85577b4503ad648a79b04ebc764c7014d19bb571fcfb4c03d65252eddea250
DEBUG - 2025-02-24 04:24:34 --> Token dari header: da85577b4503ad648a79b04ebc764c7014d19bb571fcfb4c03d65252eddea250
DEBUG - 2025-02-24 04:24:34 --> SQL: SELECT *
FROM `mahasiswa`
WHERE `token` = 'da85577b4503ad648a79b04ebc764c7014d19bb571fcfb4c03d65252eddea250'
 LIMIT 1
DEBUG - 2025-02-24 04:24:34 --> Token yang dicari: da85577b4503ad648a79b04ebc764c7014d19bb571fcfb4c03d65252eddea250
DEBUG - 2025-02-24 04:24:34 --> Hasil pencarian: {"id":"2","user_id":null,"npm":"123456","nama":"Dwi A","email":"","password":"$2y$10$XcEnyKV.StLAS9wl9QfUcuULBWbD54jyfoQXYOff6pFgAzR8ZRMKO","point":"270","gaya_belajar":"Auditori","created_at":"2024-12-13 02:30:02","updated_at":"2025-02-24 03:51:58","deleted_at":null,"token":"da85577b4503ad648a79b04ebc764c7014d19bb571fcfb4c03d65252eddea250","last_login":"2025-02-24 10:49:22"}
INFO - 2025-02-24 04:27:30 --> Session: Class initialized using 'CodeIgniter\Session\Handlers\FileHandler' driver.
DEBUG - 2025-02-24 04:27:30 --> Session token: da85577b4503ad648a79b04ebc764c7014d19bb571fcfb4c03d65252eddea250
DEBUG - 2025-02-24 04:27:30 --> Raw Authorization header: 
DEBUG - 2025-02-24 04:27:30 --> Token dari session: da85577b4503ad648a79b04ebc764c7014d19bb571fcfb4c03d65252eddea250
DEBUG - 2025-02-24 04:27:30 --> SQL: SELECT *
FROM `mahasiswa`
WHERE `token` = 'da85577b4503ad648a79b04ebc764c7014d19bb571fcfb4c03d65252eddea250'
 LIMIT 1
DEBUG - 2025-02-24 04:27:30 --> Token yang dicari: da85577b4503ad648a79b04ebc764c7014d19bb571fcfb4c03d65252eddea250
DEBUG - 2025-02-24 04:27:30 --> Hasil pencarian: {"id":"2","user_id":null,"npm":"123456","nama":"Dwi A","email":"","password":"$2y$10$XcEnyKV.StLAS9wl9QfUcuULBWbD54jyfoQXYOff6pFgAzR8ZRMKO","point":"270","gaya_belajar":"Auditori","created_at":"2024-12-13 02:30:02","updated_at":"2025-02-24 03:51:58","deleted_at":null,"token":"da85577b4503ad648a79b04ebc764c7014d19bb571fcfb4c03d65252eddea250","last_login":"2025-02-24 10:49:22"}
DEBUG - 2025-02-24 04:27:45 --> Session token: 
DEBUG - 2025-02-24 04:27:45 --> Raw Authorization header: 
DEBUG - 2025-02-24 04:27:45 --> Token dari header: 
DEBUG - 2025-02-24 04:27:54 --> Session token: 
DEBUG - 2025-02-24 04:27:54 --> Raw Authorization header: 
DEBUG - 2025-02-24 04:27:54 --> Token dari header: 
INFO - 2025-02-24 04:28:06 --> Session: Class initialized using 'CodeIgniter\Session\Handlers\FileHandler' driver.
DEBUG - 2025-02-24 04:28:06 --> Session token: da85577b4503ad648a79b04ebc764c7014d19bb571fcfb4c03d65252eddea250
DEBUG - 2025-02-24 04:28:06 --> Raw Authorization header: 
DEBUG - 2025-02-24 04:28:06 --> Token dari session: da85577b4503ad648a79b04ebc764c7014d19bb571fcfb4c03d65252eddea250
DEBUG - 2025-02-24 04:28:06 --> SQL: SELECT *
FROM `mahasiswa`
WHERE `token` = 'da85577b4503ad648a79b04ebc764c7014d19bb571fcfb4c03d65252eddea250'
 LIMIT 1
DEBUG - 2025-02-24 04:28:06 --> Token yang dicari: da85577b4503ad648a79b04ebc764c7014d19bb571fcfb4c03d65252eddea250
DEBUG - 2025-02-24 04:28:06 --> Hasil pencarian: {"id":"2","user_id":null,"npm":"123456","nama":"Dwi A","email":"","password":"$2y$10$XcEnyKV.StLAS9wl9QfUcuULBWbD54jyfoQXYOff6pFgAzR8ZRMKO","point":"270","gaya_belajar":"Auditori","created_at":"2024-12-13 02:30:02","updated_at":"2025-02-24 03:51:58","deleted_at":null,"token":"da85577b4503ad648a79b04ebc764c7014d19bb571fcfb4c03d65252eddea250","last_login":"2025-02-24 10:49:22"}
DEBUG - 2025-02-24 04:28:08 --> Session token: 
DEBUG - 2025-02-24 04:28:08 --> Raw Authorization header: 
DEBUG - 2025-02-24 04:28:08 --> Token dari header: 
INFO - 2025-02-24 04:28:09 --> Session: Class initialized using 'CodeIgniter\Session\Handlers\FileHandler' driver.
DEBUG - 2025-02-24 04:28:09 --> Session token: da85577b4503ad648a79b04ebc764c7014d19bb571fcfb4c03d65252eddea250
DEBUG - 2025-02-24 04:28:09 --> Raw Authorization header: 
DEBUG - 2025-02-24 04:28:09 --> Token dari session: da85577b4503ad648a79b04ebc764c7014d19bb571fcfb4c03d65252eddea250
DEBUG - 2025-02-24 04:28:09 --> SQL: SELECT *
FROM `mahasiswa`
WHERE `token` = 'da85577b4503ad648a79b04ebc764c7014d19bb571fcfb4c03d65252eddea250'
 LIMIT 1
DEBUG - 2025-02-24 04:28:09 --> Token yang dicari: da85577b4503ad648a79b04ebc764c7014d19bb571fcfb4c03d65252eddea250
DEBUG - 2025-02-24 04:28:09 --> Hasil pencarian: {"id":"2","user_id":null,"npm":"123456","nama":"Dwi A","email":"","password":"$2y$10$XcEnyKV.StLAS9wl9QfUcuULBWbD54jyfoQXYOff6pFgAzR8ZRMKO","point":"270","gaya_belajar":"Auditori","created_at":"2024-12-13 02:30:02","updated_at":"2025-02-24 03:51:58","deleted_at":null,"token":"da85577b4503ad648a79b04ebc764c7014d19bb571fcfb4c03d65252eddea250","last_login":"2025-02-24 10:49:22"}
INFO - 2025-02-24 04:28:10 --> Session: Class initialized using 'CodeIgniter\Session\Handlers\FileHandler' driver.
INFO - 2025-02-24 04:28:10 --> Session: Class initialized using 'CodeIgniter\Session\Handlers\FileHandler' driver.
INFO - 2025-02-24 04:28:10 --> Session: Class initialized using 'CodeIgniter\Session\Handlers\FileHandler' driver.
DEBUG - 2025-02-24 04:28:10 --> Session token: da85577b4503ad648a79b04ebc764c7014d19bb571fcfb4c03d65252eddea250
DEBUG - 2025-02-24 04:28:10 --> Raw Authorization header: Bearer da85577b4503ad648a79b04ebc764c7014d19bb571fcfb4c03d65252eddea250
DEBUG - 2025-02-24 04:28:10 --> Token dari header: da85577b4503ad648a79b04ebc764c7014d19bb571fcfb4c03d65252eddea250
DEBUG - 2025-02-24 04:28:10 --> SQL: SELECT *
FROM `mahasiswa`
WHERE `token` = 'da85577b4503ad648a79b04ebc764c7014d19bb571fcfb4c03d65252eddea250'
 LIMIT 1
DEBUG - 2025-02-24 04:28:10 --> Token yang dicari: da85577b4503ad648a79b04ebc764c7014d19bb571fcfb4c03d65252eddea250
DEBUG - 2025-02-24 04:28:10 --> Hasil pencarian: {"id":"2","user_id":null,"npm":"123456","nama":"Dwi A","email":"","password":"$2y$10$XcEnyKV.StLAS9wl9QfUcuULBWbD54jyfoQXYOff6pFgAzR8ZRMKO","point":"270","gaya_belajar":"Auditori","created_at":"2024-12-13 02:30:02","updated_at":"2025-02-24 03:51:58","deleted_at":null,"token":"da85577b4503ad648a79b04ebc764c7014d19bb571fcfb4c03d65252eddea250","last_login":"2025-02-24 10:49:22"}
INFO - 2025-02-24 04:28:10 --> Session: Class initialized using 'CodeIgniter\Session\Handlers\FileHandler' driver.
DEBUG - 2025-02-24 04:28:11 --> Session token: da85577b4503ad648a79b04ebc764c7014d19bb571fcfb4c03d65252eddea250
DEBUG - 2025-02-24 04:28:11 --> Raw Authorization header: Bearer da85577b4503ad648a79b04ebc764c7014d19bb571fcfb4c03d65252eddea250
DEBUG - 2025-02-24 04:28:11 --> Token dari header: da85577b4503ad648a79b04ebc764c7014d19bb571fcfb4c03d65252eddea250
ERROR - 2025-02-24 04:28:11 --> [WalletAPI.getTransaksi] Undefined array key "jenis"
INFO - 2025-02-24 04:28:11 --> Session: Class initialized using 'CodeIgniter\Session\Handlers\FileHandler' driver.
DEBUG - 2025-02-24 04:28:11 --> Session token: da85577b4503ad648a79b04ebc764c7014d19bb571fcfb4c03d65252eddea250
DEBUG - 2025-02-24 04:28:11 --> Raw Authorization header: Bearer da85577b4503ad648a79b04ebc764c7014d19bb571fcfb4c03d65252eddea250
DEBUG - 2025-02-24 04:28:11 --> Token dari header: da85577b4503ad648a79b04ebc764c7014d19bb571fcfb4c03d65252eddea250
DEBUG - 2025-02-24 04:28:11 --> SQL: SELECT *
FROM `mahasiswa`
WHERE `token` = 'da85577b4503ad648a79b04ebc764c7014d19bb571fcfb4c03d65252eddea250'
 LIMIT 1
DEBUG - 2025-02-24 04:28:11 --> Token yang dicari: da85577b4503ad648a79b04ebc764c7014d19bb571fcfb4c03d65252eddea250
DEBUG - 2025-02-24 04:28:11 --> Hasil pencarian: {"id":"2","user_id":null,"npm":"123456","nama":"Dwi A","email":"","password":"$2y$10$XcEnyKV.StLAS9wl9QfUcuULBWbD54jyfoQXYOff6pFgAzR8ZRMKO","point":"270","gaya_belajar":"Auditori","created_at":"2024-12-13 02:30:02","updated_at":"2025-02-24 03:51:58","deleted_at":null,"token":"da85577b4503ad648a79b04ebc764c7014d19bb571fcfb4c03d65252eddea250","last_login":"2025-02-24 10:49:22"}
INFO - 2025-02-24 04:28:11 --> Session: Class initialized using 'CodeIgniter\Session\Handlers\FileHandler' driver.
INFO - 2025-02-24 04:28:11 --> Session: Class initialized using 'CodeIgniter\Session\Handlers\FileHandler' driver.
DEBUG - 2025-02-24 04:28:11 --> Session token: da85577b4503ad648a79b04ebc764c7014d19bb571fcfb4c03d65252eddea250
DEBUG - 2025-02-24 04:28:11 --> Raw Authorization header: Bearer da85577b4503ad648a79b04ebc764c7014d19bb571fcfb4c03d65252eddea250
DEBUG - 2025-02-24 04:28:11 --> Token dari header: da85577b4503ad648a79b04ebc764c7014d19bb571fcfb4c03d65252eddea250
DEBUG - 2025-02-24 04:28:11 --> SQL: SELECT *
FROM `mahasiswa`
WHERE `token` = 'da85577b4503ad648a79b04ebc764c7014d19bb571fcfb4c03d65252eddea250'
 LIMIT 1
DEBUG - 2025-02-24 04:28:11 --> Token yang dicari: da85577b4503ad648a79b04ebc764c7014d19bb571fcfb4c03d65252eddea250
DEBUG - 2025-02-24 04:28:11 --> Hasil pencarian: {"id":"2","user_id":null,"npm":"123456","nama":"Dwi A","email":"","password":"$2y$10$XcEnyKV.StLAS9wl9QfUcuULBWbD54jyfoQXYOff6pFgAzR8ZRMKO","point":"270","gaya_belajar":"Auditori","created_at":"2024-12-13 02:30:02","updated_at":"2025-02-24 03:51:58","deleted_at":null,"token":"da85577b4503ad648a79b04ebc764c7014d19bb571fcfb4c03d65252eddea250","last_login":"2025-02-24 10:49:22"}
DEBUG - 2025-02-24 04:28:12 --> Session token: da85577b4503ad648a79b04ebc764c7014d19bb571fcfb4c03d65252eddea250
DEBUG - 2025-02-24 04:28:12 --> Raw Authorization header: Bearer da85577b4503ad648a79b04ebc764c7014d19bb571fcfb4c03d65252eddea250
DEBUG - 2025-02-24 04:28:12 --> Token dari header: da85577b4503ad648a79b04ebc764c7014d19bb571fcfb4c03d65252eddea250
ERROR - 2025-02-24 04:28:12 --> [WalletAPI.getTransaksi] Undefined array key "jenis"
INFO - 2025-02-24 04:28:12 --> Session: Class initialized using 'CodeIgniter\Session\Handlers\FileHandler' driver.
DEBUG - 2025-02-24 04:28:12 --> Session token: da85577b4503ad648a79b04ebc764c7014d19bb571fcfb4c03d65252eddea250
DEBUG - 2025-02-24 04:28:12 --> Raw Authorization header: Bearer da85577b4503ad648a79b04ebc764c7014d19bb571fcfb4c03d65252eddea250
DEBUG - 2025-02-24 04:28:12 --> Token dari header: da85577b4503ad648a79b04ebc764c7014d19bb571fcfb4c03d65252eddea250
DEBUG - 2025-02-24 04:28:12 --> SQL: SELECT *
FROM `mahasiswa`
WHERE `token` = 'da85577b4503ad648a79b04ebc764c7014d19bb571fcfb4c03d65252eddea250'
 LIMIT 1
DEBUG - 2025-02-24 04:28:12 --> Token yang dicari: da85577b4503ad648a79b04ebc764c7014d19bb571fcfb4c03d65252eddea250
DEBUG - 2025-02-24 04:28:12 --> Hasil pencarian: {"id":"2","user_id":null,"npm":"123456","nama":"Dwi A","email":"","password":"$2y$10$XcEnyKV.StLAS9wl9QfUcuULBWbD54jyfoQXYOff6pFgAzR8ZRMKO","point":"270","gaya_belajar":"Auditori","created_at":"2024-12-13 02:30:02","updated_at":"2025-02-24 03:51:58","deleted_at":null,"token":"da85577b4503ad648a79b04ebc764c7014d19bb571fcfb4c03d65252eddea250","last_login":"2025-02-24 10:49:22"}
INFO - 2025-02-24 04:28:13 --> Session: Class initialized using 'CodeIgniter\Session\Handlers\FileHandler' driver.
INFO - 2025-02-24 04:28:13 --> Session: Class initialized using 'CodeIgniter\Session\Handlers\FileHandler' driver.
INFO - 2025-02-24 04:28:14 --> Session: Class initialized using 'CodeIgniter\Session\Handlers\FileHandler' driver.
DEBUG - 2025-02-24 04:28:14 --> Session token: da85577b4503ad648a79b04ebc764c7014d19bb571fcfb4c03d65252eddea250
DEBUG - 2025-02-24 04:28:14 --> Raw Authorization header: Bearer da85577b4503ad648a79b04ebc764c7014d19bb571fcfb4c03d65252eddea250
DEBUG - 2025-02-24 04:28:14 --> Token dari header: da85577b4503ad648a79b04ebc764c7014d19bb571fcfb4c03d65252eddea250
DEBUG - 2025-02-24 04:28:14 --> SQL: SELECT *
FROM `mahasiswa`
WHERE `token` = 'da85577b4503ad648a79b04ebc764c7014d19bb571fcfb4c03d65252eddea250'
 LIMIT 1
DEBUG - 2025-02-24 04:28:14 --> Token yang dicari: da85577b4503ad648a79b04ebc764c7014d19bb571fcfb4c03d65252eddea250
DEBUG - 2025-02-24 04:28:14 --> Hasil pencarian: {"id":"2","user_id":null,"npm":"123456","nama":"Dwi A","email":"","password":"$2y$10$XcEnyKV.StLAS9wl9QfUcuULBWbD54jyfoQXYOff6pFgAzR8ZRMKO","point":"270","gaya_belajar":"Auditori","created_at":"2024-12-13 02:30:02","updated_at":"2025-02-24 03:51:58","deleted_at":null,"token":"da85577b4503ad648a79b04ebc764c7014d19bb571fcfb4c03d65252eddea250","last_login":"2025-02-24 10:49:22"}
DEBUG - 2025-02-24 04:28:14 --> Session token: da85577b4503ad648a79b04ebc764c7014d19bb571fcfb4c03d65252eddea250
DEBUG - 2025-02-24 04:28:14 --> Raw Authorization header: Bearer da85577b4503ad648a79b04ebc764c7014d19bb571fcfb4c03d65252eddea250
DEBUG - 2025-02-24 04:28:14 --> Token dari header: da85577b4503ad648a79b04ebc764c7014d19bb571fcfb4c03d65252eddea250
ERROR - 2025-02-24 04:28:14 --> [WalletAPI.getTransaksi] Undefined array key "jenis"
INFO - 2025-02-24 04:28:14 --> Session: Class initialized using 'CodeIgniter\Session\Handlers\FileHandler' driver.
DEBUG - 2025-02-24 04:28:14 --> Session token: da85577b4503ad648a79b04ebc764c7014d19bb571fcfb4c03d65252eddea250
DEBUG - 2025-02-24 04:28:14 --> Raw Authorization header: Bearer da85577b4503ad648a79b04ebc764c7014d19bb571fcfb4c03d65252eddea250
DEBUG - 2025-02-24 04:28:14 --> Token dari header: da85577b4503ad648a79b04ebc764c7014d19bb571fcfb4c03d65252eddea250
DEBUG - 2025-02-24 04:28:14 --> SQL: SELECT *
FROM `mahasiswa`
WHERE `token` = 'da85577b4503ad648a79b04ebc764c7014d19bb571fcfb4c03d65252eddea250'
 LIMIT 1
DEBUG - 2025-02-24 04:28:14 --> Token yang dicari: da85577b4503ad648a79b04ebc764c7014d19bb571fcfb4c03d65252eddea250
DEBUG - 2025-02-24 04:28:14 --> Hasil pencarian: {"id":"2","user_id":null,"npm":"123456","nama":"Dwi A","email":"","password":"$2y$10$XcEnyKV.StLAS9wl9QfUcuULBWbD54jyfoQXYOff6pFgAzR8ZRMKO","point":"270","gaya_belajar":"Auditori","created_at":"2024-12-13 02:30:02","updated_at":"2025-02-24 03:51:58","deleted_at":null,"token":"da85577b4503ad648a79b04ebc764c7014d19bb571fcfb4c03d65252eddea250","last_login":"2025-02-24 10:49:22"}
INFO - 2025-02-24 04:28:38 --> Session: Class initialized using 'CodeIgniter\Session\Handlers\FileHandler' driver.
INFO - 2025-02-24 04:28:39 --> Session: Class initialized using 'CodeIgniter\Session\Handlers\FileHandler' driver.
INFO - 2025-02-24 04:28:39 --> Session: Class initialized using 'CodeIgniter\Session\Handlers\FileHandler' driver.
DEBUG - 2025-02-24 04:28:39 --> Session token: da85577b4503ad648a79b04ebc764c7014d19bb571fcfb4c03d65252eddea250
DEBUG - 2025-02-24 04:28:39 --> Raw Authorization header: Bearer da85577b4503ad648a79b04ebc764c7014d19bb571fcfb4c03d65252eddea250
DEBUG - 2025-02-24 04:28:39 --> Token dari header: da85577b4503ad648a79b04ebc764c7014d19bb571fcfb4c03d65252eddea250
DEBUG - 2025-02-24 04:28:39 --> SQL: SELECT *
FROM `mahasiswa`
WHERE `token` = 'da85577b4503ad648a79b04ebc764c7014d19bb571fcfb4c03d65252eddea250'
 LIMIT 1
DEBUG - 2025-02-24 04:28:39 --> Token yang dicari: da85577b4503ad648a79b04ebc764c7014d19bb571fcfb4c03d65252eddea250
DEBUG - 2025-02-24 04:28:39 --> Hasil pencarian: {"id":"2","user_id":null,"npm":"123456","nama":"Dwi A","email":"","password":"$2y$10$XcEnyKV.StLAS9wl9QfUcuULBWbD54jyfoQXYOff6pFgAzR8ZRMKO","point":"270","gaya_belajar":"Auditori","created_at":"2024-12-13 02:30:02","updated_at":"2025-02-24 03:51:58","deleted_at":null,"token":"da85577b4503ad648a79b04ebc764c7014d19bb571fcfb4c03d65252eddea250","last_login":"2025-02-24 10:49:22"}
DEBUG - 2025-02-24 04:28:39 --> Session token: da85577b4503ad648a79b04ebc764c7014d19bb571fcfb4c03d65252eddea250
DEBUG - 2025-02-24 04:28:39 --> Raw Authorization header: Bearer da85577b4503ad648a79b04ebc764c7014d19bb571fcfb4c03d65252eddea250
DEBUG - 2025-02-24 04:28:39 --> Token dari header: da85577b4503ad648a79b04ebc764c7014d19bb571fcfb4c03d65252eddea250
INFO - 2025-02-24 04:28:39 --> Session: Class initialized using 'CodeIgniter\Session\Handlers\FileHandler' driver.
DEBUG - 2025-02-24 04:28:39 --> Session token: da85577b4503ad648a79b04ebc764c7014d19bb571fcfb4c03d65252eddea250
DEBUG - 2025-02-24 04:28:39 --> Raw Authorization header: Bearer da85577b4503ad648a79b04ebc764c7014d19bb571fcfb4c03d65252eddea250
DEBUG - 2025-02-24 04:28:39 --> Token dari header: da85577b4503ad648a79b04ebc764c7014d19bb571fcfb4c03d65252eddea250
DEBUG - 2025-02-24 04:28:39 --> SQL: SELECT *
FROM `mahasiswa`
WHERE `token` = 'da85577b4503ad648a79b04ebc764c7014d19bb571fcfb4c03d65252eddea250'
 LIMIT 1
DEBUG - 2025-02-24 04:28:39 --> Token yang dicari: da85577b4503ad648a79b04ebc764c7014d19bb571fcfb4c03d65252eddea250
DEBUG - 2025-02-24 04:28:39 --> Hasil pencarian: {"id":"2","user_id":null,"npm":"123456","nama":"Dwi A","email":"","password":"$2y$10$XcEnyKV.StLAS9wl9QfUcuULBWbD54jyfoQXYOff6pFgAzR8ZRMKO","point":"270","gaya_belajar":"Auditori","created_at":"2024-12-13 02:30:02","updated_at":"2025-02-24 03:51:58","deleted_at":null,"token":"da85577b4503ad648a79b04ebc764c7014d19bb571fcfb4c03d65252eddea250","last_login":"2025-02-24 10:49:22"}
INFO - 2025-02-24 04:28:49 --> Session: Class initialized using 'CodeIgniter\Session\Handlers\FileHandler' driver.
DEBUG - 2025-02-24 04:28:49 --> Session token: da85577b4503ad648a79b04ebc764c7014d19bb571fcfb4c03d65252eddea250
DEBUG - 2025-02-24 04:28:49 --> Raw Authorization header: 
DEBUG - 2025-02-24 04:28:49 --> Token dari session: da85577b4503ad648a79b04ebc764c7014d19bb571fcfb4c03d65252eddea250
DEBUG - 2025-02-24 04:28:49 --> SQL: SELECT *
FROM `mahasiswa`
WHERE `token` = 'da85577b4503ad648a79b04ebc764c7014d19bb571fcfb4c03d65252eddea250'
 LIMIT 1
DEBUG - 2025-02-24 04:28:49 --> Token yang dicari: da85577b4503ad648a79b04ebc764c7014d19bb571fcfb4c03d65252eddea250
DEBUG - 2025-02-24 04:28:49 --> Hasil pencarian: {"id":"2","user_id":null,"npm":"123456","nama":"Dwi A","email":"","password":"$2y$10$XcEnyKV.StLAS9wl9QfUcuULBWbD54jyfoQXYOff6pFgAzR8ZRMKO","point":"270","gaya_belajar":"Auditori","created_at":"2024-12-13 02:30:02","updated_at":"2025-02-24 03:51:58","deleted_at":null,"token":"da85577b4503ad648a79b04ebc764c7014d19bb571fcfb4c03d65252eddea250","last_login":"2025-02-24 10:49:22"}
DEBUG - 2025-02-24 04:28:51 --> Session token: 
DEBUG - 2025-02-24 04:28:51 --> Raw Authorization header: 
DEBUG - 2025-02-24 04:28:51 --> Token dari header: 
INFO - 2025-02-24 04:29:00 --> Session: Class initialized using 'CodeIgniter\Session\Handlers\FileHandler' driver.
DEBUG - 2025-02-24 04:29:00 --> Session token: da85577b4503ad648a79b04ebc764c7014d19bb571fcfb4c03d65252eddea250
DEBUG - 2025-02-24 04:29:00 --> Raw Authorization header: 
DEBUG - 2025-02-24 04:29:00 --> Token dari session: da85577b4503ad648a79b04ebc764c7014d19bb571fcfb4c03d65252eddea250
DEBUG - 2025-02-24 04:29:00 --> SQL: SELECT *
FROM `mahasiswa`
WHERE `token` = 'da85577b4503ad648a79b04ebc764c7014d19bb571fcfb4c03d65252eddea250'
 LIMIT 1
DEBUG - 2025-02-24 04:29:00 --> Token yang dicari: da85577b4503ad648a79b04ebc764c7014d19bb571fcfb4c03d65252eddea250
DEBUG - 2025-02-24 04:29:00 --> Hasil pencarian: {"id":"2","user_id":null,"npm":"123456","nama":"Dwi A","email":"","password":"$2y$10$XcEnyKV.StLAS9wl9QfUcuULBWbD54jyfoQXYOff6pFgAzR8ZRMKO","point":"270","gaya_belajar":"Auditori","created_at":"2024-12-13 02:30:02","updated_at":"2025-02-24 03:51:58","deleted_at":null,"token":"da85577b4503ad648a79b04ebc764c7014d19bb571fcfb4c03d65252eddea250","last_login":"2025-02-24 10:49:22"}
INFO - 2025-02-24 04:29:03 --> Session: Class initialized using 'CodeIgniter\Session\Handlers\FileHandler' driver.
INFO - 2025-02-24 04:29:03 --> Session: Class initialized using 'CodeIgniter\Session\Handlers\FileHandler' driver.
INFO - 2025-02-24 04:29:04 --> Session: Class initialized using 'CodeIgniter\Session\Handlers\FileHandler' driver.
DEBUG - 2025-02-24 04:29:04 --> Session token: da85577b4503ad648a79b04ebc764c7014d19bb571fcfb4c03d65252eddea250
DEBUG - 2025-02-24 04:29:04 --> Raw Authorization header: Bearer da85577b4503ad648a79b04ebc764c7014d19bb571fcfb4c03d65252eddea250
DEBUG - 2025-02-24 04:29:04 --> Token dari header: da85577b4503ad648a79b04ebc764c7014d19bb571fcfb4c03d65252eddea250
DEBUG - 2025-02-24 04:29:04 --> SQL: SELECT *
FROM `mahasiswa`
WHERE `token` = 'da85577b4503ad648a79b04ebc764c7014d19bb571fcfb4c03d65252eddea250'
 LIMIT 1
DEBUG - 2025-02-24 04:29:04 --> Token yang dicari: da85577b4503ad648a79b04ebc764c7014d19bb571fcfb4c03d65252eddea250
DEBUG - 2025-02-24 04:29:04 --> Hasil pencarian: {"id":"2","user_id":null,"npm":"123456","nama":"Dwi A","email":"","password":"$2y$10$XcEnyKV.StLAS9wl9QfUcuULBWbD54jyfoQXYOff6pFgAzR8ZRMKO","point":"270","gaya_belajar":"Auditori","created_at":"2024-12-13 02:30:02","updated_at":"2025-02-24 03:51:58","deleted_at":null,"token":"da85577b4503ad648a79b04ebc764c7014d19bb571fcfb4c03d65252eddea250","last_login":"2025-02-24 10:49:22"}
DEBUG - 2025-02-24 04:29:04 --> Session token: da85577b4503ad648a79b04ebc764c7014d19bb571fcfb4c03d65252eddea250
DEBUG - 2025-02-24 04:29:04 --> Raw Authorization header: Bearer da85577b4503ad648a79b04ebc764c7014d19bb571fcfb4c03d65252eddea250
DEBUG - 2025-02-24 04:29:04 --> Token dari header: da85577b4503ad648a79b04ebc764c7014d19bb571fcfb4c03d65252eddea250
INFO - 2025-02-24 04:29:04 --> Session: Class initialized using 'CodeIgniter\Session\Handlers\FileHandler' driver.
DEBUG - 2025-02-24 04:29:04 --> Session token: da85577b4503ad648a79b04ebc764c7014d19bb571fcfb4c03d65252eddea250
DEBUG - 2025-02-24 04:29:04 --> Raw Authorization header: Bearer da85577b4503ad648a79b04ebc764c7014d19bb571fcfb4c03d65252eddea250
DEBUG - 2025-02-24 04:29:04 --> Token dari header: da85577b4503ad648a79b04ebc764c7014d19bb571fcfb4c03d65252eddea250
DEBUG - 2025-02-24 04:29:04 --> SQL: SELECT *
FROM `mahasiswa`
WHERE `token` = 'da85577b4503ad648a79b04ebc764c7014d19bb571fcfb4c03d65252eddea250'
 LIMIT 1
DEBUG - 2025-02-24 04:29:04 --> Token yang dicari: da85577b4503ad648a79b04ebc764c7014d19bb571fcfb4c03d65252eddea250
DEBUG - 2025-02-24 04:29:04 --> Hasil pencarian: {"id":"2","user_id":null,"npm":"123456","nama":"Dwi A","email":"","password":"$2y$10$XcEnyKV.StLAS9wl9QfUcuULBWbD54jyfoQXYOff6pFgAzR8ZRMKO","point":"270","gaya_belajar":"Auditori","created_at":"2024-12-13 02:30:02","updated_at":"2025-02-24 03:51:58","deleted_at":null,"token":"da85577b4503ad648a79b04ebc764c7014d19bb571fcfb4c03d65252eddea250","last_login":"2025-02-24 10:49:22"}
INFO - 2025-02-24 04:29:06 --> Session: Class initialized using 'CodeIgniter\Session\Handlers\FileHandler' driver.
INFO - 2025-02-24 04:29:07 --> Session: Class initialized using 'CodeIgniter\Session\Handlers\FileHandler' driver.
INFO - 2025-02-24 04:29:07 --> Session: Class initialized using 'CodeIgniter\Session\Handlers\FileHandler' driver.
DEBUG - 2025-02-24 04:29:07 --> Session token: da85577b4503ad648a79b04ebc764c7014d19bb571fcfb4c03d65252eddea250
DEBUG - 2025-02-24 04:29:07 --> Raw Authorization header: Bearer da85577b4503ad648a79b04ebc764c7014d19bb571fcfb4c03d65252eddea250
DEBUG - 2025-02-24 04:29:07 --> Token dari header: da85577b4503ad648a79b04ebc764c7014d19bb571fcfb4c03d65252eddea250
DEBUG - 2025-02-24 04:29:07 --> SQL: SELECT *
FROM `mahasiswa`
WHERE `token` = 'da85577b4503ad648a79b04ebc764c7014d19bb571fcfb4c03d65252eddea250'
 LIMIT 1
DEBUG - 2025-02-24 04:29:07 --> Token yang dicari: da85577b4503ad648a79b04ebc764c7014d19bb571fcfb4c03d65252eddea250
DEBUG - 2025-02-24 04:29:07 --> Hasil pencarian: {"id":"2","user_id":null,"npm":"123456","nama":"Dwi A","email":"","password":"$2y$10$XcEnyKV.StLAS9wl9QfUcuULBWbD54jyfoQXYOff6pFgAzR8ZRMKO","point":"270","gaya_belajar":"Auditori","created_at":"2024-12-13 02:30:02","updated_at":"2025-02-24 03:51:58","deleted_at":null,"token":"da85577b4503ad648a79b04ebc764c7014d19bb571fcfb4c03d65252eddea250","last_login":"2025-02-24 10:49:22"}
DEBUG - 2025-02-24 04:29:07 --> Session token: da85577b4503ad648a79b04ebc764c7014d19bb571fcfb4c03d65252eddea250
DEBUG - 2025-02-24 04:29:07 --> Raw Authorization header: Bearer da85577b4503ad648a79b04ebc764c7014d19bb571fcfb4c03d65252eddea250
DEBUG - 2025-02-24 04:29:07 --> Token dari header: da85577b4503ad648a79b04ebc764c7014d19bb571fcfb4c03d65252eddea250
INFO - 2025-02-24 04:29:07 --> Session: Class initialized using 'CodeIgniter\Session\Handlers\FileHandler' driver.
DEBUG - 2025-02-24 04:29:07 --> Session token: da85577b4503ad648a79b04ebc764c7014d19bb571fcfb4c03d65252eddea250
DEBUG - 2025-02-24 04:29:07 --> Raw Authorization header: Bearer da85577b4503ad648a79b04ebc764c7014d19bb571fcfb4c03d65252eddea250
DEBUG - 2025-02-24 04:29:07 --> Token dari header: da85577b4503ad648a79b04ebc764c7014d19bb571fcfb4c03d65252eddea250
DEBUG - 2025-02-24 04:29:07 --> SQL: SELECT *
FROM `mahasiswa`
WHERE `token` = 'da85577b4503ad648a79b04ebc764c7014d19bb571fcfb4c03d65252eddea250'
 LIMIT 1
DEBUG - 2025-02-24 04:29:07 --> Token yang dicari: da85577b4503ad648a79b04ebc764c7014d19bb571fcfb4c03d65252eddea250
DEBUG - 2025-02-24 04:29:07 --> Hasil pencarian: {"id":"2","user_id":null,"npm":"123456","nama":"Dwi A","email":"","password":"$2y$10$XcEnyKV.StLAS9wl9QfUcuULBWbD54jyfoQXYOff6pFgAzR8ZRMKO","point":"270","gaya_belajar":"Auditori","created_at":"2024-12-13 02:30:02","updated_at":"2025-02-24 03:51:58","deleted_at":null,"token":"da85577b4503ad648a79b04ebc764c7014d19bb571fcfb4c03d65252eddea250","last_login":"2025-02-24 10:49:22"}
INFO - 2025-02-24 04:29:11 --> Session: Class initialized using 'CodeIgniter\Session\Handlers\FileHandler' driver.
INFO - 2025-02-24 04:29:12 --> Session: Class initialized using 'CodeIgniter\Session\Handlers\FileHandler' driver.
INFO - 2025-02-24 04:29:12 --> Session: Class initialized using 'CodeIgniter\Session\Handlers\FileHandler' driver.
DEBUG - 2025-02-24 04:29:12 --> Session token: da85577b4503ad648a79b04ebc764c7014d19bb571fcfb4c03d65252eddea250
DEBUG - 2025-02-24 04:29:12 --> Raw Authorization header: Bearer da85577b4503ad648a79b04ebc764c7014d19bb571fcfb4c03d65252eddea250
DEBUG - 2025-02-24 04:29:12 --> Token dari header: da85577b4503ad648a79b04ebc764c7014d19bb571fcfb4c03d65252eddea250
DEBUG - 2025-02-24 04:29:12 --> SQL: SELECT *
FROM `mahasiswa`
WHERE `token` = 'da85577b4503ad648a79b04ebc764c7014d19bb571fcfb4c03d65252eddea250'
 LIMIT 1
DEBUG - 2025-02-24 04:29:12 --> Token yang dicari: da85577b4503ad648a79b04ebc764c7014d19bb571fcfb4c03d65252eddea250
DEBUG - 2025-02-24 04:29:12 --> Hasil pencarian: {"id":"2","user_id":null,"npm":"123456","nama":"Dwi A","email":"","password":"$2y$10$XcEnyKV.StLAS9wl9QfUcuULBWbD54jyfoQXYOff6pFgAzR8ZRMKO","point":"270","gaya_belajar":"Auditori","created_at":"2024-12-13 02:30:02","updated_at":"2025-02-24 03:51:58","deleted_at":null,"token":"da85577b4503ad648a79b04ebc764c7014d19bb571fcfb4c03d65252eddea250","last_login":"2025-02-24 10:49:22"}
DEBUG - 2025-02-24 04:29:12 --> Session token: da85577b4503ad648a79b04ebc764c7014d19bb571fcfb4c03d65252eddea250
DEBUG - 2025-02-24 04:29:12 --> Raw Authorization header: Bearer da85577b4503ad648a79b04ebc764c7014d19bb571fcfb4c03d65252eddea250
DEBUG - 2025-02-24 04:29:12 --> Token dari header: da85577b4503ad648a79b04ebc764c7014d19bb571fcfb4c03d65252eddea250
INFO - 2025-02-24 04:29:12 --> Session: Class initialized using 'CodeIgniter\Session\Handlers\FileHandler' driver.
DEBUG - 2025-02-24 04:29:12 --> Session token: da85577b4503ad648a79b04ebc764c7014d19bb571fcfb4c03d65252eddea250
DEBUG - 2025-02-24 04:29:12 --> Raw Authorization header: Bearer da85577b4503ad648a79b04ebc764c7014d19bb571fcfb4c03d65252eddea250
DEBUG - 2025-02-24 04:29:12 --> Token dari header: da85577b4503ad648a79b04ebc764c7014d19bb571fcfb4c03d65252eddea250
DEBUG - 2025-02-24 04:29:12 --> SQL: SELECT *
FROM `mahasiswa`
WHERE `token` = 'da85577b4503ad648a79b04ebc764c7014d19bb571fcfb4c03d65252eddea250'
 LIMIT 1
DEBUG - 2025-02-24 04:29:12 --> Token yang dicari: da85577b4503ad648a79b04ebc764c7014d19bb571fcfb4c03d65252eddea250
DEBUG - 2025-02-24 04:29:12 --> Hasil pencarian: {"id":"2","user_id":null,"npm":"123456","nama":"Dwi A","email":"","password":"$2y$10$XcEnyKV.StLAS9wl9QfUcuULBWbD54jyfoQXYOff6pFgAzR8ZRMKO","point":"270","gaya_belajar":"Auditori","created_at":"2024-12-13 02:30:02","updated_at":"2025-02-24 03:51:58","deleted_at":null,"token":"da85577b4503ad648a79b04ebc764c7014d19bb571fcfb4c03d65252eddea250","last_login":"2025-02-24 10:49:22"}
INFO - 2025-02-24 04:29:14 --> Session: Class initialized using 'CodeIgniter\Session\Handlers\FileHandler' driver.
INFO - 2025-02-24 04:29:15 --> Session: Class initialized using 'CodeIgniter\Session\Handlers\FileHandler' driver.
INFO - 2025-02-24 04:29:15 --> Session: Class initialized using 'CodeIgniter\Session\Handlers\FileHandler' driver.
DEBUG - 2025-02-24 04:29:15 --> Session token: da85577b4503ad648a79b04ebc764c7014d19bb571fcfb4c03d65252eddea250
DEBUG - 2025-02-24 04:29:15 --> Raw Authorization header: Bearer da85577b4503ad648a79b04ebc764c7014d19bb571fcfb4c03d65252eddea250
DEBUG - 2025-02-24 04:29:15 --> Token dari header: da85577b4503ad648a79b04ebc764c7014d19bb571fcfb4c03d65252eddea250
DEBUG - 2025-02-24 04:29:15 --> SQL: SELECT *
FROM `mahasiswa`
WHERE `token` = 'da85577b4503ad648a79b04ebc764c7014d19bb571fcfb4c03d65252eddea250'
 LIMIT 1
DEBUG - 2025-02-24 04:29:15 --> Token yang dicari: da85577b4503ad648a79b04ebc764c7014d19bb571fcfb4c03d65252eddea250
DEBUG - 2025-02-24 04:29:15 --> Hasil pencarian: {"id":"2","user_id":null,"npm":"123456","nama":"Dwi A","email":"","password":"$2y$10$XcEnyKV.StLAS9wl9QfUcuULBWbD54jyfoQXYOff6pFgAzR8ZRMKO","point":"270","gaya_belajar":"Auditori","created_at":"2024-12-13 02:30:02","updated_at":"2025-02-24 03:51:58","deleted_at":null,"token":"da85577b4503ad648a79b04ebc764c7014d19bb571fcfb4c03d65252eddea250","last_login":"2025-02-24 10:49:22"}
DEBUG - 2025-02-24 04:29:15 --> Session token: da85577b4503ad648a79b04ebc764c7014d19bb571fcfb4c03d65252eddea250
DEBUG - 2025-02-24 04:29:15 --> Raw Authorization header: Bearer da85577b4503ad648a79b04ebc764c7014d19bb571fcfb4c03d65252eddea250
DEBUG - 2025-02-24 04:29:15 --> Token dari header: da85577b4503ad648a79b04ebc764c7014d19bb571fcfb4c03d65252eddea250
INFO - 2025-02-24 04:29:15 --> Session: Class initialized using 'CodeIgniter\Session\Handlers\FileHandler' driver.
DEBUG - 2025-02-24 04:29:15 --> Session token: da85577b4503ad648a79b04ebc764c7014d19bb571fcfb4c03d65252eddea250
DEBUG - 2025-02-24 04:29:15 --> Raw Authorization header: Bearer da85577b4503ad648a79b04ebc764c7014d19bb571fcfb4c03d65252eddea250
DEBUG - 2025-02-24 04:29:15 --> Token dari header: da85577b4503ad648a79b04ebc764c7014d19bb571fcfb4c03d65252eddea250
DEBUG - 2025-02-24 04:29:15 --> SQL: SELECT *
FROM `mahasiswa`
WHERE `token` = 'da85577b4503ad648a79b04ebc764c7014d19bb571fcfb4c03d65252eddea250'
 LIMIT 1
DEBUG - 2025-02-24 04:29:15 --> Token yang dicari: da85577b4503ad648a79b04ebc764c7014d19bb571fcfb4c03d65252eddea250
DEBUG - 2025-02-24 04:29:15 --> Hasil pencarian: {"id":"2","user_id":null,"npm":"123456","nama":"Dwi A","email":"","password":"$2y$10$XcEnyKV.StLAS9wl9QfUcuULBWbD54jyfoQXYOff6pFgAzR8ZRMKO","point":"270","gaya_belajar":"Auditori","created_at":"2024-12-13 02:30:02","updated_at":"2025-02-24 03:51:58","deleted_at":null,"token":"da85577b4503ad648a79b04ebc764c7014d19bb571fcfb4c03d65252eddea250","last_login":"2025-02-24 10:49:22"}
INFO - 2025-02-24 04:30:01 --> Session: Class initialized using 'CodeIgniter\Session\Handlers\FileHandler' driver.
DEBUG - 2025-02-24 04:30:01 --> Session token: da85577b4503ad648a79b04ebc764c7014d19bb571fcfb4c03d65252eddea250
DEBUG - 2025-02-24 04:30:01 --> Raw Authorization header: 
DEBUG - 2025-02-24 04:30:01 --> Token dari session: da85577b4503ad648a79b04ebc764c7014d19bb571fcfb4c03d65252eddea250
DEBUG - 2025-02-24 04:30:01 --> SQL: SELECT *
FROM `mahasiswa`
WHERE `token` = 'da85577b4503ad648a79b04ebc764c7014d19bb571fcfb4c03d65252eddea250'
 LIMIT 1
DEBUG - 2025-02-24 04:30:01 --> Token yang dicari: da85577b4503ad648a79b04ebc764c7014d19bb571fcfb4c03d65252eddea250
DEBUG - 2025-02-24 04:30:01 --> Hasil pencarian: {"id":"2","user_id":null,"npm":"123456","nama":"Dwi A","email":"","password":"$2y$10$XcEnyKV.StLAS9wl9QfUcuULBWbD54jyfoQXYOff6pFgAzR8ZRMKO","point":"270","gaya_belajar":"Auditori","created_at":"2024-12-13 02:30:02","updated_at":"2025-02-24 03:51:58","deleted_at":null,"token":"da85577b4503ad648a79b04ebc764c7014d19bb571fcfb4c03d65252eddea250","last_login":"2025-02-24 10:49:22"}
INFO - 2025-02-24 04:30:02 --> Session: Class initialized using 'CodeIgniter\Session\Handlers\FileHandler' driver.
INFO - 2025-02-24 04:30:02 --> Session: Class initialized using 'CodeIgniter\Session\Handlers\FileHandler' driver.
INFO - 2025-02-24 04:30:03 --> Session: Class initialized using 'CodeIgniter\Session\Handlers\FileHandler' driver.
DEBUG - 2025-02-24 04:30:03 --> Session token: da85577b4503ad648a79b04ebc764c7014d19bb571fcfb4c03d65252eddea250
DEBUG - 2025-02-24 04:30:03 --> Raw Authorization header: Bearer da85577b4503ad648a79b04ebc764c7014d19bb571fcfb4c03d65252eddea250
DEBUG - 2025-02-24 04:30:03 --> Token dari header: da85577b4503ad648a79b04ebc764c7014d19bb571fcfb4c03d65252eddea250
DEBUG - 2025-02-24 04:30:03 --> SQL: SELECT *
FROM `mahasiswa`
WHERE `token` = 'da85577b4503ad648a79b04ebc764c7014d19bb571fcfb4c03d65252eddea250'
 LIMIT 1
DEBUG - 2025-02-24 04:30:03 --> Token yang dicari: da85577b4503ad648a79b04ebc764c7014d19bb571fcfb4c03d65252eddea250
DEBUG - 2025-02-24 04:30:03 --> Hasil pencarian: {"id":"2","user_id":null,"npm":"123456","nama":"Dwi A","email":"","password":"$2y$10$XcEnyKV.StLAS9wl9QfUcuULBWbD54jyfoQXYOff6pFgAzR8ZRMKO","point":"270","gaya_belajar":"Auditori","created_at":"2024-12-13 02:30:02","updated_at":"2025-02-24 03:51:58","deleted_at":null,"token":"da85577b4503ad648a79b04ebc764c7014d19bb571fcfb4c03d65252eddea250","last_login":"2025-02-24 10:49:22"}
DEBUG - 2025-02-24 04:30:03 --> Session token: da85577b4503ad648a79b04ebc764c7014d19bb571fcfb4c03d65252eddea250
DEBUG - 2025-02-24 04:30:03 --> Raw Authorization header: Bearer da85577b4503ad648a79b04ebc764c7014d19bb571fcfb4c03d65252eddea250
DEBUG - 2025-02-24 04:30:03 --> Token dari header: da85577b4503ad648a79b04ebc764c7014d19bb571fcfb4c03d65252eddea250
INFO - 2025-02-24 04:30:03 --> Session: Class initialized using 'CodeIgniter\Session\Handlers\FileHandler' driver.
DEBUG - 2025-02-24 04:30:03 --> Session token: da85577b4503ad648a79b04ebc764c7014d19bb571fcfb4c03d65252eddea250
DEBUG - 2025-02-24 04:30:03 --> Raw Authorization header: Bearer da85577b4503ad648a79b04ebc764c7014d19bb571fcfb4c03d65252eddea250
DEBUG - 2025-02-24 04:30:03 --> Token dari header: da85577b4503ad648a79b04ebc764c7014d19bb571fcfb4c03d65252eddea250
DEBUG - 2025-02-24 04:30:03 --> SQL: SELECT *
FROM `mahasiswa`
WHERE `token` = 'da85577b4503ad648a79b04ebc764c7014d19bb571fcfb4c03d65252eddea250'
 LIMIT 1
DEBUG - 2025-02-24 04:30:03 --> Token yang dicari: da85577b4503ad648a79b04ebc764c7014d19bb571fcfb4c03d65252eddea250
DEBUG - 2025-02-24 04:30:03 --> Hasil pencarian: {"id":"2","user_id":null,"npm":"123456","nama":"Dwi A","email":"","password":"$2y$10$XcEnyKV.StLAS9wl9QfUcuULBWbD54jyfoQXYOff6pFgAzR8ZRMKO","point":"270","gaya_belajar":"Auditori","created_at":"2024-12-13 02:30:02","updated_at":"2025-02-24 03:51:58","deleted_at":null,"token":"da85577b4503ad648a79b04ebc764c7014d19bb571fcfb4c03d65252eddea250","last_login":"2025-02-24 10:49:22"}
INFO - 2025-02-24 04:30:04 --> Session: Class initialized using 'CodeIgniter\Session\Handlers\FileHandler' driver.
INFO - 2025-02-24 04:30:04 --> Session: Class initialized using 'CodeIgniter\Session\Handlers\FileHandler' driver.
INFO - 2025-02-24 04:30:08 --> Session: Class initialized using 'CodeIgniter\Session\Handlers\FileHandler' driver.
DEBUG - 2025-02-24 04:30:08 --> Session token: tidak ada
DEBUG - 2025-02-24 04:30:08 --> Raw Authorization header: 
DEBUG - 2025-02-24 04:30:08 --> Token dari session: 
DEBUG - 2025-02-24 04:30:08 --> Token dari URL: 
INFO - 2025-02-24 04:30:30 --> Session: Class initialized using 'CodeIgniter\Session\Handlers\FileHandler' driver.
INFO - 2025-02-24 04:30:37 --> Session: Class initialized using 'CodeIgniter\Session\Handlers\FileHandler' driver.
INFO - 2025-02-24 04:30:37 --> Session: Class initialized using 'CodeIgniter\Session\Handlers\FileHandler' driver.
DEBUG - 2025-02-24 04:30:45 --> NPM: 123456, Generated token: fb7b23f613500cf61feb901718aa0595169d7ea7994ba2e8a9e6d94ac0e19901
DEBUG - 2025-02-24 04:30:45 --> Token berhasil disimpan ke database
INFO - 2025-02-24 04:30:45 --> Session: Class initialized using 'CodeIgniter\Session\Handlers\FileHandler' driver.
INFO - 2025-02-24 04:30:45 --> Session: Class initialized using 'CodeIgniter\Session\Handlers\FileHandler' driver.
INFO - 2025-02-24 04:30:45 --> Session: Class initialized using 'CodeIgniter\Session\Handlers\FileHandler' driver.
INFO - 2025-02-24 04:30:46 --> Session: Class initialized using 'CodeIgniter\Session\Handlers\FileHandler' driver.
DEBUG - 2025-02-24 04:30:46 --> Session token: fb7b23f613500cf61feb901718aa0595169d7ea7994ba2e8a9e6d94ac0e19901
DEBUG - 2025-02-24 04:30:46 --> Raw Authorization header: Bearer fb7b23f613500cf61feb901718aa0595169d7ea7994ba2e8a9e6d94ac0e19901
DEBUG - 2025-02-24 04:30:46 --> Token dari header: fb7b23f613500cf61feb901718aa0595169d7ea7994ba2e8a9e6d94ac0e19901
DEBUG - 2025-02-24 04:30:46 --> SQL: SELECT *
FROM `mahasiswa`
WHERE `token` = 'fb7b23f613500cf61feb901718aa0595169d7ea7994ba2e8a9e6d94ac0e19901'
 LIMIT 1
DEBUG - 2025-02-24 04:30:46 --> Token yang dicari: fb7b23f613500cf61feb901718aa0595169d7ea7994ba2e8a9e6d94ac0e19901
DEBUG - 2025-02-24 04:30:46 --> Hasil pencarian: {"id":"2","user_id":null,"npm":"123456","nama":"Dwi A","email":"","password":"$2y$10$XcEnyKV.StLAS9wl9QfUcuULBWbD54jyfoQXYOff6pFgAzR8ZRMKO","point":"270","gaya_belajar":"Auditori","created_at":"2024-12-13 02:30:02","updated_at":"2025-02-24 03:51:58","deleted_at":null,"token":"fb7b23f613500cf61feb901718aa0595169d7ea7994ba2e8a9e6d94ac0e19901","last_login":"2025-02-24 10:49:22"}
DEBUG - 2025-02-24 04:30:46 --> Session token: fb7b23f613500cf61feb901718aa0595169d7ea7994ba2e8a9e6d94ac0e19901
DEBUG - 2025-02-24 04:30:46 --> Raw Authorization header: Bearer fb7b23f613500cf61feb901718aa0595169d7ea7994ba2e8a9e6d94ac0e19901
DEBUG - 2025-02-24 04:30:46 --> Token dari header: fb7b23f613500cf61feb901718aa0595169d7ea7994ba2e8a9e6d94ac0e19901
INFO - 2025-02-24 04:30:46 --> Session: Class initialized using 'CodeIgniter\Session\Handlers\FileHandler' driver.
DEBUG - 2025-02-24 04:30:46 --> Session token: fb7b23f613500cf61feb901718aa0595169d7ea7994ba2e8a9e6d94ac0e19901
DEBUG - 2025-02-24 04:30:46 --> Raw Authorization header: Bearer fb7b23f613500cf61feb901718aa0595169d7ea7994ba2e8a9e6d94ac0e19901
DEBUG - 2025-02-24 04:30:46 --> Token dari header: fb7b23f613500cf61feb901718aa0595169d7ea7994ba2e8a9e6d94ac0e19901
DEBUG - 2025-02-24 04:30:46 --> SQL: SELECT *
FROM `mahasiswa`
WHERE `token` = 'fb7b23f613500cf61feb901718aa0595169d7ea7994ba2e8a9e6d94ac0e19901'
 LIMIT 1
DEBUG - 2025-02-24 04:30:46 --> Token yang dicari: fb7b23f613500cf61feb901718aa0595169d7ea7994ba2e8a9e6d94ac0e19901
DEBUG - 2025-02-24 04:30:46 --> Hasil pencarian: {"id":"2","user_id":null,"npm":"123456","nama":"Dwi A","email":"","password":"$2y$10$XcEnyKV.StLAS9wl9QfUcuULBWbD54jyfoQXYOff6pFgAzR8ZRMKO","point":"270","gaya_belajar":"Auditori","created_at":"2024-12-13 02:30:02","updated_at":"2025-02-24 03:51:58","deleted_at":null,"token":"fb7b23f613500cf61feb901718aa0595169d7ea7994ba2e8a9e6d94ac0e19901","last_login":"2025-02-24 10:49:22"}
INFO - 2025-02-24 04:30:52 --> Session: Class initialized using 'CodeIgniter\Session\Handlers\FileHandler' driver.
INFO - 2025-02-24 04:30:52 --> Session: Class initialized using 'CodeIgniter\Session\Handlers\FileHandler' driver.
INFO - 2025-02-24 04:30:53 --> Session: Class initialized using 'CodeIgniter\Session\Handlers\FileHandler' driver.
DEBUG - 2025-02-24 04:30:53 --> Session token: fb7b23f613500cf61feb901718aa0595169d7ea7994ba2e8a9e6d94ac0e19901
DEBUG - 2025-02-24 04:30:53 --> Raw Authorization header: Bearer fb7b23f613500cf61feb901718aa0595169d7ea7994ba2e8a9e6d94ac0e19901
DEBUG - 2025-02-24 04:30:53 --> Token dari header: fb7b23f613500cf61feb901718aa0595169d7ea7994ba2e8a9e6d94ac0e19901
DEBUG - 2025-02-24 04:30:53 --> SQL: SELECT *
FROM `mahasiswa`
WHERE `token` = 'fb7b23f613500cf61feb901718aa0595169d7ea7994ba2e8a9e6d94ac0e19901'
 LIMIT 1
DEBUG - 2025-02-24 04:30:53 --> Token yang dicari: fb7b23f613500cf61feb901718aa0595169d7ea7994ba2e8a9e6d94ac0e19901
DEBUG - 2025-02-24 04:30:53 --> Hasil pencarian: {"id":"2","user_id":null,"npm":"123456","nama":"Dwi A","email":"","password":"$2y$10$XcEnyKV.StLAS9wl9QfUcuULBWbD54jyfoQXYOff6pFgAzR8ZRMKO","point":"270","gaya_belajar":"Auditori","created_at":"2024-12-13 02:30:02","updated_at":"2025-02-24 03:51:58","deleted_at":null,"token":"fb7b23f613500cf61feb901718aa0595169d7ea7994ba2e8a9e6d94ac0e19901","last_login":"2025-02-24 10:49:22"}
DEBUG - 2025-02-24 04:30:53 --> Session token: fb7b23f613500cf61feb901718aa0595169d7ea7994ba2e8a9e6d94ac0e19901
DEBUG - 2025-02-24 04:30:53 --> Raw Authorization header: Bearer fb7b23f613500cf61feb901718aa0595169d7ea7994ba2e8a9e6d94ac0e19901
DEBUG - 2025-02-24 04:30:53 --> Token dari header: fb7b23f613500cf61feb901718aa0595169d7ea7994ba2e8a9e6d94ac0e19901
INFO - 2025-02-24 04:30:53 --> Session: Class initialized using 'CodeIgniter\Session\Handlers\FileHandler' driver.
DEBUG - 2025-02-24 04:30:53 --> Session token: fb7b23f613500cf61feb901718aa0595169d7ea7994ba2e8a9e6d94ac0e19901
DEBUG - 2025-02-24 04:30:53 --> Raw Authorization header: Bearer fb7b23f613500cf61feb901718aa0595169d7ea7994ba2e8a9e6d94ac0e19901
DEBUG - 2025-02-24 04:30:53 --> Token dari header: fb7b23f613500cf61feb901718aa0595169d7ea7994ba2e8a9e6d94ac0e19901
DEBUG - 2025-02-24 04:30:53 --> SQL: SELECT *
FROM `mahasiswa`
WHERE `token` = 'fb7b23f613500cf61feb901718aa0595169d7ea7994ba2e8a9e6d94ac0e19901'
 LIMIT 1
DEBUG - 2025-02-24 04:30:53 --> Token yang dicari: fb7b23f613500cf61feb901718aa0595169d7ea7994ba2e8a9e6d94ac0e19901
DEBUG - 2025-02-24 04:30:53 --> Hasil pencarian: {"id":"2","user_id":null,"npm":"123456","nama":"Dwi A","email":"","password":"$2y$10$XcEnyKV.StLAS9wl9QfUcuULBWbD54jyfoQXYOff6pFgAzR8ZRMKO","point":"270","gaya_belajar":"Auditori","created_at":"2024-12-13 02:30:02","updated_at":"2025-02-24 03:51:58","deleted_at":null,"token":"fb7b23f613500cf61feb901718aa0595169d7ea7994ba2e8a9e6d94ac0e19901","last_login":"2025-02-24 10:49:22"}
INFO - 2025-02-24 04:31:11 --> Session: Class initialized using 'CodeIgniter\Session\Handlers\FileHandler' driver.
DEBUG - 2025-02-24 04:31:11 --> Session token: fb7b23f613500cf61feb901718aa0595169d7ea7994ba2e8a9e6d94ac0e19901
DEBUG - 2025-02-24 04:31:11 --> Raw Authorization header: 
DEBUG - 2025-02-24 04:31:11 --> Token dari session: fb7b23f613500cf61feb901718aa0595169d7ea7994ba2e8a9e6d94ac0e19901
DEBUG - 2025-02-24 04:31:11 --> SQL: SELECT *
FROM `mahasiswa`
WHERE `token` = 'fb7b23f613500cf61feb901718aa0595169d7ea7994ba2e8a9e6d94ac0e19901'
 LIMIT 1
DEBUG - 2025-02-24 04:31:11 --> Token yang dicari: fb7b23f613500cf61feb901718aa0595169d7ea7994ba2e8a9e6d94ac0e19901
DEBUG - 2025-02-24 04:31:11 --> Hasil pencarian: {"id":"2","user_id":null,"npm":"123456","nama":"Dwi A","email":"","password":"$2y$10$XcEnyKV.StLAS9wl9QfUcuULBWbD54jyfoQXYOff6pFgAzR8ZRMKO","point":"270","gaya_belajar":"Auditori","created_at":"2024-12-13 02:30:02","updated_at":"2025-02-24 03:51:58","deleted_at":null,"token":"fb7b23f613500cf61feb901718aa0595169d7ea7994ba2e8a9e6d94ac0e19901","last_login":"2025-02-24 10:49:22"}
INFO - 2025-02-24 04:31:20 --> Session: Class initialized using 'CodeIgniter\Session\Handlers\FileHandler' driver.
INFO - 2025-02-24 04:31:20 --> Session: Class initialized using 'CodeIgniter\Session\Handlers\FileHandler' driver.
INFO - 2025-02-24 04:31:21 --> Session: Class initialized using 'CodeIgniter\Session\Handlers\FileHandler' driver.
DEBUG - 2025-02-24 04:31:21 --> Session token: fb7b23f613500cf61feb901718aa0595169d7ea7994ba2e8a9e6d94ac0e19901
DEBUG - 2025-02-24 04:31:21 --> Raw Authorization header: Bearer fb7b23f613500cf61feb901718aa0595169d7ea7994ba2e8a9e6d94ac0e19901
DEBUG - 2025-02-24 04:31:21 --> Token dari header: fb7b23f613500cf61feb901718aa0595169d7ea7994ba2e8a9e6d94ac0e19901
DEBUG - 2025-02-24 04:31:21 --> SQL: SELECT *
FROM `mahasiswa`
WHERE `token` = 'fb7b23f613500cf61feb901718aa0595169d7ea7994ba2e8a9e6d94ac0e19901'
 LIMIT 1
DEBUG - 2025-02-24 04:31:21 --> Token yang dicari: fb7b23f613500cf61feb901718aa0595169d7ea7994ba2e8a9e6d94ac0e19901
DEBUG - 2025-02-24 04:31:21 --> Hasil pencarian: {"id":"2","user_id":null,"npm":"123456","nama":"Dwi A","email":"","password":"$2y$10$XcEnyKV.StLAS9wl9QfUcuULBWbD54jyfoQXYOff6pFgAzR8ZRMKO","point":"270","gaya_belajar":"Auditori","created_at":"2024-12-13 02:30:02","updated_at":"2025-02-24 03:51:58","deleted_at":null,"token":"fb7b23f613500cf61feb901718aa0595169d7ea7994ba2e8a9e6d94ac0e19901","last_login":"2025-02-24 10:49:22"}
DEBUG - 2025-02-24 04:31:21 --> Session token: fb7b23f613500cf61feb901718aa0595169d7ea7994ba2e8a9e6d94ac0e19901
DEBUG - 2025-02-24 04:31:21 --> Raw Authorization header: Bearer fb7b23f613500cf61feb901718aa0595169d7ea7994ba2e8a9e6d94ac0e19901
DEBUG - 2025-02-24 04:31:21 --> Token dari header: fb7b23f613500cf61feb901718aa0595169d7ea7994ba2e8a9e6d94ac0e19901
INFO - 2025-02-24 04:31:21 --> Session: Class initialized using 'CodeIgniter\Session\Handlers\FileHandler' driver.
DEBUG - 2025-02-24 04:31:21 --> Session token: fb7b23f613500cf61feb901718aa0595169d7ea7994ba2e8a9e6d94ac0e19901
DEBUG - 2025-02-24 04:31:21 --> Raw Authorization header: Bearer fb7b23f613500cf61feb901718aa0595169d7ea7994ba2e8a9e6d94ac0e19901
DEBUG - 2025-02-24 04:31:21 --> Token dari header: fb7b23f613500cf61feb901718aa0595169d7ea7994ba2e8a9e6d94ac0e19901
DEBUG - 2025-02-24 04:31:21 --> SQL: SELECT *
FROM `mahasiswa`
WHERE `token` = 'fb7b23f613500cf61feb901718aa0595169d7ea7994ba2e8a9e6d94ac0e19901'
 LIMIT 1
DEBUG - 2025-02-24 04:31:21 --> Token yang dicari: fb7b23f613500cf61feb901718aa0595169d7ea7994ba2e8a9e6d94ac0e19901
DEBUG - 2025-02-24 04:31:21 --> Hasil pencarian: {"id":"2","user_id":null,"npm":"123456","nama":"Dwi A","email":"","password":"$2y$10$XcEnyKV.StLAS9wl9QfUcuULBWbD54jyfoQXYOff6pFgAzR8ZRMKO","point":"270","gaya_belajar":"Auditori","created_at":"2024-12-13 02:30:02","updated_at":"2025-02-24 03:51:58","deleted_at":null,"token":"fb7b23f613500cf61feb901718aa0595169d7ea7994ba2e8a9e6d94ac0e19901","last_login":"2025-02-24 10:49:22"}
INFO - 2025-02-24 04:31:22 --> Session: Class initialized using 'CodeIgniter\Session\Handlers\FileHandler' driver.
DEBUG - 2025-02-24 04:31:22 --> Session token: fb7b23f613500cf61feb901718aa0595169d7ea7994ba2e8a9e6d94ac0e19901
DEBUG - 2025-02-24 04:31:22 --> Raw Authorization header: 
DEBUG - 2025-02-24 04:31:22 --> Token dari session: fb7b23f613500cf61feb901718aa0595169d7ea7994ba2e8a9e6d94ac0e19901
DEBUG - 2025-02-24 04:31:22 --> SQL: SELECT *
FROM `mahasiswa`
WHERE `token` = 'fb7b23f613500cf61feb901718aa0595169d7ea7994ba2e8a9e6d94ac0e19901'
 LIMIT 1
DEBUG - 2025-02-24 04:31:22 --> Token yang dicari: fb7b23f613500cf61feb901718aa0595169d7ea7994ba2e8a9e6d94ac0e19901
DEBUG - 2025-02-24 04:31:22 --> Hasil pencarian: {"id":"2","user_id":null,"npm":"123456","nama":"Dwi A","email":"","password":"$2y$10$XcEnyKV.StLAS9wl9QfUcuULBWbD54jyfoQXYOff6pFgAzR8ZRMKO","point":"270","gaya_belajar":"Auditori","created_at":"2024-12-13 02:30:02","updated_at":"2025-02-24 03:51:58","deleted_at":null,"token":"fb7b23f613500cf61feb901718aa0595169d7ea7994ba2e8a9e6d94ac0e19901","last_login":"2025-02-24 10:49:22"}
INFO - 2025-02-24 04:31:44 --> Session: Class initialized using 'CodeIgniter\Session\Handlers\FileHandler' driver.
DEBUG - 2025-02-24 04:31:44 --> Session token: fb7b23f613500cf61feb901718aa0595169d7ea7994ba2e8a9e6d94ac0e19901
DEBUG - 2025-02-24 04:31:44 --> Raw Authorization header: 
DEBUG - 2025-02-24 04:31:44 --> Token dari session: fb7b23f613500cf61feb901718aa0595169d7ea7994ba2e8a9e6d94ac0e19901
DEBUG - 2025-02-24 04:31:44 --> SQL: SELECT *
FROM `mahasiswa`
WHERE `token` = 'fb7b23f613500cf61feb901718aa0595169d7ea7994ba2e8a9e6d94ac0e19901'
 LIMIT 1
DEBUG - 2025-02-24 04:31:44 --> Token yang dicari: fb7b23f613500cf61feb901718aa0595169d7ea7994ba2e8a9e6d94ac0e19901
DEBUG - 2025-02-24 04:31:44 --> Hasil pencarian: {"id":"2","user_id":null,"npm":"123456","nama":"Dwi A","email":"","password":"$2y$10$XcEnyKV.StLAS9wl9QfUcuULBWbD54jyfoQXYOff6pFgAzR8ZRMKO","point":"270","gaya_belajar":"Auditori","created_at":"2024-12-13 02:30:02","updated_at":"2025-02-24 03:51:58","deleted_at":null,"token":"fb7b23f613500cf61feb901718aa0595169d7ea7994ba2e8a9e6d94ac0e19901","last_login":"2025-02-24 10:49:22"}
INFO - 2025-02-24 04:32:02 --> Session: Class initialized using 'CodeIgniter\Session\Handlers\FileHandler' driver.
DEBUG - 2025-02-24 04:32:02 --> Session token: fb7b23f613500cf61feb901718aa0595169d7ea7994ba2e8a9e6d94ac0e19901
DEBUG - 2025-02-24 04:32:02 --> Raw Authorization header: 
DEBUG - 2025-02-24 04:32:02 --> Token dari session: fb7b23f613500cf61feb901718aa0595169d7ea7994ba2e8a9e6d94ac0e19901
DEBUG - 2025-02-24 04:32:02 --> SQL: SELECT *
FROM `mahasiswa`
WHERE `token` = 'fb7b23f613500cf61feb901718aa0595169d7ea7994ba2e8a9e6d94ac0e19901'
 LIMIT 1
DEBUG - 2025-02-24 04:32:02 --> Token yang dicari: fb7b23f613500cf61feb901718aa0595169d7ea7994ba2e8a9e6d94ac0e19901
DEBUG - 2025-02-24 04:32:02 --> Hasil pencarian: {"id":"2","user_id":null,"npm":"123456","nama":"Dwi A","email":"","password":"$2y$10$XcEnyKV.StLAS9wl9QfUcuULBWbD54jyfoQXYOff6pFgAzR8ZRMKO","point":"270","gaya_belajar":"Auditori","created_at":"2024-12-13 02:30:02","updated_at":"2025-02-24 03:51:58","deleted_at":null,"token":"fb7b23f613500cf61feb901718aa0595169d7ea7994ba2e8a9e6d94ac0e19901","last_login":"2025-02-24 10:49:22"}
ERROR - 2025-02-24 04:32:02 --> [WalletAPI.getMyWallet] Undefined array key "jenis_transaksi"
INFO - 2025-02-24 04:32:07 --> Session: Class initialized using 'CodeIgniter\Session\Handlers\FileHandler' driver.
DEBUG - 2025-02-24 04:32:07 --> Session token: fb7b23f613500cf61feb901718aa0595169d7ea7994ba2e8a9e6d94ac0e19901
DEBUG - 2025-02-24 04:32:07 --> Raw Authorization header: 
DEBUG - 2025-02-24 04:32:07 --> Token dari session: fb7b23f613500cf61feb901718aa0595169d7ea7994ba2e8a9e6d94ac0e19901
DEBUG - 2025-02-24 04:32:07 --> SQL: SELECT *
FROM `mahasiswa`
WHERE `token` = 'fb7b23f613500cf61feb901718aa0595169d7ea7994ba2e8a9e6d94ac0e19901'
 LIMIT 1
DEBUG - 2025-02-24 04:32:07 --> Token yang dicari: fb7b23f613500cf61feb901718aa0595169d7ea7994ba2e8a9e6d94ac0e19901
DEBUG - 2025-02-24 04:32:07 --> Hasil pencarian: {"id":"2","user_id":null,"npm":"123456","nama":"Dwi A","email":"","password":"$2y$10$XcEnyKV.StLAS9wl9QfUcuULBWbD54jyfoQXYOff6pFgAzR8ZRMKO","point":"270","gaya_belajar":"Auditori","created_at":"2024-12-13 02:30:02","updated_at":"2025-02-24 03:51:58","deleted_at":null,"token":"fb7b23f613500cf61feb901718aa0595169d7ea7994ba2e8a9e6d94ac0e19901","last_login":"2025-02-24 10:49:22"}
INFO - 2025-02-24 04:32:19 --> Session: Class initialized using 'CodeIgniter\Session\Handlers\FileHandler' driver.
DEBUG - 2025-02-24 04:32:19 --> Session token: fb7b23f613500cf61feb901718aa0595169d7ea7994ba2e8a9e6d94ac0e19901
DEBUG - 2025-02-24 04:32:19 --> Raw Authorization header: 
DEBUG - 2025-02-24 04:32:19 --> Token dari session: fb7b23f613500cf61feb901718aa0595169d7ea7994ba2e8a9e6d94ac0e19901
DEBUG - 2025-02-24 04:32:19 --> SQL: SELECT *
FROM `mahasiswa`
WHERE `token` = 'fb7b23f613500cf61feb901718aa0595169d7ea7994ba2e8a9e6d94ac0e19901'
 LIMIT 1
DEBUG - 2025-02-24 04:32:19 --> Token yang dicari: fb7b23f613500cf61feb901718aa0595169d7ea7994ba2e8a9e6d94ac0e19901
DEBUG - 2025-02-24 04:32:19 --> Hasil pencarian: {"id":"2","user_id":null,"npm":"123456","nama":"Dwi A","email":"","password":"$2y$10$XcEnyKV.StLAS9wl9QfUcuULBWbD54jyfoQXYOff6pFgAzR8ZRMKO","point":"270","gaya_belajar":"Auditori","created_at":"2024-12-13 02:30:02","updated_at":"2025-02-24 03:51:58","deleted_at":null,"token":"fb7b23f613500cf61feb901718aa0595169d7ea7994ba2e8a9e6d94ac0e19901","last_login":"2025-02-24 10:49:22"}
ERROR - 2025-02-24 04:32:19 --> mysqli_sql_exception: Unknown column 'id' in 'where clause' in C:\xampp\htdocs\PoinMarket\system\Database\MySQLi\Connection.php:295
Stack trace:
#0 C:\xampp\htdocs\PoinMarket\system\Database\MySQLi\Connection.php(295): mysqli->query('SELECT *\nFROM `...', 0)
#1 C:\xampp\htdocs\PoinMarket\system\Database\BaseConnection.php(692): CodeIgniter\Database\MySQLi\Connection->execute('SELECT *\nFROM `...')
#2 C:\xampp\htdocs\PoinMarket\system\Database\BaseConnection.php(606): CodeIgniter\Database\BaseConnection->simpleQuery('SELECT *\nFROM `...')
#3 C:\xampp\htdocs\PoinMarket\system\Database\BaseBuilder.php(1616): CodeIgniter\Database\BaseConnection->query('SELECT *\nFROM `...', Array, false)
#4 C:\xampp\htdocs\PoinMarket\system\Model.php(203): CodeIgniter\Database\BaseBuilder->get()
#5 C:\xampp\htdocs\PoinMarket\system\BaseModel.php(557): CodeIgniter\Model->doFind(false, NULL)
#6 C:\xampp\htdocs\PoinMarket\app\Controllers\API\WalletAPI.php(252): CodeIgniter\BaseModel->find()
#7 C:\xampp\htdocs\PoinMarket\system\CodeIgniter.php(932): App\Controllers\API\WalletAPI->getMyWallet()
#8 C:\xampp\htdocs\PoinMarket\system\CodeIgniter.php(497): CodeIgniter\CodeIgniter->runController(Object(App\Controllers\API\WalletAPI))
#9 C:\xampp\htdocs\PoinMarket\system\CodeIgniter.php(366): CodeIgniter\CodeIgniter->handleRequest(NULL, Object(Config\Cache), false)
#10 C:\xampp\htdocs\PoinMarket\public\index.php(67): CodeIgniter\CodeIgniter->run()
#11 C:\xampp\htdocs\PoinMarket\system\Commands\Server\rewrite.php(47): require_once('C:\\xampp\\htdocs...')
#12 {main}
CRITICAL - 2025-02-24 04:32:20 --> Unknown column 'id' in 'where clause'
in SYSTEMPATH\Database\MySQLi\Connection.php on line 295.
 1 SYSTEMPATH\Database\MySQLi\Connection.php(295): mysqli->query('SELECT *
FROM `data_transaksi`
WHERE `id` = \'2\'
ORDER BY `tanggal_transaksi` DESC
 LIMIT 5', 0)
 2 SYSTEMPATH\Database\BaseConnection.php(692): CodeIgniter\Database\MySQLi\Connection->execute('SELECT *
FROM `data_transaksi`
WHERE `id` = \'2\'
ORDER BY `tanggal_transaksi` DESC
 LIMIT 5')
 3 SYSTEMPATH\Database\BaseConnection.php(606): CodeIgniter\Database\BaseConnection->simpleQuery('SELECT *
FROM `data_transaksi`
WHERE `id` = \'2\'
ORDER BY `tanggal_transaksi` DESC
 LIMIT 5')
 4 SYSTEMPATH\Database\BaseBuilder.php(1616): CodeIgniter\Database\BaseConnection->query('SELECT *
FROM `data_transaksi`
WHERE `id` = :id:
ORDER BY `tanggal_transaksi` DESC
 LIMIT 5', [...], false)
 5 SYSTEMPATH\Model.php(203): CodeIgniter\Database\BaseBuilder->get()
 6 SYSTEMPATH\BaseModel.php(557): CodeIgniter\Model->doFind(false, null)
 7 APPPATH\Controllers\API\WalletAPI.php(252): CodeIgniter\BaseModel->find()
 8 SYSTEMPATH\CodeIgniter.php(932): App\Controllers\API\WalletAPI->getMyWallet()
 9 SYSTEMPATH\CodeIgniter.php(497): CodeIgniter\CodeIgniter->runController(Object(App\Controllers\API\WalletAPI))
10 SYSTEMPATH\CodeIgniter.php(366): CodeIgniter\CodeIgniter->handleRequest(null, Object(Config\Cache), false)
11 FCPATH\index.php(67): CodeIgniter\CodeIgniter->run()
12 SYSTEMPATH\Commands\Server\rewrite.php(47): require_once('C:\\xampp\\htdocs\\PoinMarket\\public\\index.php')
INFO - 2025-02-24 04:32:24 --> Session: Class initialized using 'CodeIgniter\Session\Handlers\FileHandler' driver.
DEBUG - 2025-02-24 04:32:24 --> Session token: fb7b23f613500cf61feb901718aa0595169d7ea7994ba2e8a9e6d94ac0e19901
DEBUG - 2025-02-24 04:32:24 --> Raw Authorization header: 
DEBUG - 2025-02-24 04:32:24 --> Token dari session: fb7b23f613500cf61feb901718aa0595169d7ea7994ba2e8a9e6d94ac0e19901
DEBUG - 2025-02-24 04:32:24 --> SQL: SELECT *
FROM `mahasiswa`
WHERE `token` = 'fb7b23f613500cf61feb901718aa0595169d7ea7994ba2e8a9e6d94ac0e19901'
 LIMIT 1
DEBUG - 2025-02-24 04:32:24 --> Token yang dicari: fb7b23f613500cf61feb901718aa0595169d7ea7994ba2e8a9e6d94ac0e19901
DEBUG - 2025-02-24 04:32:24 --> Hasil pencarian: {"id":"2","user_id":null,"npm":"123456","nama":"Dwi A","email":"","password":"$2y$10$XcEnyKV.StLAS9wl9QfUcuULBWbD54jyfoQXYOff6pFgAzR8ZRMKO","point":"270","gaya_belajar":"Auditori","created_at":"2024-12-13 02:30:02","updated_at":"2025-02-24 03:51:58","deleted_at":null,"token":"fb7b23f613500cf61feb901718aa0595169d7ea7994ba2e8a9e6d94ac0e19901","last_login":"2025-02-24 10:49:22"}
INFO - 2025-02-24 04:33:17 --> Session: Class initialized using 'CodeIgniter\Session\Handlers\FileHandler' driver.
DEBUG - 2025-02-24 04:33:17 --> Session token: fb7b23f613500cf61feb901718aa0595169d7ea7994ba2e8a9e6d94ac0e19901
DEBUG - 2025-02-24 04:33:17 --> Raw Authorization header: 
DEBUG - 2025-02-24 04:33:17 --> Token dari session: fb7b23f613500cf61feb901718aa0595169d7ea7994ba2e8a9e6d94ac0e19901
DEBUG - 2025-02-24 04:33:17 --> SQL: SELECT *
FROM `mahasiswa`
WHERE `token` = 'fb7b23f613500cf61feb901718aa0595169d7ea7994ba2e8a9e6d94ac0e19901'
 LIMIT 1
DEBUG - 2025-02-24 04:33:17 --> Token yang dicari: fb7b23f613500cf61feb901718aa0595169d7ea7994ba2e8a9e6d94ac0e19901
DEBUG - 2025-02-24 04:33:17 --> Hasil pencarian: {"id":"2","user_id":null,"npm":"123456","nama":"Dwi A","email":"","password":"$2y$10$XcEnyKV.StLAS9wl9QfUcuULBWbD54jyfoQXYOff6pFgAzR8ZRMKO","point":"270","gaya_belajar":"Auditori","created_at":"2024-12-13 02:30:02","updated_at":"2025-02-24 03:51:58","deleted_at":null,"token":"fb7b23f613500cf61feb901718aa0595169d7ea7994ba2e8a9e6d94ac0e19901","last_login":"2025-02-24 10:49:22"}
INFO - 2025-02-24 04:33:20 --> Session: Class initialized using 'CodeIgniter\Session\Handlers\FileHandler' driver.
DEBUG - 2025-02-24 04:33:20 --> Session token: fb7b23f613500cf61feb901718aa0595169d7ea7994ba2e8a9e6d94ac0e19901
DEBUG - 2025-02-24 04:33:20 --> Raw Authorization header: 
DEBUG - 2025-02-24 04:33:20 --> Token dari session: fb7b23f613500cf61feb901718aa0595169d7ea7994ba2e8a9e6d94ac0e19901
DEBUG - 2025-02-24 04:33:20 --> SQL: SELECT *
FROM `mahasiswa`
WHERE `token` = 'fb7b23f613500cf61feb901718aa0595169d7ea7994ba2e8a9e6d94ac0e19901'
 LIMIT 1
DEBUG - 2025-02-24 04:33:20 --> Token yang dicari: fb7b23f613500cf61feb901718aa0595169d7ea7994ba2e8a9e6d94ac0e19901
DEBUG - 2025-02-24 04:33:20 --> Hasil pencarian: {"id":"2","user_id":null,"npm":"123456","nama":"Dwi A","email":"","password":"$2y$10$XcEnyKV.StLAS9wl9QfUcuULBWbD54jyfoQXYOff6pFgAzR8ZRMKO","point":"270","gaya_belajar":"Auditori","created_at":"2024-12-13 02:30:02","updated_at":"2025-02-24 03:51:58","deleted_at":null,"token":"fb7b23f613500cf61feb901718aa0595169d7ea7994ba2e8a9e6d94ac0e19901","last_login":"2025-02-24 10:49:22"}
INFO - 2025-02-24 04:33:53 --> Session: Class initialized using 'CodeIgniter\Session\Handlers\FileHandler' driver.
INFO - 2025-02-24 04:33:54 --> Session: Class initialized using 'CodeIgniter\Session\Handlers\FileHandler' driver.
INFO - 2025-02-24 04:33:55 --> Session: Class initialized using 'CodeIgniter\Session\Handlers\FileHandler' driver.
DEBUG - 2025-02-24 04:33:55 --> Session token: fb7b23f613500cf61feb901718aa0595169d7ea7994ba2e8a9e6d94ac0e19901
DEBUG - 2025-02-24 04:33:55 --> Raw Authorization header: Bearer fb7b23f613500cf61feb901718aa0595169d7ea7994ba2e8a9e6d94ac0e19901
DEBUG - 2025-02-24 04:33:55 --> Token dari header: fb7b23f613500cf61feb901718aa0595169d7ea7994ba2e8a9e6d94ac0e19901
DEBUG - 2025-02-24 04:33:55 --> SQL: SELECT *
FROM `mahasiswa`
WHERE `token` = 'fb7b23f613500cf61feb901718aa0595169d7ea7994ba2e8a9e6d94ac0e19901'
 LIMIT 1
DEBUG - 2025-02-24 04:33:55 --> Token yang dicari: fb7b23f613500cf61feb901718aa0595169d7ea7994ba2e8a9e6d94ac0e19901
DEBUG - 2025-02-24 04:33:55 --> Hasil pencarian: {"id":"2","user_id":null,"npm":"123456","nama":"Dwi A","email":"","password":"$2y$10$XcEnyKV.StLAS9wl9QfUcuULBWbD54jyfoQXYOff6pFgAzR8ZRMKO","point":"270","gaya_belajar":"Auditori","created_at":"2024-12-13 02:30:02","updated_at":"2025-02-24 03:51:58","deleted_at":null,"token":"fb7b23f613500cf61feb901718aa0595169d7ea7994ba2e8a9e6d94ac0e19901","last_login":"2025-02-24 10:49:22"}
DEBUG - 2025-02-24 04:33:55 --> Session token: fb7b23f613500cf61feb901718aa0595169d7ea7994ba2e8a9e6d94ac0e19901
DEBUG - 2025-02-24 04:33:55 --> Raw Authorization header: Bearer fb7b23f613500cf61feb901718aa0595169d7ea7994ba2e8a9e6d94ac0e19901
DEBUG - 2025-02-24 04:33:55 --> Token dari header: fb7b23f613500cf61feb901718aa0595169d7ea7994ba2e8a9e6d94ac0e19901
INFO - 2025-02-24 04:33:55 --> Session: Class initialized using 'CodeIgniter\Session\Handlers\FileHandler' driver.
DEBUG - 2025-02-24 04:33:55 --> Session token: fb7b23f613500cf61feb901718aa0595169d7ea7994ba2e8a9e6d94ac0e19901
DEBUG - 2025-02-24 04:33:55 --> Raw Authorization header: Bearer fb7b23f613500cf61feb901718aa0595169d7ea7994ba2e8a9e6d94ac0e19901
DEBUG - 2025-02-24 04:33:55 --> Token dari header: fb7b23f613500cf61feb901718aa0595169d7ea7994ba2e8a9e6d94ac0e19901
DEBUG - 2025-02-24 04:33:55 --> SQL: SELECT *
FROM `mahasiswa`
WHERE `token` = 'fb7b23f613500cf61feb901718aa0595169d7ea7994ba2e8a9e6d94ac0e19901'
 LIMIT 1
DEBUG - 2025-02-24 04:33:55 --> Token yang dicari: fb7b23f613500cf61feb901718aa0595169d7ea7994ba2e8a9e6d94ac0e19901
DEBUG - 2025-02-24 04:33:55 --> Hasil pencarian: {"id":"2","user_id":null,"npm":"123456","nama":"Dwi A","email":"","password":"$2y$10$XcEnyKV.StLAS9wl9QfUcuULBWbD54jyfoQXYOff6pFgAzR8ZRMKO","point":"270","gaya_belajar":"Auditori","created_at":"2024-12-13 02:30:02","updated_at":"2025-02-24 03:51:58","deleted_at":null,"token":"fb7b23f613500cf61feb901718aa0595169d7ea7994ba2e8a9e6d94ac0e19901","last_login":"2025-02-24 10:49:22"}
INFO - 2025-02-24 04:33:56 --> Session: Class initialized using 'CodeIgniter\Session\Handlers\FileHandler' driver.
INFO - 2025-02-24 04:33:57 --> Session: Class initialized using 'CodeIgniter\Session\Handlers\FileHandler' driver.
INFO - 2025-02-24 04:33:58 --> Session: Class initialized using 'CodeIgniter\Session\Handlers\FileHandler' driver.
DEBUG - 2025-02-24 04:33:58 --> Session token: fb7b23f613500cf61feb901718aa0595169d7ea7994ba2e8a9e6d94ac0e19901
DEBUG - 2025-02-24 04:33:58 --> Raw Authorization header: Bearer fb7b23f613500cf61feb901718aa0595169d7ea7994ba2e8a9e6d94ac0e19901
DEBUG - 2025-02-24 04:33:58 --> Token dari header: fb7b23f613500cf61feb901718aa0595169d7ea7994ba2e8a9e6d94ac0e19901
DEBUG - 2025-02-24 04:33:58 --> SQL: SELECT *
FROM `mahasiswa`
WHERE `token` = 'fb7b23f613500cf61feb901718aa0595169d7ea7994ba2e8a9e6d94ac0e19901'
 LIMIT 1
DEBUG - 2025-02-24 04:33:58 --> Token yang dicari: fb7b23f613500cf61feb901718aa0595169d7ea7994ba2e8a9e6d94ac0e19901
DEBUG - 2025-02-24 04:33:58 --> Hasil pencarian: {"id":"2","user_id":null,"npm":"123456","nama":"Dwi A","email":"","password":"$2y$10$XcEnyKV.StLAS9wl9QfUcuULBWbD54jyfoQXYOff6pFgAzR8ZRMKO","point":"270","gaya_belajar":"Auditori","created_at":"2024-12-13 02:30:02","updated_at":"2025-02-24 03:51:58","deleted_at":null,"token":"fb7b23f613500cf61feb901718aa0595169d7ea7994ba2e8a9e6d94ac0e19901","last_login":"2025-02-24 10:49:22"}
DEBUG - 2025-02-24 04:33:58 --> Session token: fb7b23f613500cf61feb901718aa0595169d7ea7994ba2e8a9e6d94ac0e19901
DEBUG - 2025-02-24 04:33:58 --> Raw Authorization header: Bearer fb7b23f613500cf61feb901718aa0595169d7ea7994ba2e8a9e6d94ac0e19901
DEBUG - 2025-02-24 04:33:58 --> Token dari header: fb7b23f613500cf61feb901718aa0595169d7ea7994ba2e8a9e6d94ac0e19901
INFO - 2025-02-24 04:33:58 --> Session: Class initialized using 'CodeIgniter\Session\Handlers\FileHandler' driver.
DEBUG - 2025-02-24 04:33:58 --> Session token: fb7b23f613500cf61feb901718aa0595169d7ea7994ba2e8a9e6d94ac0e19901
DEBUG - 2025-02-24 04:33:58 --> Raw Authorization header: Bearer fb7b23f613500cf61feb901718aa0595169d7ea7994ba2e8a9e6d94ac0e19901
DEBUG - 2025-02-24 04:33:58 --> Token dari header: fb7b23f613500cf61feb901718aa0595169d7ea7994ba2e8a9e6d94ac0e19901
DEBUG - 2025-02-24 04:33:58 --> SQL: SELECT *
FROM `mahasiswa`
WHERE `token` = 'fb7b23f613500cf61feb901718aa0595169d7ea7994ba2e8a9e6d94ac0e19901'
 LIMIT 1
DEBUG - 2025-02-24 04:33:58 --> Token yang dicari: fb7b23f613500cf61feb901718aa0595169d7ea7994ba2e8a9e6d94ac0e19901
DEBUG - 2025-02-24 04:33:58 --> Hasil pencarian: {"id":"2","user_id":null,"npm":"123456","nama":"Dwi A","email":"","password":"$2y$10$XcEnyKV.StLAS9wl9QfUcuULBWbD54jyfoQXYOff6pFgAzR8ZRMKO","point":"270","gaya_belajar":"Auditori","created_at":"2024-12-13 02:30:02","updated_at":"2025-02-24 03:51:58","deleted_at":null,"token":"fb7b23f613500cf61feb901718aa0595169d7ea7994ba2e8a9e6d94ac0e19901","last_login":"2025-02-24 10:49:22"}
INFO - 2025-02-24 04:34:04 --> Session: Class initialized using 'CodeIgniter\Session\Handlers\FileHandler' driver.
DEBUG - 2025-02-24 04:34:04 --> Session token: fb7b23f613500cf61feb901718aa0595169d7ea7994ba2e8a9e6d94ac0e19901
DEBUG - 2025-02-24 04:34:04 --> Raw Authorization header: 
DEBUG - 2025-02-24 04:34:04 --> Token dari session: fb7b23f613500cf61feb901718aa0595169d7ea7994ba2e8a9e6d94ac0e19901
DEBUG - 2025-02-24 04:34:04 --> SQL: SELECT *
FROM `mahasiswa`
WHERE `token` = 'fb7b23f613500cf61feb901718aa0595169d7ea7994ba2e8a9e6d94ac0e19901'
 LIMIT 1
DEBUG - 2025-02-24 04:34:04 --> Token yang dicari: fb7b23f613500cf61feb901718aa0595169d7ea7994ba2e8a9e6d94ac0e19901
DEBUG - 2025-02-24 04:34:04 --> Hasil pencarian: {"id":"2","user_id":null,"npm":"123456","nama":"Dwi A","email":"","password":"$2y$10$XcEnyKV.StLAS9wl9QfUcuULBWbD54jyfoQXYOff6pFgAzR8ZRMKO","point":"270","gaya_belajar":"Auditori","created_at":"2024-12-13 02:30:02","updated_at":"2025-02-24 03:51:58","deleted_at":null,"token":"fb7b23f613500cf61feb901718aa0595169d7ea7994ba2e8a9e6d94ac0e19901","last_login":"2025-02-24 10:49:22"}
INFO - 2025-02-24 04:34:57 --> Session: Class initialized using 'CodeIgniter\Session\Handlers\FileHandler' driver.
DEBUG - 2025-02-24 04:34:57 --> Session token: fb7b23f613500cf61feb901718aa0595169d7ea7994ba2e8a9e6d94ac0e19901
DEBUG - 2025-02-24 04:34:57 --> Raw Authorization header: 
DEBUG - 2025-02-24 04:34:57 --> Token dari session: fb7b23f613500cf61feb901718aa0595169d7ea7994ba2e8a9e6d94ac0e19901
DEBUG - 2025-02-24 04:34:57 --> SQL: SELECT *
FROM `mahasiswa`
WHERE `token` = 'fb7b23f613500cf61feb901718aa0595169d7ea7994ba2e8a9e6d94ac0e19901'
 LIMIT 1
DEBUG - 2025-02-24 04:34:57 --> Token yang dicari: fb7b23f613500cf61feb901718aa0595169d7ea7994ba2e8a9e6d94ac0e19901
DEBUG - 2025-02-24 04:34:57 --> Hasil pencarian: {"id":"2","user_id":null,"npm":"123456","nama":"Dwi A","email":"","password":"$2y$10$XcEnyKV.StLAS9wl9QfUcuULBWbD54jyfoQXYOff6pFgAzR8ZRMKO","point":"270","gaya_belajar":"Auditori","created_at":"2024-12-13 02:30:02","updated_at":"2025-02-24 03:51:58","deleted_at":null,"token":"fb7b23f613500cf61feb901718aa0595169d7ea7994ba2e8a9e6d94ac0e19901","last_login":"2025-02-24 10:49:22"}
DEBUG - 2025-02-24 04:35:34 --> Session token: 
DEBUG - 2025-02-24 04:35:34 --> Raw Authorization header: 
DEBUG - 2025-02-24 04:35:34 --> Token dari header: 
INFO - 2025-02-24 04:38:06 --> Session: Class initialized using 'CodeIgniter\Session\Handlers\FileHandler' driver.
DEBUG - 2025-02-24 04:38:06 --> Session token: fb7b23f613500cf61feb901718aa0595169d7ea7994ba2e8a9e6d94ac0e19901
DEBUG - 2025-02-24 04:38:06 --> Raw Authorization header: 
DEBUG - 2025-02-24 04:38:06 --> Token dari session: fb7b23f613500cf61feb901718aa0595169d7ea7994ba2e8a9e6d94ac0e19901
DEBUG - 2025-02-24 04:38:06 --> SQL: SELECT *
FROM `mahasiswa`
WHERE `token` = 'fb7b23f613500cf61feb901718aa0595169d7ea7994ba2e8a9e6d94ac0e19901'
 LIMIT 1
DEBUG - 2025-02-24 04:38:06 --> Token yang dicari: fb7b23f613500cf61feb901718aa0595169d7ea7994ba2e8a9e6d94ac0e19901
DEBUG - 2025-02-24 04:38:06 --> Hasil pencarian: {"id":"2","user_id":null,"npm":"123456","nama":"Dwi A","email":"","password":"$2y$10$XcEnyKV.StLAS9wl9QfUcuULBWbD54jyfoQXYOff6pFgAzR8ZRMKO","point":"270","gaya_belajar":"Auditori","created_at":"2024-12-13 02:30:02","updated_at":"2025-02-24 03:51:58","deleted_at":null,"token":"fb7b23f613500cf61feb901718aa0595169d7ea7994ba2e8a9e6d94ac0e19901","last_login":"2025-02-24 10:49:22"}
ERROR - 2025-02-24 04:38:06 --> [WalletAPI.getMyWallet] Undefined array key "jenis_transaksi"
INFO - 2025-02-24 04:38:23 --> Session: Class initialized using 'CodeIgniter\Session\Handlers\FileHandler' driver.
DEBUG - 2025-02-24 04:38:23 --> Session token: fb7b23f613500cf61feb901718aa0595169d7ea7994ba2e8a9e6d94ac0e19901
DEBUG - 2025-02-24 04:38:23 --> Raw Authorization header: 
DEBUG - 2025-02-24 04:38:23 --> Token dari session: fb7b23f613500cf61feb901718aa0595169d7ea7994ba2e8a9e6d94ac0e19901
DEBUG - 2025-02-24 04:38:23 --> SQL: SELECT *
FROM `mahasiswa`
WHERE `token` = 'fb7b23f613500cf61feb901718aa0595169d7ea7994ba2e8a9e6d94ac0e19901'
 LIMIT 1
DEBUG - 2025-02-24 04:38:23 --> Token yang dicari: fb7b23f613500cf61feb901718aa0595169d7ea7994ba2e8a9e6d94ac0e19901
DEBUG - 2025-02-24 04:38:23 --> Hasil pencarian: {"id":"2","user_id":null,"npm":"123456","nama":"Dwi A","email":"","password":"$2y$10$XcEnyKV.StLAS9wl9QfUcuULBWbD54jyfoQXYOff6pFgAzR8ZRMKO","point":"270","gaya_belajar":"Auditori","created_at":"2024-12-13 02:30:02","updated_at":"2025-02-24 03:51:58","deleted_at":null,"token":"fb7b23f613500cf61feb901718aa0595169d7ea7994ba2e8a9e6d94ac0e19901","last_login":"2025-02-24 10:49:22"}
ERROR - 2025-02-24 04:38:23 --> [WalletAPI.getMyWallet] Undefined array key "jenis_transaksi"
INFO - 2025-02-24 04:38:24 --> Session: Class initialized using 'CodeIgniter\Session\Handlers\FileHandler' driver.
INFO - 2025-02-24 04:38:25 --> Session: Class initialized using 'CodeIgniter\Session\Handlers\FileHandler' driver.
INFO - 2025-02-24 04:38:26 --> Session: Class initialized using 'CodeIgniter\Session\Handlers\FileHandler' driver.
DEBUG - 2025-02-24 04:38:26 --> Session token: fb7b23f613500cf61feb901718aa0595169d7ea7994ba2e8a9e6d94ac0e19901
DEBUG - 2025-02-24 04:38:26 --> Raw Authorization header: Bearer fb7b23f613500cf61feb901718aa0595169d7ea7994ba2e8a9e6d94ac0e19901
DEBUG - 2025-02-24 04:38:26 --> Token dari header: fb7b23f613500cf61feb901718aa0595169d7ea7994ba2e8a9e6d94ac0e19901
DEBUG - 2025-02-24 04:38:26 --> SQL: SELECT *
FROM `mahasiswa`
WHERE `token` = 'fb7b23f613500cf61feb901718aa0595169d7ea7994ba2e8a9e6d94ac0e19901'
 LIMIT 1
DEBUG - 2025-02-24 04:38:26 --> Token yang dicari: fb7b23f613500cf61feb901718aa0595169d7ea7994ba2e8a9e6d94ac0e19901
DEBUG - 2025-02-24 04:38:26 --> Hasil pencarian: {"id":"2","user_id":null,"npm":"123456","nama":"Dwi A","email":"","password":"$2y$10$XcEnyKV.StLAS9wl9QfUcuULBWbD54jyfoQXYOff6pFgAzR8ZRMKO","point":"270","gaya_belajar":"Auditori","created_at":"2024-12-13 02:30:02","updated_at":"2025-02-24 03:51:58","deleted_at":null,"token":"fb7b23f613500cf61feb901718aa0595169d7ea7994ba2e8a9e6d94ac0e19901","last_login":"2025-02-24 10:49:22"}
ERROR - 2025-02-24 04:38:26 --> [WalletAPI.getMyWallet] Undefined array key "jenis_transaksi"
INFO - 2025-02-24 04:38:27 --> Session: Class initialized using 'CodeIgniter\Session\Handlers\FileHandler' driver.
DEBUG - 2025-02-24 04:38:27 --> Session token: fb7b23f613500cf61feb901718aa0595169d7ea7994ba2e8a9e6d94ac0e19901
DEBUG - 2025-02-24 04:38:27 --> Raw Authorization header: Bearer fb7b23f613500cf61feb901718aa0595169d7ea7994ba2e8a9e6d94ac0e19901
DEBUG - 2025-02-24 04:38:27 --> Token dari header: fb7b23f613500cf61feb901718aa0595169d7ea7994ba2e8a9e6d94ac0e19901
DEBUG - 2025-02-24 04:38:27 --> SQL: SELECT *
FROM `mahasiswa`
WHERE `token` = 'fb7b23f613500cf61feb901718aa0595169d7ea7994ba2e8a9e6d94ac0e19901'
 LIMIT 1
DEBUG - 2025-02-24 04:38:27 --> Token yang dicari: fb7b23f613500cf61feb901718aa0595169d7ea7994ba2e8a9e6d94ac0e19901
DEBUG - 2025-02-24 04:38:27 --> Hasil pencarian: {"id":"2","user_id":null,"npm":"123456","nama":"Dwi A","email":"","password":"$2y$10$XcEnyKV.StLAS9wl9QfUcuULBWbD54jyfoQXYOff6pFgAzR8ZRMKO","point":"270","gaya_belajar":"Auditori","created_at":"2024-12-13 02:30:02","updated_at":"2025-02-24 03:51:58","deleted_at":null,"token":"fb7b23f613500cf61feb901718aa0595169d7ea7994ba2e8a9e6d94ac0e19901","last_login":"2025-02-24 10:49:22"}
ERROR - 2025-02-24 04:38:27 --> [WalletAPI.getMyWallet] Undefined array key "jenis_transaksi"
INFO - 2025-02-24 04:39:44 --> Session: Class initialized using 'CodeIgniter\Session\Handlers\FileHandler' driver.
INFO - 2025-02-24 04:39:45 --> Session: Class initialized using 'CodeIgniter\Session\Handlers\FileHandler' driver.
INFO - 2025-02-24 04:39:47 --> Session: Class initialized using 'CodeIgniter\Session\Handlers\FileHandler' driver.
DEBUG - 2025-02-24 04:39:47 --> Session token: fb7b23f613500cf61feb901718aa0595169d7ea7994ba2e8a9e6d94ac0e19901
DEBUG - 2025-02-24 04:39:47 --> Raw Authorization header: Bearer fb7b23f613500cf61feb901718aa0595169d7ea7994ba2e8a9e6d94ac0e19901
DEBUG - 2025-02-24 04:39:47 --> Token dari header: fb7b23f613500cf61feb901718aa0595169d7ea7994ba2e8a9e6d94ac0e19901
DEBUG - 2025-02-24 04:39:47 --> SQL: SELECT *
FROM `mahasiswa`
WHERE `token` = 'fb7b23f613500cf61feb901718aa0595169d7ea7994ba2e8a9e6d94ac0e19901'
 LIMIT 1
DEBUG - 2025-02-24 04:39:47 --> Token yang dicari: fb7b23f613500cf61feb901718aa0595169d7ea7994ba2e8a9e6d94ac0e19901
DEBUG - 2025-02-24 04:39:47 --> Hasil pencarian: {"id":"2","user_id":null,"npm":"123456","nama":"Dwi A","email":"","password":"$2y$10$XcEnyKV.StLAS9wl9QfUcuULBWbD54jyfoQXYOff6pFgAzR8ZRMKO","point":"270","gaya_belajar":"Auditori","created_at":"2024-12-13 02:30:02","updated_at":"2025-02-24 03:51:58","deleted_at":null,"token":"fb7b23f613500cf61feb901718aa0595169d7ea7994ba2e8a9e6d94ac0e19901","last_login":"2025-02-24 10:49:22"}
INFO - 2025-02-24 04:39:48 --> Session: Class initialized using 'CodeIgniter\Session\Handlers\FileHandler' driver.
DEBUG - 2025-02-24 04:39:48 --> Session token: fb7b23f613500cf61feb901718aa0595169d7ea7994ba2e8a9e6d94ac0e19901
DEBUG - 2025-02-24 04:39:48 --> Raw Authorization header: Bearer fb7b23f613500cf61feb901718aa0595169d7ea7994ba2e8a9e6d94ac0e19901
DEBUG - 2025-02-24 04:39:48 --> Token dari header: fb7b23f613500cf61feb901718aa0595169d7ea7994ba2e8a9e6d94ac0e19901
DEBUG - 2025-02-24 04:39:48 --> SQL: SELECT *
FROM `mahasiswa`
WHERE `token` = 'fb7b23f613500cf61feb901718aa0595169d7ea7994ba2e8a9e6d94ac0e19901'
 LIMIT 1
DEBUG - 2025-02-24 04:39:48 --> Token yang dicari: fb7b23f613500cf61feb901718aa0595169d7ea7994ba2e8a9e6d94ac0e19901
DEBUG - 2025-02-24 04:39:48 --> Hasil pencarian: {"id":"2","user_id":null,"npm":"123456","nama":"Dwi A","email":"","password":"$2y$10$XcEnyKV.StLAS9wl9QfUcuULBWbD54jyfoQXYOff6pFgAzR8ZRMKO","point":"270","gaya_belajar":"Auditori","created_at":"2024-12-13 02:30:02","updated_at":"2025-02-24 03:51:58","deleted_at":null,"token":"fb7b23f613500cf61feb901718aa0595169d7ea7994ba2e8a9e6d94ac0e19901","last_login":"2025-02-24 10:49:22"}
INFO - 2025-02-24 04:40:07 --> Session: Class initialized using 'CodeIgniter\Session\Handlers\FileHandler' driver.
DEBUG - 2025-02-24 04:40:07 --> Session token: fb7b23f613500cf61feb901718aa0595169d7ea7994ba2e8a9e6d94ac0e19901
DEBUG - 2025-02-24 04:40:07 --> Raw Authorization header: 
DEBUG - 2025-02-24 04:40:07 --> Token dari session: fb7b23f613500cf61feb901718aa0595169d7ea7994ba2e8a9e6d94ac0e19901
DEBUG - 2025-02-24 04:40:07 --> SQL: SELECT *
FROM `mahasiswa`
WHERE `token` = 'fb7b23f613500cf61feb901718aa0595169d7ea7994ba2e8a9e6d94ac0e19901'
 LIMIT 1
DEBUG - 2025-02-24 04:40:07 --> Token yang dicari: fb7b23f613500cf61feb901718aa0595169d7ea7994ba2e8a9e6d94ac0e19901
DEBUG - 2025-02-24 04:40:07 --> Hasil pencarian: {"id":"2","user_id":null,"npm":"123456","nama":"Dwi A","email":"","password":"$2y$10$XcEnyKV.StLAS9wl9QfUcuULBWbD54jyfoQXYOff6pFgAzR8ZRMKO","point":"270","gaya_belajar":"Auditori","created_at":"2024-12-13 02:30:02","updated_at":"2025-02-24 03:51:58","deleted_at":null,"token":"fb7b23f613500cf61feb901718aa0595169d7ea7994ba2e8a9e6d94ac0e19901","last_login":"2025-02-24 10:49:22"}
INFO - 2025-02-24 04:40:22 --> Session: Class initialized using 'CodeIgniter\Session\Handlers\FileHandler' driver.
DEBUG - 2025-02-24 04:40:22 --> Session token: fb7b23f613500cf61feb901718aa0595169d7ea7994ba2e8a9e6d94ac0e19901
DEBUG - 2025-02-24 04:40:22 --> Raw Authorization header: 
DEBUG - 2025-02-24 04:40:22 --> Token dari session: fb7b23f613500cf61feb901718aa0595169d7ea7994ba2e8a9e6d94ac0e19901
DEBUG - 2025-02-24 04:40:22 --> SQL: SELECT *
FROM `mahasiswa`
WHERE `token` = 'fb7b23f613500cf61feb901718aa0595169d7ea7994ba2e8a9e6d94ac0e19901'
 LIMIT 1
DEBUG - 2025-02-24 04:40:22 --> Token yang dicari: fb7b23f613500cf61feb901718aa0595169d7ea7994ba2e8a9e6d94ac0e19901
DEBUG - 2025-02-24 04:40:22 --> Hasil pencarian: {"id":"2","user_id":null,"npm":"123456","nama":"Dwi A","email":"","password":"$2y$10$XcEnyKV.StLAS9wl9QfUcuULBWbD54jyfoQXYOff6pFgAzR8ZRMKO","point":"270","gaya_belajar":"Auditori","created_at":"2024-12-13 02:30:02","updated_at":"2025-02-24 03:51:58","deleted_at":null,"token":"fb7b23f613500cf61feb901718aa0595169d7ea7994ba2e8a9e6d94ac0e19901","last_login":"2025-02-24 10:49:22"}
DEBUG - 2025-02-24 04:42:27 --> Session token: 
DEBUG - 2025-02-24 04:42:27 --> Raw Authorization header: 
DEBUG - 2025-02-24 04:42:27 --> Token dari header: 
DEBUG - 2025-02-24 04:42:45 --> Session token: 
DEBUG - 2025-02-24 04:42:45 --> Raw Authorization header: 
DEBUG - 2025-02-24 04:42:45 --> Token dari header: 
INFO - 2025-02-24 04:42:51 --> Session: Class initialized using 'CodeIgniter\Session\Handlers\FileHandler' driver.
DEBUG - 2025-02-24 04:42:51 --> Session token: fb7b23f613500cf61feb901718aa0595169d7ea7994ba2e8a9e6d94ac0e19901
DEBUG - 2025-02-24 04:42:51 --> Raw Authorization header: 
DEBUG - 2025-02-24 04:42:51 --> Token dari session: fb7b23f613500cf61feb901718aa0595169d7ea7994ba2e8a9e6d94ac0e19901
DEBUG - 2025-02-24 04:42:51 --> SQL: SELECT *
FROM `mahasiswa`
WHERE `token` = 'fb7b23f613500cf61feb901718aa0595169d7ea7994ba2e8a9e6d94ac0e19901'
 LIMIT 1
DEBUG - 2025-02-24 04:42:51 --> Token yang dicari: fb7b23f613500cf61feb901718aa0595169d7ea7994ba2e8a9e6d94ac0e19901
DEBUG - 2025-02-24 04:42:51 --> Hasil pencarian: {"id":"2","user_id":null,"npm":"123456","nama":"Dwi A","email":"","password":"$2y$10$XcEnyKV.StLAS9wl9QfUcuULBWbD54jyfoQXYOff6pFgAzR8ZRMKO","point":"270","gaya_belajar":"Auditori","created_at":"2024-12-13 02:30:02","updated_at":"2025-02-24 03:51:58","deleted_at":null,"token":"fb7b23f613500cf61feb901718aa0595169d7ea7994ba2e8a9e6d94ac0e19901","last_login":"2025-02-24 10:49:22"}
INFO - 2025-02-24 04:43:10 --> Session: Class initialized using 'CodeIgniter\Session\Handlers\FileHandler' driver.
DEBUG - 2025-02-24 04:43:10 --> Session token: fb7b23f613500cf61feb901718aa0595169d7ea7994ba2e8a9e6d94ac0e19901
DEBUG - 2025-02-24 04:43:10 --> Raw Authorization header: 
DEBUG - 2025-02-24 04:43:10 --> Token dari session: fb7b23f613500cf61feb901718aa0595169d7ea7994ba2e8a9e6d94ac0e19901
DEBUG - 2025-02-24 04:43:10 --> SQL: SELECT *
FROM `mahasiswa`
WHERE `token` = 'fb7b23f613500cf61feb901718aa0595169d7ea7994ba2e8a9e6d94ac0e19901'
 LIMIT 1
DEBUG - 2025-02-24 04:43:10 --> Token yang dicari: fb7b23f613500cf61feb901718aa0595169d7ea7994ba2e8a9e6d94ac0e19901
DEBUG - 2025-02-24 04:43:10 --> Hasil pencarian: {"id":"2","user_id":null,"npm":"123456","nama":"Dwi A","email":"","password":"$2y$10$XcEnyKV.StLAS9wl9QfUcuULBWbD54jyfoQXYOff6pFgAzR8ZRMKO","point":"270","gaya_belajar":"Auditori","created_at":"2024-12-13 02:30:02","updated_at":"2025-02-24 03:51:58","deleted_at":null,"token":"fb7b23f613500cf61feb901718aa0595169d7ea7994ba2e8a9e6d94ac0e19901","last_login":"2025-02-24 10:49:22"}
ERROR - 2025-02-24 04:43:10 --> [WalletAPI.getMyWallet] Undefined array key "jenis_transaksi"
INFO - 2025-02-24 04:43:21 --> Session: Class initialized using 'CodeIgniter\Session\Handlers\FileHandler' driver.
DEBUG - 2025-02-24 04:43:21 --> Session token: fb7b23f613500cf61feb901718aa0595169d7ea7994ba2e8a9e6d94ac0e19901
DEBUG - 2025-02-24 04:43:21 --> Raw Authorization header: 
DEBUG - 2025-02-24 04:43:21 --> Token dari session: fb7b23f613500cf61feb901718aa0595169d7ea7994ba2e8a9e6d94ac0e19901
DEBUG - 2025-02-24 04:43:22 --> SQL: SELECT *
FROM `mahasiswa`
WHERE `token` = 'fb7b23f613500cf61feb901718aa0595169d7ea7994ba2e8a9e6d94ac0e19901'
 LIMIT 1
DEBUG - 2025-02-24 04:43:22 --> Token yang dicari: fb7b23f613500cf61feb901718aa0595169d7ea7994ba2e8a9e6d94ac0e19901
DEBUG - 2025-02-24 04:43:22 --> Hasil pencarian: {"id":"2","user_id":null,"npm":"123456","nama":"Dwi A","email":"","password":"$2y$10$XcEnyKV.StLAS9wl9QfUcuULBWbD54jyfoQXYOff6pFgAzR8ZRMKO","point":"270","gaya_belajar":"Auditori","created_at":"2024-12-13 02:30:02","updated_at":"2025-02-24 03:51:58","deleted_at":null,"token":"fb7b23f613500cf61feb901718aa0595169d7ea7994ba2e8a9e6d94ac0e19901","last_login":"2025-02-24 10:49:22"}
INFO - 2025-02-24 04:43:29 --> Session: Class initialized using 'CodeIgniter\Session\Handlers\FileHandler' driver.
DEBUG - 2025-02-24 04:43:29 --> Session token: fb7b23f613500cf61feb901718aa0595169d7ea7994ba2e8a9e6d94ac0e19901
DEBUG - 2025-02-24 04:43:29 --> Raw Authorization header: 
DEBUG - 2025-02-24 04:43:29 --> Token dari session: fb7b23f613500cf61feb901718aa0595169d7ea7994ba2e8a9e6d94ac0e19901
DEBUG - 2025-02-24 04:43:29 --> SQL: SELECT *
FROM `mahasiswa`
WHERE `token` = 'fb7b23f613500cf61feb901718aa0595169d7ea7994ba2e8a9e6d94ac0e19901'
 LIMIT 1
DEBUG - 2025-02-24 04:43:29 --> Token yang dicari: fb7b23f613500cf61feb901718aa0595169d7ea7994ba2e8a9e6d94ac0e19901
DEBUG - 2025-02-24 04:43:29 --> Hasil pencarian: {"id":"2","user_id":null,"npm":"123456","nama":"Dwi A","email":"","password":"$2y$10$XcEnyKV.StLAS9wl9QfUcuULBWbD54jyfoQXYOff6pFgAzR8ZRMKO","point":"270","gaya_belajar":"Auditori","created_at":"2024-12-13 02:30:02","updated_at":"2025-02-24 03:51:58","deleted_at":null,"token":"fb7b23f613500cf61feb901718aa0595169d7ea7994ba2e8a9e6d94ac0e19901","last_login":"2025-02-24 10:49:22"}
INFO - 2025-02-24 04:43:56 --> Session: Class initialized using 'CodeIgniter\Session\Handlers\FileHandler' driver.
DEBUG - 2025-02-24 04:43:56 --> Session token: fb7b23f613500cf61feb901718aa0595169d7ea7994ba2e8a9e6d94ac0e19901
DEBUG - 2025-02-24 04:43:56 --> Raw Authorization header: 
DEBUG - 2025-02-24 04:43:56 --> Token dari session: fb7b23f613500cf61feb901718aa0595169d7ea7994ba2e8a9e6d94ac0e19901
DEBUG - 2025-02-24 04:43:56 --> SQL: SELECT *
FROM `mahasiswa`
WHERE `token` = 'fb7b23f613500cf61feb901718aa0595169d7ea7994ba2e8a9e6d94ac0e19901'
 LIMIT 1
DEBUG - 2025-02-24 04:43:56 --> Token yang dicari: fb7b23f613500cf61feb901718aa0595169d7ea7994ba2e8a9e6d94ac0e19901
DEBUG - 2025-02-24 04:43:56 --> Hasil pencarian: {"id":"2","user_id":null,"npm":"123456","nama":"Dwi A","email":"","password":"$2y$10$XcEnyKV.StLAS9wl9QfUcuULBWbD54jyfoQXYOff6pFgAzR8ZRMKO","point":"270","gaya_belajar":"Auditori","created_at":"2024-12-13 02:30:02","updated_at":"2025-02-24 03:51:58","deleted_at":null,"token":"fb7b23f613500cf61feb901718aa0595169d7ea7994ba2e8a9e6d94ac0e19901","last_login":"2025-02-24 10:49:22"}
INFO - 2025-02-24 04:44:06 --> Session: Class initialized using 'CodeIgniter\Session\Handlers\FileHandler' driver.
DEBUG - 2025-02-24 04:44:06 --> Session token: fb7b23f613500cf61feb901718aa0595169d7ea7994ba2e8a9e6d94ac0e19901
DEBUG - 2025-02-24 04:44:06 --> Raw Authorization header: 
DEBUG - 2025-02-24 04:44:06 --> Token dari session: fb7b23f613500cf61feb901718aa0595169d7ea7994ba2e8a9e6d94ac0e19901
DEBUG - 2025-02-24 04:44:06 --> SQL: SELECT *
FROM `mahasiswa`
WHERE `token` = 'fb7b23f613500cf61feb901718aa0595169d7ea7994ba2e8a9e6d94ac0e19901'
 LIMIT 1
DEBUG - 2025-02-24 04:44:06 --> Token yang dicari: fb7b23f613500cf61feb901718aa0595169d7ea7994ba2e8a9e6d94ac0e19901
DEBUG - 2025-02-24 04:44:06 --> Hasil pencarian: {"id":"2","user_id":null,"npm":"123456","nama":"Dwi A","email":"","password":"$2y$10$XcEnyKV.StLAS9wl9QfUcuULBWbD54jyfoQXYOff6pFgAzR8ZRMKO","point":"270","gaya_belajar":"Auditori","created_at":"2024-12-13 02:30:02","updated_at":"2025-02-24 03:51:58","deleted_at":null,"token":"fb7b23f613500cf61feb901718aa0595169d7ea7994ba2e8a9e6d94ac0e19901","last_login":"2025-02-24 10:49:22"}
INFO - 2025-02-24 04:44:52 --> Session: Class initialized using 'CodeIgniter\Session\Handlers\FileHandler' driver.
DEBUG - 2025-02-24 04:44:52 --> Session token: fb7b23f613500cf61feb901718aa0595169d7ea7994ba2e8a9e6d94ac0e19901
DEBUG - 2025-02-24 04:44:52 --> Raw Authorization header: 
DEBUG - 2025-02-24 04:44:52 --> Token dari session: fb7b23f613500cf61feb901718aa0595169d7ea7994ba2e8a9e6d94ac0e19901
DEBUG - 2025-02-24 04:44:52 --> SQL: SELECT *
FROM `mahasiswa`
WHERE `token` = 'fb7b23f613500cf61feb901718aa0595169d7ea7994ba2e8a9e6d94ac0e19901'
 LIMIT 1
DEBUG - 2025-02-24 04:44:52 --> Token yang dicari: fb7b23f613500cf61feb901718aa0595169d7ea7994ba2e8a9e6d94ac0e19901
DEBUG - 2025-02-24 04:44:52 --> Hasil pencarian: {"id":"2","user_id":null,"npm":"123456","nama":"Dwi A","email":"","password":"$2y$10$XcEnyKV.StLAS9wl9QfUcuULBWbD54jyfoQXYOff6pFgAzR8ZRMKO","point":"270","gaya_belajar":"Auditori","created_at":"2024-12-13 02:30:02","updated_at":"2025-02-24 03:51:58","deleted_at":null,"token":"fb7b23f613500cf61feb901718aa0595169d7ea7994ba2e8a9e6d94ac0e19901","last_login":"2025-02-24 10:49:22"}
ERROR - 2025-02-24 04:44:52 --> [WalletAPI.getMyWallet] Undefined array key "jenis_transaksi"
INFO - 2025-02-24 04:45:21 --> Session: Class initialized using 'CodeIgniter\Session\Handlers\FileHandler' driver.
DEBUG - 2025-02-24 04:45:21 --> Session token: fb7b23f613500cf61feb901718aa0595169d7ea7994ba2e8a9e6d94ac0e19901
DEBUG - 2025-02-24 04:45:21 --> Raw Authorization header: 
DEBUG - 2025-02-24 04:45:21 --> Token dari session: fb7b23f613500cf61feb901718aa0595169d7ea7994ba2e8a9e6d94ac0e19901
DEBUG - 2025-02-24 04:45:21 --> SQL: SELECT *
FROM `mahasiswa`
WHERE `token` = 'fb7b23f613500cf61feb901718aa0595169d7ea7994ba2e8a9e6d94ac0e19901'
 LIMIT 1
DEBUG - 2025-02-24 04:45:21 --> Token yang dicari: fb7b23f613500cf61feb901718aa0595169d7ea7994ba2e8a9e6d94ac0e19901
DEBUG - 2025-02-24 04:45:21 --> Hasil pencarian: {"id":"2","user_id":null,"npm":"123456","nama":"Dwi A","email":"","password":"$2y$10$XcEnyKV.StLAS9wl9QfUcuULBWbD54jyfoQXYOff6pFgAzR8ZRMKO","point":"270","gaya_belajar":"Auditori","created_at":"2024-12-13 02:30:02","updated_at":"2025-02-24 03:51:58","deleted_at":null,"token":"fb7b23f613500cf61feb901718aa0595169d7ea7994ba2e8a9e6d94ac0e19901","last_login":"2025-02-24 10:49:22"}
ERROR - 2025-02-24 04:45:21 --> [WalletAPI.getMyWallet] Undefined array key "jenis_transaksi"
INFO - 2025-02-24 04:45:31 --> Session: Class initialized using 'CodeIgniter\Session\Handlers\FileHandler' driver.
DEBUG - 2025-02-24 04:45:31 --> Session token: fb7b23f613500cf61feb901718aa0595169d7ea7994ba2e8a9e6d94ac0e19901
DEBUG - 2025-02-24 04:45:31 --> Raw Authorization header: 
DEBUG - 2025-02-24 04:45:31 --> Token dari session: fb7b23f613500cf61feb901718aa0595169d7ea7994ba2e8a9e6d94ac0e19901
DEBUG - 2025-02-24 04:45:31 --> SQL: SELECT *
FROM `mahasiswa`
WHERE `token` = 'fb7b23f613500cf61feb901718aa0595169d7ea7994ba2e8a9e6d94ac0e19901'
 LIMIT 1
DEBUG - 2025-02-24 04:45:31 --> Token yang dicari: fb7b23f613500cf61feb901718aa0595169d7ea7994ba2e8a9e6d94ac0e19901
DEBUG - 2025-02-24 04:45:31 --> Hasil pencarian: {"id":"2","user_id":null,"npm":"123456","nama":"Dwi A","email":"","password":"$2y$10$XcEnyKV.StLAS9wl9QfUcuULBWbD54jyfoQXYOff6pFgAzR8ZRMKO","point":"270","gaya_belajar":"Auditori","created_at":"2024-12-13 02:30:02","updated_at":"2025-02-24 03:51:58","deleted_at":null,"token":"fb7b23f613500cf61feb901718aa0595169d7ea7994ba2e8a9e6d94ac0e19901","last_login":"2025-02-24 10:49:22"}
INFO - 2025-02-24 04:45:40 --> Session: Class initialized using 'CodeIgniter\Session\Handlers\FileHandler' driver.
DEBUG - 2025-02-24 04:45:40 --> Session token: fb7b23f613500cf61feb901718aa0595169d7ea7994ba2e8a9e6d94ac0e19901
DEBUG - 2025-02-24 04:45:40 --> Raw Authorization header: 
DEBUG - 2025-02-24 04:45:40 --> Token dari session: fb7b23f613500cf61feb901718aa0595169d7ea7994ba2e8a9e6d94ac0e19901
DEBUG - 2025-02-24 04:45:40 --> SQL: SELECT *
FROM `mahasiswa`
WHERE `token` = 'fb7b23f613500cf61feb901718aa0595169d7ea7994ba2e8a9e6d94ac0e19901'
 LIMIT 1
DEBUG - 2025-02-24 04:45:40 --> Token yang dicari: fb7b23f613500cf61feb901718aa0595169d7ea7994ba2e8a9e6d94ac0e19901
DEBUG - 2025-02-24 04:45:40 --> Hasil pencarian: {"id":"2","user_id":null,"npm":"123456","nama":"Dwi A","email":"","password":"$2y$10$XcEnyKV.StLAS9wl9QfUcuULBWbD54jyfoQXYOff6pFgAzR8ZRMKO","point":"270","gaya_belajar":"Auditori","created_at":"2024-12-13 02:30:02","updated_at":"2025-02-24 03:51:58","deleted_at":null,"token":"fb7b23f613500cf61feb901718aa0595169d7ea7994ba2e8a9e6d94ac0e19901","last_login":"2025-02-24 10:49:22"}
ERROR - 2025-02-24 04:45:40 --> [WalletAPI.getMyWallet] Undefined array key "jenis_transaksi"
INFO - 2025-02-24 04:45:43 --> Session: Class initialized using 'CodeIgniter\Session\Handlers\FileHandler' driver.
DEBUG - 2025-02-24 04:45:43 --> Session token: fb7b23f613500cf61feb901718aa0595169d7ea7994ba2e8a9e6d94ac0e19901
DEBUG - 2025-02-24 04:45:43 --> Raw Authorization header: 
DEBUG - 2025-02-24 04:45:43 --> Token dari session: fb7b23f613500cf61feb901718aa0595169d7ea7994ba2e8a9e6d94ac0e19901
DEBUG - 2025-02-24 04:45:43 --> SQL: SELECT *
FROM `mahasiswa`
WHERE `token` = 'fb7b23f613500cf61feb901718aa0595169d7ea7994ba2e8a9e6d94ac0e19901'
 LIMIT 1
DEBUG - 2025-02-24 04:45:43 --> Token yang dicari: fb7b23f613500cf61feb901718aa0595169d7ea7994ba2e8a9e6d94ac0e19901
DEBUG - 2025-02-24 04:45:43 --> Hasil pencarian: {"id":"2","user_id":null,"npm":"123456","nama":"Dwi A","email":"","password":"$2y$10$XcEnyKV.StLAS9wl9QfUcuULBWbD54jyfoQXYOff6pFgAzR8ZRMKO","point":"270","gaya_belajar":"Auditori","created_at":"2024-12-13 02:30:02","updated_at":"2025-02-24 03:51:58","deleted_at":null,"token":"fb7b23f613500cf61feb901718aa0595169d7ea7994ba2e8a9e6d94ac0e19901","last_login":"2025-02-24 10:49:22"}
INFO - 2025-02-24 04:47:10 --> Session: Class initialized using 'CodeIgniter\Session\Handlers\FileHandler' driver.
DEBUG - 2025-02-24 04:47:10 --> Session token: fb7b23f613500cf61feb901718aa0595169d7ea7994ba2e8a9e6d94ac0e19901
DEBUG - 2025-02-24 04:47:10 --> Raw Authorization header: 
DEBUG - 2025-02-24 04:47:10 --> Token dari session: fb7b23f613500cf61feb901718aa0595169d7ea7994ba2e8a9e6d94ac0e19901
DEBUG - 2025-02-24 04:47:10 --> SQL: SELECT *
FROM `mahasiswa`
WHERE `token` = 'fb7b23f613500cf61feb901718aa0595169d7ea7994ba2e8a9e6d94ac0e19901'
 LIMIT 1
DEBUG - 2025-02-24 04:47:10 --> Token yang dicari: fb7b23f613500cf61feb901718aa0595169d7ea7994ba2e8a9e6d94ac0e19901
DEBUG - 2025-02-24 04:47:10 --> Hasil pencarian: {"id":"2","user_id":null,"npm":"123456","nama":"Dwi A","email":"","password":"$2y$10$XcEnyKV.StLAS9wl9QfUcuULBWbD54jyfoQXYOff6pFgAzR8ZRMKO","point":"270","gaya_belajar":"Auditori","created_at":"2024-12-13 02:30:02","updated_at":"2025-02-24 03:51:58","deleted_at":null,"token":"fb7b23f613500cf61feb901718aa0595169d7ea7994ba2e8a9e6d94ac0e19901","last_login":"2025-02-24 10:49:22"}
INFO - 2025-02-24 04:47:30 --> Session: Class initialized using 'CodeIgniter\Session\Handlers\FileHandler' driver.
DEBUG - 2025-02-24 04:47:30 --> Session token: fb7b23f613500cf61feb901718aa0595169d7ea7994ba2e8a9e6d94ac0e19901
DEBUG - 2025-02-24 04:47:30 --> Raw Authorization header: 
DEBUG - 2025-02-24 04:47:30 --> Token dari session: fb7b23f613500cf61feb901718aa0595169d7ea7994ba2e8a9e6d94ac0e19901
DEBUG - 2025-02-24 04:47:30 --> SQL: SELECT *
FROM `mahasiswa`
WHERE `token` = 'fb7b23f613500cf61feb901718aa0595169d7ea7994ba2e8a9e6d94ac0e19901'
 LIMIT 1
DEBUG - 2025-02-24 04:47:30 --> Token yang dicari: fb7b23f613500cf61feb901718aa0595169d7ea7994ba2e8a9e6d94ac0e19901
DEBUG - 2025-02-24 04:47:30 --> Hasil pencarian: {"id":"2","user_id":null,"npm":"123456","nama":"Dwi A","email":"","password":"$2y$10$XcEnyKV.StLAS9wl9QfUcuULBWbD54jyfoQXYOff6pFgAzR8ZRMKO","point":"270","gaya_belajar":"Auditori","created_at":"2024-12-13 02:30:02","updated_at":"2025-02-24 03:51:58","deleted_at":null,"token":"fb7b23f613500cf61feb901718aa0595169d7ea7994ba2e8a9e6d94ac0e19901","last_login":"2025-02-24 10:49:22"}
ERROR - 2025-02-24 04:47:30 --> [WalletAPI.getMyWallet] Undefined array key "jenis_transaksi"
INFO - 2025-02-24 04:47:33 --> Session: Class initialized using 'CodeIgniter\Session\Handlers\FileHandler' driver.
DEBUG - 2025-02-24 04:47:33 --> Session token: fb7b23f613500cf61feb901718aa0595169d7ea7994ba2e8a9e6d94ac0e19901
DEBUG - 2025-02-24 04:47:33 --> Raw Authorization header: 
DEBUG - 2025-02-24 04:47:33 --> Token dari session: fb7b23f613500cf61feb901718aa0595169d7ea7994ba2e8a9e6d94ac0e19901
DEBUG - 2025-02-24 04:47:33 --> SQL: SELECT *
FROM `mahasiswa`
WHERE `token` = 'fb7b23f613500cf61feb901718aa0595169d7ea7994ba2e8a9e6d94ac0e19901'
 LIMIT 1
DEBUG - 2025-02-24 04:47:33 --> Token yang dicari: fb7b23f613500cf61feb901718aa0595169d7ea7994ba2e8a9e6d94ac0e19901
DEBUG - 2025-02-24 04:47:33 --> Hasil pencarian: {"id":"2","user_id":null,"npm":"123456","nama":"Dwi A","email":"","password":"$2y$10$XcEnyKV.StLAS9wl9QfUcuULBWbD54jyfoQXYOff6pFgAzR8ZRMKO","point":"270","gaya_belajar":"Auditori","created_at":"2024-12-13 02:30:02","updated_at":"2025-02-24 03:51:58","deleted_at":null,"token":"fb7b23f613500cf61feb901718aa0595169d7ea7994ba2e8a9e6d94ac0e19901","last_login":"2025-02-24 10:49:22"}
INFO - 2025-02-24 04:47:40 --> Session: Class initialized using 'CodeIgniter\Session\Handlers\FileHandler' driver.
DEBUG - 2025-02-24 04:47:40 --> Session token: fb7b23f613500cf61feb901718aa0595169d7ea7994ba2e8a9e6d94ac0e19901
DEBUG - 2025-02-24 04:47:40 --> Raw Authorization header: 
DEBUG - 2025-02-24 04:47:40 --> Token dari session: fb7b23f613500cf61feb901718aa0595169d7ea7994ba2e8a9e6d94ac0e19901
DEBUG - 2025-02-24 04:47:40 --> SQL: SELECT *
FROM `mahasiswa`
WHERE `token` = 'fb7b23f613500cf61feb901718aa0595169d7ea7994ba2e8a9e6d94ac0e19901'
 LIMIT 1
DEBUG - 2025-02-24 04:47:40 --> Token yang dicari: fb7b23f613500cf61feb901718aa0595169d7ea7994ba2e8a9e6d94ac0e19901
DEBUG - 2025-02-24 04:47:40 --> Hasil pencarian: {"id":"2","user_id":null,"npm":"123456","nama":"Dwi A","email":"","password":"$2y$10$XcEnyKV.StLAS9wl9QfUcuULBWbD54jyfoQXYOff6pFgAzR8ZRMKO","point":"270","gaya_belajar":"Auditori","created_at":"2024-12-13 02:30:02","updated_at":"2025-02-24 03:51:58","deleted_at":null,"token":"fb7b23f613500cf61feb901718aa0595169d7ea7994ba2e8a9e6d94ac0e19901","last_login":"2025-02-24 10:49:22"}
INFO - 2025-02-24 04:47:44 --> Session: Class initialized using 'CodeIgniter\Session\Handlers\FileHandler' driver.
DEBUG - 2025-02-24 04:47:44 --> Session token: fb7b23f613500cf61feb901718aa0595169d7ea7994ba2e8a9e6d94ac0e19901
DEBUG - 2025-02-24 04:47:44 --> Raw Authorization header: 
DEBUG - 2025-02-24 04:47:44 --> Token dari session: fb7b23f613500cf61feb901718aa0595169d7ea7994ba2e8a9e6d94ac0e19901
DEBUG - 2025-02-24 04:47:44 --> SQL: SELECT *
FROM `mahasiswa`
WHERE `token` = 'fb7b23f613500cf61feb901718aa0595169d7ea7994ba2e8a9e6d94ac0e19901'
 LIMIT 1
DEBUG - 2025-02-24 04:47:44 --> Token yang dicari: fb7b23f613500cf61feb901718aa0595169d7ea7994ba2e8a9e6d94ac0e19901
DEBUG - 2025-02-24 04:47:44 --> Hasil pencarian: {"id":"2","user_id":null,"npm":"123456","nama":"Dwi A","email":"","password":"$2y$10$XcEnyKV.StLAS9wl9QfUcuULBWbD54jyfoQXYOff6pFgAzR8ZRMKO","point":"270","gaya_belajar":"Auditori","created_at":"2024-12-13 02:30:02","updated_at":"2025-02-24 03:51:58","deleted_at":null,"token":"fb7b23f613500cf61feb901718aa0595169d7ea7994ba2e8a9e6d94ac0e19901","last_login":"2025-02-24 10:49:22"}
INFO - 2025-02-24 04:47:53 --> Session: Class initialized using 'CodeIgniter\Session\Handlers\FileHandler' driver.
DEBUG - 2025-02-24 04:47:53 --> Session token: fb7b23f613500cf61feb901718aa0595169d7ea7994ba2e8a9e6d94ac0e19901
DEBUG - 2025-02-24 04:47:53 --> Raw Authorization header: 
DEBUG - 2025-02-24 04:47:53 --> Token dari session: fb7b23f613500cf61feb901718aa0595169d7ea7994ba2e8a9e6d94ac0e19901
DEBUG - 2025-02-24 04:47:53 --> SQL: SELECT *
FROM `mahasiswa`
WHERE `token` = 'fb7b23f613500cf61feb901718aa0595169d7ea7994ba2e8a9e6d94ac0e19901'
 LIMIT 1
DEBUG - 2025-02-24 04:47:53 --> Token yang dicari: fb7b23f613500cf61feb901718aa0595169d7ea7994ba2e8a9e6d94ac0e19901
DEBUG - 2025-02-24 04:47:53 --> Hasil pencarian: {"id":"2","user_id":null,"npm":"123456","nama":"Dwi A","email":"","password":"$2y$10$XcEnyKV.StLAS9wl9QfUcuULBWbD54jyfoQXYOff6pFgAzR8ZRMKO","point":"270","gaya_belajar":"Auditori","created_at":"2024-12-13 02:30:02","updated_at":"2025-02-24 03:51:58","deleted_at":null,"token":"fb7b23f613500cf61feb901718aa0595169d7ea7994ba2e8a9e6d94ac0e19901","last_login":"2025-02-24 10:49:22"}
INFO - 2025-02-24 04:48:02 --> Session: Class initialized using 'CodeIgniter\Session\Handlers\FileHandler' driver.
DEBUG - 2025-02-24 04:48:02 --> Session token: fb7b23f613500cf61feb901718aa0595169d7ea7994ba2e8a9e6d94ac0e19901
DEBUG - 2025-02-24 04:48:02 --> Raw Authorization header: 
DEBUG - 2025-02-24 04:48:02 --> Token dari session: fb7b23f613500cf61feb901718aa0595169d7ea7994ba2e8a9e6d94ac0e19901
DEBUG - 2025-02-24 04:48:02 --> SQL: SELECT *
FROM `mahasiswa`
WHERE `token` = 'fb7b23f613500cf61feb901718aa0595169d7ea7994ba2e8a9e6d94ac0e19901'
 LIMIT 1
DEBUG - 2025-02-24 04:48:02 --> Token yang dicari: fb7b23f613500cf61feb901718aa0595169d7ea7994ba2e8a9e6d94ac0e19901
DEBUG - 2025-02-24 04:48:02 --> Hasil pencarian: {"id":"2","user_id":null,"npm":"123456","nama":"Dwi A","email":"","password":"$2y$10$XcEnyKV.StLAS9wl9QfUcuULBWbD54jyfoQXYOff6pFgAzR8ZRMKO","point":"270","gaya_belajar":"Auditori","created_at":"2024-12-13 02:30:02","updated_at":"2025-02-24 03:51:58","deleted_at":null,"token":"fb7b23f613500cf61feb901718aa0595169d7ea7994ba2e8a9e6d94ac0e19901","last_login":"2025-02-24 10:49:22"}
ERROR - 2025-02-24 04:48:02 --> [WalletAPI.getMyWallet] Undefined variable $leaderboard_position
INFO - 2025-02-24 04:48:06 --> Session: Class initialized using 'CodeIgniter\Session\Handlers\FileHandler' driver.
DEBUG - 2025-02-24 04:48:06 --> Session token: fb7b23f613500cf61feb901718aa0595169d7ea7994ba2e8a9e6d94ac0e19901
DEBUG - 2025-02-24 04:48:06 --> Raw Authorization header: 
DEBUG - 2025-02-24 04:48:06 --> Token dari session: fb7b23f613500cf61feb901718aa0595169d7ea7994ba2e8a9e6d94ac0e19901
DEBUG - 2025-02-24 04:48:06 --> SQL: SELECT *
FROM `mahasiswa`
WHERE `token` = 'fb7b23f613500cf61feb901718aa0595169d7ea7994ba2e8a9e6d94ac0e19901'
 LIMIT 1
DEBUG - 2025-02-24 04:48:06 --> Token yang dicari: fb7b23f613500cf61feb901718aa0595169d7ea7994ba2e8a9e6d94ac0e19901
DEBUG - 2025-02-24 04:48:06 --> Hasil pencarian: {"id":"2","user_id":null,"npm":"123456","nama":"Dwi A","email":"","password":"$2y$10$XcEnyKV.StLAS9wl9QfUcuULBWbD54jyfoQXYOff6pFgAzR8ZRMKO","point":"270","gaya_belajar":"Auditori","created_at":"2024-12-13 02:30:02","updated_at":"2025-02-24 03:51:58","deleted_at":null,"token":"fb7b23f613500cf61feb901718aa0595169d7ea7994ba2e8a9e6d94ac0e19901","last_login":"2025-02-24 10:49:22"}
INFO - 2025-02-24 04:48:22 --> Session: Class initialized using 'CodeIgniter\Session\Handlers\FileHandler' driver.
DEBUG - 2025-02-24 04:48:22 --> Session token: fb7b23f613500cf61feb901718aa0595169d7ea7994ba2e8a9e6d94ac0e19901
DEBUG - 2025-02-24 04:48:22 --> Raw Authorization header: 
DEBUG - 2025-02-24 04:48:22 --> Token dari session: fb7b23f613500cf61feb901718aa0595169d7ea7994ba2e8a9e6d94ac0e19901
DEBUG - 2025-02-24 04:48:22 --> SQL: SELECT *
FROM `mahasiswa`
WHERE `token` = 'fb7b23f613500cf61feb901718aa0595169d7ea7994ba2e8a9e6d94ac0e19901'
 LIMIT 1
DEBUG - 2025-02-24 04:48:22 --> Token yang dicari: fb7b23f613500cf61feb901718aa0595169d7ea7994ba2e8a9e6d94ac0e19901
DEBUG - 2025-02-24 04:48:22 --> Hasil pencarian: {"id":"2","user_id":null,"npm":"123456","nama":"Dwi A","email":"","password":"$2y$10$XcEnyKV.StLAS9wl9QfUcuULBWbD54jyfoQXYOff6pFgAzR8ZRMKO","point":"270","gaya_belajar":"Auditori","created_at":"2024-12-13 02:30:02","updated_at":"2025-02-24 03:51:58","deleted_at":null,"token":"fb7b23f613500cf61feb901718aa0595169d7ea7994ba2e8a9e6d94ac0e19901","last_login":"2025-02-24 10:49:22"}
INFO - 2025-02-24 04:48:29 --> Session: Class initialized using 'CodeIgniter\Session\Handlers\FileHandler' driver.
DEBUG - 2025-02-24 04:48:29 --> Session token: fb7b23f613500cf61feb901718aa0595169d7ea7994ba2e8a9e6d94ac0e19901
DEBUG - 2025-02-24 04:48:29 --> Raw Authorization header: 
DEBUG - 2025-02-24 04:48:29 --> Token dari session: fb7b23f613500cf61feb901718aa0595169d7ea7994ba2e8a9e6d94ac0e19901
DEBUG - 2025-02-24 04:48:29 --> SQL: SELECT *
FROM `mahasiswa`
WHERE `token` = 'fb7b23f613500cf61feb901718aa0595169d7ea7994ba2e8a9e6d94ac0e19901'
 LIMIT 1
DEBUG - 2025-02-24 04:48:29 --> Token yang dicari: fb7b23f613500cf61feb901718aa0595169d7ea7994ba2e8a9e6d94ac0e19901
DEBUG - 2025-02-24 04:48:29 --> Hasil pencarian: {"id":"2","user_id":null,"npm":"123456","nama":"Dwi A","email":"","password":"$2y$10$XcEnyKV.StLAS9wl9QfUcuULBWbD54jyfoQXYOff6pFgAzR8ZRMKO","point":"270","gaya_belajar":"Auditori","created_at":"2024-12-13 02:30:02","updated_at":"2025-02-24 03:51:58","deleted_at":null,"token":"fb7b23f613500cf61feb901718aa0595169d7ea7994ba2e8a9e6d94ac0e19901","last_login":"2025-02-24 10:49:22"}
INFO - 2025-02-24 04:48:52 --> Session: Class initialized using 'CodeIgniter\Session\Handlers\FileHandler' driver.
DEBUG - 2025-02-24 04:48:52 --> Session token: fb7b23f613500cf61feb901718aa0595169d7ea7994ba2e8a9e6d94ac0e19901
DEBUG - 2025-02-24 04:48:52 --> Raw Authorization header: 
DEBUG - 2025-02-24 04:48:52 --> Token dari session: fb7b23f613500cf61feb901718aa0595169d7ea7994ba2e8a9e6d94ac0e19901
DEBUG - 2025-02-24 04:48:52 --> SQL: SELECT *
FROM `mahasiswa`
WHERE `token` = 'fb7b23f613500cf61feb901718aa0595169d7ea7994ba2e8a9e6d94ac0e19901'
 LIMIT 1
DEBUG - 2025-02-24 04:48:52 --> Token yang dicari: fb7b23f613500cf61feb901718aa0595169d7ea7994ba2e8a9e6d94ac0e19901
DEBUG - 2025-02-24 04:48:52 --> Hasil pencarian: {"id":"2","user_id":null,"npm":"123456","nama":"Dwi A","email":"","password":"$2y$10$XcEnyKV.StLAS9wl9QfUcuULBWbD54jyfoQXYOff6pFgAzR8ZRMKO","point":"270","gaya_belajar":"Auditori","created_at":"2024-12-13 02:30:02","updated_at":"2025-02-24 03:51:58","deleted_at":null,"token":"fb7b23f613500cf61feb901718aa0595169d7ea7994ba2e8a9e6d94ac0e19901","last_login":"2025-02-24 10:49:22"}
INFO - 2025-02-24 04:49:02 --> Session: Class initialized using 'CodeIgniter\Session\Handlers\FileHandler' driver.
DEBUG - 2025-02-24 04:49:02 --> Session token: fb7b23f613500cf61feb901718aa0595169d7ea7994ba2e8a9e6d94ac0e19901
DEBUG - 2025-02-24 04:49:02 --> Raw Authorization header: 
DEBUG - 2025-02-24 04:49:02 --> Token dari session: fb7b23f613500cf61feb901718aa0595169d7ea7994ba2e8a9e6d94ac0e19901
DEBUG - 2025-02-24 04:49:02 --> SQL: SELECT *
FROM `mahasiswa`
WHERE `token` = 'fb7b23f613500cf61feb901718aa0595169d7ea7994ba2e8a9e6d94ac0e19901'
 LIMIT 1
DEBUG - 2025-02-24 04:49:02 --> Token yang dicari: fb7b23f613500cf61feb901718aa0595169d7ea7994ba2e8a9e6d94ac0e19901
DEBUG - 2025-02-24 04:49:02 --> Hasil pencarian: {"id":"2","user_id":null,"npm":"123456","nama":"Dwi A","email":"","password":"$2y$10$XcEnyKV.StLAS9wl9QfUcuULBWbD54jyfoQXYOff6pFgAzR8ZRMKO","point":"270","gaya_belajar":"Auditori","created_at":"2024-12-13 02:30:02","updated_at":"2025-02-24 03:51:58","deleted_at":null,"token":"fb7b23f613500cf61feb901718aa0595169d7ea7994ba2e8a9e6d94ac0e19901","last_login":"2025-02-24 10:49:22"}
INFO - 2025-02-24 04:49:21 --> Session: Class initialized using 'CodeIgniter\Session\Handlers\FileHandler' driver.
DEBUG - 2025-02-24 04:49:21 --> Session token: fb7b23f613500cf61feb901718aa0595169d7ea7994ba2e8a9e6d94ac0e19901
DEBUG - 2025-02-24 04:49:21 --> Raw Authorization header: 
DEBUG - 2025-02-24 04:49:21 --> Token dari session: fb7b23f613500cf61feb901718aa0595169d7ea7994ba2e8a9e6d94ac0e19901
DEBUG - 2025-02-24 04:49:21 --> SQL: SELECT *
FROM `mahasiswa`
WHERE `token` = 'fb7b23f613500cf61feb901718aa0595169d7ea7994ba2e8a9e6d94ac0e19901'
 LIMIT 1
DEBUG - 2025-02-24 04:49:21 --> Token yang dicari: fb7b23f613500cf61feb901718aa0595169d7ea7994ba2e8a9e6d94ac0e19901
DEBUG - 2025-02-24 04:49:21 --> Hasil pencarian: {"id":"2","user_id":null,"npm":"123456","nama":"Dwi A","email":"","password":"$2y$10$XcEnyKV.StLAS9wl9QfUcuULBWbD54jyfoQXYOff6pFgAzR8ZRMKO","point":"270","gaya_belajar":"Auditori","created_at":"2024-12-13 02:30:02","updated_at":"2025-02-24 03:51:58","deleted_at":null,"token":"fb7b23f613500cf61feb901718aa0595169d7ea7994ba2e8a9e6d94ac0e19901","last_login":"2025-02-24 10:49:22"}
CRITICAL - 2025-02-24 04:49:28 --> syntax error, unexpected token "=>", expecting "]"
in APPPATH\Controllers\API\WalletAPI.php on line 369.
 1 SYSTEMPATH\Autoloader\Autoloader.php(289): CodeIgniter\Autoloader\Autoloader->includeFile('C:\\xampp\\htdocs\\PoinMarket\\app\\Controllers\\API\\WalletAPI.php')
 2 SYSTEMPATH\Autoloader\Autoloader.php(267): CodeIgniter\Autoloader\Autoloader->loadInNamespace('App\\Controllers\\API\\WalletAPI')
 3 [internal function]: CodeIgniter\Autoloader\Autoloader->loadClass('App\\Controllers\\API\\WalletAPI')
 4 SYSTEMPATH\CodeIgniter.php(890): class_exists('\\App\\Controllers\\API\\WalletAPI', true)
 5 SYSTEMPATH\CodeIgniter.php(484): CodeIgniter\CodeIgniter->startController()
 6 SYSTEMPATH\CodeIgniter.php(366): CodeIgniter\CodeIgniter->handleRequest(null, Object(Config\Cache), false)
 7 FCPATH\index.php(67): CodeIgniter\CodeIgniter->run()
 8 SYSTEMPATH\Commands\Server\rewrite.php(47): require_once('C:\\xampp\\htdocs\\PoinMarket\\public\\index.php')
INFO - 2025-02-24 04:49:37 --> Session: Class initialized using 'CodeIgniter\Session\Handlers\FileHandler' driver.
DEBUG - 2025-02-24 04:49:37 --> Session token: fb7b23f613500cf61feb901718aa0595169d7ea7994ba2e8a9e6d94ac0e19901
DEBUG - 2025-02-24 04:49:37 --> Raw Authorization header: 
DEBUG - 2025-02-24 04:49:37 --> Token dari session: fb7b23f613500cf61feb901718aa0595169d7ea7994ba2e8a9e6d94ac0e19901
DEBUG - 2025-02-24 04:49:37 --> SQL: SELECT *
FROM `mahasiswa`
WHERE `token` = 'fb7b23f613500cf61feb901718aa0595169d7ea7994ba2e8a9e6d94ac0e19901'
 LIMIT 1
DEBUG - 2025-02-24 04:49:37 --> Token yang dicari: fb7b23f613500cf61feb901718aa0595169d7ea7994ba2e8a9e6d94ac0e19901
DEBUG - 2025-02-24 04:49:37 --> Hasil pencarian: {"id":"2","user_id":null,"npm":"123456","nama":"Dwi A","email":"","password":"$2y$10$XcEnyKV.StLAS9wl9QfUcuULBWbD54jyfoQXYOff6pFgAzR8ZRMKO","point":"270","gaya_belajar":"Auditori","created_at":"2024-12-13 02:30:02","updated_at":"2025-02-24 03:51:58","deleted_at":null,"token":"fb7b23f613500cf61feb901718aa0595169d7ea7994ba2e8a9e6d94ac0e19901","last_login":"2025-02-24 10:49:22"}
INFO - 2025-02-24 04:49:44 --> Session: Class initialized using 'CodeIgniter\Session\Handlers\FileHandler' driver.
DEBUG - 2025-02-24 04:49:44 --> Session token: fb7b23f613500cf61feb901718aa0595169d7ea7994ba2e8a9e6d94ac0e19901
DEBUG - 2025-02-24 04:49:44 --> Raw Authorization header: 
DEBUG - 2025-02-24 04:49:44 --> Token dari session: fb7b23f613500cf61feb901718aa0595169d7ea7994ba2e8a9e6d94ac0e19901
DEBUG - 2025-02-24 04:49:44 --> SQL: SELECT *
FROM `mahasiswa`
WHERE `token` = 'fb7b23f613500cf61feb901718aa0595169d7ea7994ba2e8a9e6d94ac0e19901'
 LIMIT 1
DEBUG - 2025-02-24 04:49:44 --> Token yang dicari: fb7b23f613500cf61feb901718aa0595169d7ea7994ba2e8a9e6d94ac0e19901
DEBUG - 2025-02-24 04:49:44 --> Hasil pencarian: {"id":"2","user_id":null,"npm":"123456","nama":"Dwi A","email":"","password":"$2y$10$XcEnyKV.StLAS9wl9QfUcuULBWbD54jyfoQXYOff6pFgAzR8ZRMKO","point":"270","gaya_belajar":"Auditori","created_at":"2024-12-13 02:30:02","updated_at":"2025-02-24 03:51:58","deleted_at":null,"token":"fb7b23f613500cf61feb901718aa0595169d7ea7994ba2e8a9e6d94ac0e19901","last_login":"2025-02-24 10:49:22"}
INFO - 2025-02-24 04:49:58 --> Session: Class initialized using 'CodeIgniter\Session\Handlers\FileHandler' driver.
DEBUG - 2025-02-24 04:49:58 --> Session token: fb7b23f613500cf61feb901718aa0595169d7ea7994ba2e8a9e6d94ac0e19901
DEBUG - 2025-02-24 04:49:58 --> Raw Authorization header: 
DEBUG - 2025-02-24 04:49:58 --> Token dari session: fb7b23f613500cf61feb901718aa0595169d7ea7994ba2e8a9e6d94ac0e19901
DEBUG - 2025-02-24 04:49:58 --> SQL: SELECT *
FROM `mahasiswa`
WHERE `token` = 'fb7b23f613500cf61feb901718aa0595169d7ea7994ba2e8a9e6d94ac0e19901'
 LIMIT 1
DEBUG - 2025-02-24 04:49:58 --> Token yang dicari: fb7b23f613500cf61feb901718aa0595169d7ea7994ba2e8a9e6d94ac0e19901
DEBUG - 2025-02-24 04:49:58 --> Hasil pencarian: {"id":"2","user_id":null,"npm":"123456","nama":"Dwi A","email":"","password":"$2y$10$XcEnyKV.StLAS9wl9QfUcuULBWbD54jyfoQXYOff6pFgAzR8ZRMKO","point":"270","gaya_belajar":"Auditori","created_at":"2024-12-13 02:30:02","updated_at":"2025-02-24 03:51:58","deleted_at":null,"token":"fb7b23f613500cf61feb901718aa0595169d7ea7994ba2e8a9e6d94ac0e19901","last_login":"2025-02-24 10:49:22"}
INFO - 2025-02-24 04:50:21 --> Session: Class initialized using 'CodeIgniter\Session\Handlers\FileHandler' driver.
DEBUG - 2025-02-24 04:50:21 --> Session token: fb7b23f613500cf61feb901718aa0595169d7ea7994ba2e8a9e6d94ac0e19901
DEBUG - 2025-02-24 04:50:21 --> Raw Authorization header: 
DEBUG - 2025-02-24 04:50:21 --> Token dari session: fb7b23f613500cf61feb901718aa0595169d7ea7994ba2e8a9e6d94ac0e19901
DEBUG - 2025-02-24 04:50:21 --> SQL: SELECT *
FROM `mahasiswa`
WHERE `token` = 'fb7b23f613500cf61feb901718aa0595169d7ea7994ba2e8a9e6d94ac0e19901'
 LIMIT 1
DEBUG - 2025-02-24 04:50:21 --> Token yang dicari: fb7b23f613500cf61feb901718aa0595169d7ea7994ba2e8a9e6d94ac0e19901
DEBUG - 2025-02-24 04:50:21 --> Hasil pencarian: {"id":"2","user_id":null,"npm":"123456","nama":"Dwi A","email":"","password":"$2y$10$XcEnyKV.StLAS9wl9QfUcuULBWbD54jyfoQXYOff6pFgAzR8ZRMKO","point":"270","gaya_belajar":"Auditori","created_at":"2024-12-13 02:30:02","updated_at":"2025-02-24 03:51:58","deleted_at":null,"token":"fb7b23f613500cf61feb901718aa0595169d7ea7994ba2e8a9e6d94ac0e19901","last_login":"2025-02-24 10:49:22"}
ERROR - 2025-02-24 04:50:21 --> [WalletAPI.getMyWallet] Undefined variable $transaksi
INFO - 2025-02-24 04:50:26 --> Session: Class initialized using 'CodeIgniter\Session\Handlers\FileHandler' driver.
DEBUG - 2025-02-24 04:50:26 --> Session token: fb7b23f613500cf61feb901718aa0595169d7ea7994ba2e8a9e6d94ac0e19901
DEBUG - 2025-02-24 04:50:26 --> Raw Authorization header: 
DEBUG - 2025-02-24 04:50:26 --> Token dari session: fb7b23f613500cf61feb901718aa0595169d7ea7994ba2e8a9e6d94ac0e19901
DEBUG - 2025-02-24 04:50:26 --> SQL: SELECT *
FROM `mahasiswa`
WHERE `token` = 'fb7b23f613500cf61feb901718aa0595169d7ea7994ba2e8a9e6d94ac0e19901'
 LIMIT 1
DEBUG - 2025-02-24 04:50:26 --> Token yang dicari: fb7b23f613500cf61feb901718aa0595169d7ea7994ba2e8a9e6d94ac0e19901
DEBUG - 2025-02-24 04:50:26 --> Hasil pencarian: {"id":"2","user_id":null,"npm":"123456","nama":"Dwi A","email":"","password":"$2y$10$XcEnyKV.StLAS9wl9QfUcuULBWbD54jyfoQXYOff6pFgAzR8ZRMKO","point":"270","gaya_belajar":"Auditori","created_at":"2024-12-13 02:30:02","updated_at":"2025-02-24 03:51:58","deleted_at":null,"token":"fb7b23f613500cf61feb901718aa0595169d7ea7994ba2e8a9e6d94ac0e19901","last_login":"2025-02-24 10:49:22"}
INFO - 2025-02-24 04:50:37 --> Session: Class initialized using 'CodeIgniter\Session\Handlers\FileHandler' driver.
DEBUG - 2025-02-24 04:50:37 --> Session token: fb7b23f613500cf61feb901718aa0595169d7ea7994ba2e8a9e6d94ac0e19901
DEBUG - 2025-02-24 04:50:37 --> Raw Authorization header: 
DEBUG - 2025-02-24 04:50:37 --> Token dari session: fb7b23f613500cf61feb901718aa0595169d7ea7994ba2e8a9e6d94ac0e19901
DEBUG - 2025-02-24 04:50:37 --> SQL: SELECT *
FROM `mahasiswa`
WHERE `token` = 'fb7b23f613500cf61feb901718aa0595169d7ea7994ba2e8a9e6d94ac0e19901'
 LIMIT 1
DEBUG - 2025-02-24 04:50:37 --> Token yang dicari: fb7b23f613500cf61feb901718aa0595169d7ea7994ba2e8a9e6d94ac0e19901
DEBUG - 2025-02-24 04:50:37 --> Hasil pencarian: {"id":"2","user_id":null,"npm":"123456","nama":"Dwi A","email":"","password":"$2y$10$XcEnyKV.StLAS9wl9QfUcuULBWbD54jyfoQXYOff6pFgAzR8ZRMKO","point":"270","gaya_belajar":"Auditori","created_at":"2024-12-13 02:30:02","updated_at":"2025-02-24 03:51:58","deleted_at":null,"token":"fb7b23f613500cf61feb901718aa0595169d7ea7994ba2e8a9e6d94ac0e19901","last_login":"2025-02-24 10:49:22"}
INFO - 2025-02-24 04:50:59 --> Session: Class initialized using 'CodeIgniter\Session\Handlers\FileHandler' driver.
DEBUG - 2025-02-24 04:50:59 --> Session token: fb7b23f613500cf61feb901718aa0595169d7ea7994ba2e8a9e6d94ac0e19901
DEBUG - 2025-02-24 04:50:59 --> Raw Authorization header: 
DEBUG - 2025-02-24 04:50:59 --> Token dari session: fb7b23f613500cf61feb901718aa0595169d7ea7994ba2e8a9e6d94ac0e19901
DEBUG - 2025-02-24 04:50:59 --> SQL: SELECT *
FROM `mahasiswa`
WHERE `token` = 'fb7b23f613500cf61feb901718aa0595169d7ea7994ba2e8a9e6d94ac0e19901'
 LIMIT 1
DEBUG - 2025-02-24 04:50:59 --> Token yang dicari: fb7b23f613500cf61feb901718aa0595169d7ea7994ba2e8a9e6d94ac0e19901
DEBUG - 2025-02-24 04:50:59 --> Hasil pencarian: {"id":"2","user_id":null,"npm":"123456","nama":"Dwi A","email":"","password":"$2y$10$XcEnyKV.StLAS9wl9QfUcuULBWbD54jyfoQXYOff6pFgAzR8ZRMKO","point":"270","gaya_belajar":"Auditori","created_at":"2024-12-13 02:30:02","updated_at":"2025-02-24 03:51:58","deleted_at":null,"token":"fb7b23f613500cf61feb901718aa0595169d7ea7994ba2e8a9e6d94ac0e19901","last_login":"2025-02-24 10:49:22"}
INFO - 2025-02-24 04:52:42 --> Session: Class initialized using 'CodeIgniter\Session\Handlers\FileHandler' driver.
DEBUG - 2025-02-24 04:52:42 --> Session token: fb7b23f613500cf61feb901718aa0595169d7ea7994ba2e8a9e6d94ac0e19901
DEBUG - 2025-02-24 04:52:42 --> Raw Authorization header: 
DEBUG - 2025-02-24 04:52:42 --> Token dari session: fb7b23f613500cf61feb901718aa0595169d7ea7994ba2e8a9e6d94ac0e19901
DEBUG - 2025-02-24 04:52:42 --> SQL: SELECT *
FROM `mahasiswa`
WHERE `token` = 'fb7b23f613500cf61feb901718aa0595169d7ea7994ba2e8a9e6d94ac0e19901'
 LIMIT 1
DEBUG - 2025-02-24 04:52:42 --> Token yang dicari: fb7b23f613500cf61feb901718aa0595169d7ea7994ba2e8a9e6d94ac0e19901
DEBUG - 2025-02-24 04:52:42 --> Hasil pencarian: {"id":"2","user_id":null,"npm":"123456","nama":"Dwi A","email":"","password":"$2y$10$XcEnyKV.StLAS9wl9QfUcuULBWbD54jyfoQXYOff6pFgAzR8ZRMKO","point":"270","gaya_belajar":"Auditori","created_at":"2024-12-13 02:30:02","updated_at":"2025-02-24 03:51:58","deleted_at":null,"token":"fb7b23f613500cf61feb901718aa0595169d7ea7994ba2e8a9e6d94ac0e19901","last_login":"2025-02-24 10:49:22"}
INFO - 2025-02-24 04:53:04 --> Session: Class initialized using 'CodeIgniter\Session\Handlers\FileHandler' driver.
DEBUG - 2025-02-24 04:53:04 --> Session token: fb7b23f613500cf61feb901718aa0595169d7ea7994ba2e8a9e6d94ac0e19901
DEBUG - 2025-02-24 04:53:04 --> Raw Authorization header: 
DEBUG - 2025-02-24 04:53:04 --> Token dari session: fb7b23f613500cf61feb901718aa0595169d7ea7994ba2e8a9e6d94ac0e19901
DEBUG - 2025-02-24 04:53:04 --> SQL: SELECT *
FROM `mahasiswa`
WHERE `token` = 'fb7b23f613500cf61feb901718aa0595169d7ea7994ba2e8a9e6d94ac0e19901'
 LIMIT 1
DEBUG - 2025-02-24 04:53:04 --> Token yang dicari: fb7b23f613500cf61feb901718aa0595169d7ea7994ba2e8a9e6d94ac0e19901
DEBUG - 2025-02-24 04:53:04 --> Hasil pencarian: {"id":"2","user_id":null,"npm":"123456","nama":"Dwi A","email":"","password":"$2y$10$XcEnyKV.StLAS9wl9QfUcuULBWbD54jyfoQXYOff6pFgAzR8ZRMKO","point":"270","gaya_belajar":"Auditori","created_at":"2024-12-13 02:30:02","updated_at":"2025-02-24 03:51:58","deleted_at":null,"token":"fb7b23f613500cf61feb901718aa0595169d7ea7994ba2e8a9e6d94ac0e19901","last_login":"2025-02-24 10:49:22"}
INFO - 2025-02-24 04:53:17 --> Session: Class initialized using 'CodeIgniter\Session\Handlers\FileHandler' driver.
DEBUG - 2025-02-24 04:53:17 --> Session token: fb7b23f613500cf61feb901718aa0595169d7ea7994ba2e8a9e6d94ac0e19901
DEBUG - 2025-02-24 04:53:17 --> Raw Authorization header: 
DEBUG - 2025-02-24 04:53:17 --> Token dari session: fb7b23f613500cf61feb901718aa0595169d7ea7994ba2e8a9e6d94ac0e19901
DEBUG - 2025-02-24 04:53:17 --> SQL: SELECT *
FROM `mahasiswa`
WHERE `token` = 'fb7b23f613500cf61feb901718aa0595169d7ea7994ba2e8a9e6d94ac0e19901'
 LIMIT 1
DEBUG - 2025-02-24 04:53:17 --> Token yang dicari: fb7b23f613500cf61feb901718aa0595169d7ea7994ba2e8a9e6d94ac0e19901
DEBUG - 2025-02-24 04:53:17 --> Hasil pencarian: {"id":"2","user_id":null,"npm":"123456","nama":"Dwi A","email":"","password":"$2y$10$XcEnyKV.StLAS9wl9QfUcuULBWbD54jyfoQXYOff6pFgAzR8ZRMKO","point":"270","gaya_belajar":"Auditori","created_at":"2024-12-13 02:30:02","updated_at":"2025-02-24 03:51:58","deleted_at":null,"token":"fb7b23f613500cf61feb901718aa0595169d7ea7994ba2e8a9e6d94ac0e19901","last_login":"2025-02-24 10:49:22"}
INFO - 2025-02-24 04:53:21 --> Session: Class initialized using 'CodeIgniter\Session\Handlers\FileHandler' driver.
DEBUG - 2025-02-24 04:53:21 --> Session token: fb7b23f613500cf61feb901718aa0595169d7ea7994ba2e8a9e6d94ac0e19901
DEBUG - 2025-02-24 04:53:21 --> Raw Authorization header: 
DEBUG - 2025-02-24 04:53:21 --> Token dari session: fb7b23f613500cf61feb901718aa0595169d7ea7994ba2e8a9e6d94ac0e19901
DEBUG - 2025-02-24 04:53:21 --> SQL: SELECT *
FROM `mahasiswa`
WHERE `token` = 'fb7b23f613500cf61feb901718aa0595169d7ea7994ba2e8a9e6d94ac0e19901'
 LIMIT 1
DEBUG - 2025-02-24 04:53:21 --> Token yang dicari: fb7b23f613500cf61feb901718aa0595169d7ea7994ba2e8a9e6d94ac0e19901
DEBUG - 2025-02-24 04:53:21 --> Hasil pencarian: {"id":"2","user_id":null,"npm":"123456","nama":"Dwi A","email":"","password":"$2y$10$XcEnyKV.StLAS9wl9QfUcuULBWbD54jyfoQXYOff6pFgAzR8ZRMKO","point":"270","gaya_belajar":"Auditori","created_at":"2024-12-13 02:30:02","updated_at":"2025-02-24 03:51:58","deleted_at":null,"token":"fb7b23f613500cf61feb901718aa0595169d7ea7994ba2e8a9e6d94ac0e19901","last_login":"2025-02-24 10:49:22"}
CRITICAL - 2025-02-24 04:53:41 --> syntax error, unexpected single-quoted string "data", expecting "]"
in APPPATH\Controllers\API\WalletAPI.php on line 385.
 1 SYSTEMPATH\Autoloader\Autoloader.php(289): CodeIgniter\Autoloader\Autoloader->includeFile('C:\\xampp\\htdocs\\PoinMarket\\app\\Controllers\\API\\WalletAPI.php')
 2 SYSTEMPATH\Autoloader\Autoloader.php(267): CodeIgniter\Autoloader\Autoloader->loadInNamespace('App\\Controllers\\API\\WalletAPI')
 3 [internal function]: CodeIgniter\Autoloader\Autoloader->loadClass('App\\Controllers\\API\\WalletAPI')
 4 SYSTEMPATH\CodeIgniter.php(890): class_exists('\\App\\Controllers\\API\\WalletAPI', true)
 5 SYSTEMPATH\CodeIgniter.php(484): CodeIgniter\CodeIgniter->startController()
 6 SYSTEMPATH\CodeIgniter.php(366): CodeIgniter\CodeIgniter->handleRequest(null, Object(Config\Cache), false)
 7 FCPATH\index.php(67): CodeIgniter\CodeIgniter->run()
 8 SYSTEMPATH\Commands\Server\rewrite.php(47): require_once('C:\\xampp\\htdocs\\PoinMarket\\public\\index.php')
INFO - 2025-02-24 04:54:17 --> Session: Class initialized using 'CodeIgniter\Session\Handlers\FileHandler' driver.
DEBUG - 2025-02-24 04:54:17 --> Session token: fb7b23f613500cf61feb901718aa0595169d7ea7994ba2e8a9e6d94ac0e19901
DEBUG - 2025-02-24 04:54:17 --> Raw Authorization header: 
DEBUG - 2025-02-24 04:54:17 --> Token dari session: fb7b23f613500cf61feb901718aa0595169d7ea7994ba2e8a9e6d94ac0e19901
DEBUG - 2025-02-24 04:54:17 --> SQL: SELECT *
FROM `mahasiswa`
WHERE `token` = 'fb7b23f613500cf61feb901718aa0595169d7ea7994ba2e8a9e6d94ac0e19901'
 LIMIT 1
DEBUG - 2025-02-24 04:54:17 --> Token yang dicari: fb7b23f613500cf61feb901718aa0595169d7ea7994ba2e8a9e6d94ac0e19901
DEBUG - 2025-02-24 04:54:17 --> Hasil pencarian: {"id":"2","user_id":null,"npm":"123456","nama":"Dwi A","email":"","password":"$2y$10$XcEnyKV.StLAS9wl9QfUcuULBWbD54jyfoQXYOff6pFgAzR8ZRMKO","point":"270","gaya_belajar":"Auditori","created_at":"2024-12-13 02:30:02","updated_at":"2025-02-24 03:51:58","deleted_at":null,"token":"fb7b23f613500cf61feb901718aa0595169d7ea7994ba2e8a9e6d94ac0e19901","last_login":"2025-02-24 10:49:22"}
INFO - 2025-02-24 04:54:43 --> Session: Class initialized using 'CodeIgniter\Session\Handlers\FileHandler' driver.
DEBUG - 2025-02-24 04:54:43 --> Session token: fb7b23f613500cf61feb901718aa0595169d7ea7994ba2e8a9e6d94ac0e19901
DEBUG - 2025-02-24 04:54:43 --> Raw Authorization header: 
DEBUG - 2025-02-24 04:54:43 --> Token dari session: fb7b23f613500cf61feb901718aa0595169d7ea7994ba2e8a9e6d94ac0e19901
DEBUG - 2025-02-24 04:54:43 --> SQL: SELECT *
FROM `mahasiswa`
WHERE `token` = 'fb7b23f613500cf61feb901718aa0595169d7ea7994ba2e8a9e6d94ac0e19901'
 LIMIT 1
DEBUG - 2025-02-24 04:54:43 --> Token yang dicari: fb7b23f613500cf61feb901718aa0595169d7ea7994ba2e8a9e6d94ac0e19901
DEBUG - 2025-02-24 04:54:43 --> Hasil pencarian: {"id":"2","user_id":null,"npm":"123456","nama":"Dwi A","email":"","password":"$2y$10$XcEnyKV.StLAS9wl9QfUcuULBWbD54jyfoQXYOff6pFgAzR8ZRMKO","point":"270","gaya_belajar":"Auditori","created_at":"2024-12-13 02:30:02","updated_at":"2025-02-24 03:51:58","deleted_at":null,"token":"fb7b23f613500cf61feb901718aa0595169d7ea7994ba2e8a9e6d94ac0e19901","last_login":"2025-02-24 10:49:22"}
INFO - 2025-02-24 04:54:58 --> Session: Class initialized using 'CodeIgniter\Session\Handlers\FileHandler' driver.
DEBUG - 2025-02-24 04:54:58 --> Session token: fb7b23f613500cf61feb901718aa0595169d7ea7994ba2e8a9e6d94ac0e19901
DEBUG - 2025-02-24 04:54:58 --> Raw Authorization header: 
DEBUG - 2025-02-24 04:54:58 --> Token dari session: fb7b23f613500cf61feb901718aa0595169d7ea7994ba2e8a9e6d94ac0e19901
DEBUG - 2025-02-24 04:54:58 --> SQL: SELECT *
FROM `mahasiswa`
WHERE `token` = 'fb7b23f613500cf61feb901718aa0595169d7ea7994ba2e8a9e6d94ac0e19901'
 LIMIT 1
DEBUG - 2025-02-24 04:54:58 --> Token yang dicari: fb7b23f613500cf61feb901718aa0595169d7ea7994ba2e8a9e6d94ac0e19901
DEBUG - 2025-02-24 04:54:58 --> Hasil pencarian: {"id":"2","user_id":null,"npm":"123456","nama":"Dwi A","email":"","password":"$2y$10$XcEnyKV.StLAS9wl9QfUcuULBWbD54jyfoQXYOff6pFgAzR8ZRMKO","point":"270","gaya_belajar":"Auditori","created_at":"2024-12-13 02:30:02","updated_at":"2025-02-24 03:51:58","deleted_at":null,"token":"fb7b23f613500cf61feb901718aa0595169d7ea7994ba2e8a9e6d94ac0e19901","last_login":"2025-02-24 10:49:22"}
INFO - 2025-02-24 04:55:13 --> Session: Class initialized using 'CodeIgniter\Session\Handlers\FileHandler' driver.
DEBUG - 2025-02-24 04:55:13 --> Session token: fb7b23f613500cf61feb901718aa0595169d7ea7994ba2e8a9e6d94ac0e19901
DEBUG - 2025-02-24 04:55:13 --> Raw Authorization header: 
DEBUG - 2025-02-24 04:55:13 --> Token dari session: fb7b23f613500cf61feb901718aa0595169d7ea7994ba2e8a9e6d94ac0e19901
DEBUG - 2025-02-24 04:55:13 --> SQL: SELECT *
FROM `mahasiswa`
WHERE `token` = 'fb7b23f613500cf61feb901718aa0595169d7ea7994ba2e8a9e6d94ac0e19901'
 LIMIT 1
DEBUG - 2025-02-24 04:55:13 --> Token yang dicari: fb7b23f613500cf61feb901718aa0595169d7ea7994ba2e8a9e6d94ac0e19901
DEBUG - 2025-02-24 04:55:13 --> Hasil pencarian: {"id":"2","user_id":null,"npm":"123456","nama":"Dwi A","email":"","password":"$2y$10$XcEnyKV.StLAS9wl9QfUcuULBWbD54jyfoQXYOff6pFgAzR8ZRMKO","point":"270","gaya_belajar":"Auditori","created_at":"2024-12-13 02:30:02","updated_at":"2025-02-24 03:51:58","deleted_at":null,"token":"fb7b23f613500cf61feb901718aa0595169d7ea7994ba2e8a9e6d94ac0e19901","last_login":"2025-02-24 10:49:22"}
INFO - 2025-02-24 04:55:23 --> Session: Class initialized using 'CodeIgniter\Session\Handlers\FileHandler' driver.
DEBUG - 2025-02-24 04:55:23 --> Session token: fb7b23f613500cf61feb901718aa0595169d7ea7994ba2e8a9e6d94ac0e19901
DEBUG - 2025-02-24 04:55:23 --> Raw Authorization header: 
DEBUG - 2025-02-24 04:55:23 --> Token dari session: fb7b23f613500cf61feb901718aa0595169d7ea7994ba2e8a9e6d94ac0e19901
DEBUG - 2025-02-24 04:55:23 --> SQL: SELECT *
FROM `mahasiswa`
WHERE `token` = 'fb7b23f613500cf61feb901718aa0595169d7ea7994ba2e8a9e6d94ac0e19901'
 LIMIT 1
DEBUG - 2025-02-24 04:55:23 --> Token yang dicari: fb7b23f613500cf61feb901718aa0595169d7ea7994ba2e8a9e6d94ac0e19901
DEBUG - 2025-02-24 04:55:23 --> Hasil pencarian: {"id":"2","user_id":null,"npm":"123456","nama":"Dwi A","email":"","password":"$2y$10$XcEnyKV.StLAS9wl9QfUcuULBWbD54jyfoQXYOff6pFgAzR8ZRMKO","point":"270","gaya_belajar":"Auditori","created_at":"2024-12-13 02:30:02","updated_at":"2025-02-24 03:51:58","deleted_at":null,"token":"fb7b23f613500cf61feb901718aa0595169d7ea7994ba2e8a9e6d94ac0e19901","last_login":"2025-02-24 10:49:22"}
INFO - 2025-02-24 04:55:58 --> Session: Class initialized using 'CodeIgniter\Session\Handlers\FileHandler' driver.
DEBUG - 2025-02-24 04:55:58 --> Session token: fb7b23f613500cf61feb901718aa0595169d7ea7994ba2e8a9e6d94ac0e19901
DEBUG - 2025-02-24 04:55:58 --> Raw Authorization header: 
DEBUG - 2025-02-24 04:55:58 --> Token dari session: fb7b23f613500cf61feb901718aa0595169d7ea7994ba2e8a9e6d94ac0e19901
DEBUG - 2025-02-24 04:55:58 --> SQL: SELECT *
FROM `mahasiswa`
WHERE `token` = 'fb7b23f613500cf61feb901718aa0595169d7ea7994ba2e8a9e6d94ac0e19901'
 LIMIT 1
DEBUG - 2025-02-24 04:55:58 --> Token yang dicari: fb7b23f613500cf61feb901718aa0595169d7ea7994ba2e8a9e6d94ac0e19901
DEBUG - 2025-02-24 04:55:58 --> Hasil pencarian: {"id":"2","user_id":null,"npm":"123456","nama":"Dwi A","email":"","password":"$2y$10$XcEnyKV.StLAS9wl9QfUcuULBWbD54jyfoQXYOff6pFgAzR8ZRMKO","point":"270","gaya_belajar":"Auditori","created_at":"2024-12-13 02:30:02","updated_at":"2025-02-24 03:51:58","deleted_at":null,"token":"fb7b23f613500cf61feb901718aa0595169d7ea7994ba2e8a9e6d94ac0e19901","last_login":"2025-02-24 10:49:22"}
INFO - 2025-02-24 04:56:33 --> Session: Class initialized using 'CodeIgniter\Session\Handlers\FileHandler' driver.
DEBUG - 2025-02-24 04:56:33 --> Session token: fb7b23f613500cf61feb901718aa0595169d7ea7994ba2e8a9e6d94ac0e19901
DEBUG - 2025-02-24 04:56:33 --> Raw Authorization header: 
DEBUG - 2025-02-24 04:56:33 --> Token dari session: fb7b23f613500cf61feb901718aa0595169d7ea7994ba2e8a9e6d94ac0e19901
DEBUG - 2025-02-24 04:56:33 --> SQL: SELECT *
FROM `mahasiswa`
WHERE `token` = 'fb7b23f613500cf61feb901718aa0595169d7ea7994ba2e8a9e6d94ac0e19901'
 LIMIT 1
DEBUG - 2025-02-24 04:56:33 --> Token yang dicari: fb7b23f613500cf61feb901718aa0595169d7ea7994ba2e8a9e6d94ac0e19901
DEBUG - 2025-02-24 04:56:33 --> Hasil pencarian: {"id":"2","user_id":null,"npm":"123456","nama":"Dwi A","email":"","password":"$2y$10$XcEnyKV.StLAS9wl9QfUcuULBWbD54jyfoQXYOff6pFgAzR8ZRMKO","point":"270","gaya_belajar":"Auditori","created_at":"2024-12-13 02:30:02","updated_at":"2025-02-24 03:51:58","deleted_at":null,"token":"fb7b23f613500cf61feb901718aa0595169d7ea7994ba2e8a9e6d94ac0e19901","last_login":"2025-02-24 10:49:22"}
INFO - 2025-02-24 04:57:11 --> Session: Class initialized using 'CodeIgniter\Session\Handlers\FileHandler' driver.
DEBUG - 2025-02-24 04:57:11 --> Session token: fb7b23f613500cf61feb901718aa0595169d7ea7994ba2e8a9e6d94ac0e19901
DEBUG - 2025-02-24 04:57:11 --> Raw Authorization header: 
DEBUG - 2025-02-24 04:57:11 --> Token dari session: fb7b23f613500cf61feb901718aa0595169d7ea7994ba2e8a9e6d94ac0e19901
DEBUG - 2025-02-24 04:57:11 --> SQL: SELECT *
FROM `mahasiswa`
WHERE `token` = 'fb7b23f613500cf61feb901718aa0595169d7ea7994ba2e8a9e6d94ac0e19901'
 LIMIT 1
DEBUG - 2025-02-24 04:57:11 --> Token yang dicari: fb7b23f613500cf61feb901718aa0595169d7ea7994ba2e8a9e6d94ac0e19901
DEBUG - 2025-02-24 04:57:11 --> Hasil pencarian: {"id":"2","user_id":null,"npm":"123456","nama":"Dwi A","email":"","password":"$2y$10$XcEnyKV.StLAS9wl9QfUcuULBWbD54jyfoQXYOff6pFgAzR8ZRMKO","point":"270","gaya_belajar":"Auditori","created_at":"2024-12-13 02:30:02","updated_at":"2025-02-24 03:51:58","deleted_at":null,"token":"fb7b23f613500cf61feb901718aa0595169d7ea7994ba2e8a9e6d94ac0e19901","last_login":"2025-02-24 10:49:22"}
INFO - 2025-02-24 04:58:53 --> Session: Class initialized using 'CodeIgniter\Session\Handlers\FileHandler' driver.
DEBUG - 2025-02-24 04:58:53 --> Session token: fb7b23f613500cf61feb901718aa0595169d7ea7994ba2e8a9e6d94ac0e19901
DEBUG - 2025-02-24 04:58:53 --> Raw Authorization header: 
DEBUG - 2025-02-24 04:58:53 --> Token dari session: fb7b23f613500cf61feb901718aa0595169d7ea7994ba2e8a9e6d94ac0e19901
DEBUG - 2025-02-24 04:58:53 --> SQL: SELECT *
FROM `mahasiswa`
WHERE `token` = 'fb7b23f613500cf61feb901718aa0595169d7ea7994ba2e8a9e6d94ac0e19901'
 LIMIT 1
DEBUG - 2025-02-24 04:58:53 --> Token yang dicari: fb7b23f613500cf61feb901718aa0595169d7ea7994ba2e8a9e6d94ac0e19901
DEBUG - 2025-02-24 04:58:53 --> Hasil pencarian: {"id":"2","user_id":null,"npm":"123456","nama":"Dwi A","email":"","password":"$2y$10$XcEnyKV.StLAS9wl9QfUcuULBWbD54jyfoQXYOff6pFgAzR8ZRMKO","point":"270","gaya_belajar":"Auditori","created_at":"2024-12-13 02:30:02","updated_at":"2025-02-24 03:51:58","deleted_at":null,"token":"fb7b23f613500cf61feb901718aa0595169d7ea7994ba2e8a9e6d94ac0e19901","last_login":"2025-02-24 10:49:22"}
ERROR - 2025-02-24 04:58:53 --> [WalletAPI.getMyWallet] Undefined variable $DatatransaksiModel
INFO - 2025-02-24 04:58:59 --> Session: Class initialized using 'CodeIgniter\Session\Handlers\FileHandler' driver.
DEBUG - 2025-02-24 04:58:59 --> Session token: fb7b23f613500cf61feb901718aa0595169d7ea7994ba2e8a9e6d94ac0e19901
DEBUG - 2025-02-24 04:58:59 --> Raw Authorization header: 
DEBUG - 2025-02-24 04:58:59 --> Token dari session: fb7b23f613500cf61feb901718aa0595169d7ea7994ba2e8a9e6d94ac0e19901
DEBUG - 2025-02-24 04:58:59 --> SQL: SELECT *
FROM `mahasiswa`
WHERE `token` = 'fb7b23f613500cf61feb901718aa0595169d7ea7994ba2e8a9e6d94ac0e19901'
 LIMIT 1
DEBUG - 2025-02-24 04:58:59 --> Token yang dicari: fb7b23f613500cf61feb901718aa0595169d7ea7994ba2e8a9e6d94ac0e19901
DEBUG - 2025-02-24 04:58:59 --> Hasil pencarian: {"id":"2","user_id":null,"npm":"123456","nama":"Dwi A","email":"","password":"$2y$10$XcEnyKV.StLAS9wl9QfUcuULBWbD54jyfoQXYOff6pFgAzR8ZRMKO","point":"270","gaya_belajar":"Auditori","created_at":"2024-12-13 02:30:02","updated_at":"2025-02-24 03:51:58","deleted_at":null,"token":"fb7b23f613500cf61feb901718aa0595169d7ea7994ba2e8a9e6d94ac0e19901","last_login":"2025-02-24 10:49:22"}
ERROR - 2025-02-24 04:58:59 --> [WalletAPI.getMyWallet] Undefined variable $DataTransaksiModel
INFO - 2025-02-24 04:59:41 --> Session: Class initialized using 'CodeIgniter\Session\Handlers\FileHandler' driver.
DEBUG - 2025-02-24 04:59:41 --> Session token: fb7b23f613500cf61feb901718aa0595169d7ea7994ba2e8a9e6d94ac0e19901
DEBUG - 2025-02-24 04:59:41 --> Raw Authorization header: 
DEBUG - 2025-02-24 04:59:41 --> Token dari session: fb7b23f613500cf61feb901718aa0595169d7ea7994ba2e8a9e6d94ac0e19901
DEBUG - 2025-02-24 04:59:41 --> SQL: SELECT *
FROM `mahasiswa`
WHERE `token` = 'fb7b23f613500cf61feb901718aa0595169d7ea7994ba2e8a9e6d94ac0e19901'
 LIMIT 1
DEBUG - 2025-02-24 04:59:41 --> Token yang dicari: fb7b23f613500cf61feb901718aa0595169d7ea7994ba2e8a9e6d94ac0e19901
DEBUG - 2025-02-24 04:59:41 --> Hasil pencarian: {"id":"2","user_id":null,"npm":"123456","nama":"Dwi A","email":"","password":"$2y$10$XcEnyKV.StLAS9wl9QfUcuULBWbD54jyfoQXYOff6pFgAzR8ZRMKO","point":"270","gaya_belajar":"Auditori","created_at":"2024-12-13 02:30:02","updated_at":"2025-02-24 03:51:58","deleted_at":null,"token":"fb7b23f613500cf61feb901718aa0595169d7ea7994ba2e8a9e6d94ac0e19901","last_login":"2025-02-24 10:49:22"}
INFO - 2025-02-24 05:00:08 --> Session: Class initialized using 'CodeIgniter\Session\Handlers\FileHandler' driver.
DEBUG - 2025-02-24 05:00:08 --> Session token: fb7b23f613500cf61feb901718aa0595169d7ea7994ba2e8a9e6d94ac0e19901
DEBUG - 2025-02-24 05:00:08 --> Raw Authorization header: 
DEBUG - 2025-02-24 05:00:08 --> Token dari session: fb7b23f613500cf61feb901718aa0595169d7ea7994ba2e8a9e6d94ac0e19901
DEBUG - 2025-02-24 05:00:08 --> SQL: SELECT *
FROM `mahasiswa`
WHERE `token` = 'fb7b23f613500cf61feb901718aa0595169d7ea7994ba2e8a9e6d94ac0e19901'
 LIMIT 1
DEBUG - 2025-02-24 05:00:08 --> Token yang dicari: fb7b23f613500cf61feb901718aa0595169d7ea7994ba2e8a9e6d94ac0e19901
DEBUG - 2025-02-24 05:00:08 --> Hasil pencarian: {"id":"2","user_id":null,"npm":"123456","nama":"Dwi A","email":"","password":"$2y$10$XcEnyKV.StLAS9wl9QfUcuULBWbD54jyfoQXYOff6pFgAzR8ZRMKO","point":"270","gaya_belajar":"Auditori","created_at":"2024-12-13 02:30:02","updated_at":"2025-02-24 03:51:58","deleted_at":null,"token":"fb7b23f613500cf61feb901718aa0595169d7ea7994ba2e8a9e6d94ac0e19901","last_login":"2025-02-24 10:49:22"}
INFO - 2025-02-24 05:00:10 --> Session: Class initialized using 'CodeIgniter\Session\Handlers\FileHandler' driver.
DEBUG - 2025-02-24 05:00:10 --> Session token: fb7b23f613500cf61feb901718aa0595169d7ea7994ba2e8a9e6d94ac0e19901
DEBUG - 2025-02-24 05:00:10 --> Raw Authorization header: 
DEBUG - 2025-02-24 05:00:10 --> Token dari session: fb7b23f613500cf61feb901718aa0595169d7ea7994ba2e8a9e6d94ac0e19901
DEBUG - 2025-02-24 05:00:10 --> SQL: SELECT *
FROM `mahasiswa`
WHERE `token` = 'fb7b23f613500cf61feb901718aa0595169d7ea7994ba2e8a9e6d94ac0e19901'
 LIMIT 1
DEBUG - 2025-02-24 05:00:10 --> Token yang dicari: fb7b23f613500cf61feb901718aa0595169d7ea7994ba2e8a9e6d94ac0e19901
DEBUG - 2025-02-24 05:00:10 --> Hasil pencarian: {"id":"2","user_id":null,"npm":"123456","nama":"Dwi A","email":"","password":"$2y$10$XcEnyKV.StLAS9wl9QfUcuULBWbD54jyfoQXYOff6pFgAzR8ZRMKO","point":"270","gaya_belajar":"Auditori","created_at":"2024-12-13 02:30:02","updated_at":"2025-02-24 03:51:58","deleted_at":null,"token":"fb7b23f613500cf61feb901718aa0595169d7ea7994ba2e8a9e6d94ac0e19901","last_login":"2025-02-24 10:49:22"}
INFO - 2025-02-24 05:00:23 --> Session: Class initialized using 'CodeIgniter\Session\Handlers\FileHandler' driver.
DEBUG - 2025-02-24 05:00:23 --> Session token: fb7b23f613500cf61feb901718aa0595169d7ea7994ba2e8a9e6d94ac0e19901
DEBUG - 2025-02-24 05:00:23 --> Raw Authorization header: 
DEBUG - 2025-02-24 05:00:23 --> Token dari session: fb7b23f613500cf61feb901718aa0595169d7ea7994ba2e8a9e6d94ac0e19901
DEBUG - 2025-02-24 05:00:23 --> SQL: SELECT *
FROM `mahasiswa`
WHERE `token` = 'fb7b23f613500cf61feb901718aa0595169d7ea7994ba2e8a9e6d94ac0e19901'
 LIMIT 1
DEBUG - 2025-02-24 05:00:23 --> Token yang dicari: fb7b23f613500cf61feb901718aa0595169d7ea7994ba2e8a9e6d94ac0e19901
DEBUG - 2025-02-24 05:00:23 --> Hasil pencarian: {"id":"2","user_id":null,"npm":"123456","nama":"Dwi A","email":"","password":"$2y$10$XcEnyKV.StLAS9wl9QfUcuULBWbD54jyfoQXYOff6pFgAzR8ZRMKO","point":"270","gaya_belajar":"Auditori","created_at":"2024-12-13 02:30:02","updated_at":"2025-02-24 03:51:58","deleted_at":null,"token":"fb7b23f613500cf61feb901718aa0595169d7ea7994ba2e8a9e6d94ac0e19901","last_login":"2025-02-24 10:49:22"}
INFO - 2025-02-24 05:00:37 --> Session: Class initialized using 'CodeIgniter\Session\Handlers\FileHandler' driver.
DEBUG - 2025-02-24 05:00:37 --> Session token: fb7b23f613500cf61feb901718aa0595169d7ea7994ba2e8a9e6d94ac0e19901
DEBUG - 2025-02-24 05:00:37 --> Raw Authorization header: 
DEBUG - 2025-02-24 05:00:37 --> Token dari session: fb7b23f613500cf61feb901718aa0595169d7ea7994ba2e8a9e6d94ac0e19901
DEBUG - 2025-02-24 05:00:37 --> SQL: SELECT *
FROM `mahasiswa`
WHERE `token` = 'fb7b23f613500cf61feb901718aa0595169d7ea7994ba2e8a9e6d94ac0e19901'
 LIMIT 1
DEBUG - 2025-02-24 05:00:37 --> Token yang dicari: fb7b23f613500cf61feb901718aa0595169d7ea7994ba2e8a9e6d94ac0e19901
DEBUG - 2025-02-24 05:00:37 --> Hasil pencarian: {"id":"2","user_id":null,"npm":"123456","nama":"Dwi A","email":"","password":"$2y$10$XcEnyKV.StLAS9wl9QfUcuULBWbD54jyfoQXYOff6pFgAzR8ZRMKO","point":"270","gaya_belajar":"Auditori","created_at":"2024-12-13 02:30:02","updated_at":"2025-02-24 03:51:58","deleted_at":null,"token":"fb7b23f613500cf61feb901718aa0595169d7ea7994ba2e8a9e6d94ac0e19901","last_login":"2025-02-24 10:49:22"}
INFO - 2025-02-24 05:01:20 --> Session: Class initialized using 'CodeIgniter\Session\Handlers\FileHandler' driver.
DEBUG - 2025-02-24 05:01:20 --> Session token: fb7b23f613500cf61feb901718aa0595169d7ea7994ba2e8a9e6d94ac0e19901
DEBUG - 2025-02-24 05:01:20 --> Raw Authorization header: 
DEBUG - 2025-02-24 05:01:20 --> Token dari session: fb7b23f613500cf61feb901718aa0595169d7ea7994ba2e8a9e6d94ac0e19901
DEBUG - 2025-02-24 05:01:20 --> SQL: SELECT *
FROM `mahasiswa`
WHERE `token` = 'fb7b23f613500cf61feb901718aa0595169d7ea7994ba2e8a9e6d94ac0e19901'
 LIMIT 1
DEBUG - 2025-02-24 05:01:20 --> Token yang dicari: fb7b23f613500cf61feb901718aa0595169d7ea7994ba2e8a9e6d94ac0e19901
DEBUG - 2025-02-24 05:01:20 --> Hasil pencarian: {"id":"2","user_id":null,"npm":"123456","nama":"Dwi A","email":"","password":"$2y$10$XcEnyKV.StLAS9wl9QfUcuULBWbD54jyfoQXYOff6pFgAzR8ZRMKO","point":"270","gaya_belajar":"Auditori","created_at":"2024-12-13 02:30:02","updated_at":"2025-02-24 03:51:58","deleted_at":null,"token":"fb7b23f613500cf61feb901718aa0595169d7ea7994ba2e8a9e6d94ac0e19901","last_login":"2025-02-24 10:49:22"}
INFO - 2025-02-24 05:01:39 --> Session: Class initialized using 'CodeIgniter\Session\Handlers\FileHandler' driver.
DEBUG - 2025-02-24 05:01:39 --> Session token: fb7b23f613500cf61feb901718aa0595169d7ea7994ba2e8a9e6d94ac0e19901
DEBUG - 2025-02-24 05:01:39 --> Raw Authorization header: 
DEBUG - 2025-02-24 05:01:39 --> Token dari session: fb7b23f613500cf61feb901718aa0595169d7ea7994ba2e8a9e6d94ac0e19901
DEBUG - 2025-02-24 05:01:39 --> SQL: SELECT *
FROM `mahasiswa`
WHERE `token` = 'fb7b23f613500cf61feb901718aa0595169d7ea7994ba2e8a9e6d94ac0e19901'
 LIMIT 1
DEBUG - 2025-02-24 05:01:39 --> Token yang dicari: fb7b23f613500cf61feb901718aa0595169d7ea7994ba2e8a9e6d94ac0e19901
DEBUG - 2025-02-24 05:01:39 --> Hasil pencarian: {"id":"2","user_id":null,"npm":"123456","nama":"Dwi A","email":"","password":"$2y$10$XcEnyKV.StLAS9wl9QfUcuULBWbD54jyfoQXYOff6pFgAzR8ZRMKO","point":"270","gaya_belajar":"Auditori","created_at":"2024-12-13 02:30:02","updated_at":"2025-02-24 03:51:58","deleted_at":null,"token":"fb7b23f613500cf61feb901718aa0595169d7ea7994ba2e8a9e6d94ac0e19901","last_login":"2025-02-24 10:49:22"}
INFO - 2025-02-24 05:01:53 --> Session: Class initialized using 'CodeIgniter\Session\Handlers\FileHandler' driver.
DEBUG - 2025-02-24 05:01:53 --> Session token: fb7b23f613500cf61feb901718aa0595169d7ea7994ba2e8a9e6d94ac0e19901
DEBUG - 2025-02-24 05:01:53 --> Raw Authorization header: 
DEBUG - 2025-02-24 05:01:53 --> Token dari session: fb7b23f613500cf61feb901718aa0595169d7ea7994ba2e8a9e6d94ac0e19901
DEBUG - 2025-02-24 05:01:53 --> SQL: SELECT *
FROM `mahasiswa`
WHERE `token` = 'fb7b23f613500cf61feb901718aa0595169d7ea7994ba2e8a9e6d94ac0e19901'
 LIMIT 1
DEBUG - 2025-02-24 05:01:53 --> Token yang dicari: fb7b23f613500cf61feb901718aa0595169d7ea7994ba2e8a9e6d94ac0e19901
DEBUG - 2025-02-24 05:01:53 --> Hasil pencarian: {"id":"2","user_id":null,"npm":"123456","nama":"Dwi A","email":"","password":"$2y$10$XcEnyKV.StLAS9wl9QfUcuULBWbD54jyfoQXYOff6pFgAzR8ZRMKO","point":"270","gaya_belajar":"Auditori","created_at":"2024-12-13 02:30:02","updated_at":"2025-02-24 03:51:58","deleted_at":null,"token":"fb7b23f613500cf61feb901718aa0595169d7ea7994ba2e8a9e6d94ac0e19901","last_login":"2025-02-24 10:49:22"}
INFO - 2025-02-24 05:01:57 --> Session: Class initialized using 'CodeIgniter\Session\Handlers\FileHandler' driver.
DEBUG - 2025-02-24 05:01:57 --> Session token: fb7b23f613500cf61feb901718aa0595169d7ea7994ba2e8a9e6d94ac0e19901
DEBUG - 2025-02-24 05:01:57 --> Raw Authorization header: 
DEBUG - 2025-02-24 05:01:57 --> Token dari session: fb7b23f613500cf61feb901718aa0595169d7ea7994ba2e8a9e6d94ac0e19901
DEBUG - 2025-02-24 05:01:57 --> SQL: SELECT *
FROM `mahasiswa`
WHERE `token` = 'fb7b23f613500cf61feb901718aa0595169d7ea7994ba2e8a9e6d94ac0e19901'
 LIMIT 1
DEBUG - 2025-02-24 05:01:57 --> Token yang dicari: fb7b23f613500cf61feb901718aa0595169d7ea7994ba2e8a9e6d94ac0e19901
DEBUG - 2025-02-24 05:01:57 --> Hasil pencarian: {"id":"2","user_id":null,"npm":"123456","nama":"Dwi A","email":"","password":"$2y$10$XcEnyKV.StLAS9wl9QfUcuULBWbD54jyfoQXYOff6pFgAzR8ZRMKO","point":"270","gaya_belajar":"Auditori","created_at":"2024-12-13 02:30:02","updated_at":"2025-02-24 03:51:58","deleted_at":null,"token":"fb7b23f613500cf61feb901718aa0595169d7ea7994ba2e8a9e6d94ac0e19901","last_login":"2025-02-24 10:49:22"}
INFO - 2025-02-24 05:03:48 --> Session: Class initialized using 'CodeIgniter\Session\Handlers\FileHandler' driver.
DEBUG - 2025-02-24 05:03:48 --> Session token: fb7b23f613500cf61feb901718aa0595169d7ea7994ba2e8a9e6d94ac0e19901
DEBUG - 2025-02-24 05:03:48 --> Raw Authorization header: 
DEBUG - 2025-02-24 05:03:48 --> Token dari session: fb7b23f613500cf61feb901718aa0595169d7ea7994ba2e8a9e6d94ac0e19901
DEBUG - 2025-02-24 05:03:49 --> SQL: SELECT *
FROM `mahasiswa`
WHERE `token` = 'fb7b23f613500cf61feb901718aa0595169d7ea7994ba2e8a9e6d94ac0e19901'
 LIMIT 1
DEBUG - 2025-02-24 05:03:49 --> Token yang dicari: fb7b23f613500cf61feb901718aa0595169d7ea7994ba2e8a9e6d94ac0e19901
DEBUG - 2025-02-24 05:03:49 --> Hasil pencarian: {"id":"2","user_id":null,"npm":"123456","nama":"Dwi A","email":"","password":"$2y$10$XcEnyKV.StLAS9wl9QfUcuULBWbD54jyfoQXYOff6pFgAzR8ZRMKO","point":"270","gaya_belajar":"Auditori","created_at":"2024-12-13 02:30:02","updated_at":"2025-02-24 03:51:58","deleted_at":null,"token":"fb7b23f613500cf61feb901718aa0595169d7ea7994ba2e8a9e6d94ac0e19901","last_login":"2025-02-24 10:49:22"}
INFO - 2025-02-24 05:04:04 --> Session: Class initialized using 'CodeIgniter\Session\Handlers\FileHandler' driver.
DEBUG - 2025-02-24 05:04:04 --> Session token: fb7b23f613500cf61feb901718aa0595169d7ea7994ba2e8a9e6d94ac0e19901
DEBUG - 2025-02-24 05:04:04 --> Raw Authorization header: 
DEBUG - 2025-02-24 05:04:04 --> Token dari session: fb7b23f613500cf61feb901718aa0595169d7ea7994ba2e8a9e6d94ac0e19901
DEBUG - 2025-02-24 05:04:05 --> SQL: SELECT *
FROM `mahasiswa`
WHERE `token` = 'fb7b23f613500cf61feb901718aa0595169d7ea7994ba2e8a9e6d94ac0e19901'
 LIMIT 1
DEBUG - 2025-02-24 05:04:05 --> Token yang dicari: fb7b23f613500cf61feb901718aa0595169d7ea7994ba2e8a9e6d94ac0e19901
DEBUG - 2025-02-24 05:04:05 --> Hasil pencarian: {"id":"2","user_id":null,"npm":"123456","nama":"Dwi A","email":"","password":"$2y$10$XcEnyKV.StLAS9wl9QfUcuULBWbD54jyfoQXYOff6pFgAzR8ZRMKO","point":"270","gaya_belajar":"Auditori","created_at":"2024-12-13 02:30:02","updated_at":"2025-02-24 03:51:58","deleted_at":null,"token":"fb7b23f613500cf61feb901718aa0595169d7ea7994ba2e8a9e6d94ac0e19901","last_login":"2025-02-24 10:49:22"}
INFO - 2025-02-24 05:04:12 --> Session: Class initialized using 'CodeIgniter\Session\Handlers\FileHandler' driver.
DEBUG - 2025-02-24 05:04:12 --> Session token: fb7b23f613500cf61feb901718aa0595169d7ea7994ba2e8a9e6d94ac0e19901
DEBUG - 2025-02-24 05:04:12 --> Raw Authorization header: 
DEBUG - 2025-02-24 05:04:12 --> Token dari session: fb7b23f613500cf61feb901718aa0595169d7ea7994ba2e8a9e6d94ac0e19901
DEBUG - 2025-02-24 05:04:12 --> SQL: SELECT *
FROM `mahasiswa`
WHERE `token` = 'fb7b23f613500cf61feb901718aa0595169d7ea7994ba2e8a9e6d94ac0e19901'
 LIMIT 1
DEBUG - 2025-02-24 05:04:12 --> Token yang dicari: fb7b23f613500cf61feb901718aa0595169d7ea7994ba2e8a9e6d94ac0e19901
DEBUG - 2025-02-24 05:04:12 --> Hasil pencarian: {"id":"2","user_id":null,"npm":"123456","nama":"Dwi A","email":"","password":"$2y$10$XcEnyKV.StLAS9wl9QfUcuULBWbD54jyfoQXYOff6pFgAzR8ZRMKO","point":"270","gaya_belajar":"Auditori","created_at":"2024-12-13 02:30:02","updated_at":"2025-02-24 03:51:58","deleted_at":null,"token":"fb7b23f613500cf61feb901718aa0595169d7ea7994ba2e8a9e6d94ac0e19901","last_login":"2025-02-24 10:49:22"}
INFO - 2025-02-24 05:04:16 --> Session: Class initialized using 'CodeIgniter\Session\Handlers\FileHandler' driver.
DEBUG - 2025-02-24 05:04:16 --> Session token: fb7b23f613500cf61feb901718aa0595169d7ea7994ba2e8a9e6d94ac0e19901
DEBUG - 2025-02-24 05:04:16 --> Raw Authorization header: 
DEBUG - 2025-02-24 05:04:16 --> Token dari session: fb7b23f613500cf61feb901718aa0595169d7ea7994ba2e8a9e6d94ac0e19901
DEBUG - 2025-02-24 05:04:16 --> SQL: SELECT *
FROM `mahasiswa`
WHERE `token` = 'fb7b23f613500cf61feb901718aa0595169d7ea7994ba2e8a9e6d94ac0e19901'
 LIMIT 1
DEBUG - 2025-02-24 05:04:16 --> Token yang dicari: fb7b23f613500cf61feb901718aa0595169d7ea7994ba2e8a9e6d94ac0e19901
DEBUG - 2025-02-24 05:04:16 --> Hasil pencarian: {"id":"2","user_id":null,"npm":"123456","nama":"Dwi A","email":"","password":"$2y$10$XcEnyKV.StLAS9wl9QfUcuULBWbD54jyfoQXYOff6pFgAzR8ZRMKO","point":"270","gaya_belajar":"Auditori","created_at":"2024-12-13 02:30:02","updated_at":"2025-02-24 03:51:58","deleted_at":null,"token":"fb7b23f613500cf61feb901718aa0595169d7ea7994ba2e8a9e6d94ac0e19901","last_login":"2025-02-24 10:49:22"}
INFO - 2025-02-24 05:04:30 --> Session: Class initialized using 'CodeIgniter\Session\Handlers\FileHandler' driver.
DEBUG - 2025-02-24 05:04:30 --> Session token: fb7b23f613500cf61feb901718aa0595169d7ea7994ba2e8a9e6d94ac0e19901
DEBUG - 2025-02-24 05:04:30 --> Raw Authorization header: 
DEBUG - 2025-02-24 05:04:30 --> Token dari session: fb7b23f613500cf61feb901718aa0595169d7ea7994ba2e8a9e6d94ac0e19901
DEBUG - 2025-02-24 05:04:30 --> SQL: SELECT *
FROM `mahasiswa`
WHERE `token` = 'fb7b23f613500cf61feb901718aa0595169d7ea7994ba2e8a9e6d94ac0e19901'
 LIMIT 1
DEBUG - 2025-02-24 05:04:30 --> Token yang dicari: fb7b23f613500cf61feb901718aa0595169d7ea7994ba2e8a9e6d94ac0e19901
DEBUG - 2025-02-24 05:04:30 --> Hasil pencarian: {"id":"2","user_id":null,"npm":"123456","nama":"Dwi A","email":"","password":"$2y$10$XcEnyKV.StLAS9wl9QfUcuULBWbD54jyfoQXYOff6pFgAzR8ZRMKO","point":"270","gaya_belajar":"Auditori","created_at":"2024-12-13 02:30:02","updated_at":"2025-02-24 03:51:58","deleted_at":null,"token":"fb7b23f613500cf61feb901718aa0595169d7ea7994ba2e8a9e6d94ac0e19901","last_login":"2025-02-24 10:49:22"}
INFO - 2025-02-24 05:05:17 --> Session: Class initialized using 'CodeIgniter\Session\Handlers\FileHandler' driver.
DEBUG - 2025-02-24 05:05:17 --> Session token: fb7b23f613500cf61feb901718aa0595169d7ea7994ba2e8a9e6d94ac0e19901
DEBUG - 2025-02-24 05:05:17 --> Raw Authorization header: 
DEBUG - 2025-02-24 05:05:17 --> Token dari session: fb7b23f613500cf61feb901718aa0595169d7ea7994ba2e8a9e6d94ac0e19901
DEBUG - 2025-02-24 05:05:17 --> SQL: SELECT *
FROM `mahasiswa`
WHERE `token` = 'fb7b23f613500cf61feb901718aa0595169d7ea7994ba2e8a9e6d94ac0e19901'
 LIMIT 1
DEBUG - 2025-02-24 05:05:17 --> Token yang dicari: fb7b23f613500cf61feb901718aa0595169d7ea7994ba2e8a9e6d94ac0e19901
DEBUG - 2025-02-24 05:05:17 --> Hasil pencarian: {"id":"2","user_id":null,"npm":"123456","nama":"Dwi A","email":"","password":"$2y$10$XcEnyKV.StLAS9wl9QfUcuULBWbD54jyfoQXYOff6pFgAzR8ZRMKO","point":"270","gaya_belajar":"Auditori","created_at":"2024-12-13 02:30:02","updated_at":"2025-02-24 03:51:58","deleted_at":null,"token":"fb7b23f613500cf61feb901718aa0595169d7ea7994ba2e8a9e6d94ac0e19901","last_login":"2025-02-24 10:49:22"}
INFO - 2025-02-24 05:05:30 --> Session: Class initialized using 'CodeIgniter\Session\Handlers\FileHandler' driver.
DEBUG - 2025-02-24 05:05:30 --> Session token: fb7b23f613500cf61feb901718aa0595169d7ea7994ba2e8a9e6d94ac0e19901
DEBUG - 2025-02-24 05:05:30 --> Raw Authorization header: 
DEBUG - 2025-02-24 05:05:30 --> Token dari session: fb7b23f613500cf61feb901718aa0595169d7ea7994ba2e8a9e6d94ac0e19901
DEBUG - 2025-02-24 05:05:31 --> SQL: SELECT *
FROM `mahasiswa`
WHERE `token` = 'fb7b23f613500cf61feb901718aa0595169d7ea7994ba2e8a9e6d94ac0e19901'
 LIMIT 1
DEBUG - 2025-02-24 05:05:31 --> Token yang dicari: fb7b23f613500cf61feb901718aa0595169d7ea7994ba2e8a9e6d94ac0e19901
DEBUG - 2025-02-24 05:05:31 --> Hasil pencarian: {"id":"2","user_id":null,"npm":"123456","nama":"Dwi A","email":"","password":"$2y$10$XcEnyKV.StLAS9wl9QfUcuULBWbD54jyfoQXYOff6pFgAzR8ZRMKO","point":"270","gaya_belajar":"Auditori","created_at":"2024-12-13 02:30:02","updated_at":"2025-02-24 03:51:58","deleted_at":null,"token":"fb7b23f613500cf61feb901718aa0595169d7ea7994ba2e8a9e6d94ac0e19901","last_login":"2025-02-24 10:49:22"}
INFO - 2025-02-24 05:06:35 --> Session: Class initialized using 'CodeIgniter\Session\Handlers\FileHandler' driver.
DEBUG - 2025-02-24 05:06:35 --> Session token: fb7b23f613500cf61feb901718aa0595169d7ea7994ba2e8a9e6d94ac0e19901
DEBUG - 2025-02-24 05:06:35 --> Raw Authorization header: 
DEBUG - 2025-02-24 05:06:35 --> Token dari session: fb7b23f613500cf61feb901718aa0595169d7ea7994ba2e8a9e6d94ac0e19901
DEBUG - 2025-02-24 05:06:35 --> SQL: SELECT *
FROM `mahasiswa`
WHERE `token` = 'fb7b23f613500cf61feb901718aa0595169d7ea7994ba2e8a9e6d94ac0e19901'
 LIMIT 1
DEBUG - 2025-02-24 05:06:35 --> Token yang dicari: fb7b23f613500cf61feb901718aa0595169d7ea7994ba2e8a9e6d94ac0e19901
DEBUG - 2025-02-24 05:06:35 --> Hasil pencarian: {"id":"2","user_id":null,"npm":"123456","nama":"Dwi A","email":"","password":"$2y$10$XcEnyKV.StLAS9wl9QfUcuULBWbD54jyfoQXYOff6pFgAzR8ZRMKO","point":"270","gaya_belajar":"Auditori","created_at":"2024-12-13 02:30:02","updated_at":"2025-02-24 03:51:58","deleted_at":null,"token":"fb7b23f613500cf61feb901718aa0595169d7ea7994ba2e8a9e6d94ac0e19901","last_login":"2025-02-24 10:49:22"}
INFO - 2025-02-24 05:06:35 --> Session: Class initialized using 'CodeIgniter\Session\Handlers\FileHandler' driver.
DEBUG - 2025-02-24 05:06:35 --> Session token: fb7b23f613500cf61feb901718aa0595169d7ea7994ba2e8a9e6d94ac0e19901
DEBUG - 2025-02-24 05:06:35 --> Raw Authorization header: 
DEBUG - 2025-02-24 05:06:35 --> Token dari session: fb7b23f613500cf61feb901718aa0595169d7ea7994ba2e8a9e6d94ac0e19901
DEBUG - 2025-02-24 05:06:35 --> SQL: SELECT *
FROM `mahasiswa`
WHERE `token` = 'fb7b23f613500cf61feb901718aa0595169d7ea7994ba2e8a9e6d94ac0e19901'
 LIMIT 1
DEBUG - 2025-02-24 05:06:35 --> Token yang dicari: fb7b23f613500cf61feb901718aa0595169d7ea7994ba2e8a9e6d94ac0e19901
DEBUG - 2025-02-24 05:06:35 --> Hasil pencarian: {"id":"2","user_id":null,"npm":"123456","nama":"Dwi A","email":"","password":"$2y$10$XcEnyKV.StLAS9wl9QfUcuULBWbD54jyfoQXYOff6pFgAzR8ZRMKO","point":"270","gaya_belajar":"Auditori","created_at":"2024-12-13 02:30:02","updated_at":"2025-02-24 03:51:58","deleted_at":null,"token":"fb7b23f613500cf61feb901718aa0595169d7ea7994ba2e8a9e6d94ac0e19901","last_login":"2025-02-24 10:49:22"}
INFO - 2025-02-24 05:06:35 --> Session: Class initialized using 'CodeIgniter\Session\Handlers\FileHandler' driver.
DEBUG - 2025-02-24 05:06:35 --> Session token: fb7b23f613500cf61feb901718aa0595169d7ea7994ba2e8a9e6d94ac0e19901
DEBUG - 2025-02-24 05:06:35 --> Raw Authorization header: 
DEBUG - 2025-02-24 05:06:35 --> Token dari session: fb7b23f613500cf61feb901718aa0595169d7ea7994ba2e8a9e6d94ac0e19901
DEBUG - 2025-02-24 05:06:35 --> SQL: SELECT *
FROM `mahasiswa`
WHERE `token` = 'fb7b23f613500cf61feb901718aa0595169d7ea7994ba2e8a9e6d94ac0e19901'
 LIMIT 1
DEBUG - 2025-02-24 05:06:35 --> Token yang dicari: fb7b23f613500cf61feb901718aa0595169d7ea7994ba2e8a9e6d94ac0e19901
DEBUG - 2025-02-24 05:06:35 --> Hasil pencarian: {"id":"2","user_id":null,"npm":"123456","nama":"Dwi A","email":"","password":"$2y$10$XcEnyKV.StLAS9wl9QfUcuULBWbD54jyfoQXYOff6pFgAzR8ZRMKO","point":"270","gaya_belajar":"Auditori","created_at":"2024-12-13 02:30:02","updated_at":"2025-02-24 03:51:58","deleted_at":null,"token":"fb7b23f613500cf61feb901718aa0595169d7ea7994ba2e8a9e6d94ac0e19901","last_login":"2025-02-24 10:49:22"}
INFO - 2025-02-24 05:06:36 --> Session: Class initialized using 'CodeIgniter\Session\Handlers\FileHandler' driver.
DEBUG - 2025-02-24 05:06:36 --> Session token: fb7b23f613500cf61feb901718aa0595169d7ea7994ba2e8a9e6d94ac0e19901
DEBUG - 2025-02-24 05:06:36 --> Raw Authorization header: 
DEBUG - 2025-02-24 05:06:36 --> Token dari session: fb7b23f613500cf61feb901718aa0595169d7ea7994ba2e8a9e6d94ac0e19901
DEBUG - 2025-02-24 05:06:36 --> SQL: SELECT *
FROM `mahasiswa`
WHERE `token` = 'fb7b23f613500cf61feb901718aa0595169d7ea7994ba2e8a9e6d94ac0e19901'
 LIMIT 1
DEBUG - 2025-02-24 05:06:36 --> Token yang dicari: fb7b23f613500cf61feb901718aa0595169d7ea7994ba2e8a9e6d94ac0e19901
DEBUG - 2025-02-24 05:06:36 --> Hasil pencarian: {"id":"2","user_id":null,"npm":"123456","nama":"Dwi A","email":"","password":"$2y$10$XcEnyKV.StLAS9wl9QfUcuULBWbD54jyfoQXYOff6pFgAzR8ZRMKO","point":"270","gaya_belajar":"Auditori","created_at":"2024-12-13 02:30:02","updated_at":"2025-02-24 03:51:58","deleted_at":null,"token":"fb7b23f613500cf61feb901718aa0595169d7ea7994ba2e8a9e6d94ac0e19901","last_login":"2025-02-24 10:49:22"}
INFO - 2025-02-24 05:06:36 --> Session: Class initialized using 'CodeIgniter\Session\Handlers\FileHandler' driver.
DEBUG - 2025-02-24 05:06:36 --> Session token: fb7b23f613500cf61feb901718aa0595169d7ea7994ba2e8a9e6d94ac0e19901
DEBUG - 2025-02-24 05:06:36 --> Raw Authorization header: 
DEBUG - 2025-02-24 05:06:36 --> Token dari session: fb7b23f613500cf61feb901718aa0595169d7ea7994ba2e8a9e6d94ac0e19901
DEBUG - 2025-02-24 05:06:36 --> SQL: SELECT *
FROM `mahasiswa`
WHERE `token` = 'fb7b23f613500cf61feb901718aa0595169d7ea7994ba2e8a9e6d94ac0e19901'
 LIMIT 1
DEBUG - 2025-02-24 05:06:36 --> Token yang dicari: fb7b23f613500cf61feb901718aa0595169d7ea7994ba2e8a9e6d94ac0e19901
DEBUG - 2025-02-24 05:06:36 --> Hasil pencarian: {"id":"2","user_id":null,"npm":"123456","nama":"Dwi A","email":"","password":"$2y$10$XcEnyKV.StLAS9wl9QfUcuULBWbD54jyfoQXYOff6pFgAzR8ZRMKO","point":"270","gaya_belajar":"Auditori","created_at":"2024-12-13 02:30:02","updated_at":"2025-02-24 03:51:58","deleted_at":null,"token":"fb7b23f613500cf61feb901718aa0595169d7ea7994ba2e8a9e6d94ac0e19901","last_login":"2025-02-24 10:49:22"}
INFO - 2025-02-24 05:06:39 --> Session: Class initialized using 'CodeIgniter\Session\Handlers\FileHandler' driver.
INFO - 2025-02-24 05:06:44 --> Session: Class initialized using 'CodeIgniter\Session\Handlers\FileHandler' driver.
INFO - 2025-02-24 05:06:49 --> Session: Class initialized using 'CodeIgniter\Session\Handlers\FileHandler' driver.
DEBUG - 2025-02-24 05:06:49 --> Session token: fb7b23f613500cf61feb901718aa0595169d7ea7994ba2e8a9e6d94ac0e19901
DEBUG - 2025-02-24 05:06:49 --> Raw Authorization header: Bearer fb7b23f613500cf61feb901718aa0595169d7ea7994ba2e8a9e6d94ac0e19901
DEBUG - 2025-02-24 05:06:49 --> Token dari header: fb7b23f613500cf61feb901718aa0595169d7ea7994ba2e8a9e6d94ac0e19901
DEBUG - 2025-02-24 05:06:49 --> SQL: SELECT *
FROM `mahasiswa`
WHERE `token` = 'fb7b23f613500cf61feb901718aa0595169d7ea7994ba2e8a9e6d94ac0e19901'
 LIMIT 1
DEBUG - 2025-02-24 05:06:49 --> Token yang dicari: fb7b23f613500cf61feb901718aa0595169d7ea7994ba2e8a9e6d94ac0e19901
DEBUG - 2025-02-24 05:06:49 --> Hasil pencarian: {"id":"2","user_id":null,"npm":"123456","nama":"Dwi A","email":"","password":"$2y$10$XcEnyKV.StLAS9wl9QfUcuULBWbD54jyfoQXYOff6pFgAzR8ZRMKO","point":"270","gaya_belajar":"Auditori","created_at":"2024-12-13 02:30:02","updated_at":"2025-02-24 03:51:58","deleted_at":null,"token":"fb7b23f613500cf61feb901718aa0595169d7ea7994ba2e8a9e6d94ac0e19901","last_login":"2025-02-24 10:49:22"}
INFO - 2025-02-24 05:06:49 --> Session: Class initialized using 'CodeIgniter\Session\Handlers\FileHandler' driver.
DEBUG - 2025-02-24 05:06:49 --> Session token: fb7b23f613500cf61feb901718aa0595169d7ea7994ba2e8a9e6d94ac0e19901
DEBUG - 2025-02-24 05:06:49 --> Raw Authorization header: Bearer fb7b23f613500cf61feb901718aa0595169d7ea7994ba2e8a9e6d94ac0e19901
DEBUG - 2025-02-24 05:06:49 --> Token dari header: fb7b23f613500cf61feb901718aa0595169d7ea7994ba2e8a9e6d94ac0e19901
DEBUG - 2025-02-24 05:06:49 --> SQL: SELECT *
FROM `mahasiswa`
WHERE `token` = 'fb7b23f613500cf61feb901718aa0595169d7ea7994ba2e8a9e6d94ac0e19901'
 LIMIT 1
DEBUG - 2025-02-24 05:06:49 --> Token yang dicari: fb7b23f613500cf61feb901718aa0595169d7ea7994ba2e8a9e6d94ac0e19901
DEBUG - 2025-02-24 05:06:49 --> Hasil pencarian: {"id":"2","user_id":null,"npm":"123456","nama":"Dwi A","email":"","password":"$2y$10$XcEnyKV.StLAS9wl9QfUcuULBWbD54jyfoQXYOff6pFgAzR8ZRMKO","point":"270","gaya_belajar":"Auditori","created_at":"2024-12-13 02:30:02","updated_at":"2025-02-24 03:51:58","deleted_at":null,"token":"fb7b23f613500cf61feb901718aa0595169d7ea7994ba2e8a9e6d94ac0e19901","last_login":"2025-02-24 10:49:22"}
INFO - 2025-02-24 05:06:49 --> Session: Class initialized using 'CodeIgniter\Session\Handlers\FileHandler' driver.
DEBUG - 2025-02-24 05:06:49 --> Session token: fb7b23f613500cf61feb901718aa0595169d7ea7994ba2e8a9e6d94ac0e19901
DEBUG - 2025-02-24 05:06:49 --> Raw Authorization header: Bearer fb7b23f613500cf61feb901718aa0595169d7ea7994ba2e8a9e6d94ac0e19901
DEBUG - 2025-02-24 05:06:49 --> Token dari header: fb7b23f613500cf61feb901718aa0595169d7ea7994ba2e8a9e6d94ac0e19901
DEBUG - 2025-02-24 05:06:49 --> SQL: SELECT *
FROM `mahasiswa`
WHERE `token` = 'fb7b23f613500cf61feb901718aa0595169d7ea7994ba2e8a9e6d94ac0e19901'
 LIMIT 1
DEBUG - 2025-02-24 05:06:49 --> Token yang dicari: fb7b23f613500cf61feb901718aa0595169d7ea7994ba2e8a9e6d94ac0e19901
DEBUG - 2025-02-24 05:06:49 --> Hasil pencarian: {"id":"2","user_id":null,"npm":"123456","nama":"Dwi A","email":"","password":"$2y$10$XcEnyKV.StLAS9wl9QfUcuULBWbD54jyfoQXYOff6pFgAzR8ZRMKO","point":"270","gaya_belajar":"Auditori","created_at":"2024-12-13 02:30:02","updated_at":"2025-02-24 03:51:58","deleted_at":null,"token":"fb7b23f613500cf61feb901718aa0595169d7ea7994ba2e8a9e6d94ac0e19901","last_login":"2025-02-24 10:49:22"}
INFO - 2025-02-24 05:07:04 --> Session: Class initialized using 'CodeIgniter\Session\Handlers\FileHandler' driver.
INFO - 2025-02-24 05:07:05 --> Session: Class initialized using 'CodeIgniter\Session\Handlers\FileHandler' driver.
INFO - 2025-02-24 05:07:06 --> Session: Class initialized using 'CodeIgniter\Session\Handlers\FileHandler' driver.
DEBUG - 2025-02-24 05:07:06 --> Session token: fb7b23f613500cf61feb901718aa0595169d7ea7994ba2e8a9e6d94ac0e19901
DEBUG - 2025-02-24 05:07:06 --> Raw Authorization header: Bearer fb7b23f613500cf61feb901718aa0595169d7ea7994ba2e8a9e6d94ac0e19901
DEBUG - 2025-02-24 05:07:06 --> Token dari header: fb7b23f613500cf61feb901718aa0595169d7ea7994ba2e8a9e6d94ac0e19901
DEBUG - 2025-02-24 05:07:06 --> SQL: SELECT *
FROM `mahasiswa`
WHERE `token` = 'fb7b23f613500cf61feb901718aa0595169d7ea7994ba2e8a9e6d94ac0e19901'
 LIMIT 1
DEBUG - 2025-02-24 05:07:06 --> Token yang dicari: fb7b23f613500cf61feb901718aa0595169d7ea7994ba2e8a9e6d94ac0e19901
DEBUG - 2025-02-24 05:07:06 --> Hasil pencarian: {"id":"2","user_id":null,"npm":"123456","nama":"Dwi A","email":"","password":"$2y$10$XcEnyKV.StLAS9wl9QfUcuULBWbD54jyfoQXYOff6pFgAzR8ZRMKO","point":"270","gaya_belajar":"Auditori","created_at":"2024-12-13 02:30:02","updated_at":"2025-02-24 03:51:58","deleted_at":null,"token":"fb7b23f613500cf61feb901718aa0595169d7ea7994ba2e8a9e6d94ac0e19901","last_login":"2025-02-24 10:49:22"}
INFO - 2025-02-24 05:07:06 --> Session: Class initialized using 'CodeIgniter\Session\Handlers\FileHandler' driver.
DEBUG - 2025-02-24 05:07:06 --> Session token: fb7b23f613500cf61feb901718aa0595169d7ea7994ba2e8a9e6d94ac0e19901
DEBUG - 2025-02-24 05:07:06 --> Raw Authorization header: Bearer fb7b23f613500cf61feb901718aa0595169d7ea7994ba2e8a9e6d94ac0e19901
DEBUG - 2025-02-24 05:07:06 --> Token dari header: fb7b23f613500cf61feb901718aa0595169d7ea7994ba2e8a9e6d94ac0e19901
DEBUG - 2025-02-24 05:07:06 --> SQL: SELECT *
FROM `mahasiswa`
WHERE `token` = 'fb7b23f613500cf61feb901718aa0595169d7ea7994ba2e8a9e6d94ac0e19901'
 LIMIT 1
DEBUG - 2025-02-24 05:07:06 --> Token yang dicari: fb7b23f613500cf61feb901718aa0595169d7ea7994ba2e8a9e6d94ac0e19901
DEBUG - 2025-02-24 05:07:06 --> Hasil pencarian: {"id":"2","user_id":null,"npm":"123456","nama":"Dwi A","email":"","password":"$2y$10$XcEnyKV.StLAS9wl9QfUcuULBWbD54jyfoQXYOff6pFgAzR8ZRMKO","point":"270","gaya_belajar":"Auditori","created_at":"2024-12-13 02:30:02","updated_at":"2025-02-24 03:51:58","deleted_at":null,"token":"fb7b23f613500cf61feb901718aa0595169d7ea7994ba2e8a9e6d94ac0e19901","last_login":"2025-02-24 10:49:22"}
INFO - 2025-02-24 05:07:06 --> Session: Class initialized using 'CodeIgniter\Session\Handlers\FileHandler' driver.
DEBUG - 2025-02-24 05:07:06 --> Session token: fb7b23f613500cf61feb901718aa0595169d7ea7994ba2e8a9e6d94ac0e19901
DEBUG - 2025-02-24 05:07:06 --> Raw Authorization header: Bearer fb7b23f613500cf61feb901718aa0595169d7ea7994ba2e8a9e6d94ac0e19901
DEBUG - 2025-02-24 05:07:06 --> Token dari header: fb7b23f613500cf61feb901718aa0595169d7ea7994ba2e8a9e6d94ac0e19901
DEBUG - 2025-02-24 05:07:06 --> SQL: SELECT *
FROM `mahasiswa`
WHERE `token` = 'fb7b23f613500cf61feb901718aa0595169d7ea7994ba2e8a9e6d94ac0e19901'
 LIMIT 1
DEBUG - 2025-02-24 05:07:06 --> Token yang dicari: fb7b23f613500cf61feb901718aa0595169d7ea7994ba2e8a9e6d94ac0e19901
DEBUG - 2025-02-24 05:07:06 --> Hasil pencarian: {"id":"2","user_id":null,"npm":"123456","nama":"Dwi A","email":"","password":"$2y$10$XcEnyKV.StLAS9wl9QfUcuULBWbD54jyfoQXYOff6pFgAzR8ZRMKO","point":"270","gaya_belajar":"Auditori","created_at":"2024-12-13 02:30:02","updated_at":"2025-02-24 03:51:58","deleted_at":null,"token":"fb7b23f613500cf61feb901718aa0595169d7ea7994ba2e8a9e6d94ac0e19901","last_login":"2025-02-24 10:49:22"}
INFO - 2025-02-24 05:08:00 --> Session: Class initialized using 'CodeIgniter\Session\Handlers\FileHandler' driver.
INFO - 2025-02-24 05:08:01 --> Session: Class initialized using 'CodeIgniter\Session\Handlers\FileHandler' driver.
INFO - 2025-02-24 05:08:02 --> Session: Class initialized using 'CodeIgniter\Session\Handlers\FileHandler' driver.
DEBUG - 2025-02-24 05:08:02 --> Session token: fb7b23f613500cf61feb901718aa0595169d7ea7994ba2e8a9e6d94ac0e19901
DEBUG - 2025-02-24 05:08:02 --> Raw Authorization header: Bearer fb7b23f613500cf61feb901718aa0595169d7ea7994ba2e8a9e6d94ac0e19901
DEBUG - 2025-02-24 05:08:02 --> Token dari header: fb7b23f613500cf61feb901718aa0595169d7ea7994ba2e8a9e6d94ac0e19901
DEBUG - 2025-02-24 05:08:02 --> SQL: SELECT *
FROM `mahasiswa`
WHERE `token` = 'fb7b23f613500cf61feb901718aa0595169d7ea7994ba2e8a9e6d94ac0e19901'
 LIMIT 1
DEBUG - 2025-02-24 05:08:02 --> Token yang dicari: fb7b23f613500cf61feb901718aa0595169d7ea7994ba2e8a9e6d94ac0e19901
DEBUG - 2025-02-24 05:08:02 --> Hasil pencarian: {"id":"2","user_id":null,"npm":"123456","nama":"Dwi A","email":"","password":"$2y$10$XcEnyKV.StLAS9wl9QfUcuULBWbD54jyfoQXYOff6pFgAzR8ZRMKO","point":"270","gaya_belajar":"Auditori","created_at":"2024-12-13 02:30:02","updated_at":"2025-02-24 03:51:58","deleted_at":null,"token":"fb7b23f613500cf61feb901718aa0595169d7ea7994ba2e8a9e6d94ac0e19901","last_login":"2025-02-24 10:49:22"}
INFO - 2025-02-24 05:08:02 --> Session: Class initialized using 'CodeIgniter\Session\Handlers\FileHandler' driver.
DEBUG - 2025-02-24 05:08:02 --> Session token: fb7b23f613500cf61feb901718aa0595169d7ea7994ba2e8a9e6d94ac0e19901
DEBUG - 2025-02-24 05:08:02 --> Raw Authorization header: Bearer fb7b23f613500cf61feb901718aa0595169d7ea7994ba2e8a9e6d94ac0e19901
DEBUG - 2025-02-24 05:08:02 --> Token dari header: fb7b23f613500cf61feb901718aa0595169d7ea7994ba2e8a9e6d94ac0e19901
DEBUG - 2025-02-24 05:08:02 --> SQL: SELECT *
FROM `mahasiswa`
WHERE `token` = 'fb7b23f613500cf61feb901718aa0595169d7ea7994ba2e8a9e6d94ac0e19901'
 LIMIT 1
DEBUG - 2025-02-24 05:08:02 --> Token yang dicari: fb7b23f613500cf61feb901718aa0595169d7ea7994ba2e8a9e6d94ac0e19901
DEBUG - 2025-02-24 05:08:02 --> Hasil pencarian: {"id":"2","user_id":null,"npm":"123456","nama":"Dwi A","email":"","password":"$2y$10$XcEnyKV.StLAS9wl9QfUcuULBWbD54jyfoQXYOff6pFgAzR8ZRMKO","point":"270","gaya_belajar":"Auditori","created_at":"2024-12-13 02:30:02","updated_at":"2025-02-24 03:51:58","deleted_at":null,"token":"fb7b23f613500cf61feb901718aa0595169d7ea7994ba2e8a9e6d94ac0e19901","last_login":"2025-02-24 10:49:22"}
INFO - 2025-02-24 05:08:02 --> Session: Class initialized using 'CodeIgniter\Session\Handlers\FileHandler' driver.
DEBUG - 2025-02-24 05:08:02 --> Session token: fb7b23f613500cf61feb901718aa0595169d7ea7994ba2e8a9e6d94ac0e19901
DEBUG - 2025-02-24 05:08:02 --> Raw Authorization header: Bearer fb7b23f613500cf61feb901718aa0595169d7ea7994ba2e8a9e6d94ac0e19901
DEBUG - 2025-02-24 05:08:02 --> Token dari header: fb7b23f613500cf61feb901718aa0595169d7ea7994ba2e8a9e6d94ac0e19901
DEBUG - 2025-02-24 05:08:02 --> SQL: SELECT *
FROM `mahasiswa`
WHERE `token` = 'fb7b23f613500cf61feb901718aa0595169d7ea7994ba2e8a9e6d94ac0e19901'
 LIMIT 1
DEBUG - 2025-02-24 05:08:02 --> Token yang dicari: fb7b23f613500cf61feb901718aa0595169d7ea7994ba2e8a9e6d94ac0e19901
DEBUG - 2025-02-24 05:08:02 --> Hasil pencarian: {"id":"2","user_id":null,"npm":"123456","nama":"Dwi A","email":"","password":"$2y$10$XcEnyKV.StLAS9wl9QfUcuULBWbD54jyfoQXYOff6pFgAzR8ZRMKO","point":"270","gaya_belajar":"Auditori","created_at":"2024-12-13 02:30:02","updated_at":"2025-02-24 03:51:58","deleted_at":null,"token":"fb7b23f613500cf61feb901718aa0595169d7ea7994ba2e8a9e6d94ac0e19901","last_login":"2025-02-24 10:49:22"}
INFO - 2025-02-24 05:08:14 --> Session: Class initialized using 'CodeIgniter\Session\Handlers\FileHandler' driver.
INFO - 2025-02-24 05:08:15 --> Session: Class initialized using 'CodeIgniter\Session\Handlers\FileHandler' driver.
INFO - 2025-02-24 05:08:16 --> Session: Class initialized using 'CodeIgniter\Session\Handlers\FileHandler' driver.
DEBUG - 2025-02-24 05:08:16 --> Session token: fb7b23f613500cf61feb901718aa0595169d7ea7994ba2e8a9e6d94ac0e19901
DEBUG - 2025-02-24 05:08:16 --> Raw Authorization header: Bearer fb7b23f613500cf61feb901718aa0595169d7ea7994ba2e8a9e6d94ac0e19901
DEBUG - 2025-02-24 05:08:16 --> Token dari header: fb7b23f613500cf61feb901718aa0595169d7ea7994ba2e8a9e6d94ac0e19901
DEBUG - 2025-02-24 05:08:16 --> SQL: SELECT *
FROM `mahasiswa`
WHERE `token` = 'fb7b23f613500cf61feb901718aa0595169d7ea7994ba2e8a9e6d94ac0e19901'
 LIMIT 1
DEBUG - 2025-02-24 05:08:16 --> Token yang dicari: fb7b23f613500cf61feb901718aa0595169d7ea7994ba2e8a9e6d94ac0e19901
DEBUG - 2025-02-24 05:08:16 --> Hasil pencarian: {"id":"2","user_id":null,"npm":"123456","nama":"Dwi A","email":"","password":"$2y$10$XcEnyKV.StLAS9wl9QfUcuULBWbD54jyfoQXYOff6pFgAzR8ZRMKO","point":"270","gaya_belajar":"Auditori","created_at":"2024-12-13 02:30:02","updated_at":"2025-02-24 03:51:58","deleted_at":null,"token":"fb7b23f613500cf61feb901718aa0595169d7ea7994ba2e8a9e6d94ac0e19901","last_login":"2025-02-24 10:49:22"}
INFO - 2025-02-24 05:08:16 --> Session: Class initialized using 'CodeIgniter\Session\Handlers\FileHandler' driver.
DEBUG - 2025-02-24 05:08:16 --> Session token: fb7b23f613500cf61feb901718aa0595169d7ea7994ba2e8a9e6d94ac0e19901
DEBUG - 2025-02-24 05:08:16 --> Raw Authorization header: Bearer fb7b23f613500cf61feb901718aa0595169d7ea7994ba2e8a9e6d94ac0e19901
DEBUG - 2025-02-24 05:08:16 --> Token dari header: fb7b23f613500cf61feb901718aa0595169d7ea7994ba2e8a9e6d94ac0e19901
DEBUG - 2025-02-24 05:08:16 --> SQL: SELECT *
FROM `mahasiswa`
WHERE `token` = 'fb7b23f613500cf61feb901718aa0595169d7ea7994ba2e8a9e6d94ac0e19901'
 LIMIT 1
DEBUG - 2025-02-24 05:08:16 --> Token yang dicari: fb7b23f613500cf61feb901718aa0595169d7ea7994ba2e8a9e6d94ac0e19901
DEBUG - 2025-02-24 05:08:16 --> Hasil pencarian: {"id":"2","user_id":null,"npm":"123456","nama":"Dwi A","email":"","password":"$2y$10$XcEnyKV.StLAS9wl9QfUcuULBWbD54jyfoQXYOff6pFgAzR8ZRMKO","point":"270","gaya_belajar":"Auditori","created_at":"2024-12-13 02:30:02","updated_at":"2025-02-24 03:51:58","deleted_at":null,"token":"fb7b23f613500cf61feb901718aa0595169d7ea7994ba2e8a9e6d94ac0e19901","last_login":"2025-02-24 10:49:22"}
INFO - 2025-02-24 05:08:16 --> Session: Class initialized using 'CodeIgniter\Session\Handlers\FileHandler' driver.
DEBUG - 2025-02-24 05:08:16 --> Session token: fb7b23f613500cf61feb901718aa0595169d7ea7994ba2e8a9e6d94ac0e19901
DEBUG - 2025-02-24 05:08:16 --> Raw Authorization header: Bearer fb7b23f613500cf61feb901718aa0595169d7ea7994ba2e8a9e6d94ac0e19901
DEBUG - 2025-02-24 05:08:16 --> Token dari header: fb7b23f613500cf61feb901718aa0595169d7ea7994ba2e8a9e6d94ac0e19901
DEBUG - 2025-02-24 05:08:16 --> SQL: SELECT *
FROM `mahasiswa`
WHERE `token` = 'fb7b23f613500cf61feb901718aa0595169d7ea7994ba2e8a9e6d94ac0e19901'
 LIMIT 1
DEBUG - 2025-02-24 05:08:16 --> Token yang dicari: fb7b23f613500cf61feb901718aa0595169d7ea7994ba2e8a9e6d94ac0e19901
DEBUG - 2025-02-24 05:08:16 --> Hasil pencarian: {"id":"2","user_id":null,"npm":"123456","nama":"Dwi A","email":"","password":"$2y$10$XcEnyKV.StLAS9wl9QfUcuULBWbD54jyfoQXYOff6pFgAzR8ZRMKO","point":"270","gaya_belajar":"Auditori","created_at":"2024-12-13 02:30:02","updated_at":"2025-02-24 03:51:58","deleted_at":null,"token":"fb7b23f613500cf61feb901718aa0595169d7ea7994ba2e8a9e6d94ac0e19901","last_login":"2025-02-24 10:49:22"}
INFO - 2025-02-24 05:08:27 --> Session: Class initialized using 'CodeIgniter\Session\Handlers\FileHandler' driver.
INFO - 2025-02-24 05:08:28 --> Session: Class initialized using 'CodeIgniter\Session\Handlers\FileHandler' driver.
INFO - 2025-02-24 05:08:29 --> Session: Class initialized using 'CodeIgniter\Session\Handlers\FileHandler' driver.
DEBUG - 2025-02-24 05:08:29 --> Session token: fb7b23f613500cf61feb901718aa0595169d7ea7994ba2e8a9e6d94ac0e19901
DEBUG - 2025-02-24 05:08:29 --> Raw Authorization header: Bearer fb7b23f613500cf61feb901718aa0595169d7ea7994ba2e8a9e6d94ac0e19901
DEBUG - 2025-02-24 05:08:29 --> Token dari header: fb7b23f613500cf61feb901718aa0595169d7ea7994ba2e8a9e6d94ac0e19901
DEBUG - 2025-02-24 05:08:29 --> SQL: SELECT *
FROM `mahasiswa`
WHERE `token` = 'fb7b23f613500cf61feb901718aa0595169d7ea7994ba2e8a9e6d94ac0e19901'
 LIMIT 1
DEBUG - 2025-02-24 05:08:29 --> Token yang dicari: fb7b23f613500cf61feb901718aa0595169d7ea7994ba2e8a9e6d94ac0e19901
DEBUG - 2025-02-24 05:08:29 --> Hasil pencarian: {"id":"2","user_id":null,"npm":"123456","nama":"Dwi A","email":"","password":"$2y$10$XcEnyKV.StLAS9wl9QfUcuULBWbD54jyfoQXYOff6pFgAzR8ZRMKO","point":"270","gaya_belajar":"Auditori","created_at":"2024-12-13 02:30:02","updated_at":"2025-02-24 03:51:58","deleted_at":null,"token":"fb7b23f613500cf61feb901718aa0595169d7ea7994ba2e8a9e6d94ac0e19901","last_login":"2025-02-24 10:49:22"}
INFO - 2025-02-24 05:08:29 --> Session: Class initialized using 'CodeIgniter\Session\Handlers\FileHandler' driver.
DEBUG - 2025-02-24 05:08:29 --> Session token: fb7b23f613500cf61feb901718aa0595169d7ea7994ba2e8a9e6d94ac0e19901
DEBUG - 2025-02-24 05:08:29 --> Raw Authorization header: Bearer fb7b23f613500cf61feb901718aa0595169d7ea7994ba2e8a9e6d94ac0e19901
DEBUG - 2025-02-24 05:08:29 --> Token dari header: fb7b23f613500cf61feb901718aa0595169d7ea7994ba2e8a9e6d94ac0e19901
DEBUG - 2025-02-24 05:08:29 --> SQL: SELECT *
FROM `mahasiswa`
WHERE `token` = 'fb7b23f613500cf61feb901718aa0595169d7ea7994ba2e8a9e6d94ac0e19901'
 LIMIT 1
DEBUG - 2025-02-24 05:08:29 --> Token yang dicari: fb7b23f613500cf61feb901718aa0595169d7ea7994ba2e8a9e6d94ac0e19901
DEBUG - 2025-02-24 05:08:29 --> Hasil pencarian: {"id":"2","user_id":null,"npm":"123456","nama":"Dwi A","email":"","password":"$2y$10$XcEnyKV.StLAS9wl9QfUcuULBWbD54jyfoQXYOff6pFgAzR8ZRMKO","point":"270","gaya_belajar":"Auditori","created_at":"2024-12-13 02:30:02","updated_at":"2025-02-24 03:51:58","deleted_at":null,"token":"fb7b23f613500cf61feb901718aa0595169d7ea7994ba2e8a9e6d94ac0e19901","last_login":"2025-02-24 10:49:22"}
INFO - 2025-02-24 05:08:30 --> Session: Class initialized using 'CodeIgniter\Session\Handlers\FileHandler' driver.
DEBUG - 2025-02-24 05:08:30 --> Session token: fb7b23f613500cf61feb901718aa0595169d7ea7994ba2e8a9e6d94ac0e19901
DEBUG - 2025-02-24 05:08:30 --> Raw Authorization header: Bearer fb7b23f613500cf61feb901718aa0595169d7ea7994ba2e8a9e6d94ac0e19901
DEBUG - 2025-02-24 05:08:30 --> Token dari header: fb7b23f613500cf61feb901718aa0595169d7ea7994ba2e8a9e6d94ac0e19901
DEBUG - 2025-02-24 05:08:30 --> SQL: SELECT *
FROM `mahasiswa`
WHERE `token` = 'fb7b23f613500cf61feb901718aa0595169d7ea7994ba2e8a9e6d94ac0e19901'
 LIMIT 1
DEBUG - 2025-02-24 05:08:30 --> Token yang dicari: fb7b23f613500cf61feb901718aa0595169d7ea7994ba2e8a9e6d94ac0e19901
DEBUG - 2025-02-24 05:08:30 --> Hasil pencarian: {"id":"2","user_id":null,"npm":"123456","nama":"Dwi A","email":"","password":"$2y$10$XcEnyKV.StLAS9wl9QfUcuULBWbD54jyfoQXYOff6pFgAzR8ZRMKO","point":"270","gaya_belajar":"Auditori","created_at":"2024-12-13 02:30:02","updated_at":"2025-02-24 03:51:58","deleted_at":null,"token":"fb7b23f613500cf61feb901718aa0595169d7ea7994ba2e8a9e6d94ac0e19901","last_login":"2025-02-24 10:49:22"}
INFO - 2025-02-24 05:08:38 --> Session: Class initialized using 'CodeIgniter\Session\Handlers\FileHandler' driver.
INFO - 2025-02-24 05:08:39 --> Session: Class initialized using 'CodeIgniter\Session\Handlers\FileHandler' driver.
INFO - 2025-02-24 05:08:40 --> Session: Class initialized using 'CodeIgniter\Session\Handlers\FileHandler' driver.
DEBUG - 2025-02-24 05:08:40 --> Session token: fb7b23f613500cf61feb901718aa0595169d7ea7994ba2e8a9e6d94ac0e19901
DEBUG - 2025-02-24 05:08:40 --> Raw Authorization header: Bearer fb7b23f613500cf61feb901718aa0595169d7ea7994ba2e8a9e6d94ac0e19901
DEBUG - 2025-02-24 05:08:40 --> Token dari header: fb7b23f613500cf61feb901718aa0595169d7ea7994ba2e8a9e6d94ac0e19901
DEBUG - 2025-02-24 05:08:40 --> SQL: SELECT *
FROM `mahasiswa`
WHERE `token` = 'fb7b23f613500cf61feb901718aa0595169d7ea7994ba2e8a9e6d94ac0e19901'
 LIMIT 1
DEBUG - 2025-02-24 05:08:40 --> Token yang dicari: fb7b23f613500cf61feb901718aa0595169d7ea7994ba2e8a9e6d94ac0e19901
DEBUG - 2025-02-24 05:08:40 --> Hasil pencarian: {"id":"2","user_id":null,"npm":"123456","nama":"Dwi A","email":"","password":"$2y$10$XcEnyKV.StLAS9wl9QfUcuULBWbD54jyfoQXYOff6pFgAzR8ZRMKO","point":"270","gaya_belajar":"Auditori","created_at":"2024-12-13 02:30:02","updated_at":"2025-02-24 03:51:58","deleted_at":null,"token":"fb7b23f613500cf61feb901718aa0595169d7ea7994ba2e8a9e6d94ac0e19901","last_login":"2025-02-24 10:49:22"}
INFO - 2025-02-24 05:08:40 --> Session: Class initialized using 'CodeIgniter\Session\Handlers\FileHandler' driver.
DEBUG - 2025-02-24 05:08:40 --> Session token: fb7b23f613500cf61feb901718aa0595169d7ea7994ba2e8a9e6d94ac0e19901
DEBUG - 2025-02-24 05:08:40 --> Raw Authorization header: Bearer fb7b23f613500cf61feb901718aa0595169d7ea7994ba2e8a9e6d94ac0e19901
DEBUG - 2025-02-24 05:08:40 --> Token dari header: fb7b23f613500cf61feb901718aa0595169d7ea7994ba2e8a9e6d94ac0e19901
DEBUG - 2025-02-24 05:08:40 --> SQL: SELECT *
FROM `mahasiswa`
WHERE `token` = 'fb7b23f613500cf61feb901718aa0595169d7ea7994ba2e8a9e6d94ac0e19901'
 LIMIT 1
DEBUG - 2025-02-24 05:08:40 --> Token yang dicari: fb7b23f613500cf61feb901718aa0595169d7ea7994ba2e8a9e6d94ac0e19901
DEBUG - 2025-02-24 05:08:40 --> Hasil pencarian: {"id":"2","user_id":null,"npm":"123456","nama":"Dwi A","email":"","password":"$2y$10$XcEnyKV.StLAS9wl9QfUcuULBWbD54jyfoQXYOff6pFgAzR8ZRMKO","point":"270","gaya_belajar":"Auditori","created_at":"2024-12-13 02:30:02","updated_at":"2025-02-24 03:51:58","deleted_at":null,"token":"fb7b23f613500cf61feb901718aa0595169d7ea7994ba2e8a9e6d94ac0e19901","last_login":"2025-02-24 10:49:22"}
INFO - 2025-02-24 05:08:41 --> Session: Class initialized using 'CodeIgniter\Session\Handlers\FileHandler' driver.
DEBUG - 2025-02-24 05:08:41 --> Session token: fb7b23f613500cf61feb901718aa0595169d7ea7994ba2e8a9e6d94ac0e19901
DEBUG - 2025-02-24 05:08:41 --> Raw Authorization header: Bearer fb7b23f613500cf61feb901718aa0595169d7ea7994ba2e8a9e6d94ac0e19901
DEBUG - 2025-02-24 05:08:41 --> Token dari header: fb7b23f613500cf61feb901718aa0595169d7ea7994ba2e8a9e6d94ac0e19901
DEBUG - 2025-02-24 05:08:41 --> SQL: SELECT *
FROM `mahasiswa`
WHERE `token` = 'fb7b23f613500cf61feb901718aa0595169d7ea7994ba2e8a9e6d94ac0e19901'
 LIMIT 1
DEBUG - 2025-02-24 05:08:41 --> Token yang dicari: fb7b23f613500cf61feb901718aa0595169d7ea7994ba2e8a9e6d94ac0e19901
DEBUG - 2025-02-24 05:08:41 --> Hasil pencarian: {"id":"2","user_id":null,"npm":"123456","nama":"Dwi A","email":"","password":"$2y$10$XcEnyKV.StLAS9wl9QfUcuULBWbD54jyfoQXYOff6pFgAzR8ZRMKO","point":"270","gaya_belajar":"Auditori","created_at":"2024-12-13 02:30:02","updated_at":"2025-02-24 03:51:58","deleted_at":null,"token":"fb7b23f613500cf61feb901718aa0595169d7ea7994ba2e8a9e6d94ac0e19901","last_login":"2025-02-24 10:49:22"}
INFO - 2025-02-24 05:19:25 --> Session: Class initialized using 'CodeIgniter\Session\Handlers\FileHandler' driver.
INFO - 2025-02-24 05:19:26 --> Session: Class initialized using 'CodeIgniter\Session\Handlers\FileHandler' driver.
INFO - 2025-02-24 05:19:28 --> Session: Class initialized using 'CodeIgniter\Session\Handlers\FileHandler' driver.
DEBUG - 2025-02-24 05:19:28 --> Session token: fb7b23f613500cf61feb901718aa0595169d7ea7994ba2e8a9e6d94ac0e19901
DEBUG - 2025-02-24 05:19:28 --> Raw Authorization header: Bearer fb7b23f613500cf61feb901718aa0595169d7ea7994ba2e8a9e6d94ac0e19901
DEBUG - 2025-02-24 05:19:28 --> Token dari header: fb7b23f613500cf61feb901718aa0595169d7ea7994ba2e8a9e6d94ac0e19901
DEBUG - 2025-02-24 05:19:28 --> SQL: SELECT *
FROM `mahasiswa`
WHERE `token` = 'fb7b23f613500cf61feb901718aa0595169d7ea7994ba2e8a9e6d94ac0e19901'
 LIMIT 1
DEBUG - 2025-02-24 05:19:28 --> Token yang dicari: fb7b23f613500cf61feb901718aa0595169d7ea7994ba2e8a9e6d94ac0e19901
DEBUG - 2025-02-24 05:19:28 --> Hasil pencarian: {"id":"2","user_id":null,"npm":"123456","nama":"Dwi A","email":"","password":"$2y$10$XcEnyKV.StLAS9wl9QfUcuULBWbD54jyfoQXYOff6pFgAzR8ZRMKO","point":"270","gaya_belajar":"Auditori","created_at":"2024-12-13 02:30:02","updated_at":"2025-02-24 03:51:58","deleted_at":null,"token":"fb7b23f613500cf61feb901718aa0595169d7ea7994ba2e8a9e6d94ac0e19901","last_login":"2025-02-24 10:49:22"}
INFO - 2025-02-24 05:19:28 --> Session: Class initialized using 'CodeIgniter\Session\Handlers\FileHandler' driver.
DEBUG - 2025-02-24 05:19:28 --> Session token: fb7b23f613500cf61feb901718aa0595169d7ea7994ba2e8a9e6d94ac0e19901
DEBUG - 2025-02-24 05:19:28 --> Raw Authorization header: Bearer fb7b23f613500cf61feb901718aa0595169d7ea7994ba2e8a9e6d94ac0e19901
DEBUG - 2025-02-24 05:19:28 --> Token dari header: fb7b23f613500cf61feb901718aa0595169d7ea7994ba2e8a9e6d94ac0e19901
DEBUG - 2025-02-24 05:19:28 --> SQL: SELECT *
FROM `mahasiswa`
WHERE `token` = 'fb7b23f613500cf61feb901718aa0595169d7ea7994ba2e8a9e6d94ac0e19901'
 LIMIT 1
DEBUG - 2025-02-24 05:19:28 --> Token yang dicari: fb7b23f613500cf61feb901718aa0595169d7ea7994ba2e8a9e6d94ac0e19901
DEBUG - 2025-02-24 05:19:28 --> Hasil pencarian: {"id":"2","user_id":null,"npm":"123456","nama":"Dwi A","email":"","password":"$2y$10$XcEnyKV.StLAS9wl9QfUcuULBWbD54jyfoQXYOff6pFgAzR8ZRMKO","point":"270","gaya_belajar":"Auditori","created_at":"2024-12-13 02:30:02","updated_at":"2025-02-24 03:51:58","deleted_at":null,"token":"fb7b23f613500cf61feb901718aa0595169d7ea7994ba2e8a9e6d94ac0e19901","last_login":"2025-02-24 10:49:22"}
INFO - 2025-02-24 05:19:28 --> Session: Class initialized using 'CodeIgniter\Session\Handlers\FileHandler' driver.
DEBUG - 2025-02-24 05:19:28 --> Session token: fb7b23f613500cf61feb901718aa0595169d7ea7994ba2e8a9e6d94ac0e19901
DEBUG - 2025-02-24 05:19:28 --> Raw Authorization header: Bearer fb7b23f613500cf61feb901718aa0595169d7ea7994ba2e8a9e6d94ac0e19901
DEBUG - 2025-02-24 05:19:28 --> Token dari header: fb7b23f613500cf61feb901718aa0595169d7ea7994ba2e8a9e6d94ac0e19901
DEBUG - 2025-02-24 05:19:28 --> SQL: SELECT *
FROM `mahasiswa`
WHERE `token` = 'fb7b23f613500cf61feb901718aa0595169d7ea7994ba2e8a9e6d94ac0e19901'
 LIMIT 1
DEBUG - 2025-02-24 05:19:28 --> Token yang dicari: fb7b23f613500cf61feb901718aa0595169d7ea7994ba2e8a9e6d94ac0e19901
DEBUG - 2025-02-24 05:19:28 --> Hasil pencarian: {"id":"2","user_id":null,"npm":"123456","nama":"Dwi A","email":"","password":"$2y$10$XcEnyKV.StLAS9wl9QfUcuULBWbD54jyfoQXYOff6pFgAzR8ZRMKO","point":"270","gaya_belajar":"Auditori","created_at":"2024-12-13 02:30:02","updated_at":"2025-02-24 03:51:58","deleted_at":null,"token":"fb7b23f613500cf61feb901718aa0595169d7ea7994ba2e8a9e6d94ac0e19901","last_login":"2025-02-24 10:49:22"}
INFO - 2025-02-24 05:21:31 --> Session: Class initialized using 'CodeIgniter\Session\Handlers\FileHandler' driver.
DEBUG - 2025-02-24 05:21:31 --> Session token: fb7b23f613500cf61feb901718aa0595169d7ea7994ba2e8a9e6d94ac0e19901
DEBUG - 2025-02-24 05:21:31 --> Raw Authorization header: 
DEBUG - 2025-02-24 05:21:31 --> Token dari session: fb7b23f613500cf61feb901718aa0595169d7ea7994ba2e8a9e6d94ac0e19901
DEBUG - 2025-02-24 05:21:31 --> SQL: SELECT *
FROM `mahasiswa`
WHERE `token` = 'fb7b23f613500cf61feb901718aa0595169d7ea7994ba2e8a9e6d94ac0e19901'
 LIMIT 1
DEBUG - 2025-02-24 05:21:31 --> Token yang dicari: fb7b23f613500cf61feb901718aa0595169d7ea7994ba2e8a9e6d94ac0e19901
DEBUG - 2025-02-24 05:21:31 --> Hasil pencarian: {"id":"2","user_id":null,"npm":"123456","nama":"Dwi A","email":"","password":"$2y$10$XcEnyKV.StLAS9wl9QfUcuULBWbD54jyfoQXYOff6pFgAzR8ZRMKO","point":"270","gaya_belajar":"Auditori","created_at":"2024-12-13 02:30:02","updated_at":"2025-02-24 03:51:58","deleted_at":null,"token":"fb7b23f613500cf61feb901718aa0595169d7ea7994ba2e8a9e6d94ac0e19901","last_login":"2025-02-24 10:49:22"}
INFO - 2025-02-24 05:21:37 --> Session: Class initialized using 'CodeIgniter\Session\Handlers\FileHandler' driver.
DEBUG - 2025-02-24 05:21:37 --> Session token: fb7b23f613500cf61feb901718aa0595169d7ea7994ba2e8a9e6d94ac0e19901
DEBUG - 2025-02-24 05:21:37 --> Raw Authorization header: 
DEBUG - 2025-02-24 05:21:37 --> Token dari session: fb7b23f613500cf61feb901718aa0595169d7ea7994ba2e8a9e6d94ac0e19901
DEBUG - 2025-02-24 05:21:37 --> SQL: SELECT *
FROM `mahasiswa`
WHERE `token` = 'fb7b23f613500cf61feb901718aa0595169d7ea7994ba2e8a9e6d94ac0e19901'
 LIMIT 1
DEBUG - 2025-02-24 05:21:37 --> Token yang dicari: fb7b23f613500cf61feb901718aa0595169d7ea7994ba2e8a9e6d94ac0e19901
DEBUG - 2025-02-24 05:21:37 --> Hasil pencarian: {"id":"2","user_id":null,"npm":"123456","nama":"Dwi A","email":"","password":"$2y$10$XcEnyKV.StLAS9wl9QfUcuULBWbD54jyfoQXYOff6pFgAzR8ZRMKO","point":"270","gaya_belajar":"Auditori","created_at":"2024-12-13 02:30:02","updated_at":"2025-02-24 03:51:58","deleted_at":null,"token":"fb7b23f613500cf61feb901718aa0595169d7ea7994ba2e8a9e6d94ac0e19901","last_login":"2025-02-24 10:49:22"}
INFO - 2025-02-24 05:33:04 --> Session: Class initialized using 'CodeIgniter\Session\Handlers\FileHandler' driver.
DEBUG - 2025-02-24 05:33:04 --> Session token: fb7b23f613500cf61feb901718aa0595169d7ea7994ba2e8a9e6d94ac0e19901
DEBUG - 2025-02-24 05:33:04 --> Raw Authorization header: 
DEBUG - 2025-02-24 05:33:04 --> Token dari session: fb7b23f613500cf61feb901718aa0595169d7ea7994ba2e8a9e6d94ac0e19901
DEBUG - 2025-02-24 05:33:04 --> SQL: SELECT *
FROM `mahasiswa`
WHERE `token` = 'fb7b23f613500cf61feb901718aa0595169d7ea7994ba2e8a9e6d94ac0e19901'
 LIMIT 1
DEBUG - 2025-02-24 05:33:04 --> Token yang dicari: fb7b23f613500cf61feb901718aa0595169d7ea7994ba2e8a9e6d94ac0e19901
DEBUG - 2025-02-24 05:33:04 --> Hasil pencarian: {"id":"2","user_id":null,"npm":"123456","nama":"Dwi A","email":"","password":"$2y$10$XcEnyKV.StLAS9wl9QfUcuULBWbD54jyfoQXYOff6pFgAzR8ZRMKO","point":"270","gaya_belajar":"Auditori","created_at":"2024-12-13 02:30:02","updated_at":"2025-02-24 03:51:58","deleted_at":null,"token":"fb7b23f613500cf61feb901718aa0595169d7ea7994ba2e8a9e6d94ac0e19901","last_login":"2025-02-24 10:49:22"}
INFO - 2025-02-24 05:46:29 --> Session: Class initialized using 'CodeIgniter\Session\Handlers\FileHandler' driver.
DEBUG - 2025-02-24 05:46:29 --> Session token: fb7b23f613500cf61feb901718aa0595169d7ea7994ba2e8a9e6d94ac0e19901
DEBUG - 2025-02-24 05:46:29 --> Raw Authorization header: 
DEBUG - 2025-02-24 05:46:29 --> Token dari session: fb7b23f613500cf61feb901718aa0595169d7ea7994ba2e8a9e6d94ac0e19901
DEBUG - 2025-02-24 05:46:29 --> SQL: SELECT *
FROM `mahasiswa`
WHERE `token` = 'fb7b23f613500cf61feb901718aa0595169d7ea7994ba2e8a9e6d94ac0e19901'
 LIMIT 1
DEBUG - 2025-02-24 05:46:29 --> Token yang dicari: fb7b23f613500cf61feb901718aa0595169d7ea7994ba2e8a9e6d94ac0e19901
DEBUG - 2025-02-24 05:46:29 --> Hasil pencarian: {"id":"2","user_id":null,"npm":"123456","nama":"Dwi A","email":"","password":"$2y$10$XcEnyKV.StLAS9wl9QfUcuULBWbD54jyfoQXYOff6pFgAzR8ZRMKO","point":"270","gaya_belajar":"Auditori","created_at":"2024-12-13 02:30:02","updated_at":"2025-02-24 03:51:58","deleted_at":null,"token":"fb7b23f613500cf61feb901718aa0595169d7ea7994ba2e8a9e6d94ac0e19901","last_login":"2025-02-24 10:49:22"}
INFO - 2025-02-24 05:51:33 --> Session: Class initialized using 'CodeIgniter\Session\Handlers\FileHandler' driver.
INFO - 2025-02-24 05:51:34 --> Session: Class initialized using 'CodeIgniter\Session\Handlers\FileHandler' driver.
CRITICAL - 2025-02-24 05:51:34 --> Cannot call constructor
in APPPATH\Controllers\API\TransaksiAPI.php on line 14.
 1 SYSTEMPATH\CodeIgniter.php(904): App\Controllers\API\TransaksiAPI->__construct()
 2 SYSTEMPATH\CodeIgniter.php(488): CodeIgniter\CodeIgniter->createController()
 3 SYSTEMPATH\CodeIgniter.php(366): CodeIgniter\CodeIgniter->handleRequest(null, Object(Config\Cache), false)
 4 FCPATH\index.php(67): CodeIgniter\CodeIgniter->run()
 5 SYSTEMPATH\Commands\Server\rewrite.php(47): require_once('C:\\xampp\\htdocs\\PoinMarket\\public\\index.php')
INFO - 2025-02-24 05:51:39 --> Session: Class initialized using 'CodeIgniter\Session\Handlers\FileHandler' driver.
INFO - 2025-02-24 05:51:39 --> Session: Class initialized using 'CodeIgniter\Session\Handlers\FileHandler' driver.
INFO - 2025-02-24 05:51:40 --> Session: Class initialized using 'CodeIgniter\Session\Handlers\FileHandler' driver.
INFO - 2025-02-24 05:51:41 --> Session: Class initialized using 'CodeIgniter\Session\Handlers\FileHandler' driver.
INFO - 2025-02-24 05:51:44 --> Session: Class initialized using 'CodeIgniter\Session\Handlers\FileHandler' driver.
INFO - 2025-02-24 05:51:50 --> Session: Class initialized using 'CodeIgniter\Session\Handlers\FileHandler' driver.
INFO - 2025-02-24 05:51:54 --> Session: Class initialized using 'CodeIgniter\Session\Handlers\FileHandler' driver.
INFO - 2025-02-24 05:51:56 --> Session: Class initialized using 'CodeIgniter\Session\Handlers\FileHandler' driver.
DEBUG - 2025-02-24 05:51:57 --> Token updated and saved to session for user ID: 13
INFO - 2025-02-24 05:51:58 --> Session: Class initialized using 'CodeIgniter\Session\Handlers\FileHandler' driver.
INFO - 2025-02-24 05:52:01 --> Session: Class initialized using 'CodeIgniter\Session\Handlers\FileHandler' driver.
INFO - 2025-02-24 05:52:04 --> Session: Class initialized using 'CodeIgniter\Session\Handlers\FileHandler' driver.
INFO - 2025-02-24 05:52:16 --> Session: Class initialized using 'CodeIgniter\Session\Handlers\FileHandler' driver.
INFO - 2025-02-24 05:52:16 --> Session: Class initialized using 'CodeIgniter\Session\Handlers\FileHandler' driver.
INFO - 2025-02-24 05:52:37 --> Session: Class initialized using 'CodeIgniter\Session\Handlers\FileHandler' driver.
INFO - 2025-02-24 05:52:38 --> Session: Class initialized using 'CodeIgniter\Session\Handlers\FileHandler' driver.
INFO - 2025-02-24 05:52:49 --> Session: Class initialized using 'CodeIgniter\Session\Handlers\FileHandler' driver.
INFO - 2025-02-24 05:52:50 --> Session: Class initialized using 'CodeIgniter\Session\Handlers\FileHandler' driver.
INFO - 2025-02-24 06:02:21 --> Session: Class initialized using 'CodeIgniter\Session\Handlers\FileHandler' driver.
INFO - 2025-02-24 06:02:22 --> Session: Class initialized using 'CodeIgniter\Session\Handlers\FileHandler' driver.
INFO - 2025-02-24 06:02:25 --> Session: Class initialized using 'CodeIgniter\Session\Handlers\FileHandler' driver.
INFO - 2025-02-24 06:02:25 --> Session: Class initialized using 'CodeIgniter\Session\Handlers\FileHandler' driver.
INFO - 2025-02-24 07:01:34 --> Session: Class initialized using 'CodeIgniter\Session\Handlers\FileHandler' driver.
DEBUG - 2025-02-24 07:01:34 --> Session token: 661b4626c54f2cc04352090c2f56e4018eaf72ad0c832ade7e9e7538d2a60cb3
DEBUG - 2025-02-24 07:01:34 --> Raw Authorization header: 
DEBUG - 2025-02-24 07:01:34 --> Token dari session: 661b4626c54f2cc04352090c2f56e4018eaf72ad0c832ade7e9e7538d2a60cb3
DEBUG - 2025-02-24 07:01:34 --> SQL: SELECT *
FROM `mahasiswa`
WHERE `token` = '661b4626c54f2cc04352090c2f56e4018eaf72ad0c832ade7e9e7538d2a60cb3'
 LIMIT 1
DEBUG - 2025-02-24 07:01:34 --> Token yang dicari: 661b4626c54f2cc04352090c2f56e4018eaf72ad0c832ade7e9e7538d2a60cb3
DEBUG - 2025-02-24 07:01:34 --> Hasil pencarian: null
